<?xml version="1.0" encoding="UTF-8" ?>
<!DOCTYPE mapper PUBLIC "-//mybatis.org//DTD Mapper 3.0//EN" "http://mybatis.org/dtd/mybatis-3-mapper.dtd">
<mapper namespace="com.hvgroup.modules.strategy.dao.DescendSpeedDao">

	<!-- <select id="findList" resultType="DescendSpeed">
		SELECT
			EC.EC_NAME,
			MP.EC_CODE,
			MS.MSISDN,
			MP.LIFE_CYCLE,
			MG.APN_NAME,
			TO_CHAR(MS.CREATE_DATE,'yyyy-mm-dd hh24:mi:ss') AS "descDate",
			MS.PACKAGE_CODE
		FROM M2M_STRATEGYPROPERTY MS
		LEFT JOIN 
		M2M_PERSON
		(select MSISDN,EC_CODE,LIFE_CYCLE from IOV_CARD 
	     union
	     select MSISDN,EC_CODE,LIFE_CYCLE from MAC_CARD 
	     union
	     select MSISDN,EC_CODE,LIFE_CYCLE from NB_CARD  
	     union
	     select MSISDN,EC_CODE,LIFE_CYCLE from CARD_9105 )
	    MP ON MS.MSISDN = MP.MSISDN
		LEFT JOIN ENTERPRISE_CUSTOMER EC ON MP.EC_CODE = EC.EC_CODE
		LEFT JOIN 
		M2M_GRPMEM
		(select MSISDN,APN_NAME from IOV_CONNECT_INFO where APN_NAME is not null 
	     union
	     select MSISDN,APN_NAME from MAC_CONNECT_INFO where APN_NAME is not null 
	     union
	     select MSISDN,APN_NAME from NB_CONNECT_INFO where APN_NAME is not null  
	     union
	     select MSISDN,APN_NAME from PRI_PKG_9105 where APN_NAME is not null)
		MG ON MS.MSISDN = MG.MSISDN
		WHERE MS.PROPERTY_NAME LIKE '%ServiceUsageState%'
		<if test="msisdn != null and msisdn != ''">
		AND MS.MSISDN = #{msisdn}
		</if>
		<if test="ecNameOrCode != null and ecNameOrCode != ''">
		AND( 
			EC.EC_NAME LIKE '%' || #{ecNameOrCode} || '%' 
		 OR MP.EC_CODE LIKE '%' || #{ecNameOrCode} || '%' )
		</if>
		<if test="areaId != null and areaId != ''">
			and EC.area_id = #{areaId}
		</if>
		<if test="lifeCycle != null and lifeCycle != ''">
		AND MP.LIFE_CYCLE = #{lifeCycle}
		</if>
		<choose>
			<when test="packageCode == 'all' ">
			AND(
				MS.PACKAGE_CODE='92'
			 OR MS.PACKAGE_CODE='93'
			 OR MS.PACKAGE_CODE='94'
			 OR MS.PACKAGE_CODE='96'
			 OR MS.PACKAGE_CODE='97'
			 OR MS.PACKAGE_CODE='98'
			)
			</when>
			<when test="packageCode == 'level_all_1' ">
			AND(
				MS.PACKAGE_CODE='96'
			 OR MS.PACKAGE_CODE='97'
			 OR MS.PACKAGE_CODE='98'
			)
			</when>
			<when test="packageCode == 'level_all_0' ">
			AND(
				MS.PACKAGE_CODE='92'
			 OR MS.PACKAGE_CODE='93'
			 OR MS.PACKAGE_CODE='94'
			)
			</when>
			<when test="packageCode == 'regain_all_1M' ">
			AND(
				MS.PACKAGE_CODE='92'
			 OR MS.PACKAGE_CODE='96'
			)
			</when>
			<when test="packageCode == 'regain_all_512K' ">
			AND(
			 	MS.PACKAGE_CODE='93'
			 OR MS.PACKAGE_CODE='97'
			)
			</when>
			<when test="packageCode == 'regain_all_128K' ">
			AND(
			 	MS.PACKAGE_CODE='94'
			 OR MS.PACKAGE_CODE='98'
			)
			</when>
			<otherwise>
			AND MS.PACKAGE_CODE = #{packageCode}
			</otherwise>
		</choose>
		<if test="beginDate != null and beginDate != ''">
			AND MS.CREATE_DATE <![CDATA[ >= ]]> TO_DATE(#{beginDate},'yyyy-mm-dd')
		</if>
		<if test="endDate != null and endDate != ''">
			and MS.CREATE_DATE <![CDATA[ <= ]]> TO_DATE(#{endDate},'yyyy-mm-dd')
		</if>
	</select> -->
	
	<select id="findList" resultType="DescendSpeed">
		select e.msisdn,
		       f.ec_code ecCode,
		       f.ec_name ecName,
		       decode(e.package_code,'I00010101602','自动达量降速产品','客户自发起降速产品') orderedDescSpeedProd,
		       e.nextMonRegain,
		       f.life_cycle lifeCycle,
		       e.apn apnName,
		       <!-- e.attribute, -->
		       e.descSpeedLevel,
		       to_char(e.create_date,'yyyy-MM-dd hh24:mi:ss') descDate
		from 
		(select a.msisdn,
		        a.package_code,
		        (case
		           when a.package_code = 'I00010101602' then '1'
		          else '0'
		        end) nextMonRegain,
		        a.apn,
		        (case
		           when instr(a.attribute,'Rate:0')>0  then '0'	<!-- 0： 二级限速1Mbps -->
		           when instr(a.attribute,'Rate:1')>0  then '1'	<!-- 1：三级限速512Kbps -->
		           when instr(a.attribute,'Rate:2')>0  then '2' <!-- 2：四级限速128Kbps -->
		           else '-' <!-- 恢复正常速率 -->
		        end) descSpeedLevel,
		        <!-- a.attribute, -->
		        a.create_date 
		from ADC_BOSS906COMBOTRACK a
		where a.package_code in('I00010101602','I00010101603')
		<!-- and instr(a.attribute,'Rate:')>0 -->
		<if test="msisdn != null and msisdn != ''">
			and a.msisdn = #{msisdn}
			<!-- and a.msisdn LIKE '%' || #{msisdn} || '%'  -->
		</if>
		<if test="beginDate != null and beginDate != ''">
			and a.create_date <![CDATA[ >= ]]> TO_DATE(#{beginDate},'yyyy-MM-dd hh24:mi:ss')
		</if>
		<if test="endDate != null and endDate != ''">
			and a.create_date <![CDATA[ <= ]]> TO_DATE(#{endDate},'yyyy-MM-dd hh24:mi:ss')
		</if>
		<!-- <if test="descSpeedLevel != null and descSpeedLevel != ''">
			<choose>
				<when test='descSpeedLevel == "0" '>
					and instr(a.attribute,'Rate:0')>0	
				</when>
				<when test='descSpeedLevel == "1" '>
					and instr(a.attribute,'Rate:1')>0	
				</when>
				<when test='descSpeedLevel == "2" '>
					and instr(a.attribute,'Rate:2')>0	
				</when>
			</choose>
		</if> -->
		) e
		left join 
		(
		     select b.msisdn,b.ec_code,c.ec_name,b.life_cycle,c.area_id from IOV_CARD b
		     left join ENTERPRISE_CUSTOMER c on b.ec_code = c.ec_code
		     where b.state = 'ENABLED'
		     <if test="msisdn != null and msisdn != ''">
				and b.msisdn = #{msisdn}
				<!-- and b.msisdn LIKE '%' || #{msisdn} || '%'  -->
			 </if>
			 <if test="ecCode != null and ecCode != ''">
				b.EC_CODE = #{ecCode}
			 </if>
			 <!-- <if test="ecNameOrCode != null and ecNameOrCode != ''">
				and( 
					c.EC_NAME LIKE '%' || #{ecNameOrCode} || '%' 
				 or b.EC_CODE LIKE '%' || #{ecNameOrCode} || '%' )
			 </if> -->
		     union
		     select b.msisdn,b.ec_code,c.ec_name,b.life_cycle,c.area_id from MAC_CARD b
		     left join ENTERPRISE_CUSTOMER c on b.ec_code = c.ec_code
		     where b.state = 'ENABLED'
		     <if test="msisdn != null and msisdn != ''">
				and b.msisdn = #{msisdn}
				<!-- and b.msisdn LIKE '%' || #{msisdn} || '%'  -->
			 </if>
			 <if test="ecCode != null and ecCode != ''">
				b.EC_CODE = #{ecCode}
			 </if>
			 <!-- <if test="ecNameOrCode != null and ecNameOrCode != ''">
				and( 
					c.EC_NAME LIKE '%' || #{ecNameOrCode} || '%' 
				 or b.EC_CODE LIKE '%' || #{ecNameOrCode} || '%' )
			 </if> -->
		     union
		     select b.msisdn,b.ec_code,c.ec_name,b.life_cycle,c.area_id from NB_CARD b
		     left join ENTERPRISE_CUSTOMER c on b.ec_code = c.ec_code
		     where b.state = 'ENABLED'
		     <if test="msisdn != null and msisdn != ''">
				and b.msisdn = #{msisdn}
				<!-- and b.msisdn LIKE '%' || #{msisdn} || '%'  -->
			 </if>
			 <if test="ecCode != null and ecCode != ''">
				b.EC_CODE = #{ecCode}
			 </if>
			 <!-- <if test="ecNameOrCode != null and ecNameOrCode != ''">
				and( 
					c.EC_NAME LIKE '%' || #{ecNameOrCode} || '%' 
				 or b.EC_CODE LIKE '%' || #{ecNameOrCode} || '%' )
			 </if> -->
		     union
		     select b.msisdn,b.ec_code,c.ec_name,b.life_cycle,c.area_id from CARD_9105 b
		     left join ENTERPRISE_CUSTOMER c on b.ec_code = c.ec_code
		     where b.state = 'ENABLED'
		     <if test="msisdn != null and msisdn != ''">
				and b.msisdn = #{msisdn}
				<!-- and b.msisdn LIKE '%' || #{msisdn} || '%'  -->
			 </if>
			 <if test="ecCode != null and ecCode != ''">
				b.EC_CODE = #{ecCode}
			 </if>
			 <!-- <if test="ecNameOrCode != null and ecNameOrCode != ''">
				and( 
					c.EC_NAME LIKE '%' || #{ecNameOrCode} || '%' 
				 or b.EC_CODE LIKE '%' || #{ecNameOrCode} || '%' )
			 </if>   -->
		) f on e.msisdn = f.msisdn
		where 1=1
		<if test="ecCode != null and ecCode != ''">
			 f.EC_CODE = #{ecCode}
		</if>
		<!-- <if test="ecNameOrCode != null and ecNameOrCode != ''">
			AND( 
				f.ec_name LIKE '%' || #{ecNameOrCode} || '%' 
			 OR f.ec_code LIKE '%' || #{ecNameOrCode} || '%' )
		</if> -->
		<if test="lifeCycle != null and lifeCycle != ''">
			AND f.life_cycle = #{lifeCycle}
		</if>
		<if test="nextMonRegain != null and nextMonRegain != ''">
			AND e.nextMonRegain = #{nextMonRegain}
		</if>
		<if test="descSpeedLevel != null and descSpeedLevel != ''">
			AND e.descSpeedLevel = #{descSpeedLevel}	
		</if>
		<if test="areaId != null and areaId != ''">
			and f.area_id = #{areaId}
		</if>
	</select>
	
</mapper>