<?xml version="1.0" encoding="UTF-8" ?>
<!DOCTYPE mapper PUBLIC "-//mybatis.org//DTD Mapper 3.0//EN" "http://mybatis.org/dtd/mybatis-3-mapper.dtd">
<mapper namespace="com.hvgroup.modules.strategy.dao.RealnameUnbindDao">
	
	<!-- 只允许运营模式1 （B运营C-主动实名）、3（B运营C-被动实名）且已实名成功的号码才可以操作实名解绑 -->
	<select id="checkContact_Ref" resultType="java.lang.Integer">
		select count(1) 
	    from CONTACT_REF
		where msisdn = #{msisdn}
	    and reg_status='1'
	    and flag in('1','3') 
	</select>
	
	<select id="unbindCheck" resultType="java.lang.Integer">
		select count(1) 
		from NUM_ROUTE t
		left join areas a on a.area_code = t.area_code
		where t.msisdn = #{msisdn}
		<if test="areaId != null and areaId != ''">
			and a.area_id = #{areaId}
		</if>
	</select>
	
	<insert id="insertFunctionLog">
	   INSERT INTO FUNCTION_LOG(
		      id, 
		      title, 
		      oper_type,
		      content, 
		      oper_date, 
		      state, 
		      user_id, 
		      username,
		      host,
		      request_uri,
		      method,
		      params,
		      user_agent 
	   ) VALUES (
		      #{id}, 
		      #{title}, 
		      #{operType}, 
		      #{content}, 
		      sysdate, 
		      #{state}, 
		      #{userId}, 
		      #{userName},
		      #{host}, 
		      #{requestUri},
		      #{method}, 
		      #{params}, 
			  #{userAgent}
		)
	</insert>
	
</mapper>