<?xml version="1.0" encoding="UTF-8" ?>
<!DOCTYPE mapper PUBLIC "-//mybatis.org//DTD Mapper 3.0//EN" "http://mybatis.org/dtd/mybatis-3-mapper.dtd">
<mapper namespace="com.hvgroup.modules.strategy.dao.StrategyConfigDao">

	 <select id="findList" resultType="com.hvgroup.modules.strategy.entity.StrategyConfig">
    		select
    			  s.id,   
			      s.ec_code ecCode,
			      s.apn_name apnName,
			      cus.ec_name ecName,
			      s.strategy_type strategyType,
			      s.strategy_use strategyUse,
			      s.service_name serviceName,
			      s.service_code serviceCode,
			      s.service_baptize serviceBaptize,
			      s.pcrf_service_code pcrfServiceCode,
			      s.pcrf_service_name pcrfServiceName,
			      s.customer_service_name customerServiceName,
			      to_char(s.start_date,'yyyy-MM-dd HH24:mi:ss') startDate,
			      to_char(s.end_date,'yyyy-MM-dd HH24:mi:ss') endDate,
			      s.flow_fee flowFee,
			      s.info_fee infoFee,
			      s.user_fee userFee,
			      s.remark,
			      s.ip,
			      s.flow_name flowName,
			      s.protocol,
			      s.port,
			      s.url,
			      s.x_online_host xOnlineHost
			from STRATEGY_LIST s
			left join enterprise_customer cus on cus.ec_code = s.ec_code
			left join AREAS a on a.area_id = cus.area_id
			where 1=1
			<if test="id != null and id != ''">
				and s.id = #{id}
			</if>
			<if test="ecNameOrCode != null and ecNameOrCode != ''">
				and
				(
				cus.ec_name like '%' || #{ecNameOrCode} || '%'
				or
				s.ec_Code like '%' || #{ecNameOrCode} || '%'
				)
			</if>
			<if test="ecCode != null and ecCode != ''">
				and s.ec_Code = #{ecCode}
			</if>
			<if test="apnName != null and apnName != ''">
				<!-- and s.apn_name = #{apnName} -->
				and s.apn_name like '%' || #{apnName} || '%'
			</if>
			<if test="strategyType != null and strategyType != ''">
				and s.strategy_type = #{strategyType}
			</if>
			<if test="strategyUse != null and strategyUse != ''">
				and s.strategy_use = #{strategyUse}
			</if>
			<if test="serviceCode != null and serviceCode != ''">
				and s.service_code = #{serviceCode}
			</if>
			<if test="pcrfServiceCode != null and pcrfServiceCode != ''">
				and s.pcrf_service_code = #{pcrfServiceCode}
			</if>
			<if test="pcrfServiceName != null and pcrfServiceName != ''">
				and s.pcrf_service_name = #{pcrfServiceName}
			</if>
			<if test="customerServiceName != null and customerServiceName != ''">
				and s.customer_service_name = #{customerServiceName}
			</if>
			<if test="startDateBegin != null and startDateBegin != ''">
				and s.start_date <![CDATA[ >= ]]> to_date(#{startDateBegin},'yyyy-MM-dd')
			</if>
			<if test="startDateOver != null and startDateOver != ''">
				and s.start_date <![CDATA[ <= ]]> to_date(#{startDateOver},'yyyy-MM-dd')+1
			</if>
			<if test="endDateBegin != null and endDateBegin != ''">
				and s.end_date <![CDATA[ >= ]]> to_date(#{endDateBegin},'yyyy-MM-dd')
			</if>
			<if test="endDateOver != null and endDateOver != ''">
				and s.end_date <![CDATA[ <= ]]> to_date(#{endDateOver},'yyyy-MM-dd')+1
			</if>
			<if test="areaId != null and areaId != ''">
				and cus.area_id = #{areaId}
			</if>
			<!-- order by ecCode -->
   	</select>
	
	<!-- 策略配置表更新 -->
	<insert id="updateOrInsert">
		MERGE INTO STRATEGY_LIST T1
		USING (SELECT #{id} as id<!-- ,
					  #{apnName} as apnName,
					  #{strategyType} as strategyType,
					  #{strategyUse} as strategyUse,
					  #{serviceName} as serviceName,
				      #{serviceCode} as serviceCode,
				      #{serviceBaptize} as serviceBaptize,
					  #{pcrfServiceCode} as pcrfServiceCode,
					  #{pcrfServiceName} as pcrfServiceName,
					  #{customerServiceName} as customerServiceName,
					  #{startDate} as startDate,
					  #{endDate} as endDate,
					  #{flowFee} as flowFee,
					  #{infoFee} as infoFee,
					  #{userFee} as userFee,
					  #{remark} as remark,
					  #{ip} as ip,
					  #{flowName} as flowName ,
					  #{protocol} as protocol,
					  #{port} as port,
					  #{url} as url,
					  #{xOnlineHost} as xOnlineHost -->
		from dual) T2
		ON ( T1.id=T2.id)
		<!-- WHEN MATCHED THEN
		    UPDATE SET T1.monthpackagelimit = T2.monthpackagelimit,T1.posepackagelimit = T2.posepackagelimit,T1.overmonthlimit = T2.overmonthlimit,T1.remark = T2.remark,T1.ATTACH_IDS = T2.attachIds,T1.ATTACH_NAMES = T2.attachNames -->
		WHEN NOT MATCHED THEN 
		    INSERT  VALUES (#{id},#{ecCode},#{apnName},#{strategyType},#{strategyUse},#{serviceName},#{serviceCode},
		    				#{serviceBaptize},#{pcrfServiceCode},#{pcrfServiceName},#{customerServiceName},
		    				to_date(#{startDate},'yyyy-MM-dd HH24:mi:ss'),to_date(#{endDate},'yyyy-MM-dd HH24:mi:ss'),#{flowFee},#{infoFee},#{userFee},#{remark},#{ip},
		    				#{flowName},#{protocol},#{port},#{url},#{xOnlineHost})
	</insert>
	
	
	
	<update id="update" parameterType="StrategyConfig">
		update STRATEGY_LIST s
		<set>
			<if test="strategyType != null and strategyType != ''">
				s.strategy_type = #{strategyType,jdbcType=VARCHAR},
			</if>
			<if test="apnName != null and apnName != ''">
				s.apn_Name = #{apnName},
			</if>
			<if test="strategyUse != null and strategyUse != ''">
				s.strategy_use = #{strategyUse},
			</if>
			<if test="serviceName != null and serviceName != ''">
				s.service_name = #{serviceName},
			</if>
			<if test="serviceCode != null and serviceCode != ''">
				s.service_code = #{serviceCode},
			</if>
			<if test="serviceBaptize != null and serviceBaptize != ''">
				s.service_baptize = #{serviceBaptize},
			</if>
			<if test="pcrfServiceCode != null and pcrfServiceCode != ''">
				s.pcrf_service_code = #{pcrfServiceCode},
			</if>
			<if test="pcrfServiceName != null and pcrfServiceName != ''">
				s.pcrf_service_name = #{pcrfServiceName},
			</if>
			<if test="customerServiceName != null and customerServiceName != ''">
				s.customer_service_name = #{customerServiceName},
			</if>
			<if test="startDate != null and startDate != ''">
				s.start_date = to_date(#{startDate},'yyyy-MM-dd HH24:mi:ss'),
			</if>
			<if test="endDate != null and endDate != ''">
				s.end_date = to_date(#{endDate},'yyyy-MM-dd HH24:mi:ss'),
			</if>
			<if test="flowFee != null and flowFee != ''">
				s.flow_fee =  #{flowFee},
			</if>
			<if test="infoFee != null and infoFee != ''">
				s.info_fee = #{infoFee},
			</if>
			<if test="userFee != null and userFee != ''">
				s.user_fee = #{userFee},
			</if>
			<if test="remark != null and remark != ''">
				s.remark = #{remark},
			</if>
			<if test="ip != null and ip != ''">
				s.ip = #{ip},
			</if>
			<if test="flowName != null and flowName != ''">
				s.flow_name = #{flowName},
			</if>
			<if test="protocol != null and protocol != ''">
				s.protocol = #{protocol},
			</if>
			<if test="port != null and port != ''">
				s.port = #{port},
			</if>
			<if test="url != null and url != ''">
				s.url = #{url},
			</if>
			<if test="xOnlineHost != null and xOnlineHost != ''">
				s.x_online_host = #{xOnlineHost},
			</if>
		</set> 
		where s.id = #{id}
	</update>
	
	<delete id="delete">
		delete from STRATEGY_LIST where id = #{id}
	</delete>
	
	<!--  批量删除 -->
	<delete id="deleteBatch">
    	DELETE FROM STRATEGY_LIST WHERE id in
        <foreach item="item" index="index" collection="list" open="(" separator="," close=")">  
         #{item}  
        </foreach>
    </delete>
	
	<select id="getStrategyTypeOrUse" resultType="java.lang.String">
		select label from SYS_DICT where description = #{strategyTypeOrUse}
	</select>
	
	<select id="getEcName" resultType="java.lang.String">
		select ec_name 
		from enterprise_customer 
		where ec_code = #{ecCode}
		<if test="areaId != null and areaId != ''">
			and area_id = #{areaId}
		</if>
	</select>
	
	<!-- <select id="checkEc" resultType="java.lang.Integer">
		select count(1) from STRATEGY_LIST where ec_code = #{ecCode}
	</select> -->
	
</mapper>