<?xml version="1.0" encoding="UTF-8" ?>
<!DOCTYPE mapper PUBLIC "-//mybatis.org//DTD Mapper 3.0//EN" "http://mybatis.org/dtd/mybatis-3-mapper.dtd">
<mapper namespace="com.hvgroup.modules.authStatInfo.dao.RealnameAuthStatDao">
	<sql id="pageSqlStart">
        <if test="pageInfo.pageNo != null and pageInfo.pageNo != ''">
        
        select * from
            (
             select a.*, rownum rn from 
                (
        </if>
    </sql>
    <!-- 分页SQL语句结尾语句 -->
    <sql id="pageSqlEnd">
        <if test="pageInfo.pageSize != null and pageInfo.pageSize !=''">
                ) a
             where rownum <![CDATA[<=]]> #{pageInfo.pageNo}*#{pageInfo.pageSize}
            )
        where rn > (#{pageInfo.pageNo}-1)*#{pageInfo.pageSize}
        </if>
    </sql>	
	
	<select id="findPageSenList" resultType="com.hvgroup.modules.authStatInfo.entity.AuthStatInfo">
		<if test="pageInfo != null and pageInfo !=''">
			<include refid="pageSqlStart"/>
		</if>
		select r.ec_code as ecCode,
			c.ec_name as ecName,
			r.msisdn as msisdn,
			r.auth_area as authArea,
			r.statement_area as statementArea,
			r.auth_lon_lat as authLonLat,
			r.stat_lon_lat as statLonLat,
			r.statement_date as statementDate,
      		r.create_date as createDate,
            r.order_id as orderId,
            r.handle_type as handleType,
            r.handle_state as handleState,
            r.stop_date as stopDate
		from REALNAMEAUTH_STATEMENT_INFO r 
		join enterprise_customer c on c.ec_code = r.ec_code 
		where r.handle_type = '停机' 
			<if test="msisdn != null and msisdn != ''">
				and r.msisdn = #{msisdn}
			</if>
			<if test="ecCode != null and ecCode != ''">
				and r.ec_code = #{ecCode}
			</if>
			<if test="statementDateStart != null and statementDateStart != '' and  statementDateEnd != null and statementDateEnd != ''">
				 AND  r.statement_date BETWEEN to_date(#{statementDateStart},'yyyy-MM-dd HH24:mi:ss') AND to_date(#{statementDateEnd},'yyyy-MM-dd HH24:mi:ss')
			</if>
			<if test="orderId != null and orderId != ''">
				and r.order_id like '%'||#{orderId}||'%'
			</if>
			<if test="isOrderId != null and isOrderId != ''">
				and r.order_id is not null
			</if>
			order by r.create_date desc
		<if test="pageInfo != null and pageInfo !=''">
				<include refid="pageSqlEnd"/>
			</if>
	</select>
	
	<select id="findPageSenCount" resultType="java.lang.Integer">
		select count(1) 
		from REALNAMEAUTH_STATEMENT_INFO r 
		join enterprise_customer c on c.ec_code = r.ec_code 
		where r.handle_type = '停机' 
			<if test="msisdn != null and msisdn != ''">
				and r.msisdn = #{msisdn}
			</if>
			<if test="ecCode != null and ecCode != ''">
				and r.ec_code = #{ecCode}
			</if>
			<if test="statementDateStart != null and statementDateStart != '' and  statementDateEnd != null and statementDateEnd != ''">
				 AND  r.statement_date BETWEEN to_date(#{statementDateStart},'yyyy-MM-dd HH24:mi:ss') AND to_date(#{statementDateEnd},'yyyy-MM-dd HH24:mi:ss')
			</if>
			<if test="orderId != null and orderId != ''">
				and r.order_id like '%'||#{orderId}||'%'
			</if>
			<if test="isOrderId != null and isOrderId != ''">
				and r.order_id is not null
			</if>
			order by r.create_date desc
	</select>
	
	<select id="findPageForNonList" resultType="com.hvgroup.modules.authStatInfo.entity.AuthStatInfo">
		<if test="pageInfo != null and pageInfo !=''">
			<include refid="pageSqlStart"/>
		</if>
			select r.ec_code as ecCode,
				c.ec_name as ecName,
				r.msisdn as msisdn,
				r.auth_area as authArea,
				r.statement_area as statementArea,
				r.auth_lon_lat as authLonLat,
				r.stat_lon_lat as statLonLat,
				r.statement_date as statementDate,
	      		r.create_date as createDate,
	            r.order_id as orderId,
            	r.handle_type as handleType
			from REALNAMEAUTH_STATEMENT_INFO r 
			join enterprise_customer c on c.ec_code = r.ec_code 
			where r.handle_type = '告警' 
				<if test="msisdn != null and msisdn != ''">
					and r.msisdn = #{msisdn}
				</if>
				<if test="ecCode != null and ecCode != ''">
					and r.ec_code = #{ecCode}
				</if>
				<if test="statementDateStart != null and statementDateStart != '' and  statementDateEnd != null and statementDateEnd != ''">
					 AND  r.statement_date BETWEEN to_date(#{statementDateStart},'yyyy-MM-dd HH24:mi:ss') AND to_date(#{statementDateEnd},'yyyy-MM-dd HH24:mi:ss')
				</if>
				<if test="orderId != null and orderId != ''">
					and r.order_id like '%'||#{orderId}||'%'
				</if>
				<if test="isOrderId != null and isOrderId != ''">
					and r.order_id is not null
				</if>
				order by r.create_date desc
			<if test="pageInfo != null and pageInfo !=''">
				<include refid="pageSqlEnd"/>
			</if>
	</select>
	
	<select id="findPageForNonCount" resultType="java.lang.Integer">
		select count(1)
		from REALNAMEAUTH_STATEMENT_INFO r 
		join enterprise_customer c on c.ec_code = r.ec_code 
		where r.handle_type = '告警' 
		<if test="msisdn != null and msisdn != ''">
			and r.msisdn = #{msisdn}
		</if>
		<if test="ecCode != null and ecCode != ''">
			and r.ec_code = #{ecCode}
		</if>
		<if test="statementDateStart != null and statementDateStart != '' and  statementDateEnd != null and statementDateEnd != ''">
			 AND  r.statement_date BETWEEN to_date(#{statementDateStart},'yyyy-MM-dd HH24:mi:ss') AND to_date(#{statementDateEnd},'yyyy-MM-dd HH24:mi:ss')
		</if>
		<if test="orderId != null and orderId != ''">
			and r.order_id like '%'||#{orderId}||'%'
		</if>
		<if test="isOrderId != null and isOrderId != ''">
			and r.order_id is not null
		</if>
		order by r.create_date desc
	</select>
	
	
	<select id="findPageOnWhiteList" resultType="com.hvgroup.modules.authStatInfo.entity.AuthStatInfo" >
		<if test="pageInfo != null and pageInfo !=''">
			<include refid="pageSqlStart"/>
		</if>
		    select r.ec_code as ecCode,
		      c.ec_name as ecName,
		      r.msisdn as msisdn,
		      r.auth_area as authArea,
		      r.statement_area as statementArea,
		      r.auth_lon_lat as authLonLat,
		      r.stat_lon_lat as statLonLat,
		      r.statement_date as statementDate,
	          r.create_date as createDate,
	          r.order_id as orderId,
            r.handle_type as handleType,
            r.handle_state as handleState,
            r.stop_date as stopDate
		    from REALNAMEAUTH_STAT_INFO_COPY r 
		    join enterprise_customer c on c.ec_code = r.ec_code  
		where 1 = 1  and r.order_id != 'white'
			<if test="msisdn != null and msisdn != ''">
				and r.msisdn = #{msisdn}
			</if>
			<if test="ecCode != null and ecCode != ''">
				and r.ec_code = #{ecCode}
			</if>
			<if test="statementDateStart != null and statementDateStart != '' and  statementDateEnd != null and statementDateEnd != ''">
				 AND  r.statement_date BETWEEN to_date(#{statementDateStart},'yyyy-MM-dd HH24:mi:ss') AND to_date(#{statementDateEnd},'yyyy-MM-dd HH24:mi:ss')
			</if>
		<if test="pageInfo != null and pageInfo !=''">
				<include refid="pageSqlEnd"/>
			</if>
	</select>
	
	<select id="findPageOnWhiteCount" resultType="java.lang.Integer">
		select count(1)
		from REALNAMEAUTH_STAT_INFO_COPY r 
		join enterprise_customer c on c.ec_code = r.ec_code 
		where 1 = 1  and r.order_id != 'white'
			<if test="msisdn != null and msisdn != ''">
				and r.msisdn = #{msisdn}
			</if>
			<if test="ecCode != null and ecCode != ''">
				and r.ec_code = #{ecCode}
			</if>
			<if test="statementDateStart != null and statementDateStart != '' and  statementDateEnd != null and statementDateEnd != ''">
				 AND  r.statement_date BETWEEN to_date(#{statementDateStart},'yyyy-MM-dd HH24:mi:ss') AND to_date(#{statementDateEnd},'yyyy-MM-dd HH24:mi:ss')
			</if>
	</select>
	
	
	<select id="findPageEcList" resultType="com.hvgroup.modules.authStatInfo.entity.AuthStatInfo" >
		<if test="pageInfo != null and pageInfo !=''">
			<include refid="pageSqlStart"/>
		</if>
		    select r.ec_code as ecCode,
		      c.ec_name as ecName,
		      r.msisdn as msisdn,
		      r.auth_area as authArea,
		      r.statement_area as statementArea,
		      r.auth_lon_lat as authLonLat,
		      r.stat_lon_lat as statLonLat,
		      r.statement_date as statementDate,
	          r.create_date as createDate,
	          r.order_id as orderId,
            r.handle_type as handleType,
            r.handle_state as handleState,
            r.stop_date as stopDate
		    from REALNAMEAUTH_STAT_INFO_COPY r 
		    join enterprise_customer c on c.ec_code = r.ec_code     
		where 1 = 1
			<if test="msisdn != null and msisdn != ''">
				and r.msisdn = #{msisdn}
			</if>
			<if test="ecCode != null and ecCode != ''">
				and r.ec_code = #{ecCode}
			</if>
			<if test="statementDateStart != null and statementDateStart != '' and  statementDateEnd != null and statementDateEnd != ''">
				 AND  r.statement_date BETWEEN to_date(#{statementDateStart},'yyyy-MM-dd HH24:mi:ss') AND to_date(#{statementDateEnd},'yyyy-MM-dd HH24:mi:ss')
			</if>
			<if test="pageInfo != null and pageInfo !=''">
				<include refid="pageSqlEnd"/>
			</if>
	</select>
	
	<select id="findPageEcCount" resultType="java.lang.Integer">
		select count(1)
		from REALNAMEAUTH_STAT_INFO_COPY r 
		join enterprise_customer c on c.ec_code = r.ec_code 
		where 1 = 1
			<if test="msisdn != null and msisdn != ''">
				and r.msisdn = #{msisdn}
			</if>
			<if test="ecCode != null and ecCode != ''">
				and r.ec_code = #{ecCode}
			</if>
			<if test="statementDateStart != null and statementDateStart != '' and  statementDateEnd != null and statementDateEnd != ''">
				 AND  r.statement_date BETWEEN to_date(#{statementDateStart},'yyyy-MM-dd HH24:mi:ss') AND to_date(#{statementDateEnd},'yyyy-MM-dd HH24:mi:ss')
			</if>
	</select>
	
	
	<select id="findPageCallList" resultType="com.hvgroup.modules.authStatInfo.entity.AuthStatInfo" >
		<if test="pageInfo != null and pageInfo !=''">
			<include refid="pageSqlStart"/>
		</if>
			select f.msisdn msisdn,
			       a.area_name areaCode,
			       f.ec_code ecCode,
			       c.ec_name ecName,
			       f.auth_area authArea,
				   f.auth_lon_lat as authLonLat,
			       f.stat_lon_lat as statLonLat,			       
			       f.statement_area statementArea,
			       f.statement_date statementDate,
			       c.call_phone callPhone,
			       c.call_phone_area callPhoneArea,
   				   c.call_date callDate,
			       c.call_area callArea,
			       c.call_area_code callAreaCode,
             		c.handle_type as handleType 
			  from realnameauth_latest_call c, realnameauth_statement_info f
			  join enterprise_customer c on c.ec_code = f.ec_code
			  join areas a on a.area_id = c.area_id
			 where c.msisdn = f.msisdn    
			<if test="msisdn != null and msisdn != ''">
				and f.msisdn = #{msisdn}
			</if>
			<if test="ecCode != null and ecCode != ''">
				and f.ec_code = #{ecCode}
			</if>
			<if test="statementDateStart != null and statementDateStart != '' and  statementDateEnd != null and statementDateEnd != ''">
				 AND  f.statement_date BETWEEN to_date(#{statementDateStart},'yyyy-MM-dd HH24:mi:ss') AND to_date(#{statementDateEnd},'yyyy-MM-dd HH24:mi:ss')
			</if>
		<if test="pageInfo != null and pageInfo !=''">
				<include refid="pageSqlEnd"/>
			</if>
	</select>
	
	<select id="findPageCallCount" resultType="java.lang.Integer">
			select count(1)
			  from realnameauth_latest_call c, realnameauth_statement_info f
			 where c.msisdn = f.msisdn    
			<if test="msisdn != null and msisdn != ''">
				and f.msisdn = #{msisdn}
			</if>
			<if test="ecCode != null and ecCode != ''">
				and f.ec_code = #{ecCode}
			</if>
			<if test="statementDateStart != null and statementDateStart != '' and  statementDateEnd != null and statementDateEnd != ''">
				 AND  f.statement_date BETWEEN to_date(#{statementDateStart},'yyyy-MM-dd HH24:mi:ss') AND to_date(#{statementDateEnd},'yyyy-MM-dd HH24:mi:ss')
			</if>
	</select>	

	<select id="findPageCall95List" resultType="com.hvgroup.modules.authStatInfo.entity.AuthStatInfo" >
		<if test="pageInfo != null and pageInfo !=''">
			<include refid="pageSqlStart"/>
		</if>
			select c.msisdn          msisdn,
			       a.area_name       areaCode,
			       c.ec_code         ecCode,
			       ec.ec_name        ecName,
			       c.auth_area       authArea,
			       f.auth_lon_lat    as authLonLat,
			       f.stat_lon_lat    as statLonLat,
			       f.statement_area  statementArea,
			       f.statement_date  statementDate,
			       c.call_phone      callPhone,
			       c.call_phone_area callPhoneArea,
			       c.call_date       callDate,
			       c.call_area       callArea,
			       c.call_area_code  callAreaCode,
			       c.handle_type     as handleType
			  from realname_latest_call_95 c
			  left join realnameauth_statement_info f
			    on f.msisdn = c.msisdn
			  left join enterprise_customer ec
			    on ec.ec_code = c.ec_code
			  left join areas a
			    on a.area_code = c.area_code
			 where 1=1   
			<if test="msisdn != null and msisdn != ''">
				and c.msisdn = #{msisdn}
			</if>
			<if test="ecCode != null and ecCode != ''">
				and c.ec_code = #{ecCode}
			</if>
			<if test="statementDateStart != null and statementDateStart != '' and  statementDateEnd != null and statementDateEnd != ''">
				 AND  f.statement_date BETWEEN to_date(#{statementDateStart},'yyyy-MM-dd HH24:mi:ss') AND to_date(#{statementDateEnd},'yyyy-MM-dd HH24:mi:ss')
			</if>
		<if test="pageInfo != null and pageInfo !=''">
				<include refid="pageSqlEnd"/>
			</if>
	</select>
	
	<select id="findPageCall95Count" resultType="java.lang.Integer">
			select count(1) from realname_latest_call_95 c 
		 	 left join realnameauth_statement_info f
		    on f.msisdn = c.msisdn
			 where 1=1      
			<if test="msisdn != null and msisdn != ''">
				and c.msisdn = #{msisdn}
			</if>
			<if test="ecCode != null and ecCode != ''">
				and c.ec_code = #{ecCode}
			</if>
			<if test="statementDateStart != null and statementDateStart != '' and  statementDateEnd != null and statementDateEnd != ''">
				 AND  f.statement_date BETWEEN to_date(#{statementDateStart},'yyyy-MM-dd HH24:mi:ss') AND to_date(#{statementDateEnd},'yyyy-MM-dd HH24:mi:ss')
			</if>
	</select>	
	
	<select id="findLifeCycle" resultType="com.hvgroup.modules.authStatInfo.entity.AuthStatInfo">
		select msisdn, life_cycle as lifeCycle
		  from (SELECT MSISDN, Life_Cycle
		          FROM MAC_CARD
		         WHERE STATE = 'ENABLED'
		        UNION
		        SELECT MSISDN, Life_Cycle
		          FROM CARD_9105
		         WHERE STATE = 'ENABLED'
		        UNION
		        SELECT MSISDN, Life_Cycle
		          FROM NB_CARD
		         WHERE STATE = 'ENABLED'
		        UNION
		        SELECT MSISDN, Life_Cycle
		          FROM IOV_CARD
		         WHERE STATE = 'ENABLED'
		        UNION
		        SELECT MSISDN, Life_Cycle FROM WLW_CARD WHERE STATE = 'ENABLED')
		 where 1=1
		 <if test="msisdn != null and msisdn != ''">
				and msisdn = #{msisdn}
			</if>
	</select>
	
	<update id="updateAuthStatInfo" parameterType="com.hvgroup.modules.authStatInfo.entity.AuthStatInfo">
		update ${tableName} r set 
			<if test="stopDate != null and stopDate != ''">
				r.stop_date = to_date(#{stopDate},'yyyy-MM-dd HH24:mi:ss'),
			</if>
			<if test="orderId != null and orderId != ''">
				r.order_id = #{orderId},
			</if>
			<if test="handleType != null and handleType != ''">
				r.handle_type = #{handleType},
			</if>
			<if test="handleState != null and handleState != ''">
				r.handle_state = #{handleState}
			</if>
		  where r.msisdn = #{msisdn}
	</update>	
			
</mapper>