<?xml version="1.0" encoding="UTF-8" ?>
<!DOCTYPE mapper PUBLIC "-//mybatis.org//DTD Mapper 3.0//EN" "http://mybatis.org/dtd/mybatis-3-mapper.dtd">
<mapper namespace="com.hvgroup.modules.apiconf.dao.ApiApproveDao">
		
		<select id="findList" resultType="ApiApprove">
      	 SELECT
			A .WO_CODE as woCode,
			A .OPT_TYPE as optType,
			A .APP_STATUS as appStatus,
			A .WO_STATUS as woStatus, 
			E .EC_CODE as ecCode,
			TO_CHAR(A.COMING_DATA,'yyyy-MM-dd') as comingTime,
			E .ENTERPRISE_LEVEL as enterpriseLevel,
			E .EC_NAME as ecName,
			s.area_name areaName,
						act.TEMPL_NAME as templName,
			O.APP_KEY as appKey,
			o.P_START_TIME  as pStartTime,
			o.P_END_TIME	as pEndTime,
			o.P_JOIN_STATE  as pJoinState,
			o.P_ACCESS_STATE  as pAccessState,
			ec.cus_type  as cusType
		FROM
			API_WO_MASTER A
		LEFT JOIN ENTERPRISE_CUSTOMER E ON A .EC_CODE = E .EC_CODE
		LEFT JOIN AREAS s ON E.AREA_ID = S.AREA_ID
		LEFT JOIN API_EC_INFO O ON O.EC_CODE = E.EC_CODE
			LEFT JOIN API_CUS_TEMPL act ON act.API_CUS_TYPE = o.API_CUS_TYPE
			left join EC_CUSTOMER_TYPE ec on ec.ec_code=A .EC_CODE
		WHERE
			A.wo_code in (select a.wo_code
              from api_wo_master a
             inner join (select b.ec_code, max(coming_data) as maxgdtime
                    from api_wo_master b
                   group by b.ec_code) b on a.ec_code = b.ec_code	
                               and a.coming_data = b.maxgdtime)  
		<if test="ecName != null and ecName != ''">
	        and e.ec_name LIKE '%'||#{ecName}||'%'
        </if>
        <if test="ecCode != null and ecCode != ''">
	       AND E.ec_code like '%'||#{ecCode}||'%'
        </if>
          <if test="areaName != null and areaName != '' ">
	        AND s.area_id = #{areaName}
        </if>
          <if test="templName != null and templName != ''  ">
	        AND act.api_cus_type = #{templName}
        </if>
          <if test="comingTime != null and comingTime != ''  ">
	        and a.COMING_DATA
			BETWEEN  TO_DATE( #{comingTime},'YYYY-MM') 
			AND  TO_DATE(#{comingTimePlus},'YYYY-MM')
        </if>
          <if test="optType != null  and optType != ''  ">
	        and a.OPT_TYPE=#{optType}
        </if>
          <if test="appStatus != null and appStatus != ''  ">
	        and a.APP_STATUS=#{appStatus}
        </if>
         <if test="cusType != null and cusType != ''">
        	AND ec.CUS_TYPE =#{cusType}
        </if>
           <if test="woCodeType != null and woCodeType != ''">
        	AND A.WO_CODE_TYPE =#{woCodeType}
        </if>
        
        order by a.COMING_DATA desc
    </select>

	 <select id="findIpChange" resultType="ApiApprove">
    	SELECT
			A.CONTENT,
			A.OPT_TYPE
		FROM
			API_WO_DETAIL A
			LEFT JOIN API_WO_MASTER b ON A .WO_CODE = b.WO_CODE
		WHERE
			b.WO_STATUS = 'open'
		AND b.WO_CODE = #{woCode}
    </select>
    
    <select id="findShenPiTempl" resultType="ApiApprove">
		SELECT
			A.GROUP_CODE as groupCode,
			A.GROUP_NAME as groupName,
			A.GROUP_TYPE as groupType,
			B.TIMES as times
		FROM
			API_METHOD_GROUP A
			LEFT JOIN API_CUS_INV_TIMES_TEMPL B ON A.GROUP_CODE = B.GROUP_CODE
	</select>
	
	<select id="findSpTempl" resultType="ApiApprove">
		SELECT
			a.METHOD as method,
			a.METHOD_DES as methodDes,
			a.STATE as state
		FROM
			API_WO_DETAIL b 
			LEFT JOIN API_METHOD a ON a.METHOD = b.CONTENT
		WHERE
			METHOD IN (
				SELECT
					b. METHOD
				FROM
					API_METHOD_GROUP A
				LEFT JOIN API_METHOD_REL b ON A .GROUP_CODE = b.GROUP_CODE
				WHERE
					A .GROUP_CODE = #{groupCode}
			)
			and b.WO_CODE = #{woCode}
	</select>
	
	<select id="findSpTemplCount" resultType="ApiApprove">
		SELECT
			b.GROUP_CODE as groupCode,
			COUNT (*) as num
		FROM
			API_WO_DETAIL A
			RIGHT JOIN API_METHOD_REL b ON A.CONTENT = b.METHOD
		WHERE
			A.WO_CODE = #{woCode}
		GROUP BY
			b.GROUP_CODE
	</select>
	
	<select id="findQueryCount" resultType="ApiApprove">
		SELECT
			COUNT (*) as num
		FROM
			API_WO_DETAIL A
		RIGHT JOIN API_METHOD_REL b ON A . CONTENT = b. METHOD
		WHERE
			A .WO_CODE = #{woCode}
		AND CONTENT IN (
			SELECT
				B. METHOD
			FROM
				API_METHOD_GROUP A,
				API_METHOD_REL B
			WHERE
				A .GROUP_CODE = B.GROUP_CODE
			AND A .GROUP_TYPE = 'query'
		)
	</select>
	
	<select id="findBusinessCount" resultType="ApiApprove">
		SELECT
			COUNT (*) as num
		FROM
			API_WO_DETAIL A
		RIGHT JOIN API_METHOD_REL b ON A . CONTENT = b. METHOD
		WHERE
			A .WO_CODE = #{woCode}
		AND CONTENT IN (
			SELECT
				B. METHOD
			FROM
				API_METHOD_GROUP A,
				API_METHOD_REL B
			WHERE
				A .GROUP_CODE = B.GROUP_CODE
			AND A .GROUP_TYPE = 'business'
		)
	</select>
 	
 	<select id="findMethod" resultType="ApiApprove">
 		select * from API_METHOD WHERE METHOD = #{method}
 	</select>
 	<update id="update">
 		UPDATE API_CUS_INV_TIMES_TEMPL SET 
 			TIMES = #{times}
 		WHERE GROUP_CODE = #{groupCode}	
 	</update>
 	
 	<update id="updateStaus">
 		UPDATE API_WO_MASTER SET
 			APP_STATUS = #{appStatus},
 			WO_STATUS = #{woStatus}
 		WHERE 
 			WO_CODE = #{woCode}	
 	</update>
 	
 <!-- 	<update id="updateEcInfo">
 		UPDATE API_EC_INFO SET
 		  <if test="appKey != null and appKey != '' ">
 			APP_KEY = #{appKey},
        </if>
        <if test="pDocking != null and pDocking != '' ">
 			P_DOCKING = #{pDocking},
        </if>
         <if test="pTelephone != null and pTelephone != '' ">
 			P_TELEPHONE = #{pTelephone},
        </if>
         <if test="pEmail != null and pEmail != '' ">
 			P_EMAIL = #{pEmail},
        </if>
         <if test="pStartTime != null and pStartTime != '' ">
 			P_START_TIME = #{pStartTime},
        </if>
         <if test="pEndTime != null and pEndTime != '' ">
 			P_END_TIME = #{pEndTime},
        </if>
            <if test="pJoinState != null and pJoinState != '' ">
 			P_JOIN_STATE = #{pJoinState},
        </if>
        <if test="manager != null and manager != '' ">
 			MANAGER = #{manager},
        </if>
        <if test="mTelephone != null and mTelephone != '' ">
 			M_TELEPHONE = #{mTelephone},
        </if>
        <if test="mEmail != null and mEmail != '' ">
 			M_EMAIL = #{mEmail}
        </if>
 		WHERE 
 			EC_CODE = #{ecCode}	
 			
 	</update> -->
 	
 	
 	  <update id="updateEcInfoSelective" >
	    update API_EC_INFO
	    <set >
	      <if test="pStartTime != null" >
	        P_START_TIME = #{pStartTime},
	      </if>
	      <if test="pEndTime != null" >
	        P_END_TIME = #{pEndTime},
	      </if>
	      <if test="manager != null" >
	        MANAGER = #{manager},
	      </if>
	      <if test="mTelephone != null" >
	        M_TELEPHONE = #{mTelephone},
	      </if>
	      <if test="mEmail != null" >
	        M_EMAIL = #{mEmail},
	      </if>
	      <if test="pJoinState != null" >
	        P_JOIN_STATE = #{pJoinState},
	      </if>
	      <if test="pAccessState != null" >
	        P_ACCESS_STATE = #{pAccessState},
	      </if>
	      <if test="pApplyState != null" >
	        P_APPLY_STATE = #{pApplyState},
	      </if>	 	      	      
	    </set>
	    where EC_CODE = #{ecCode}
	  </update>
 	
 	
 	
 	
 	<update id="updateEcInfo">
 		UPDATE API_EC_INFO SET
 		  <set >
		      <if test="pStartTime != null" >
		        P_START_TIME = #{pStartTime},
		      </if>
		      <if test="pEndTime != null" >
		        P_END_TIME = #{pEndTime},
		      </if>
		      <if test="manager != null" >
		        MANAGER = #{manager},
		      </if>
		      <if test="mTelephone != null" >
		        M_TELEPHONE = #{mTelephone},
		      </if>
		      <if test="mEmail != null" >
		        M_EMAIL = #{mEmail},
		      </if>
		      <if test="pJoinState != null" >
		        P_JOIN_STATE = #{pJoinState},
		      </if>
		      <if test="pAccessState != null" >
		        P_ACCESS_STATE = #{pAccessState},
		      </if>
		      <if test="pApplyState != null" >
		        P_APPLY_STATE = #{pApplyState},
		      </if>	 	      	      
	     </set>
 		WHERE 
 			EC_CODE = #{ecCode}	
 			
 	</update>
	
	<update id="updateApiWoMaster">
 		UPDATE API_WO_MASTER SET
 			APP_STATUS = #{appStatus},
 			WO_STATUS = #{woStatus},
 			PROCESS_REJECT_NOTE=#{processRejectNote},
 			APPROVE_DATE = #{approveDate},
 			APPROVE_ID = #{approveId},
 			APPROVE_NAME = #{approveName}
 		WHERE 
 			WO_CODE = #{woCode}
 			<!-- and OPT_TYPE=#{optType} -->
 				
 	</update>
 		
 		<select id="findIpPass"  resultType="ApiApprove">
 				SELECT *  from API_WO_DETAIL  a where a.WO_CODE in
 				(
 				 SELECT b.wo_code from API_WO_MASTER b 
 				 where b.ec_code = #{ecCode}
 				 AND b.opt_type = #{optType}
 				 AND app_status = #{appStatus}
 				 )
 				
 		</select>
 		
 			<select id="findIpPass2"  resultType="ApiApprove">
 				SELECT *  from API_WO_DETAIL  a where a.WO_CODE=#{woCode}#
 				
 		</select>
 		
 		<select id="findWoCode"  resultType="ApiApprove">
 			select a.wo_code
              from api_wo_master a
             inner join (select b.ec_code, max(coming_data) as maxgdtime
                    from api_wo_master b
                   group by b.ec_code) b on a.ec_code = b.ec_code
								and a.ec_code=#{ecCode}#
                               and a.coming_data = b.maxgdtime
 		</select>
 		
 		<select id="getGroupsMethod"  resultType="ApiApprove">
 						SELECT 
 						A.GROUP_CODE AS groupCode,
 						C.APP_STATUS AS groupType,
 						B.CONTENT AS method,
 						D.METHOD_DES AS methodDes 
 						FROM API_METHOD_REL A 
						RIGHT  JOIN API_WO_DETAIL 	B ON B.CONTENT = A.METHOD 
						RIGHT JOIN API_WO_MASTER C ON C.WO_CODE = B.WO_CODE
						JOIN API_METHOD D ON D.METHOD = A.METHOD
						WHERE B.OPT_TYPE=#{optType}
						AND C.APP_STATUS = #{appStatus}
						AND  C.EC_CODE =#{ecCode}	
						AND A.GROUP_CODE=#{groupCode}
 		</select>
 		
 		
 		<select id="findServiceType" resultType="Integer">
			select t.service_type from API_METHOD t where t.method = #{method}		
		</select>
 		
 		<select id="findMasterAppStatus" resultType="String">
		select app_status from API_WO_MASTER where wo_code = #{woCode} and OPT_TYPE = #{optType}
		</select>
 		
 		<select id="findDetal" resultType="ApiApprove">
 			select content,opt_type optType,state 
 			from API_WO_DETAIL  
 			where wo_code = #{woCode}
 			<if test="optType != null  and optType != ''  ">
	        	and OPT_TYPE = #{optType}
        	</if>
 		</select>
 		
 		<!-- <select id="findEcChange" resultType="ApiApprove">
 			select content,opt_type optType,state 
 			from API_EC_CHANGE  
 			where EC_CODE = #{ecCode}
 			<if test="optType != null  and optType != ''  ">
	        	and OPT_TYPE = #{optType}
        	</if>
 		</select> -->
 		
 		<insert id="insertAPIEcChaneg">
 			insert into API_EC_CHANGE(EC_CODE,CONTENT,OPT_TYPE) values(#{ecCode},#{content},#{optType})
 		</insert>
 		
 		<insert id="insertAPIEcChanegApi">
 			insert into API_EC_CHANGE(EC_CODE,STATE,SERVICE_TYPE,CONTENT,OPT_TYPE) values(#{ecCode},#{state},#{serviceType},#{content},#{optType})
 		</insert>
 		
 		<delete id="deleteAPIEcChange">
 			delete from API_EC_CHANGE t where t.ec_code = #{ecCode} and t.opt_type = #{optType}
 		</delete>
 		
 		<delete id="deleteAPIEcChangeAll">
 			delete from API_EC_CHANGE t where t.ec_code = #{ecCode}
 		</delete>
 		
 		<delete id="deleteAPIWhiteSubAccountById">
 			delete from APIWHITE_SUB_ACCOUNT t 
			where t.user_id = #{operationId}
			and t.ec_code = #{ecCode}
 		</delete>
 		
 		<insert id="insertAPIWhiteSubAccountById">
 			insert into APIWHITE_SUB_ACCOUNT(USER_ID,APP_KEY,SECRET,IP_MODIFY,EC_CODE,CREATE_DATE) 
 			values(#{operationId},#{appKey},#{secret},#{content},#{ecCode},sysdate)
 		</insert>
 		
</mapper>