<?xml version="1.0" encoding="UTF-8" ?>
<!DOCTYPE mapper PUBLIC "-//mybatis.org//DTD Mapper 3.0//EN" "http://mybatis.org/dtd/mybatis-3-mapper.dtd">
<mapper namespace="com.hvgroup.modules.apiconf.dao.ApiAbilityDao">

	<!-- 通过组标记，查看API方法详情 -->
	<select id="findMethodsByGroupFlag" resultType="ApiAbility">
		select
		C.GROUP_TYPE,
		C.GROUP_CODE,
		C.GROUP_NAME,
		B.METHOD,
		B.METHOD_DES
		from API_METHOD_REL A, API_METHOD B, API_METHOD_GROUP C
		WHERE A.GROUP_CODE = C.GROUP_CODE
		AND A.METHOD = B.METHOD
		AND A.STATE = 'ENABLED'
		AND B.STATE = 'ENABLED'
		<if test="groupFlag != null and groupFlag != ''">
			and c.group_flag = #{groupFlag}
		</if>
		<if test="method != null and method != ''">
			and b.method like '%'||#{method}||'%'
		</if>
		order by b.method_id
	</select>


	<select id="findList" resultType="ApiAbility">
		SELECT
		METHOD,
		METHOD_DES,
		STATE
		FROM
		API_METHOD
		WHERE 1=1
		<if test="groupCode != null and groupCode != ''">
			and METHOD IN (
			SELECT
			b. METHOD
			FROM
			API_METHOD_GROUP A
			LEFT JOIN API_METHOD_REL b ON A .GROUP_CODE = b.GROUP_CODE
			WHERE
			A .GROUP_CODE = #{groupCode}
			)
		</if>
	</select>

	<select id="findGroup" resultType="ApiAbility">
		SELECT
		A .GROUP_CODE as groupCode,
		A .GROUP_NAME as groupName,
		A .GROUP_TYPE as groupType,
		B. TIMES as times,
		B. units as units,
		(
		CASE
		when b.units = 'minute' then '分钟'
		when b.units = 'day' then '天'
		when b.units = 'week' then '周'
		when b.units = 'month' then '月'
		ELSE '其他' END
		) as unitsName
		FROM
		API_METHOD_GROUP A ,API_CUS_INV_TIMES_TEMPL B
		WHERE
		A.GROUP_CODE = B.GROUP_CODE
		and a.GROUP_FLAG = 'controller'

		<if test="apiCusType != null and apiCusType != ''">
			and B.API_CUS_TYPE = #{apiCusType}
		</if>
	</select>

	<select id="findEdit" resultType="ApiAbility">
		select * from API_METHOD where METHOD = #{method}
	</select>

	<select id="findTemplName" resultType="ApiAbility">
		select * from API_CUS_TEMPL
	</select>

	<select id="findCusMethod" resultType="ApiAbility">
		SELECT distinct
		a.API_CUS_TYPE as apiCusType,
		a.METHOD as method,
		a.CAN_HANDLE as canHandle,
		a.DEF_CHOICE as defChoice,
		b.METHOD_DES as methodDes
		FROM
		API_CUS_METHOD_TEMPL a
		LEFT JOIN API_METHOD b ON
		a.METHOD = b.METHOD
		WHERE 1=1
		<if test="groupCode != null and groupCode != ''">
			and a.METHOD IN (
			SELECT
			b. METHOD
			FROM
			API_METHOD_GROUP A
			LEFT JOIN API_METHOD_REL b ON A .GROUP_CODE = b.GROUP_CODE
			WHERE
			A .GROUP_CODE = #{groupCode}
			)
		</if>
	</select>


	<insert id="insert">
		INSERT INTO API_METHOD (
		METHOD_ID,
		METHOD,
		METHOD_NAME,
		METHOD_DES,
		SERVICE_TYPE,
		STATE
		)VALUES(
		#{methodId},
		#{method},
		#{methodName},
		#{methodDes},
		#{serviceType},
		#{state}
		)
	</insert>
	<update id="update">
		UPDATE API_METHOD SET
		METHOD_DES = #{methodDes},
		STATE = #{state}
		WHERE METHOD = #{method}
	</update>

	<delete id="delete">
		delete API_METHOD where METHOD = #{method}
	</delete>

	<select id="getMethed" resultType="ApiAbility">
		select m.*,r.CAN_HANDLE,r.DEF_CHOICE from (select C.GROUP_TYPE,
		C.GROUP_CODE, C.GROUP_NAME, B.METHOD, B.METHOD_DES
		from API_METHOD_REL A, API_METHOD B, API_METHOD_GROUP C
		WHERE A.GROUP_CODE = C.GROUP_CODE
		AND A.METHOD = B.METHOD
		AND A.STATE = 'ENABLED'
		AND B.STATE = 'ENABLED'
		AND C.GROUP_FLAG = 'controller'
		) m,(SELECT A.METHOD,a.can_handle,a.def_choice FROM
		API_CUS_METHOD_TEMPL A
		WHERE A.API_CUS_TYPE=NVL((SELECT API_CUS_TYPE FROM API_EC_INFO WHERE
		EC_CODE=NULL),1)) r
		where m.method=r.method and r.can_handle=1
		order by group_type desc,group_code desc
	</select>
	<select id="getEditMethed" resultType="ApiAbility">
		SELECT a.METHOD_DES AS methodDes,a.method as method,
		b.GROUP_CODE as groupCode,g.state as state
		FROM API_METHOD a join API_METHOD_REL b ON a.method = b. method
		join API_CUS_INV_TIMES_TEMPL c ON b.group_code = c.group_code
		LEFT JOIN
		(
		select e.app_status as state,d.content as content FROM API_WO_MASTER e
		join API_WO_DETAIL d on e.wo_code = d.wo_code WHERE
		e.ec_code=#{ecCode} and( d.opt_type =#{optType}
		<if test="auditType != null and auditType != ''">
			or e.opt_type = #{auditType}
		</if>
		)
		) g
		on g.content = a.method AND g.content =b. method
	</select>
	<select id="getAllMethod" resultType="ApiAbility">
		select 
			a.METHOD_DES AS methodDes,
			a.method as method,
			b.GROUP_CODE as groupCode,
			a.state as state,
			a.METHOD_ID as methodId,
			a.METHOD_NAME as methodName,
			a.SERVICE_TYPE as serviceType
		FROM API_METHOD a
		join API_METHOD_REL b ON a.method = b. method

		where b.GROUP_CODE = #{groupCode}
		ORDER BY methodId ASC
	</select>

	<insert id="saveApiMethodRel">
		INSERT INTO API_METHOD_REL (
		GROUP_CODE,
		METHOD,
		STATE
		)  VALUES(
		#{groupCodeforView},
		#{method},
		#{state}
		)
	</insert>
	<insert id="insertCusMethodTemp">
		INSERT INTO API_CUS_METHOD_TEMPL (
		API_CUS_TYPE,
		METHOD,
		CAN_HANDLE,
		DEF_CHOICE
		)VALUES(
		to_number(#{apiCusType}),
		#{method},
		to_number(#{canHandle}),
		to_number(#{defChoice})
		)
	</insert>

	<update id="updateApiMethodRel">
		UPDATE API_METHOD_REL SET
		STATE = #{state}
		WHERE METHOD = #{method}
	</update>
	<update id="updateApiMethod">
		UPDATE API_METHOD SET
		STATE = #{state}
		WHERE METHOD = #{method}
	</update>

	<delete id="deleteApiMethodRel">
		delete API_METHOD_REL where METHOD = #{method}
	</delete>
	<select id="getApiAbility" resultType="ApiAbility">
		select a.METHOD_DES AS methodDes,
		a.method as method,
		a.service_type as serviceType,
		b.GROUP_CODE as groupCode,
		a.state as state,
		c.group_name as groupName,
		c.group_type as groupType,
		c.group_flag as groupFlag,
		a.METHOD_ID as methodId,
		a.method_name as methodName
		FROM API_METHOD a
		join API_METHOD_REL b ON a.method = b. method
		LEFT JOIN API_METHOD_GROUP c on c.GROUP_CODE = b.GROUP_CODE
		WHERE 1 = 1
		and a.method = #{method}
		and b.GROUP_CODE = #{groupCode}
	</select>

	<update id="editApiMethodRel">
		UPDATE API_METHOD_REL SET
		STATE = #{state},
		GROUP_CODE = #{groupCode},
		METHOD = #{method}
		WHERE METHOD = #{oldMethod}
		<if test="groupCodeforView != null and groupCodeforView != ''">
			and GROUP_CODE = #{groupCodeforView}
		</if>
		<if test="groupCodeForContorller != null and groupCodeForContorller != ''">
			and GROUP_CODE = #{groupCodeForContorller}
		</if>
	</update>

	<update id="editApiCusMethodTempl">
		update api_cus_method_templ set METHOD = #{method}
		where METHOD = #{oldMethod}
	</update>

	<!-- 表API_METHOD更新(api列表操作之更新) -->
	<update id="editApiMethod">
		UPDATE API_METHOD SET
		STATE = #{state},
		METHOD_ID = #{methodId},
		METHOD_DES = #{methodDes},
		METHOD_NAME = #{methodName},
		SERVICE_TYPE=#{serviceType},
		METHOD = #{method}
		WHERE METHOD = #{oldMethod}
	</update>

	<select id="getClientMethod" resultType="ApiAbility">
		SELECT
		a.API_CUS_TYPE as
		apiCusType,
		a.method as method,
		a.CAN_HANDLE as canHandle,
		a.DEF_CHOICE
		as defChoice,
		b.GROUP_CODE as groupCode,
		c.method_des as methodDes,
		c.SERVICE_TYPE as serviceType
		FROM API_CUS_METHOD_TEMPL a join
		API_METHOD_REL b
		on a.method = b.method
		join API_METHOD c on c.method =
		a.method and c.method = b.method
		WHERE a.API_CUS_TYPE = #{apiCusType}
		and b.GROUP_CODE = #{groupCode}
		and c.SERVICE_TYPE=#{serviceType}
	</select>


	<update id="updateDefChoice">
		UPDATE API_CUS_METHOD_TEMPL SET
		DEF_CHOICE = #{defChoice}
		<if test="canHandle != null and canHandle != ''">
			,CAN_HANDLE = #{canHandle}
		</if>
		WHERE METHOD = #{method}
	</update>
	<update id="updateCanHandle">
		UPDATE API_CUS_METHOD_TEMPL SET
		CAN_HANDLE = #{canHandle}
		<if test="defChoice != null and defChoice != ''">
			,DEF_CHOICE = #{defChoice}
		</if>
		WHERE METHOD = #{method}
	</update>

	<select id="getGroupsPassMethod" resultType="ApiAbility">
		select a.group_code as groupCode,ag.group_name,c.app_status as
		groupType,b.content as method,d.method_des as methodDes FROM
		API_METHOD_REL a
		RIGHT JOIN API_WO_DETAIL b on b.content = a.method
		RIGHT JOIN API_WO_MASTER c ON c.wo_code = b.wo_code
		JOIN API_METHOD d on d.method = a.method
		join API_METHOD_GROUP ag
		ON a.group_code = ag.group_code
		WHERE c.EC_CODE =#{ecCode}
		<if test="appStatus != null and appStatus != ''">
			and c.app_status = #{appStatus}
		</if>
		<if test="optType != null and optType != ''">
			and b.opt_type = #{optType}
		</if>
		<if test="groupCode != null and groupCode != ''">
			and a.group_code = #{groupCode}
		</if>
		<if test="method != null and method != ''">
			and d.METHOD= #{method}
		</if>
	</select>

	<select id="getEnabledMethod" resultType="ApiAbility">
		select 
			a.METHOD as id,
			a.METHOD_DES AS methodDes,
			a.method as method,
			b.GROUP_CODE as groupCode,
			a.state as state,
			a.METHOD_ID as methodId,
			a.METHOD_NAME as methodName,
			a.SERVICE_TYPE as serviceType,
			#{groupCode} as "parent.id"
		FROM API_METHOD a
		join API_METHOD_REL b ON a.method = b. method

		where b.GROUP_CODE = #{groupCode}
		AND a.state = 'ENABLED'
		ORDER BY methodId ASC
	</select>

	<select id="findGroupByControl" resultType="ApiAbility">
		SELECT 
			A.GROUP_CODE as groupCode,
			A.GROUP_NAME as groupName,
			A.GROUP_TYPE as groupType 
		FROM API_METHOD_GROUP A
		WHERE A.GROUP_FLAG=#{groupFlag}
	</select>
	
	<select id="findGroupType" resultType="ApiAbility">
		SELECT 
			A.GROUP_TYPE as id,
			A.GROUP_TYPE as groupType,
			'0' as "parent.id" 
		FROM API_METHOD_GROUP A
		GROUP BY A.GROUP_TYPE
	</select>
	
	<select id="findGroupCodeByType" resultType="ApiAbility">
		SELECT 
			A.GROUP_CODE as id,
			A.GROUP_CODE as groupCode,
			A.GROUP_NAME as groupName,
			#{groupType} as "parent.id"
		FROM API_METHOD_GROUP A
		WHERE A.GROUP_TYPE = #{groupType}
	</select>

	<select id="getMethedByClient" resultType="ApiAbility">
		select m.*, r.CAN_HANDLE,r.DEF_CHOICE,
		(case
		when exists
		(select 1
		from API_WO_MASTER am,API_WO_DETAIL ad
		where am.wo_code=ad.wo_code
		and ad.opt_type='METHOD_MODIFY'
		and am.WO_STATUS='close'
		and ad.content = m.METHOD
		<if test="ecCode != null and ecCode != ''">
			and am.ec_code=#{ecCode}
		</if>
		) then 1
		when exists
		(select 1
		from API_WO_MASTER am,API_WO_DETAIL ad
		where am.wo_code=ad.wo_code
		and ad.opt_type='METHOD_MODIFY'
		and am.WO_STATUS='open'
		and ad.content = m.METHOD
		<if test="ecCode != null and ecCode != ''">
			and am.ec_code=#{ecCode}
		</if>
		)
		then 2
		else 3 end
		) as state
		from (select C.GROUP_TYPE, C.GROUP_CODE, C.GROUP_NAME, B.METHOD,
		B.METHOD_NAME,B.METHOD_ID,B.METHOD_DES
		from API_METHOD_REL A, API_METHOD B, API_METHOD_GROUP C
		WHERE A.GROUP_CODE = C.GROUP_CODE
		AND A.METHOD = B.METHOD
		AND A.STATE = 'ENABLED'
		AND B.STATE = 'ENABLED'
		AND c. GROUP_FLAG = 'controller' ) m,(SELECT
		A.METHOD,a.can_handle,a.def_choice FROM API_CUS_METHOD_TEMPL A
		WHERE A.API_CUS_TYPE=NVL((SELECT API_CUS_TYPE FROM API_EC_INFO WHERE
		EC_CODE=#{ecCode}),1)) r
		where m.method=r.method and r.can_handle=1
		order by group_type desc,group_code desc
	</select>
	
	<!-- 所有默认可办的api接口 -->
	<select id="getUserApi" resultType="String">
		select method 
		from API_CUS_METHOD_TEMPL
		where api_cus_type = 1 
		and can_handle = 1
	</select>
	
	
</mapper>