<?xml version="1.0" encoding="UTF-8" ?>
<!DOCTYPE mapper PUBLIC "-//mybatis.org//DTD Mapper 3.0//EN" "http://mybatis.org/dtd/mybatis-3-mapper.dtd">
<mapper namespace="com.hvgroup.modules.apiconf.dao.ApiClientDao">

	<select id="findList" resultType="ApiClient">
		SELECT * FROM API_CUS_TEMPL
		ORDER by API_CUS_TYPE asc
	</select>
	<select id="get" resultType="ApiClient">
		SELECT * FROM API_CUS_TEMPL WHERE
		API_CUS_TYPE = #{apiCusType}
	</select>
	<insert id="insert">
		INSERT INTO API_CUS_TEMPL (
		API_CUS_TYPE,
		TEMPL_NAME,
		REMARK
		)VALUES(
		#{apiCusType},
		#{templName},
		#{remark}
		)
	</insert>
	<update id="update">
		UPDATE API_CUS_TEMPL SET
		TEMPL_NAME = #{templName},
		REMARK = #{remark}
		WHERE API_CUS_TYPE = #{apiCusType}
	</update>
	<delete id="delete">
		delete API_CUS_TEMPL where API_CUS_TYPE =
		#{apiCusType}
	</delete>
</mapper>