<?xml version="1.0" encoding="UTF-8" ?>
<!DOCTYPE mapper PUBLIC "-//mybatis.org//DTD Mapper 3.0//EN" "http://mybatis.org/dtd/mybatis-3-mapper.dtd">
<mapper namespace="com.hvgroup.modules.roamingAnalysis.dao.RoamingOutActiveDao">
    <!--漫出行业数据查找-->
    <select id="findList" resultType="com.hvgroup.modules.roamingAnalysis.entity.RoamingOutActive">
   select  (case   when business_system='99' then '汇总'
                   when business_system='01' then 'PBOOS'
                   when business_system='02' then 'CMIOT' else '--' end) AS businessSystem,
          statsdate AS statsDate,
          roam_user AS roamUser,
          avg_active_day as avgActiveDay
      from BD_ST_S109_S109022
     WHERE roam_type ='Roamout'
        <if test="businessSystem !=null and businessSystem !='' ">
            and business_system=#{businessSystem}
        </if>
        <if test="statsDate !=null and statsDate !='' ">
            and statsdate <![CDATA[ >= ]]> substr(replace(#{statsDate},'-',''),0,6)
        </if>
        <if test="endDate !=null and endDate !=''">
            and statsdate <![CDATA[ <= ]]> substr(replace(#{endDate},'-',''),0,6)
        </if>
    </select>
</mapper>