<?xml version="1.0" encoding="UTF-8" ?>
<!DOCTYPE mapper PUBLIC "-//mybatis.org//DTD Mapper 3.0//EN" "http://mybatis.org/dtd/mybatis-3-mapper.dtd">
<mapper namespace="com.hvgroup.modules.apiconf.dao.ApiWhiteSubAccountDao">

	<select id="findList" resultType="ApiWhiteSubAccount">
		select t.user_id,
	       t.app_key,
	       t.secret,
	       t.ip_modify,
	       t.ec_code,
	       t.create_date 
	    from 
	      Apiwhite_Sub_Account t
		where 1=1
		<if test="ecCode != null and ecCode != ''">
			and t.ec_code =#{ecCode}
		</if>
		<if test="userId != null and userId != ''">
			and t.user_id  =#{userId}
		</if>
	 </select>
		
		<insert id="insert">
			INSERT INTO
	          Apiwhite_Sub_Account t (
				 user_id,
				 app_key,
				 secret,
				 ip_modify,
				 ec_code,
				 create_date
				) VALUES(
				#{userId},
				#{appKey},
				#{secret},
				#{ipModify},
				#{ecCode},
				sysdate
			   )
	</insert>
		
	<delete id="delete">
		delete from Apiwhite_Sub_Account where user_id=#{userId}
	</delete>
	
</mapper>