<?xml version="1.0" encoding="UTF-8" ?>
<!DOCTYPE mapper PUBLIC "-//mybatis.org//DTD Mapper 3.0//EN" "http://mybatis.org/dtd/mybatis-3-mapper.dtd">
<mapper namespace="com.hvgroup.modules.bda.dao.OrderAnsDao">
	 
	  <!-- 套餐订购分析 -->
	 <select id="findPkgOrderList" resultType="com.hvgroup.modules.bda.entity.OrderPkgEntity">
	 	select p.*,n.ADD_CNT_MON from PRO_PKG_MONTH p
		left join PRO_PKG_NEW_MONTH n on p.OFFERING_ID = n.OFFERING_ID and p.STATITICS_MONTH = n.STATITICS_MONTH
		where 1=1
		<if test="statiticsMonth != null and statiticsMonth != ''">
	 		and p.STATITICS_MONTH = #{statiticsMonth}
	 	</if>
	 	<if test="platformType != null and platformType != ''">
	 		and p.PLATFORM_TYPE = #{platformType}
	 	</if>
	 </select>
	 <select id="findPkgOrderCount" resultType="java.lang.Long">
	 	select count(1) from PRO_PKG_MONTH
	 	where 1=1
	 	<if test="statiticsMonth != null and statiticsMonth != ''">
	 		and STATITICS_MONTH = #{statiticsMonth}
	 	</if>
	 	<if test="platformType != null and platformType != ''">
	 		and PLATFORM_TYPE = #{platformType}
	 	</if>
	 </select>
	 
	 <select id="getEffCntByLastMonth" resultType="java.lang.String"> 
	 	select EFF_CNT_MON from PRO_PKG_MONTH where 1=1
	 	<if test="statiticsMonth != null and statiticsMonth != ''">
	 		and STATITICS_MONTH = #{statiticsMonth}
	 	</if>
	 	<if test="offeringId != null and offeringId != ''">
	 		and OFFERING_ID = #{offeringId}
	 	</if>
	 	<if test="platformType != null and platformType != ''">
	 		and PLATFORM_TYPE = #{platformType}
	 	</if>
	 </select>
	 
	 
	 
	 <!-- 基础套餐订购分析 - 按汇总 -->
	 <select id="findBasePkgOrderList" resultType="com.hvgroup.modules.bda.entity.BaseOrderPkgEntity">
	 	select p.FUNCTION_TYPE,p.STATITICS_MONTH,
		       count(p.EFF_CNT_MON) EFF_CNT_MON,count(p.PROPORTION) PROPORTION,
		       count(RING_GROWTH_RATE) RING_GROWTH_RATE,count(RING_GROWTH_CNT) RING_GROWTH_CNT
		from PRO_BASE_PKG_FORM_MONTH p 
		left join PRO_BASE_PKG_MONTH b on p.FUNCTION_TYPE = b.FUNCTION_TYPE and p.STATITICS_MONTH and b.STATITICS_MONTH
		where 1=1
		<if test="statiticsMonth != null and statiticsMonth != ''">
	 		and p.STATITICS_MONTH = #{statiticsMonth}
	 	</if>
	 	<if test="platformType != null and platformType != ''">
	 		and p.PLATFORM_TYPE = #{platformType}
	 	</if>
	 	<if test="functionType != null and functionType != ''">
	 		and p.FUNCTION_TYPE = #{functionType}
	 	</if>
		group by p.FUNCTION_TYPE,p.STATITICS_MONTH
	 </select>
	 <select id="findBasePkgOrderCount" resultType="java.lang.Long">
	 	select count(1) from (
		 	select p.FUNCTION_TYPE,p.STATITICS_MONTH from PRO_BASE_PKG_FORM_MONTH p 
			left join PRO_BASE_PKG_MONTH b on p.FUNCTION_TYPE = b.FUNCTION_TYPE and p.STATITICS_MONTH and b.STATITICS_MONTH
			where 1=1
			<if test="statiticsMonth != null and statiticsMonth != ''">
		 		and p.STATITICS_MONTH = #{statiticsMonth}
		 	</if>
		 	<if test="platformType != null and platformType != ''">
		 		and p.PLATFORM_TYPE = #{platformType}
		 	</if>
		 	<if test="functionType != null and functionType != ''">
		 		and p.FUNCTION_TYPE = #{functionType}
		 	</if>
			group by p.FUNCTION_TYPE,p.STATITICS_MONTH
		)
	 </select>
	 
	 
	 <!-- 基础套餐订购分析 - 按行业 -->
	 <select id="findBasePkgOrderByTardeList" resultType="com.hvgroup.modules.bda.entity.BaseOrderPkgEntity">
	 	with temp as(
			 select p.INDUSTRY_NAME,p.INDUSTRY_ID,p.STATITICS_MONTH,'gprs' functionType ,p.GPRS_EFF_CNT_MON as effCntMon, n.GPRS_ADD_CNT_MON as addCntMon
			 from PRO_INDUSTRY_BASE_PKG_MONTH p left join PRO_INDUSTRY_BASE_PKG_NEW_MON n on p.industry_id = n.industry_id and p.industry_name = n.industry_name
			 where 1=1
			 <if test="statiticsMonth != null and statiticsMonth != ''">
		 		and p.STATITICS_MONTH = #{statiticsMonth}
		 	</if>
		 	<if test="platformType != null and platformType != ''">
		 		and p.PLATFORM_TYPE = #{platformType}
		 	</if>
		 	<if test="industryId != null and industryId != ''">
		 		and p.INDUSTRY_ID = #{industryId}
		 	</if>
			 union all 
			 select p.INDUSTRY_NAME,p.INDUSTRY_ID,p.STATITICS_MONTH,'gprs' functionType ,p.SMS_EFF_CNT_MON as effCntMon, n.SMS_ADD_CNT_MON as addCntMon
			 from PRO_INDUSTRY_BASE_PKG_MONTH p left join PRO_INDUSTRY_BASE_PKG_NEW_MON n on p.industry_id = n.industry_id and p.industry_name = n.industry_name
			 where 1=1
			 <if test="statiticsMonth != null and statiticsMonth != ''">
		 		and p.STATITICS_MONTH = #{statiticsMonth}
		 	</if>
		 	<if test="platformType != null and platformType != ''">
		 		and p.PLATFORM_TYPE = #{platformType}
		 	</if>
		 	<if test="industryId != null and industryId != ''">
		 		and p.INDUSTRY_ID = #{industryId}
		 	</if>
			 union all
			 select p.INDUSTRY_NAME,p.INDUSTRY_ID,p.STATITICS_MONTH,'gprs' functionType ,p.VOICE_EFF_CNT_MON as effCntMon, n.VOICE_ADD_CNT_MON as addCntMon
			 from PRO_INDUSTRY_BASE_PKG_MONTH p left join PRO_INDUSTRY_BASE_PKG_NEW_MON n on p.industry_id = n.industry_id and p.industry_name = n.industry_name
			 where 1=1
			 <if test="statiticsMonth != null and statiticsMonth != ''">
		 		and p.STATITICS_MONTH = #{statiticsMonth}
		 	</if>
		 	<if test="platformType != null and platformType != ''">
		 		and p.PLATFORM_TYPE = #{platformType}
		 	</if>
		 	<if test="industryId != null and industryId != ''">
		 		and p.INDUSTRY_ID = #{industryId}
		 	</if>
			)
		select INDUSTRY_NAME,INDUSTRY_ID,STATITICS_MONTH,functionType,effCntMon,addCntMon from 
		temp where 1=1 
	 	<if test="functionType != null and functionType != ''">
	 		and functionType = #{functionType}
	 	</if>
	 	<!-- select p.industry_id,p.industry_name,
		       count(p.GPRS_EFF_CNT_MON) GPRS_EFF_CNT_MON ,count(p.SMS_EFF_CNT_MON) SMS_EFF_CNT_MON ,
		       count(p.VOICE_EFF_CNT_MON) VOICE_EFF_CNT_MON ,count(n.GPRS_ADD_CNT_MON) GPRS_ADD_CNT_MON ,
		       count(n.SMS_ADD_CNT_MON) SMS_ADD_CNT_MON ,count(n.VOICE_ADD_CNT_MON) VOICE_ADD_CNT_MON 
		from PRO_INDUSTRY_BASE_PKG_MONTH p
		left join PRO_INDUSTRY_BASE_PKG_NEW_MON n on p.industry_id = n.industry_id 
			and p.industry_name = n.industry_name and p.STATITICS_MONTH = n.STATITICS_MONTH
		where 1=1
			<if test="statiticsMonth != null and statiticsMonth != ''">
		 		and p.STATITICS_MONTH = #{statiticsMonth}
		 	</if>
		 	<if test="platformType != null and platformType != ''">
		 		and p.PLATFORM_TYPE = #{platformType}
		 	</if>
		group by p.industry_id,p.industry_name,p.STATITICS_MONTH -->
	 </select>
	 <select id="findBasePkgOrderByTardeCount" resultType="java.lang.Long">
	 	with temp as(
			 select p.INDUSTRY_NAME,p.INDUSTRY_ID,p.STATITICS_MONTH,'gprs' functionType ,p.GPRS_EFF_CNT_MON as effCntMon, n.GPRS_ADD_CNT_MON as addCntMon
			 from PRO_INDUSTRY_BASE_PKG_MONTH p left join PRO_INDUSTRY_BASE_PKG_NEW_MON n on p.industry_id = n.industry_id and p.industry_name = n.industry_name
			 where 1=1
			 <if test="statiticsMonth != null and statiticsMonth != ''">
		 		and p.STATITICS_MONTH = #{statiticsMonth}
		 	</if>
		 	<if test="platformType != null and platformType != ''">
		 		and p.PLATFORM_TYPE = #{platformType}
		 	</if>
		 	<if test="industryId != null and industryId != ''">
		 		and p.INDUSTRY_ID = #{industryId}
		 	</if>
			 union all 
			 select p.INDUSTRY_NAME,p.INDUSTRY_ID,p.STATITICS_MONTH,'gprs' functionType ,p.SMS_EFF_CNT_MON as effCntMon, n.SMS_ADD_CNT_MON as addCntMon
			 from PRO_INDUSTRY_BASE_PKG_MONTH p left join PRO_INDUSTRY_BASE_PKG_NEW_MON n on p.industry_id = n.industry_id and p.industry_name = n.industry_name
			 where 1=1
			 <if test="statiticsMonth != null and statiticsMonth != ''">
		 		and p.STATITICS_MONTH = #{statiticsMonth}
		 	</if>
		 	<if test="platformType != null and platformType != ''">
		 		and p.PLATFORM_TYPE = #{platformType}
		 	</if>
		 	<if test="industryId != null and industryId != ''">
		 		and p.INDUSTRY_ID = #{industryId}
		 	</if>
			 union all
			 select p.INDUSTRY_NAME,p.INDUSTRY_ID,p.STATITICS_MONTH,'gprs' functionType ,p.VOICE_EFF_CNT_MON as effCntMon, n.VOICE_ADD_CNT_MON as addCntMon
			 from PRO_INDUSTRY_BASE_PKG_MONTH p left join PRO_INDUSTRY_BASE_PKG_NEW_MON n on p.industry_id = n.industry_id and p.industry_name = n.industry_name
			 where 1=1
			 <if test="statiticsMonth != null and statiticsMonth != ''">
		 		and p.STATITICS_MONTH = #{statiticsMonth}
		 	</if>
		 	<if test="platformType != null and platformType != ''">
		 		and p.PLATFORM_TYPE = #{platformType}
		 	</if>
		 	<if test="industryId != null and industryId != ''">
		 		and p.INDUSTRY_ID = #{industryId}
		 	</if>
			)
		select count(1) from temp where 1=1
	 	<if test="functionType != null and functionType != ''">
	 		and functionType = #{functionType}
	 	</if>
	 </select>
	 
	 
	 <select id="findIndustryList" resultType="com.hvgroup.modules.bda.entity.BaseOrderPkgEntity">
	 	select distinct INDUSTRY_NAME,INDUSTRY_ID from PRO_INDUSTRY_BASE_PKG_MONTH 
	 </select>
	 
	 <!-- 月流量基础套餐TOP客户 -->
	 <select id="findBaseMonthPkgTop" resultType="com.hvgroup.modules.bda.entity.BasePkgTopEntity">
	 	select * from PRO_FLOW_PKG_MONTH where 1=1
	 	<if test="statiticsMonth != null and statiticsMonth != ''">
	 		and STATITICS_MONTH = #{statiticsMonth}
	 	</if>
	 	<if test="topN != null and topN != ''">
	 		and to_number(TOP_N,'999999999') <![CDATA[<=]]> #{topN}
	 	</if>
	 	<if test="platformType != null and platformType != ''">
	 		and PLATFORM_TYPE = #{platformType}
	 	</if>
	 	order by to_number(TOP_N,'999999999')
	 </select>
	 
	 
	 
	 
	  <!-- 单月订购量TOP -->
	 <select id="findPkgTop" resultType="com.hvgroup.modules.bda.entity.PkgTopEntity">
	 	select * from PRO_ORDER_PKG_MONTH where 1=1
	 	<if test="statiticsMonth != null and statiticsMonth != ''">
	 		and STATITICS_MONTH = #{statiticsMonth}
	 	</if>
	 	<if test="topN != null and topN != ''">
	 		and to_number(TOP_N,'999999999') <![CDATA[<=]]> #{topN}
	 	</if>
	 	<if test="platformType != null and platformType != ''">
	 		and PLATFORM_TYPE = #{platformType}
	 	</if>
	 	order by to_number(TOP_N,'999999999')
	 </select>
	 
	 
	 <!-- 基础套餐订购趋势 -->
	 <select id="findTrendList" resultType="com.hvgroup.modules.bda.entity.BasePkgTrendEntity">
	 	select STATITICS_DATE as statiticsDate,sum(SMS_ADD_CNT_MON) as smsAddCntMon,
		sum(GPRS_ADD_CNT_MON) as gprsAddCntMon ,sum(VOICE_ADD_CNT_MON) as voiceAddCntMon from PRO_INDUSTRY_BASE_PKG_NEW_MON
		where 1=1 
		<if test="statiticsDateStart != null and statiticsDateStart != ''">
	 		and STATITICS_MONTH >= #{statiticsDateStart}
	 	</if>
	 	<if test="statiticsDateEnd != null and statiticsDateEnd != ''">
	 		and STATITICS_MONTH <![CDATA[<=]]> #{statiticsDateEnd}
	 	</if>
	 	<if test="industryId != null and industryId != ''">
	 		and INDUSTRY_ID = #{industryId}
	 	</if>
	 	<if test="platformType != null and platformType != ''">
	 		and PLATFORM_TYPE = #{platformType}
	 	</if>
		group by STATITICS_DATE
	 </select>
	
</mapper>