<?xml version="1.0" encoding="UTF-8" ?>
<!DOCTYPE mapper PUBLIC "-//mybatis.org//DTD Mapper 3.0//EN" "http://mybatis.org/dtd/mybatis-3-mapper.dtd">
<mapper namespace="com.hvgroup.modules.fraud.dao.FraudNumberDao">

	<insert id="insertList" parameterType="java.util.List" useGeneratedKeys="false">
		MERGE INTO FRAUD_NUMBER FN
		USING(SELECT * FROM
		(SELECT ROW_NUMBER() OVER(PARTITION BY startNumber,endNumber,areaCode,areaName ORDER BY id) AS rw,
		id,startNumber,endNumber,areaCode,areaName,createLoginName,modifyLoginName FROM
				(
					<foreach collection="list" item="item" separator="UNION ALL">
						SELECT 
						#{item.id} as id,
						#{item.startNumber} as startNumber,
						#{item.endNumber} as endNumber,
						#{item.areaCode} as areaCode,
						#{item.areaName} as areaName,
						#{item.createLoginName} as createLoginName,
						#{item.modifyLoginName} as modifyLoginName
						FROM DUAL
					</foreach>
				)
			) WHERE rw = 1)	T
		ON	(FN.START_NUMBER=T.startNumber AND FN.END_NUMBER=T.endNumber AND FN.AREA_CODE=T.areaCode AND FN.AREA_NAME=T.areaName)
		WHEN MATCHED THEN
		UPDATE SET FN.MODIFY_LOGIN_NAME=T.modifyLoginName,FN.MODIFY_DATE=SYSDATE
		WHEN NOT MATCHED THEN
		INSERT(ID,START_NUMBER,END_NUMBER,AREA_CODE,AREA_NAME,CREATE_LOGIN_NAME,MODIFY_LOGIN_NAME)
		VALUES(T.id,T.startNumber,T.endNumber,T.areaCode,T.areaName,T.createLoginName,T.modifyLoginName)
	</insert>
	
	<select id="findList" resultType="com.hvgroup.modules.fraud.entity.FraudNumber">
		SELECT ID,START_NUMBER,END_NUMBER,AREA_CODE,AREA_NAME,CREATE_LOGIN_NAME,MODIFY_LOGIN_NAME
		FROM FRAUD_NUMBER WHERE 1=1
		<if test="areaCode != null and areaCode != ''">
		AND AREA_CODE=#{areaCode}
		</if>
		<if test="startNumber != null and startNumber != ''">
		AND START_NUMBER=#{startNumber}
		</if>
		<if test="endNumber != null and endNumber != ''">
		AND END_NUMBER=#{endNumber}
		</if>
		ORDER BY CREATE_DATE DESC,START_NUMBER
	</select>
	
	<select id="isExists" resultType="Integer">
		SELECT COUNT(1) FROM FRAUD_NUMBER WHERE AREA_CODE=#{areaCode} AND START_NUMBER=#{startNumber} AND END_NUMBER=#{endNumber}
	</select>
	
	<select id="get" parameterType="java.lang.String" resultType="com.hvgroup.modules.fraud.entity.FraudNumber">
		SELECT ID,START_NUMBER,END_NUMBER,AREA_CODE,AREA_NAME,CREATE_LOGIN_NAME,MODIFY_LOGIN_NAME,CREATE_DATE,MODIFY_DATE
		FROM FRAUD_NUMBER WHERE ID=#{id}
	</select>
	
	<update id="update" parameterType="com.hvgroup.modules.fraud.entity.FraudNumber">
		UPDATE FRAUD_NUMBER SET AREA_CODE=#{areaCode},AREA_NAME=#{areaName},START_NUMBER=#{startNumber},END_NUMBER=#{endNumber} WHERE ID=#{id}
	</update>
	
	<delete id="delete" parameterType="com.hvgroup.modules.fraud.entity.FraudNumber">
		DELETE FROM FRAUD_NUMBER WHERE ID=#{id}
	</delete>

	<insert id="insert" parameterType="com.hvgroup.modules.fraud.entity.FraudNumber">
		INSERT INTO FRAUD_NUMBER(ID,START_NUMBER,END_NUMBER,AREA_CODE,AREA_NAME,CREATE_LOGIN_NAME,MODIFY_LOGIN_NAME)
		VALUES(#{id},#{startNumber},#{endNumber},#{areaCode},#{areaName},#{createLoginName},#{modifyLoginName})
	</insert>

	<select id="findAllCities" resultType="java.util.HashMap">
		SELECT AREA_CODE as AREACODE,AREA_NAME as AREANAME
		FROM DATA_REPORT_AREA WHERE AREA_CODE NOT IN ('SZQ','GD')
	</select>
	
	<select id="findAllFraudNumber" resultType="com.hvgroup.modules.fraud.entity.FraudNumber">
		SELECT ID as id,START_NUMBER as startNumber,END_NUMBER as endNumber
		FROM FRAUD_NUMBER
	</select>
</mapper>