<?xml version="1.0" encoding="UTF-8"?>

<!DOCTYPE sqlMap
 PUBLIC "-//ibatis.apache.org//DTD SQL Map 2.0//EN"
 "http://ibatis.apache.org/dtd/sql-map-2.dtd">
 
<sqlMap>
	
	
	
	<select id="queryIovCertificationList" resultClass="com.lenovo.iovpro.vo.certification.CertificationVo">
		<include refid="pageSqlStart" />
		SELECT * from (
			SELECT 
				C.EC_CODE AS ecCode,
				C.MSISDN AS msisdn,
				C.ICCID AS iccid,
				C.IOV_MSG AS iovMsg,
				MA.APN_NAME AS apnName,
				C.LIFE_CYCLE AS lifecycle,
				C.OPEN_TIME AS openTime,
				C.ACTIVATE_DATE AS activateDate,
				(case
			         when CR.REG_STATUS is not null then CR.REG_STATUS
			         when CR.REG_STATUS is null and exists(select 1 from REG_FAILED_INFO r where r.msisdn = C.Msisdn and r.reg_status in('1','3','5')) then '0'
			    end) regStatus,
				<!-- CR.REG_STATUS AS regStatus,
				CR.ERROR_MSG AS regErrorMsg,--> 
				to_char(CR.REG_DATE,'yyyy-MM-dd hh24:mi:ss') regDate, 
				CR.FLAG AS flag
			FROM <include refid="msisdnListByMainType"/> C
			<isNotEmpty prepend="" property="apnName">
					INNER JOIN 
			</isNotEmpty>
			<isEmpty prepend="" property="apnName">
					LEFT JOIN 
			</isEmpty>
			 (
				SELECT MSISDN,WM_CONCAT(TO_CHAR(APN_NAME)) AS APN_NAME FROM(
							SELECT t.MSISDN,t.APN_NAME
							FROM <include refid="findApnInfoByTablesIov" /> t 
							left join <include refid="msisdnListByMainType"/> d on d.msisdn = t.msisdn
							WHERE d.ec_code = #ecCode#
							GROUP BY t.MSISDN,t.APN_NAME
				) WHERE 1=1
				<isNotEmpty prepend="and" property="apnName">
					<!-- <isNotEqual compareValue="all" property="apnName"> -->
					APN_NAME = #apnName# GROUP BY MSISDN
					<!-- </isNotEqual>
					<isEqual compareValue="all" property="apnName">
					APN_NAME IS NOT NULL GROUP BY MSISDN
					</isEqual> -->
				</isNotEmpty>
				<isEmpty prepend="and" property="apnName">
					APN_NAME IS NOT NULL GROUP BY MSISDN
				</isEmpty>
			) MA ON C.MSISDN=MA.MSISDN
			LEFT JOIN CONTACT_REF CR ON C.MSISDN=CR.MSISDN
			WHERE C.EC_CODE=#ecCode#
			<isNotEmpty prepend="and" property="msisdnAndSoOn">
				(C.MSISDN = #msisdnAndSoOn# OR C.ICCID = #msisdnAndSoOn# OR C.IMSI = #msisdnAndSoOn# OR C.IMEI = #msisdnAndSoOn#)
			</isNotEmpty>
			<isNotEmpty prepend="and" property="iovMsg">
				C.IOV_MSG LIKE '%'||#iovMsg#||'%'
			</isNotEmpty>
			<isNotEmpty prepend="and" property="lifecycle">
				C.LIFE_CYCLE = #lifecycle#
			</isNotEmpty>
			<isNotEmpty prepend="and" property="flag">
				<isEqual compareValue="0" property="flag">CR.FLAG = '0'</isEqual>
				<isEqual compareValue="1" property="flag">CR.FLAG = '1'</isEqual>
				<isEqual compareValue="2" property="flag">CR.FLAG = '2'</isEqual>
				<isEqual compareValue="3" property="flag">CR.FLAG = '3'</isEqual>
				<isEqual compareValue="4" property="flag">CR.FLAG = '4'</isEqual>
				<isEqual compareValue="-1" property="flag">(CR.FLAG is null OR CR.FLAG not in('0','1','2','3','4'))</isEqual>
				<!-- CR.FLAG = #flag# -->
			</isNotEmpty>
		) where 1=1
		<isNotEmpty prepend="and" property="regStatus">
			<isEqual compareValue="0" property="regStatus">(regStatus = '0')</isEqual>
			<isEqual compareValue="1" property="regStatus">regStatus = '1'</isEqual>
			<isEqual compareValue="2" property="regStatus">(regStatus IS NULL)</isEqual>
		</isNotEmpty>
		<include refid="pageSqlEnd" />
	</select>
	
	<select id="queryIovCertificationCount" resultClass="java.lang.Long">
		SELECT COUNT(1) FROM (
			SELECT * from (
				SELECT 
					C.EC_CODE AS ecCode,
					C.MSISDN AS msisdn,
					C.IOV_MSG AS iovMsg,
					MA.APN_NAME AS apnName,
					C.LIFE_CYCLE AS lifecycle,
					C.OPEN_TIME AS openTime,
					C.ACTIVATE_DATE AS activateDate,
					(case
				         when CR.REG_STATUS is not null then CR.REG_STATUS
				         when CR.REG_STATUS is null and exists(select 1 from REG_FAILED_INFO r where r.msisdn = C.Msisdn and r.reg_status in('1','3','5')) then '0'
				    end) regStatus,
					<!-- CR.REG_STATUS AS regStatus,
					CR.ERROR_MSG AS regErrorMsg,--> 
					to_char(CR.REG_DATE,'yyyy-MM-dd hh24:mi:ss') regDate, 
					CR.FLAG AS flag
				FROM <include refid="msisdnListByMainType"/> C
				<isNotEmpty prepend="" property="apnName">
						INNER JOIN 
				</isNotEmpty>
				<isEmpty prepend="" property="apnName">
						LEFT JOIN 
				</isEmpty>
				 (
					SELECT MSISDN,WM_CONCAT(TO_CHAR(APN_NAME)) AS APN_NAME FROM(
								SELECT t.MSISDN,t.APN_NAME
								FROM <include refid="findApnInfoByTablesIov" /> t 
								left join <include refid="msisdnListByMainType"/> d on d.msisdn = t.msisdn
								WHERE d.ec_code = #ecCode#
								GROUP BY t.MSISDN,t.APN_NAME
					) WHERE 1=1
					<isNotEmpty prepend="and" property="apnName">
						<!-- <isNotEqual compareValue="all" property="apnName"> -->
						APN_NAME = #apnName# GROUP BY MSISDN
						<!-- </isNotEqual>
						<isEqual compareValue="all" property="apnName">
						APN_NAME IS NOT NULL GROUP BY MSISDN
						</isEqual> -->
					</isNotEmpty>
					<isEmpty prepend="and" property="apnName">
						APN_NAME IS NOT NULL GROUP BY MSISDN
					</isEmpty>
				) MA ON C.MSISDN=MA.MSISDN
				LEFT JOIN CONTACT_REF CR ON C.MSISDN=CR.MSISDN
				WHERE C.EC_CODE=#ecCode#
				<isNotEmpty prepend="and" property="msisdnAndSoOn">
					(C.MSISDN = #msisdnAndSoOn# OR C.ICCID = #msisdnAndSoOn# OR C.IMSI = #msisdnAndSoOn# OR C.IMEI = #msisdnAndSoOn#)
				</isNotEmpty>
				<isNotEmpty prepend="and" property="iovMsg">
					C.IOV_MSG LIKE '%'||#iovMsg#||'%'
				</isNotEmpty>
				<isNotEmpty prepend="and" property="lifecycle">
					C.LIFE_CYCLE = #lifecycle#
				</isNotEmpty>
				<isNotEmpty prepend="and" property="flag">
					<isEqual compareValue="0" property="flag">CR.FLAG = '0'</isEqual>
					<isEqual compareValue="1" property="flag">CR.FLAG = '1'</isEqual>
					<isEqual compareValue="2" property="flag">CR.FLAG = '2'</isEqual>
					<isEqual compareValue="3" property="flag">CR.FLAG = '3'</isEqual>
					<isEqual compareValue="4" property="flag">CR.FLAG = '4'</isEqual>
					<isEqual compareValue="-1" property="flag">(CR.FLAG is null OR CR.FLAG not in('0','1','2','3','4'))</isEqual>
					<!-- CR.FLAG = #flag# -->
				</isNotEmpty>
			) where 1=1
			<isNotEmpty prepend="and" property="regStatus">
				<isEqual compareValue="0" property="regStatus">(regStatus = '0')</isEqual>
				<isEqual compareValue="1" property="regStatus">regStatus = '1'</isEqual>
				<isEqual compareValue="2" property="regStatus">(regStatus IS NULL)</isEqual>
			</isNotEmpty>
		)
		
	</select>
	
	<select id="findCerInfos" resultClass="com.lenovo.iovpro.vo.certification.CertificationVo">
		select r.error_msg regErrorMsg,
               to_char(r.reg_date,'yyyy-MM-dd hh24:mi:ss') regDate 
        from REG_FAILED_INFO r 
        where r.msisdn = #msisdn#
        and r.reg_status in('1','3','5')
        order by r.reg_date desc
	</select>
	
	
</sqlMap>

