<?xml version="1.0" encoding="UTF-8" ?>
<!DOCTYPE mapper PUBLIC "-//mybatis.org//DTD Mapper 3.0//EN" "http://mybatis.org/dtd/mybatis-3-mapper.dtd">
<mapper namespace="com.hvgroup.modules.cardsepara.dao.MonitorResultDao">
	<sql id="pageSqlStart">
        <if test="pageInfo.pageNo != null and pageInfo.pageNo != ''">
        
        select * from
            (
             select a.*, rownum rn from 
                (
        </if>
    </sql>
    <!-- 分页SQL语句结尾语句 -->
    <sql id="pageSqlEnd">
        <if test="pageInfo.pageSize != null and pageInfo.pageSize !=''">
                ) a
             where rownum <![CDATA[<=]]> #{pageInfo.pageNo}*#{pageInfo.pageSize}
            )
        where rn > (#{pageInfo.pageNo}-1)*#{pageInfo.pageSize}
        </if>
    </sql>	
	<sql id="filterCondition">
		<if test="remarks != null and remarks != ''">
			and
			c.login_name = #{remarks}
			and 
			a.area_name is not null
		</if>
		<if test="ecCode != null and ecCode != ''">
			and t.EC_CODE = #{ecCode}
		</if>
		<if test="ecName != null and ecName != ''">
			and t.EC_NAME = #{ecName}
		</if>
		<if test="ruleConfig != null and ruleConfig != ''">
			and t.rule_config = #{ruleConfig}			
		</if>
		<if test="isLock != null and isLock != ''">
			and t.isLock in (2,3) and t.rule_config = '2'	
		</if>
		<if test="isRed != null and isRed != ''">
			and par.isRed = #{isRed}			
		</if>
		<if test="areaId != null and areaId != ''">
			and cus.area_id = #{areaId}
		</if>
		<if test="msisdn != null and msisdn != ''">
			and t.msisdn = #{msisdn}
		</if>
		<if test="separateType != null and separateType != ''">
			and t.SEPARATE_TYPE = #{separateType}
		</if>
		 <if test="ecNameOrCode != null and ecNameOrCode != ''">
			and
				(
					t.ec_name like '%' || #{ecNameOrCode} || '%'
				OR
					t.ec_Code like '%' || #{ecNameOrCode} || '%'
				  )
		</if>
		<if test="list != null and list.size > 1">
			and t.EC_CODE in
			<foreach item="item" index="index" collection="list" open="(" separator="union all" close=")">  
		         select #{item} from dual
		    </foreach>
		</if>				
		<if test="alarmType != null and alarmType != ''">
			and t.alarm_type = #{alarmType}			
		</if>
		<if test="isSeparate != null and isSeparate == '1'.toString()">
			and t.unit_value = 1		
		</if>
		<if test="isSeparate != null and isSeparate == '0'.toString()">
			and t.unit_value <![CDATA[ > ]]> 1		
		</if>
		<if test="startTime != null and startTime != ''">
			and t.separate_time <![CDATA[ >= ]]> to_date(#{startTime},'yyyy-MM-dd')
		</if>
		<if test="endTime != null and endTime != ''">
			<!-- and to_date(#{endTime},'yyyy-MM-dd') >= t.separate_time -->
			and t.separate_time <![CDATA[ <= ]]> to_date(#{endTime},'yyyy-MM-dd')+1
		</if>
	</sql>
	<select id="findList" resultType="com.hvgroup.modules.cardsepara.entity.MonitorResult" >
		select
		   t.id id,
		   t.ec_code ecCode,
		   t.ec_name ecName,
		   cus.area_id areaId,
		   a.area_name areaName,
		   t.msisdn msisdn,
		   t.alarm_type alarmType,
		   t.rule_config ruleConfig,
		   <!-- (case
	        	when t.rule_config = '2' then '停机'
	            else '告警'
	       end) ruleConfig, -->
		   t.imei_old IMEIOld,
		   t.imei_new IMEINew,
		   t.unit_value unitValue,
		   t.rule_type ruleType,
		   <!-- (case
	        	when t.rule_type = 'DAY' then '日'
		        when t.rule_type = 'WEEK' then '周'
		        when t.rule_type = 'MONTH' then '月'
	            when t.rule_type = 'NONE' then '无周期'
	            else ''
	       end) ruleType, -->
		   <!-- (case
	        	when (select user_type from M2M_PERSON where msisdn = t.msisdn and user_type='PN' and rownum = 1) = 'PN' then '专网专号卡'
	            else '行业卡'
	       end) userType, -->
		   t.separate_time separateTime,
		   t.SEPARATE_TYPE  separateType,
		  <!--  (case
	        	when t.separate_time = (select min(separate_time) from PRE_ALARM_DETAIL where msisdn = t.msisdn and alarm_type = #{alarmType} and rownum = 1) then '是'
	            else '否'
	       end) isSeparate, -->
		   p.relation relation,
		   t.isLock isLock,
		   par.isRed isRed,
		   par.red_date redDate
		from 
		<choose>
			<when test="createBy != null">
				(	SELECT pad.* FROM PRE_ALARM_DETAIL<if test='dbConnectionMode =="1" '>@IOTLINK_ST</if> pad LEFT JOIN CITY_USER_EC cuec ON pad.EC_CODE = cuec.EC_CODE
					WHERE cuec.LOGIN_NAME=#{createBy.loginName}
				) t			
			</when>
			<otherwise>
				PRE_ALARM_DETAIL<if test='dbConnectionMode =="1" '>@IOTLINK_ST</if> t
			</otherwise>
		</choose>
		left join ENTERPRISE_CUSTOMER cus on cus.ec_code = t.ec_code
		left join areas a on cus.area_id = a.area_id
		left join PRO_IMEI_MSISDN_RELATION p on t.msisdn = p.msisdn
		left join PRE_ALARM_RED par on par.msisdn = t.msisdn
		<if test="remarks != null and remarks != ''">
			right join CITY_USER_EC c on c.ec_code = t.ec_code
		</if>
		where 1=1  
		<include refid="filterCondition"/>
		order by t.separate_time desc
	</select>
	
	<!-- 明细列表记录数 -->
	<select id="findMonitorResultCount" resultType="java.lang.Integer">
		select count(1)
        from 
		<choose>
			<when test="createBy != null">
				(	SELECT pad.* FROM PRE_ALARM_DETAIL<if test='dbConnectionMode =="1" '>@IOTLINK_ST</if> pad LEFT JOIN CITY_USER_EC cuec ON pad.EC_CODE = cuec.EC_CODE
					WHERE cuec.LOGIN_NAME=#{createBy.loginName}
				) t			
			</when>
			<otherwise>
				PRE_ALARM_DETAIL<if test='dbConnectionMode =="1" '>@IOTLINK_ST</if> t
			</otherwise>
		</choose>
		left join ENTERPRISE_CUSTOMER cus on cus.ec_code = t.ec_code
		left join areas a on cus.area_id = a.area_id
		left join PRO_IMEI_MSISDN_RELATION p on t.msisdn = p.msisdn
		left join PRE_ALARM_RED par on par.msisdn = t.msisdn
		<if test="remarks != null and remarks != ''">
			right join CITY_USER_EC c on c.ec_code = t.ec_code
		</if>
		where 1=1  
		<include refid="filterCondition"/>
	</select>
	<select id="findMonitorResultList" resultType="com.hvgroup.modules.cardsepara.entity.MonitorResult">
		<include refid="pageSqlStart"/>
		select
		   t.id id,
		   t.ec_code ecCode,
		   t.ec_name ecName,
		   cus.area_id areaId,
		   a.area_name areaName,
		   t.msisdn msisdn,
		   t.alarm_type alarmType,
		   t.rule_config ruleConfig,
		   t.imei_old IMEIOld,
		   t.imei_new IMEINew,
		   t.unit_value unitValue,
		   t.rule_type ruleType,
		   t.separate_time separateTime,
		   t.SEPARATE_TYPE  separateType,
		   p.relation relation,
		   t.isLock isLock,
		   par.isRed isRed,
		   par.red_date redDate
		from 
		<choose>
			<when test="createBy != null">
				(	SELECT pad.* FROM PRE_ALARM_DETAIL<if test='dbConnectionMode =="1" '>@IOTLINK_ST</if> pad LEFT JOIN CITY_USER_EC cuec ON pad.EC_CODE = cuec.EC_CODE
					WHERE cuec.LOGIN_NAME=#{createBy.loginName}
				) t			
			</when>
			<otherwise>
				PRE_ALARM_DETAIL<if test='dbConnectionMode =="1" '>@IOTLINK_ST</if> t
			</otherwise>
		</choose>
		left join ENTERPRISE_CUSTOMER cus on cus.ec_code = t.ec_code
		left join areas a on cus.area_id = a.area_id
		left join PRO_IMEI_MSISDN_RELATION p on t.msisdn = p.msisdn
		left join PRE_ALARM_RED par on par.msisdn = t.msisdn
		<if test="remarks != null and remarks != ''">
			right join CITY_USER_EC c on c.ec_code = t.ec_code
		</if>
		where 1=1  
		<include refid="filterCondition"/>
		order by t.separate_time desc
		<include refid="pageSqlEnd"/>
	</select>
	
	<select id="findMsisdnCount" resultType="Integer">
		select count(1) from PRE_ALARM_DETAIL<if test='dbConnectionMode =="1" '>@IOTLINK_ST</if> d where d.msisdn = #{msisdn} and d.alarm_type = #{alarmType}
	</select>
	
	<select id="msisdnMinSeparaTime" resultType="Date">
		select min(separate_time) from PRE_ALARM_DETAIL<if test='dbConnectionMode =="1" '>@IOTLINK_ST</if> where msisdn = #{msisdn} and alarm_type = #{alarmType} and rownum = 1
	</select>
	
	<select id="findUserType" resultType="String">
		select user_type from (
      SELECT MSISDN,'机器卡' as user_type FROM MAC_CARD T WHERE STATE = 'ENABLED'
      UNION
      SELECT MSISDN,'9105卡' as user_type FROM CARD_9105 T WHERE STATE = 'ENABLED' 
      UNION
      SELECT MSISDN,'NB卡' as user_type FROM NB_CARD T WHERE STATE = 'ENABLED'
      UNION
      SELECT MSISDN,'物联卡' as user_type FROM IOV_CARD T WHERE STATE = 'ENABLED'
    ) where msisdn = #{msisdn} and rownum = 1
	</select>
	
	<select id="findIMEIPool" resultType="com.hvgroup.modules.cardsepara.entity.MonitorResult">
		select 
			  c.prefix_imei prefixIMEI,
		      c.segment_start segmentStart,
		      c.segment_end segmentEnd
		from 
			PRO_IMEI_MSISDN_RELATION p
		left join PRO_IMEI_SEGMENTS_CONFIG c on p.item_name = c.item_name 
		where p.msisdn= #{msisdn}
	</select>
	<select id="findMsisdnPoolName" resultType="String">
		select 
			c.msisdnpool_name msisdnPoolName
		from 
			PRO_IMEI_MSISDN_RELATION p
		left join PRO_IMEI_MSISDN_POOL c on p.msisdnpool_id = c.msisdnpool_id
		where p.msisdn= #{msisdn}
	</select>
	<select id="findIMEI" resultType="String">
		select 
			p.IMEI
		from 
			PRO_IMEI_MSISDN_RELATION p
		where p.msisdn= #{msisdn}
	</select>
	
	<select id="findEcCodeAndName" resultType="com.hvgroup.modules.cardsepara.entity.MonitorResult">
		select 
			ec_code ecCode,
			ec_name ecName
		from ENTERPRISE_CUSTOMER  
		where 1=1
		<if test="ecCode != null and ecCode != ''">
			and ec_code = #{ecCode}
		</if>
		<if test="ecNameOrCode != null and ecNameOrCode != ''">
			and
				(
					ec_name like '%' || #{ecNameOrCode} || '%'
				OR
					ec_Code like '%' || #{ecNameOrCode} || '%'
				) 
		</if>		
		
	</select>
	
	<select id="exportList" resultType="com.hvgroup.modules.cardsepara.entity.MonitorResult" >
		select
		   t.id id,
		   t.ec_code ecCode,
		   t.ec_name ecName,
		   cus.area_id areaId,
		   a.area_name areaName,
		   t.msisdn msisdn,
		   t.alarm_type alarmType,
		   t.rule_config ruleConfig,
		   <!-- (case
	        	when t.rule_config = '2' then '停机'
	            else '告警'
	       end) ruleConfig, -->
		   t.imei_old IMEIOld,
		   t.imei_new IMEINew,
		   t.unit_value unitValue,
		   t.rule_type ruleType,
		   <!-- (case
	        	when t.rule_type = 'DAY' then '日'
		        when t.rule_type = 'WEEK' then '周'
		        when t.rule_type = 'MONTH' then '月'
	            when t.rule_type = 'NONE' then '无周期'
	            else ''
	       end) ruleType, -->
		   <!-- (case
	        	when (select user_type from M2M_PERSON where msisdn = t.msisdn and user_type='PN' and rownum = 1) = 'PN' then '专网专号卡'
	            else '行业卡'
	       end) userType, -->
		   t.separate_time separateTime,
		   t.SEPARATE_TYPE separateType,
		   <!-- (case
	        	when t.separate_time = (select min(separate_time) from PRE_ALARM_DETAIL where msisdn = t.msisdn and alarm_type = #{alarmType} and rownum = 1) then '是'
	            else '否'
	       end) isSeparate, -->
		   p.relation relation,
		   t.isLock isLock,
		   par.isRed isRed,
		(case
		when m.user_type = 'PN' then
		'专网卡' else '行业卡'
		end) as userType,
		   par.red_date redDate
		from 
		<choose>
			<when test="createBy != null">
				(	SELECT pad.* FROM PRE_ALARM_DETAIL<if test='dbConnectionMode =="1" '>@IOTLINK_ST</if> pad LEFT JOIN CITY_USER_EC cuec ON pad.EC_CODE = cuec.EC_CODE
					WHERE cuec.LOGIN_NAME=#{createBy.loginName}
				) t			
			</when>
			<otherwise>
				PRE_ALARM_DETAIL<if test='dbConnectionMode =="1" '>@IOTLINK_ST</if> t
			</otherwise>
		</choose>
		left join ( select msisdn,max(user_type) user_type from (SELECT MSISDN, EC_CODE, '机器卡' as user_type
		FROM MAC_CARD T
		WHERE STATE = 'ENABLED'
		UNION
		SELECT MSISDN, EC_CODE, '9105卡' as user_type
		FROM CARD_9105 T
		WHERE STATE = 'ENABLED'
		UNION
		SELECT MSISDN, EC_CODE, 'NB卡' as user_type
		FROM NB_CARD T
		WHERE STATE = 'ENABLED'
		UNION
		SELECT MSISDN, EC_CODE, '物联卡' as user_type
		FROM IOV_CARD T
		WHERE STATE = 'ENABLED') group by msisdn) m
		on m.msisdn = t.msisdn
		left join ENTERPRISE_CUSTOMER cus on t.ec_code = cus.ec_code
		left join areas a on cus.area_id = a.area_id
		left join PRO_IMEI_MSISDN_RELATION p on t.msisdn = p.msisdn
		left join PRE_ALARM_RED par on par.msisdn = t.msisdn
		<if test="remarks != null and remarks != ''">
			right join CITY_USER_EC c on c.ec_code = t.ec_code
		</if>
		where 1=1  
		<if test="remarks != null and remarks != ''">
			and
			c.login_name = #{remarks}
			and 
			a.area_name is not null
		</if>
		<!--<if test="ecNameOrCode != null and ecNameOrCode != ''">
			and t.EC_CODE = #{ecNameOrCode}
		</if>-->
		<if test="ecNameOrCode != null and ecNameOrCode != ''">
		AND(
		t.EC_NAME LIKE '%'||#{ecNameOrCode}||'%'
		OR	t.EC_CODE LIKE '%'||#{ecNameOrCode}||'%'
		)
		</if>
		<if test="ruleConfig != null and ruleConfig != ''">
			and t.rule_config = #{ruleConfig}			
		</if>
		<if test="isLock != null and isLock != ''">
			and t.isLock in (2,3)			
		</if>
		<if test="isRed != null and isRed != ''">
			and par.isRed = #{isRed}			
		</if>
		<if test="areaId != null and areaId != ''">
			and cus.area_id = #{areaId}
		</if>
		<if test="msisdn != null and msisdn != ''">
			and t.msisdn = #{msisdn}
		</if>
		<if test="separateType != null and separateType != ''">
			and t.SEPARATE_TYPE = #{separateType}
		</if>
		<!-- <if test="ecNameOrCode != null and ecNameOrCode != ''">
			and
				(
					t.ec_name like '%' || #{ecNameOrCode} || '%'
				OR
					t.ec_Code like '%' || #{ecNameOrCode} || '%'
				  )
		</if> -->
		<if test="list != null and list.size > 1">
			and t.EC_CODE in
			<foreach item="item" index="index" collection="list" open="(" separator="union all" close=")">  
		        select #{item} from dual
		    </foreach>
		</if>				
		<if test="alarmType != null and alarmType != ''">
			and t.alarm_type = #{alarmType}			
		</if>
		<if test="isSeparate != null and isSeparate == '1'.toString()">
			and t.unit_value = 1		
		</if>
		<if test="isSeparate != null and isSeparate == '0'.toString()">
			and t.unit_value <![CDATA[ > ]]> 1		
		</if>
		<if test="startTime != null and startTime != ''">
			and t.separate_time <![CDATA[ >= ]]> to_date(#{startTime},'yyyy-MM-dd')
		</if>
		<if test="endTime != null and endTime != ''">
			<!-- and to_date(#{endTime},'yyyy-MM-dd') >= t.separate_time -->
			and t.separate_time <![CDATA[ <= ]]> to_date(#{endTime},'yyyy-MM-dd')+1
		</if>
		order by t.separate_time desc
	</select>
	
	<select id="exportListConstant" resultType="java.util.Map" >
		select
		   t.id id,
		   t.ec_code ecCode,
		   t.ec_name ecName,
		   cus.area_id areaId,
		   a.area_name areaName,
		   t.msisdn msisdn,
		   t.alarm_type alarmType,
		   t.rule_config ruleConfig,
		   <!-- (case
	        	when t.rule_config = '2' then '停机'
	            else '告警'
	       end) ruleConfig, -->
		   t.imei_old IMEIOld,
		   t.imei_new IMEINew,
		   t.unit_value unitValue,
		   t.rule_type ruleType,
		(case
		when m.user_type = 'PN' then
		'专网卡' else '行业卡'
		end) as userType,
		   <!-- (case
	        	when t.rule_type = 'DAY' then '日'
		        when t.rule_type = 'WEEK' then '周'
		        when t.rule_type = 'MONTH' then '月'
	            when t.rule_type = 'NONE' then '无周期'
	            else ''
	       end) ruleType, -->
		   <!-- (case
	        	when (select user_type from M2M_PERSON where msisdn = t.msisdn and user_type='PN' and rownum = 1) = 'PN' then '专网专号卡'
	            else '行业卡'
	       end) userType, -->
		   t.separate_time separateTime,
		   t.SEPARATE_TYPE  separateType,
		   
		  <!--  (case
	        	when t.separate_time = (select min(separate_time) from PRE_ALARM_DETAIL where msisdn = t.msisdn and alarm_type = #{alarmType} and rownum = 1) then '是'
	            else '否'
	       end) isSeparate, -->
		   p.relation relation,
		   t.isLock isLock,
		   par.isRed isRed,
		   par.red_date redDate
		from 
		<choose>
			<when test="createBy != null">
				(	SELECT pad.* FROM PRE_ALARM_DETAIL<if test='dbConnectionMode =="1" '>@IOTLINK_ST</if> pad LEFT JOIN CITY_USER_EC cuec ON pad.EC_CODE = cuec.EC_CODE
					WHERE cuec.LOGIN_NAME=#{createBy.loginName}
				) t			
			</when>
			<otherwise>
				PRE_ALARM_DETAIL<if test='dbConnectionMode =="1" '>@IOTLINK_ST</if> t
			</otherwise>
		</choose>
		left join ENTERPRISE_CUSTOMER cus on cus.ec_code = t.ec_code
		left join areas a on cus.area_id = a.area_id
		left join PRO_IMEI_MSISDN_RELATION p on t.msisdn = p.msisdn
		left join PRE_ALARM_RED par on par.msisdn = t.msisdn
		<if test="remarks != null and remarks != ''">
			right join CITY_USER_EC c on c.ec_code = t.ec_code
		</if>
		where 1=1  
		<if test="remarks != null and remarks != ''">
			and
			c.login_name = #{remarks}
			and 
			a.area_name is not null
		</if>
		<if test="ecCode != null and ecCode != ''">
			and t.EC_CODE = #{ecCode}
		</if>
		<if test="ruleConfig != null and ruleConfig != ''">
			and t.rule_config = #{ruleConfig}			
		</if>
		<if test="isLock != null and isLock != ''">
			and t.isLock in (2,3) and t.rule_config = '2'		
		</if>
		<if test="isRed != null and isRed != ''">
			and par.isRed = #{isRed}			
		</if>
		<if test="areaId != null and areaId != ''">
			and cus.area_id = #{areaId}
		</if>
		<if test="msisdn != null and msisdn != ''">
			and t.msisdn = #{msisdn}
		</if>
		<if test="separateType != null and separateType != ''">
			and t.SEPARATE_TYPE = #{separateType}
		</if>
		 <if test="ecNameOrCode != null and ecNameOrCode != ''">
			and
				(
					t.ec_name like '%' || #{ecNameOrCode} || '%'
				OR
					t.ec_Code like '%' || #{ecNameOrCode} || '%'
				  )
		</if>
		<if test="list != null and list.size > 1">
			and t.EC_CODE in
			<foreach item="item" index="index" collection="list" open="(" separator="union all" close=")">  
		           select #{item} from dual 
		    </foreach>
		</if>				
		<if test="alarmType != null and alarmType != ''">
			and t.alarm_type = #{alarmType}			
		</if>
		<if test="isSeparate != null and isSeparate == '1'.toString()">
			and t.unit_value = 1		
		</if>
		<if test="isSeparate != null and isSeparate == '0'.toString()">
			and t.unit_value <![CDATA[ > ]]> 1		
		</if>
		<if test="startTime != null and startTime != ''">
			and t.separate_time <![CDATA[ >= ]]> to_date(#{startTime},'yyyy-MM-dd')
		</if>
		<if test="endTime != null and endTime != ''">
			<!-- and to_date(#{endTime},'yyyy-MM-dd') >= t.separate_time -->
			and t.separate_time <![CDATA[ <= ]]> to_date(#{endTime},'yyyy-MM-dd')+1
		</if>
		order by t.separate_time desc
	</select>

	<select id="findAddData" resultType="com.hvgroup.modules.cardsepara.entity.MonitorResult" >
  SELECT ID AS id,
         msisdn  msisdn,
         ec_code  ecCode,
         IMEI_NEW as IMEINew,
         IMEI_OLD as IMEIOld,
         SEPARATE_TYPE as separateType
    from PRE_ALARM_DETAIL<if test='dbConnectionMode =="1" '>@IOTLINK_ST</if>
   where separate_type is null
	</select>
	
	<update id="insertAddData">
	update PRE_ALARM_DETAIL  set  SEPARATE_TYPE=#{separateType}   where ID=#{id}  OR  msisdn=#{msisdn}
	</update>
	
	<update id="updateMonitoringUnlocking">
		update
			pre_alarm_detail
		SET
           isLock = #{isLock}
		WHERE 1=1 
		<if test="ecCode != null and ecCode != ''">
           EC_CODE = #{ecCode}
        </if>
        and id in 
        <foreach item="item" index="index" collection="list" 
                 open="(" separator="union all" close=")">
                 select #{item} from dual
        </foreach>
	</update>
	
	<select id="queryRedList" resultType="com.hvgroup.modules.cardsepara.entity.MonitorResult" >
	  	select distinct par.msisdn,par.isRed,par.red_date,mp.USER_TYPE userType
	  		, ec.ec_name ecName, ec.ec_code ecCode ,a.AREA_NAME areaName
	  	from 
	  		PRE_ALARM_RED par
	  	LEFT JOIN (
      SELECT MSISDN,EC_CODE,'机器卡' as user_type FROM MAC_CARD WHERE STATE = 'ENABLED'
      UNION
      SELECT MSISDN,EC_CODE,'9105卡' as user_type FROM CARD_9105 WHERE STATE = 'ENABLED'
      UNION
      SELECT MSISDN,EC_CODE,'NB卡' as user_type FROM NB_CARD WHERE STATE = 'ENABLED'
      UNION
      SELECT MSISDN,EC_CODE,'物联卡' as user_type FROM IOV_CARD WHERE STATE = 'ENABLED'
    ) mp ON mp.msisdn = par.msisdn
	  	LEFT JOIN ENTERPRISE_CUSTOMER ec ON ec.EC_CODE = mp.EC_CODE
	  	LEFT JOIN AREAS a ON a.AREA_ID = ec.AREA_ID
	  	<if test="remarks != null and remarks != ''">
			right join CITY_USER_EC c on c.ec_code = ec.ec_code
		</if>
	  	where 1=1
	  	<if test="remarks != null and remarks != ''">
			and
			c.login_name = #{remarks}
			and 
			a.area_name is not null
		</if>
	  		and par.isRed in 
	  	 <foreach item="item" index="index" collection="list" 
                 open="(" separator="union all" close=")">
                 select #{item} from dual
        </foreach>
        <if test="msisdn != null and msisdn != ''">
           and par.msisdn like '%' || #{msisdn} || '%'
        </if>
        <if test="ecName != null and ecName != ''">
           and (ec.ec_name like '%' || #{ecName} || '%'
           or
           ec.ec_Code like '%' || #{ecName} || '%'
           )
        </if>
        <if test="areaId != null and areaId != ''">
			AND ec.area_id = #{areaId}
		</if>
	    order by par.red_date desc
	</select>
	
	<insert id="insertRed">
		insert into PRE_ALARM_RED(
			MSISDN,
			ISRED,
			RED_DATE,
			EC_CODE
		)
		values(
			#{msisdn},
			1,
			sysdate,
			#{ecCode}
		)
	</insert>
	
	<update id="updateRed">
		update
			PRE_ALARM_RED
		SET
           isRed = #{isRed},
           red_date = sysdate
		WHERE msisdn = #{msisdn} 
		<if test="ecCode != null and ecCode != ''">
           and ec_code = #{ecCode} 
        </if>
	</update>
	
	<delete id="delRed">
		delete from PRE_ALARM_RED 
		where msisdn = #{msisdn}
		<if test="ecCode != null and ecCode != ''">
           and ec_code = #{ecCode} 
        </if>
	</delete>
	
	<select id="findRedCount" resultType="Long">
		select count(1) 
		from PRE_ALARM_RED 
		where msisdn = #{msisdn}
	</select>

	<select id="queryAddRedList" resultType="com.hvgroup.modules.cardsepara.entity.MonitorResult" >
	  	select mp.msisdn msisdn,mp.LIFE_CYCLE ecName,TO_CHAR(
	  	mp.OPEN_TIME, 'YYYY-MM-DD HH24:MI:SS') areaName,mp.EC_CODE ecCode,mp.USER_TYPE userType
	  	from 
	  		(
      SELECT MSISDN,EC_CODE,OPEN_TIME,LIFE_CYCLE,'机器卡' as user_type FROM MAC_CARD WHERE STATE = 'ENABLED'
      UNION
      SELECT MSISDN,EC_CODE,OPEN_TIME,LIFE_CYCLE,'9105卡' as user_type FROM CARD_9105 WHERE STATE = 'ENABLED'
      UNION
      SELECT MSISDN,EC_CODE,OPEN_TIME,LIFE_CYCLE,'NB卡' as user_type FROM NB_CARD WHERE STATE = 'ENABLED'
      UNION
      SELECT MSISDN,EC_CODE,OPEN_TIME,LIFE_CYCLE,'物联卡' as user_type FROM IOV_CARD WHERE STATE = 'ENABLED'
    ) mp
	  	left join PRE_ALARM_RED par
	  	on mp.msisdn = par.msisdn
	  	where 1=1
	  	and mp.LIFE_CYCLE = 'NORMAL'
	  	and par.isred is null
	  	<if test="msisdn != null and msisdn != ''">
           and mp.msisdn like '%' || #{msisdn} || '%'
        </if>
        <if test="ecCode != null and ecCode != ''">
           and mp.EC_CODE = #{ecCode} 
        </if>
	  	<if test="list != null and list != ''">
	  		and mp.msisdn in 
		  	 <foreach item="item" index="index" collection="list" 
	                 open="(" separator="union" close=")">
	                  select #{item} from dual
	        </foreach>
	    </if>
	    and rownum <![CDATA[ <= ]]> 800
	    order by mp.msisdn
	</select>

	<update id="updateLock">
		update
			PRE_ALARM_DETAIL
		SET
           unit_value = '0'
		WHERE msisdn in
		<foreach item="item" index="index" collection="list" 
	                 open="(" separator="union" close=")">
	                  select #{item} from dual
	    </foreach>
	</update>
	
	<select id="getMsisdnById" resultType="com.hvgroup.modules.cardsepara.entity.MonitorResult" >
	  	select msisdn 
	  	from 
	  		PRE_ALARM_DETAIL<if test='dbConnectionMode =="1" '>@IOTLINK_ST</if>
	  	where 
	  		id in 
	  	 <foreach item="item" index="index" collection="list" 
                 open="(" separator="union" close=")">
                 select #{item} from dual
        </foreach>
	</select>
	
	<select id="queryAddRedListByEcCode" resultType="com.hvgroup.modules.cardsepara.entity.MonitorResult" >
	  	select mp.msisdn msisdn,mp.EC_CODE ecCode
	  	from 
	  		(
      SELECT MSISDN,EC_CODE,LIFE_CYCLE FROM MAC_CARD WHERE STATE = 'ENABLED'
      UNION
      SELECT MSISDN,EC_CODE,LIFE_CYCLE FROM CARD_9105 WHERE STATE = 'ENABLED'
      UNION
      SELECT MSISDN,EC_CODE,LIFE_CYCLE FROM NB_CARD WHERE STATE = 'ENABLED'
      UNION
      SELECT MSISDN,EC_CODE,LIFE_CYCLE FROM IOV_CARD WHERE STATE = 'ENABLED'
    ) mp
	  	left join PRE_ALARM_RED par
	  		on mp.msisdn = par.msisdn
	  	where 
		  	mp.LIFE_CYCLE = 'NORMAL'
		  	and par.isred is null
	        and mp.EC_CODE = #{ecCode} 
	</select>

	<delete id="deleteByEcCode">
		delete from PRE_ALARM_RED where
		EC_CODE = #{ecCode}
	</delete>

	<select id="notImeiList" resultType="com.hvgroup.modules.cardsepara.entity.MonitorResult" >
	  SELECT ec.ec_name ecName,ec.ec_code,pae.msisdn
	  	,pae.SEPARATETIME,<!-- m.user_type userType, -->
	  	a.area_name areaName
      from pre_alarm_emptyimei pae 
      <!-- left join m2m_person m on m.msisdn = pae.msisdn -->
      left join ENTERPRISE_CUSTOMER ec on ec.ec_code = pae.eccode
      left join AREAS a on a.area_id = ec.area_id
      <if test="remarks != null and remarks != ''">
			right join CITY_USER_EC c on c.ec_code = pae.eccode
	  </if>
	  where 1=1  
	  <if test="remarks != null and remarks != ''">
			and
			c.login_name = #{remarks}
			and 
			a.area_name is not null
	  </if>
      <if test="ecNameOrCode != null and ecNameOrCode != ''">
      	and (
				ec.ec_name like '%' || #{ecNameOrCode} || '%'
			OR
				ec.ec_Code like '%' || #{ecNameOrCode} || '%'
	      	
      	)
      </if>
      <if test="msisdn != null and msisdn != ''">
           and pae.msisdn like '%' || #{msisdn} || '%'
      </if>
      <if test="startTime != null and startTime != ''">
			and pae.SEPARATETIME <![CDATA[ >= ]]> to_date(#{startTime},'yyyy-MM-dd')
		</if>
		<if test="endTime != null and endTime != ''">
			<!-- and to_date(#{endTime},'yyyy-MM-dd') >= t.separate_time -->
			and pae.SEPARATETIME <![CDATA[ <= ]]> to_date(#{endTime},'yyyy-MM-dd')
		</if>
	  order by pae.SEPARATETIME desc
	</select>

	<select id="exportNotImeiList" resultType="java.util.Map" >
		 SELECT ec.ec_name ecName,ec.ec_code ecCode,pae.msisdn
	  	,pae.SEPARATETIME,
		(case
		when m.user_type = 'PN' then
		'专网卡' else '行业卡'
		end) as userType,a.area_name areaName
      from pre_alarm_emptyimei pae
      left join (
      SELECT MSISDN,EC_CODE,'机器卡' as user_type FROM MAC_CARD T WHERE STATE = 'ENABLED'
      UNION
      SELECT MSISDN,EC_CODE,'9105卡' as user_type FROM CARD_9105 T WHERE STATE = 'ENABLED'
      UNION
      SELECT MSISDN,EC_CODE,'NB卡' as user_type FROM NB_CARD T WHERE STATE = 'ENABLED'
      UNION
      SELECT MSISDN,EC_CODE,'物联卡' as user_type FROM IOV_CARD T WHERE STATE = 'ENABLED'
     ) m on m.msisdn = pae.msisdn

      left join ENTERPRISE_CUSTOMER ec on ec.ec_code = pae.ecCode
      left join AREAS a on a.area_id = ec.area_id
      where 1=1
      <if test="ecNameOrCode != null and ecNameOrCode != ''">
      	and (
				ec.ec_name like '%' || #{ecNameOrCode} || '%'
			OR
				ec.ec_Code like '%' || #{ecNameOrCode} || '%'
	      	
      	)
      </if>
      <if test="msisdn != null and msisdn != ''">
           and pae.msisdn like '%' || #{msisdn} || '%'
      </if>
      <if test="startTime != null and startTime != ''">
			and pae.SEPARATETIME <![CDATA[ >= ]]> to_date(#{startTime},'yyyy-MM-dd')
		</if>
		<if test="endTime != null and endTime != ''">
			<!-- and to_date(#{endTime},'yyyy-MM-dd') >= t.separate_time -->
			and pae.SEPARATETIME <![CDATA[ <= ]]> to_date(#{endTime},'yyyy-MM-dd')+1
		</if>
	  order by pae.SEPARATETIME desc
	</select>

</mapper>