<?xml version="1.0" encoding="UTF-8" ?>
<!DOCTYPE mapper PUBLIC "-//mybatis.org//DTD Mapper 3.0//EN" "http://mybatis.org/dtd/mybatis-3-mapper.dtd">
<mapper namespace="com.hvgroup.modules.prodConf.dao.MyLogForPkgDao">
	 <select id="findLis" parameterType="MyLogForPkg"  resultType="MyLogForPkg">
	    SELECT
	M.msisdn,M.trans_Id,M.package_Code,M.package_Name,M.start_Date,M.end_Date,M.order_time,M.create_date,M.subsprodid,M.oper_Type,M.flag
FROM
	(
		SELECT
			adc.MSISDN AS msisdn,
               adc.TRANS_ID AS trans_Id,
               adc.PACKAGE_CODE AS package_Code,
               ap.package_name as package_name,
               adc.BEGIN_DATE AS start_Date,
               adc.END_DATE AS end_Date,
               adc.ORDER_DATE AS order_time,
               adc.CREATE_DATE AS create_date,
               adc.ORDER_NUM AS subsprodid,
               adc.OPT_TYPE AS oper_Type,
			<if test="tableType == '9105' ">
			'SI905' AS flag
			</if>
			<if test="tableType == 'BOOS' ">
			'BOOS905' AS flag
			</if>
		FROM
		<if test="tableType == '9105' ">
			ADC_SI905COMBOTRACK
		</if>
		<if test="tableType == 'BOOS' ">
			ADC_BOSS905COMBOTRACK
		</if> adc 
		left join atomic_products ap on ap.package_code = adc.package_code
		WHERE 1=1
			<if test="msisdn != null and msisdn != ''">
               and adc.MSISDN =#{msisdn}
             </if>
			<if test="packageCode != null and packageCode != ''">
               and adc.PACKAGE_CODE =#{packageCode}
             </if>
		UNION
			SELECT
				adc.MSISDN AS msisdn,
               adc.TRANSID AS trans_Id,
               adc.PACKAGE_CODE AS package_Code,
               ap.package_name as package_name,
               adc.START_DATE AS start_Date,
               adc.END_DATE AS end_Date,
               adc.ORDER_TIME AS order_time,
               adc.CREATE_DATE AS create_date,
               adc.SUBSPRODID AS subsprodid,
               adc.OPER_TYPE AS oper_Type,
				<if test="tableType == '9105' ">
				'SI906' AS flag
				</if>
				<if test="tableType == 'BOOS' ">
				'BOOS906' AS flag
				</if>
			FROM
			<if test="tableType == '9105' ">
				ADC_SI906COMBOTRACK
			</if>
			<if test="tableType == 'BOOS' ">
				ADC_BOSS906COMBOTRACK
			</if> adc 
			left join atomic_products ap on ap.package_code = adc.package_code
			WHERE 1=1
			<if test="msisdn != null and msisdn != ''">
               and adc.MSISDN =#{msisdn}
             </if>
			<if test="packageCode != null and packageCode != ''">
               and adc.PACKAGE_CODE= #{packageCode}
             </if>
	) M
ORDER BY
	 M.order_time DESC  
    </select>
    
    
   
    
</mapper>