<?xml version="1.0" encoding="UTF-8" ?>
<!DOCTYPE mapper PUBLIC "-//mybatis.org//DTD Mapper 3.0//EN" "http://mybatis.org/dtd/mybatis-3-mapper.dtd">
<mapper namespace="com.hvgroup.modules.prodConf.dao.PrdrelationDao">
	    <select id="findList" resultType="Prdrelation">
	    		select 
				        a.VIRTUAL_GROUP_NAME		AS	virtualGroupName,
				        a.VIRTUAL_GROUP_CODE		AS	virtualGroupCode,
				        a.STATE             		AS	state,
				        a.REMARK            		AS	remark,
				        a.IS_EXCLUSION      		AS	isExclusion
				from virtual_group a
				where 1=1
				<if test="virtualGroupName != null and virtualGroupName !=''">
		           and a.VIRTUAL_GROUP_NAME like '%'||#{virtualGroupName}||'%'
		        </if>
		         <if test="virtualGroupCode != null and virtualGroupCode !=''">
		           and a.VIRTUAL_GROUP_CODE like '%'||#{virtualGroupCode}||'%'
		        </if>
		        <if test="isExclusion != null and isExclusion != '' and isExclusion != 0 and isExclusion != '0'">
		           and a.IS_EXCLUSION = #{isExclusion}
		        </if> 
		        <if test="state != null and state != '' ">
		           and a.STATE = #{state}
		        </if> 
        		order by  a.VIRTUAL_GROUP_CODE 
    </select>
    
     <!-- 查询产品组内的产品-->
    <select id="getProds" resultType="String">
		  select a.prods from 
	           (select s.*,(select PACKAGE_NAME from ATOMIC_PRODUCTS where PACKAGE_CODE = s.PACKAGE_CODE) as prods 
	            from VIRTUAL_SERVICE_GROUP s 
	            )a
	      where 1=1
	      <if test="virtualGroupCode != null and virtualGroupCode != '' ">
	          and a.VIRTUAL_GROUP_CODE = #{virtualGroupCode}
	      </if>
    </select>
    
    
    <!-- 更新生效状态 -->
    <update id="updateState">
    	UPDATE virtual_group SET 
    		STATE = #{state}
    	WHERE 
    		VIRTUAL_GROUP_CODE = #{virtualGroupCode}	
    </update>
     <!--  根据virtualGroupCode删除产品组 -->
    <delete id="deleteGroup">
    	DELETE FROM
    		virtual_group
    	WHERE
    		VIRTUAL_GROUP_CODE = #{virtualGroupCode}	
    </delete>
    <!--  根据virtualGroupCode删除产品组与原子产品关系 -->
    <delete id="delServiceGroup">
    	DELETE FROM
    		VIRTUAL_SERVICE_GROUP
    	WHERE
    		VIRTUAL_GROUP_CODE = #{virtualGroupCode}	
    </delete>
    <!-- 导出功能 -->
    <select id="exportGroup" resultType="Prdrelation">
		   select 
			        a.VIRTUAL_GROUP_NAME		AS	virtualGroupName,
			        a.VIRTUAL_GROUP_CODE		AS	virtualGroupCode,
			        (case when a.state = 'ENABLED'
			       		 then '生效'
			       		 else '失效'
			        end)as state,
			        a.REMARK            		AS	remark,
			        (case when a.IS_EXCLUSION = 1
			       		 then '是'
			       		 else '否'
			         end)as exclusion,
			        (
					  select replace(wm_concat(to_char(name)),',','、') name from 
					   (select s.*,(select PACKAGE_NAME from ATOMIC_PRODUCTS where PACKAGE_CODE = s.PACKAGE_CODE) as name 
					   from VIRTUAL_SERVICE_GROUP s 
					   )
					  where VIRTUAL_GROUP_CODE = a.VIRTUAL_GROUP_CODE
					) prods
			from virtual_group a
			where 1=1
			<if test="virtualGroupName != null and virtualGroupName !=''">
	           and a.VIRTUAL_GROUP_NAME like '%'||#{virtualGroupName}||'%'
	        </if>
	         <if test="virtualGroupCode != null and virtualGroupCode !=''">
	           and a.VIRTUAL_GROUP_CODE like '%'||#{virtualGroupCode}||'%'
	        </if>
	        <if test="isExclusion != null and isExclusion != '' and isExclusion != 0 and isExclusion != '0'">
	           and a.IS_EXCLUSION = #{isExclusion}
	        </if> 
	        <if test="state != null and state != '' ">
	           and a.STATE = #{state}
	        </if> 
		   order by  a.VIRTUAL_GROUP_CODE        
    </select>
    
    <!-- 详情-组内产品 -->
    <select id="findPre" resultType="Prdrelation">
    	select s.PACKAGE_CODE	as packageCode,
    		   (select PACKAGE_NAME from ATOMIC_PRODUCTS where PACKAGE_CODE = s.PACKAGE_CODE) packageName
    	from VIRTUAL_SERVICE_GROUP s
    	where 1=1
    	 <if test="virtualGroupCode != null and virtualGroupCode !=''">
               and s.VIRTUAL_GROUP_CODE = #{virtualGroupCode}
            </if>
    </select>
    <!-- 详情 -->
    <select id="findPkgByGroupCode" resultType="Prdrelation">   
         select 
		        a.VIRTUAL_GROUP_NAME		AS	virtualGroupName,
		        a.VIRTUAL_GROUP_CODE		AS	virtualGroupCode,
		        a.STATE             		AS	state,
		        a.REMARK            		AS	remark,
		        a.IS_EXCLUSION      		AS	isExclusion       
        from  virtual_group a
        where VIRTUAL_GROUP_CODE = #{virtualGroupCode}
    </select>
    <!-- 剩下的原子产品 -->
    <select id="findProdByAtomic" resultType="Prdrelation">   
         select 
		        a.PACKAGE_CODE  AS packageCode,
		        a.PACKAGE_NAME  AS packageName 
		from ATOMIC_PRODUCTS a 
		where a.PACKAGE_CODE not in (select s.PACKAGE_CODE from VIRTUAL_SERVICE_GROUP s)
		<if test="pkgSearch != null and pkgSearch !=''">
           and (a.PACKAGE_CODE like '%'||#{pkgSearch}||'%'
           	   or a.PACKAGE_NAME like '%'||#{pkgSearch}||'%')
        </if>
		
    </select>
    <!--  校验 -->
    <select id="checkGroup" resultType="Long"> 
    	select 
		        count(VIRTUAL_GROUP_CODE)
		from virtual_group where VIRTUAL_GROUP_CODE = #{virtualGroupCode}
    	
    </select>
    <!-- 组内产品 -->
    <insert id="insertToServiceGroup">
    	INSERT INTO VIRTUAL_SERVICE_GROUP(
    		VIRTUAL_GROUP_CODE,
    		PACKAGE_CODE,
    		STATE
    	)VALUES(
    		#{virtualGroupCode},
    		#{packageCode},
    		#{state}
    	)
    </insert>
	<!-- 组内产品 -->
    <insert id="insertToServiceGroup2">
    	INSERT INTO VIRTUAL_SERVICE_GROUP(
    		VIRTUAL_GROUP_CODE,
    		PACKAGE_CODE,
    		STATE
    	)VALUES(
    		#{virtualGroupCode},
    		#{packageCode},
    		#{state}
    	)
    </insert>
    
    <select id="findGroupAddOptionalDatas" resultType="Prdrelation">
        select 
          package_code,
          package_name 
        from atomic_products ap 
        where not exists (select 1 from virtual_service_group where package_code=ap.package_code) 
        <if test="pkgSearch != null">
            AND (package_code like '%'||#{pkgSearch}||'%' or package_name like '%'||#{pkgSearch}||'%')
        </if>
    </select>
    
    <select id="findVm" resultType="Prdrelation">
    	SELECT
			A .*
		FROM
			GROUP_REL A,
			VIRTUAL_GROUP b
		WHERE
			A .FROM_CODE = b.VIRTUAL_GROUP_CODE
		AND b.VIRTUAL_GROUP_CODE = #{virtualGroupCode}
    </select>
    
    <select id="findRelList" resultType="Prdrelation">
    	SELECT
			virtual_group_code,
			virtual_group_name
		FROM
			virtual_group ap
		WHERE
			virtual_group_code = (
				SELECT
					to_code
				FROM
					group_rel
				WHERE
					1 = 1
				AND from_code = #{virtualGroupCode}
			)
    </select>
    
    <select id="findNotRel" resultType="Prdrelation">
    	SELECT
			virtual_group_code,
			virtual_group_name
		FROM
			virtual_group ap
		WHERE
			virtual_group_code NOT IN (
				SELECT
					to_code
				FROM
					group_rel
				WHERE
					1 = 1
				AND from_code = #{virtualGroupCode}
			)
		AND virtual_group_code != #{virtualGroupCode}
    </select>
    
    <insert id="insertGroup">
    	INSERT INTO VIRTUAL_GROUP(
    		VIRTUAL_GROUP_CODE,
    		IS_EXCLUSION,
    		VIRTUAL_GROUP_NAME,
    		STATE,
    		REMARK
    	)VALUES(
    		#{virtualGroupCode},
    		#{isExclusion},
    		#{virtualGroupName},
    		#{state},
    		#{remark}
    	)
    </insert><insert id="insertGroup2">
    	INSERT INTO VIRTUAL_GROUP(
    		VIRTUAL_GROUP_CODE,
    		IS_EXCLUSION,
    		VIRTUAL_GROUP_NAME,
    		STATE,
    		REMARK
    	)VALUES(
    		#{virtualGroupCode},
    		#{isExclusion},
    		#{virtualGroupName},
    		#{state},
    		#{remark}
    	)
    </insert>
    
    <update id="updateGroup">
    	UPDATE virtual_group SET 
    		
    		IS_EXCLUSION = #{isExclusion},
    		VIRTUAL_GROUP_NAME = #{virtualGroupName},
    		STATE = #{state},
    		REMARK = #{remark}
    	WHERE 
    		VIRTUAL_GROUP_CODE = #{virtualGroupCode}	
    </update>
    
    <insert id="insertRelay">
    	INSERT INTO GROUP_REL(
    		FROM_CODE,
    		TO_CODE,
    		STATE,
    		RELATION,
    		CODE_TYPE,
    		REMARK
    	)VALUES(
    		#{fromCode},
    		#{toCode},
    		#{state},
    		#{relation},
    		#{codeType},
    		#{remark}
    	)
    	
    </insert>
    <update id="update">
    		UPDATE GROUP_REL SET 
    			FROM_CODE = #{fromCode},
    			TO_CODE = #{toCode},
    			STATE = #{state},
    			RELATION = #{relation},
    			CODE_TYPE =#{codeType}
    		where 
    			FROM_CODE = #{fromCode}	
    </update>
    <!-- 查询依赖关系列表 -->
    <select id="findRelayList" resultType="GroupRel">
	    	
			select  a.fromCode,a.relation,a.state,a.fromName,a.remark,
			        (
			          select replace(wm_concat(to_char(name)),',','、') name from 
			           (select s.*,(select VIRTUAL_GROUP_NAME from virtual_group where VIRTUAL_GROUP_CODE = s.TO_CODE) as name 
			           	from GROUP_REL s where 1=1
				           	<if test="stateType != null and stateType !=''">
					            AND s.RELATION = #{stateType} 
					        </if>
			           	)
			          where FROM_CODE = a.fromCode
			        ) prods
			from 
			(
			        select 
			                REMARK	    AS	remark,
			                FROM_CODE   AS  fromCode,  	
			                STATE       AS	state,   
			                RELATION    AS	relation,
			                (select VIRTUAL_GROUP_NAME from virtual_group where VIRTUAL_GROUP_CODE = FROM_CODE)fromName
			        from GROUP_REL where RELATION in ('depend') 
			)a
			where 1=1
			<if test="fromName != null and fromName !=''">
	            AND fromName like '%'||#{fromName}||'%'
	        </if>
	        <if test="fromCode != null and fromCode !=''">
	            AND fromCode like '%'||#{fromCode}||'%'
	        </if>
	        <if test="state != null and state !=''">
	            AND state = #{state}
	        </if>
			group by fromCode,relation,state,fromName,remark 
        	order by fromCode 
    </select>
    <!-- 查询互斥关系列表 -->
    <select id="findMutexList" resultType="GroupRel">
	    	
			select  a.fromCode,a.relation,a.state,a.fromName,a.remark,
			        (
			          select replace(wm_concat(to_char(name)),',','、') name from 
			           (select s.*,(select VIRTUAL_GROUP_NAME from virtual_group where VIRTUAL_GROUP_CODE = s.TO_CODE) as name 
			           from GROUP_REL s where 1=1
			           	<if test="stateType != null and stateType !=''">
				            AND s.RELATION = #{stateType} 
				        </if>
			           )
			          where FROM_CODE = a.fromCode and STATE = a.state
			        ) as  prods,
			        replace(wm_concat(to_char(toCode)),',','、') as prodCodes
			from 
			(
			        select 
			                REMARK	    AS	remark,
			                FROM_CODE   AS  fromCode, 
			                TO_CODE		AS	toCode, 	
			                STATE       AS	state,   
			                RELATION    AS	relation,
			                (select VIRTUAL_GROUP_NAME from virtual_group where VIRTUAL_GROUP_CODE = FROM_CODE)fromName
			        from GROUP_REL where RELATION in ('exclusion') 
			)a
			where 1=1
			<if test="fromName != null and fromName !=''">
	            AND fromName like '%'||#{fromName}||'%'
	        </if>
	        <if test="fromCode != null and fromCode !=''">
	            AND fromCode like '%'||#{fromCode}||'%'
	        </if>
	        <if test="state != null and state !=''">
	            AND state = #{state}
	        </if>
			group by fromCode,relation,state,fromName,remark 
        	order by fromCode 
    </select>
    
    <!-- 更新生效状态 -->
    <update id="updateRelState">
    	UPDATE GROUP_REL SET 
    		STATE = #{state}
    	WHERE 
    		FROM_CODE = #{fromCode}	
    		AND RELATION = #{stateType}
   		<if test="toCode != null and toCode !=''">
           AND TO_CODE = #{toCode}
        </if>
    </update>
    <!--  校验 -->
    <select id="checkRelay" resultType="Long"> 
    	select 
		        count(FROM_CODE)
		from GROUP_REL where FROM_CODE = #{fromCode} and RELATION = #{relation}
    	
    </select>
    <!--  根据toCode删除产品组 -->
    <delete id="deleteRelGroup">
    	DELETE FROM
    		GROUP_REL
    	WHERE
    		FROM_CODE = #{fromCode}	
    		AND RELATION = #{relation}
    	<if test="toCode != null and toCode !=''">
            AND TO_CODE = #{toCode}
        </if>
    </delete>
    <!-- 导出依赖关系列表 -->
    <select id="exportRel" resultType="GroupRel">
			select  a.fromCode,a.fromName,a.remark,
					(case when a.state = 'ENABLED'
						  then '生效'
						  else '失效'
					end)as state,
					(case when a.relation = 'depend'
						  then '依赖'
						  else '互斥'
					end)as relation,
			        (
			          select replace(wm_concat(to_char(name)),',','、') name from 
			           (select s.*,(select VIRTUAL_GROUP_NAME from virtual_group where VIRTUAL_GROUP_CODE = s.TO_CODE) as name 
			           	from GROUP_REL s where 1=1
			           	<if test="stateType != null and stateType !=''">
				            AND s.RELATION = #{stateType} 
				        </if>
				        )
			          where FROM_CODE = a.fromCode
			        )as prods
			from 
			(
			        select 
			                REMARK	    AS	remark, 
			                FROM_CODE	AS	fromCode, 
			                STATE       AS	state,   
			                RELATION    AS	relation,
			                (select VIRTUAL_GROUP_NAME from virtual_group where VIRTUAL_GROUP_CODE = FROM_CODE)fromName
			        from GROUP_REL where 1=1
				        <if test="stateType != null and stateType !=''">
				            AND RELATION = #{stateType} 
				        </if>
			        
			)a
			where 1=1
			<if test="fromName != null and fromName !=''">
	            AND fromName like '%'||#{fromName}||'%'
	        </if>
	        <if test="fromCode != null and fromCode !=''">
	            AND fromCode like '%'||#{fromCode}||'%'
	        </if>
	        <if test="state != null and state !=''">
	            AND state = #{state}
	        </if>
			group by fromCode,relation,state,fromName,remark 
        	order by fromCode 
    </select>
    
    <!-- 导出互斥关系列表 -->
    <select id="exportMutex" resultType="GroupRel">
    		
    		
    		select  a.fromCode,a.fromName,a.remark,
    				(case when a.state = 'ENABLED'
						  then '生效'
						  else '失效'
					end)as state,
					(case when a.relation = 'depend'
						  then '依赖'
						  else '互斥'
					end)as relation,
			        (
			          select replace(wm_concat(to_char(name)),',','、') name from 
			           (select s.*,(select VIRTUAL_GROUP_NAME from virtual_group where VIRTUAL_GROUP_CODE = s.TO_CODE) as name 
			           from GROUP_REL s where 1=1
			           	<if test="stateType != null and stateType !=''">
				            AND s.RELATION = #{stateType} 
				        </if>
			           )
			          where FROM_CODE = a.fromCode and STATE = a.state
			        ) as  prods,
			        replace(wm_concat(to_char(toCode)),',','、') as prodCodes
			from 
			(
			        select 
			                REMARK	    AS	remark,
			                FROM_CODE   AS  fromCode, 
			                TO_CODE		AS	toCode, 	
			                STATE       AS	state,   
			                RELATION    AS	relation,
			                (select VIRTUAL_GROUP_NAME from virtual_group where VIRTUAL_GROUP_CODE = FROM_CODE)fromName
			        from GROUP_REL where RELATION in ('exclusion') 
			)a
			where 1=1
			<if test="fromName != null and fromName !=''">
	            AND fromName like '%'||#{fromName}||'%'
	        </if>
	        <if test="fromCode != null and fromCode !=''">
	            AND fromCode like '%'||#{fromCode}||'%'
	        </if>
	        <if test="state != null and state !=''">
	            AND state = #{state}
	        </if>
			group by fromCode,relation,state,fromName,remark 
        	order by fromCode 
    </select>
    
    
    <!-- 查询关系详情 -->
    <select id="findRelayView" resultType="GroupRel">
	    	select distinct
			        FROM_CODE		as fromCode,
			        STATE		as state,
			        RELATION	as relation,
			        REMARK		as remark,
			        (select VIRTUAL_GROUP_NAME from virtual_group where VIRTUAL_GROUP_CODE = FROM_CODE)fromName
			from GROUP_REL 
			where FROM_CODE = #{fromCode}
			AND RELATION = #{stateType}
    </select>
    <!-- 查询关联的产品组信息 -->
    <select id="findRelayOfGroup" resultType="Prdrelation">
	    	select 
			        VIRTUAL_GROUP_CODE	as virtualGroupCode,
			        VIRTUAL_GROUP_NAME	as virtualGroupName
			from virtual_group 
			where VIRTUAL_GROUP_CODE in (select TO_CODE from GROUP_REL where FROM_CODE = #{fromCode} AND RELATION = #{stateType})
    </select>
    <!-- 查询没关联的产品组信息,互斥是双向的 -->
    <select id="findRelayOfGroupNot" resultType="Prdrelation">
	    	select 
			        VIRTUAL_GROUP_CODE	as virtualGroupCode,
			        VIRTUAL_GROUP_NAME	as virtualGroupName
			from virtual_group 
			where 1=1
			<if test="fromCode != null and fromCode !=''">
	            AND VIRTUAL_GROUP_CODE not in (select TO_CODE from GROUP_REL where FROM_CODE = #{fromCode})
				AND VIRTUAL_GROUP_CODE not in (select FROM_CODE from GROUP_REL where TO_CODE = #{fromCode})
				AND VIRTUAL_GROUP_CODE not in #{fromCode}
	        </if>
			
			<if test="groupSeach != null and groupSeach !=''">
	            AND (VIRTUAL_GROUP_CODE like '%'||#{groupSeach}||'%' 
	            	 OR VIRTUAL_GROUP_NAME like '%'||#{groupSeach}||'%' )
	        </if>
    </select>
    
    <!-- 查询没关联的产品组信息 -->
    <select id="fromCodeChoose" resultType="Prdrelation">
	    	select 
			        VIRTUAL_GROUP_CODE	as virtualGroupCode,
			        VIRTUAL_GROUP_NAME	as virtualGroupName
			from virtual_group 
			where VIRTUAL_GROUP_CODE not in 
				(select FROM_CODE from GROUP_REL where RELATION = #{stateType})
			<if test="fromSearch != null and fromSearch !=''">
	            AND (VIRTUAL_GROUP_CODE like '%'||#{fromSearch}||'%' 
	            	 OR VIRTUAL_GROUP_NAME like '%'||#{fromSearch}||'%' )
	        </if>
    </select>
    
    
     <!-- 查询fromCode原本对应互斥关系的toCode，用于修改更新互斥关系 -->
    <select id="findToCodeByFromCode" resultType="String">
	    	select TO_CODE from group_rel where from_code = #{fromCode} and relation = 'exclusion'
    </select>
</mapper>