<?xml version="1.0" encoding="UTF-8" ?>
<!DOCTYPE mapper PUBLIC "-//mybatis.org//DTD Mapper 3.0//EN" "http://mybatis.org/dtd/mybatis-3-mapper.dtd">
<mapper namespace="com.hvgroup.modules.prodConf.dao.WhiteListRoleDao">

	<sql id="WHITE_LIST_ROLEInfo">
		ROLE_ID,ROLE_NAME,ROLE_DES,USE_STATE,CREATE_TIME,MODIFY_TIME
	</sql>
	
	<sql id="pageSqlStart">
		<if test="pageInfo.pageNo != null and pageInfo.pageNo != ''">

			select * from
			(
			select temp_a.*, rownum rn from
			(
		</if>
	</sql>
	<!-- 分页SQL语句结尾语句 -->
	<sql id="pageSqlEnd">
		<if test="pageInfo.pageSize != null and pageInfo.pageSize != ''">
			) temp_a
			where rownum <![CDATA[<=]]>
			#{pageInfo.pageNo}*#{pageInfo.pageSize}
			)
			where rn >
			(#{pageInfo.pageNo}-1)*#{pageInfo.pageSize}
		</if>
	</sql>

	<!-- API角色配置列表 -->
	<select id="findList" resultType="com.hvgroup.modules.prodConf.entity.WhiteListRole">
		select
		<include refid="WHITE_LIST_ROLEInfo" />
		from WHITE_LIST_ROLE abr where 1=1
		<if test="roleName != null and roleName != ''">
			AND abr.role_name LIKE '%'||#{roleName}||'%'
		</if>
		order by abr.modify_time desc
	</select>

	<!-- 查找api方法，ztree树结构 -->
	<select id="findRoleMethodList" resultType="com.hvgroup.modules.apiconf.entity.ApiAbility">
		select METHOD method,
		METHODNAME methodName,
		GROUPCODE groupCode,
		GROUPNAME groupName
		from WHITE_RODE_NAME 
	</select>

	<!-- 保存API黑名单角色表 -->
	<insert id="saveBlacklistRole">
		insert into WHITE_LIST_ROLE
		(ROLE_ID,ROLE_NAME,ROLE_DES,USE_STATE,CREATE_TIME,MODIFY_TIME) values(
		#{roleId},
		#{roleName},
		#{roleDes},
		#{useState},
		#{createTime},
		#{modifyTime}
		)
	</insert>
	<!-- 保存API黑名单角色权限表 -->
	<insert id="saveBlacklistRoleMethod">
		insert into WHITE_LIST_ROLE_METHOD(ROLE_ID,METHOD)
		values( #{roleId},
		#{method})
	</insert>

	<!-- 找出该角色拥有的API方法权限 -->
	<select id="findTickMethodList"
		resultType="com.hvgroup.modules.prodConf.entity.WhiteListRole">
		select * from WHITE_LIST_ROLE_METHOD  where role_id=#{roleId}

	</select>
	<!-- 删除API黑名单角色权限表 -->
	<delete id="delBlacklistRoleMethod">
		delete from WHITE_LIST_ROLE_METHOD where
		role_id=#{roleId}
	</delete>

	<!-- 删除黑名单角色表 -->
	<delete id="delApiBlacklistRole">
		delete from WHITE_LIST_ROLE where
		role_id=#{roleId}
	</delete>

	<!-- 删除API黑名单角色号码表 -->
	<delete id="delApiBlacklistRoleMsisdn">
		delete from WHITE_LIST_ROLE_MSISDN where
		role_id=#{roleId}
		<if test="msisdn != null and msisdn != ''">
			and msisdn=#{msisdn}
		</if>
	</delete>

	<!-- 更新API黑名单角色表 -->
	<update id="updateBlacklistRole">
		update WHITE_LIST_ROLE set
		<if test="roleName != null and roleName != ''">
			role_name=#{roleName},
		</if>
		<if test="roleDes != null and roleDes != ''">
			role_des=#{roleDes},
		</if>
		<if test="useState != null and useState != ''">
			use_state=#{useState},
		</if>
		<if test="modifyTime != null and modifyTime != ''">
			modify_time=#{modifyTime}
		</if>
		where role_id=#{roleId}
	</update>

	<!-- 查出该角色下面的所有号码，以及集团等信息 -->
	<select id="findPageMsisdnConfig"
		resultType="com.hvgroup.modules.prodConf.entity.WhiteListRole">
		SELECT brm.*,m2m.ec_code,en.ec_name,ar.area_name
		FROM
		WHITE_LIST_ROLE_MSISDN brm
		left join m2m_person m2m on brm.msisdn =
		m2m.msisdn
		left join ENTERPRISE_CUSTOMER en on m2m.ec_code=en.ec_code
		left join areas ar on en.area_id=ar.area_id
		where 1=1
		<if test="roleId != null and roleId != ''">
			and brm.role_id =#{roleId}
		</if>
		<if test="ecCode != null and ecCode != ''">
			and m2m.ec_code LIKE '%'||#{ecCode}||'%'
		</if>
		<if test="ecName != null and ecName != ''">
			and en.ec_name LIKE '%'||#{ecName}||'%'
		</if>
		<if test="msisdn != null and msisdn != ''">
			and brm.msisdn LIKE '%'||#{msisdn}||'%'
		</if>
		order by brm.create_time desc
	</select>



	<!-- 查出所有号码，以及集团等信息 -->
	<select id="msisdnConfigSaveShow"
		resultType="com.hvgroup.modules.prodConf.entity.WhiteListRole">
		<include refid="pageSqlStart" />
		SELECT m2m.ec_code,m2m.msisdn,en.ec_name,ar.area_name
		from m2m_person m2m
		left join ENTERPRISE_CUSTOMER en on m2m.ec_code=en.ec_code
		left join areas ar on en.area_id=ar.area_id
		where m2m.state='ENABLED'
		<if test="ecCode != null and ecCode != ''">
			and m2m.ec_code LIKE '%'||#{ecCode}||'%'
		</if>
		<if test="ecName != null and ecName != ''">
			and en.ec_name LIKE '%'||#{ecName}||'%'
		</if>
		 <if test="msisdnList != '' and msisdnList != null">  
           and m2m.msisdn  in
            <foreach item="item" index="index" collection="msisdnList" open="("  
                separator="," close=")">  
                #{item}  
            </foreach>  
        </if> 
        <include refid="pageSqlEnd" /> 
	</select>
	
	<!-- public int msisdnConfigCount(ApiBlackListRoleEntity entity); -->
	
	<select id="msisdnConfigCount" resultType="java.lang.Integer">
		SELECT count(1)
		from m2m_person m2m
		left join ENTERPRISE_CUSTOMER en on m2m.ec_code=en.ec_code
		left join areas ar on en.area_id=ar.area_id
		where m2m.state='ENABLED'
		<if test="ecCode != null and ecCode != ''">
			and m2m.ec_code LIKE '%'||#{ecCode}||'%'
		</if>
		<if test="ecName != null and ecName != ''">
			and en.ec_name LIKE '%'||#{ecName}||'%'
		</if>
		 <if test="msisdnList != '' and msisdnList != null">  
           and m2m.msisdn  in
            <foreach item="item" index="index" collection="msisdnList" open="("  
                separator="," close=")">  
                #{item}  
            </foreach>  
        </if> 
	</select>

	<!-- 保存API黑名单角色号码表 -->
	<insert id="msisdnConfigSave">
		insert into WHITE_LIST_ROLE_MSISDN
		(ROLE_ID,MSISDN,USE_STATE,CREATE_TIME) values(
		#{roleId},
		#{msisdn},
		#{useState},
		#{createTime}
		)
	</insert>

<select id="checkMsisdn"  resultType="int"> 
select count(1) from WHITE_LIST_ROLE_MSISDN where msisdn=#{msisdn}

</select>
</mapper>