<?xml version="1.0" encoding="UTF-8"?>

<!DOCTYPE sqlMap
 PUBLIC "-//ibatis.apache.org//DTD SQL Map 2.0//EN"
 "http://ibatis.apache.org/dtd/sql-map-2.dtd">

<sqlMap>

	<!-- 海外卡-企业账单查询 -->
	<select id="queryEcAbroadCardPaymentList" resultClass="com.lenovo.intlpro.entity.account.EcAbroadCardPaymentVo" resultSetType="SCROLL_INSENSITIVE">
		 SELECT SUM(BILL_MONEY) as billMoney,BILL_CYCLE as billCycle
		 FROM CM_OISIM_BILL c
		 where exists (select 1 from CM_OISIM cm where cm.type in ('0','1') and c.CUST_CODE = cm.CUSTCODE)
		<isNotEmpty prepend="and" property="startTime">
           to_date(c.BILL_CYCLE,'yyyy-mm') <![CDATA[>= ]]> to_date(#startTime#,'yyyy-mm') 
        </isNotEmpty>
        <isNotEmpty prepend="and" property="endTime">
           to_date(c.BILL_CYCLE,'yyyy-mm') <![CDATA[<= ]]> to_date(#endTime#,'yyyy-mm')
        </isNotEmpty>
        GROUP BY BILL_CYCLE
        HAVING 1=1
        <isNotEmpty prepend="and" property="feeStart">
			to_number(SUM(BILL_MONEY)) <![CDATA[>= ]]>  to_number(#feeStart#)
		</isNotEmpty>
		<isNotEmpty prepend="and" property="feeEnd">
			to_number(SUM(BILL_MONEY)) <![CDATA[<= ]]>  to_number(#feeEnd#)
		</isNotEmpty>
	</select>
	
	<!-- 海外卡-成员账单查询 -->
	<select id="queryAbroadCardPaymentList" resultClass="com.lenovo.intlpro.entity.account.AbroadCardPaymentVo" resultSetType="SCROLL_INSENSITIVE">
		select c.ID         as id,
		       c.SUBSID          as subsId,
		       c.CUST_ID           as custId ,
		       c.CUST_CODE as custCode,
		       c.ICCID as iccid,
		       c.IMSI as imsi,
		       c.MSISDN as msisdn,
		       c.BILL_NUMBER      as billNumber,
		       c.BILL_CYCLE      as billCycle,
		       c.BILL_TYPE         as billType,
		       c.ACCOUNT_CODE         as accountCode,
		       c.ACCOUNT_NAME         as accountName,
		       c.BILL_MONEY         as billMoney
		  from CM_OISIM_BILL c
		 where exists (select 1 from CM_OISIM cm where cm.type in ('0','1') and c.CUST_CODE = cm.CUSTCODE)
		 <isNotEmpty prepend="and" property="feeStart">
				to_number(c.BILL_MONEY) <![CDATA[>= ]]>  to_number(#feeStart#)
		</isNotEmpty>
		<isNotEmpty prepend="and" property="feeEnd">
				to_number(c.BILL_MONEY) <![CDATA[<= ]]>  to_number(#feeEnd#)
		</isNotEmpty>
		<isNotEmpty prepend="and" property="startTime">
           to_date(c.BILL_CYCLE,'yyyy-mm') <![CDATA[>= ]]> to_date(#startTime#,'yyyy-mm') 
        </isNotEmpty>
        <isNotEmpty prepend="and" property="endTime">
           to_date(c.BILL_CYCLE,'yyyy-mm') <![CDATA[<= ]]> to_date(#endTime#,'yyyy-mm')
        </isNotEmpty>
	</select>
	
	<select id="queryAbroadCardPaymentListByPage" resultClass="com.lenovo.intlpro.entity.account.AbroadCardPaymentVo" resultSetType="SCROLL_INSENSITIVE">
		<include refid="pageSqlStart"/>
		select c.ID         as id,
		       c.SUBSID          as subsId,
		       c.CUST_ID           as custId ,
		       c.CUST_CODE as custCode,
		       c.ICCID as iccid,
		       c.IMSI as imsi,
		       c.MSISDN as msisdn,
		       c.BILL_NUMBER      as billNumber,
		       c.BILL_CYCLE      as billCycle,
		       c.BILL_TYPE         as billType,
		       c.ACCOUNT_CODE         as accountCode,
		       c.ACCOUNT_NAME         as accountName,
		       c.BILL_MONEY         as billMoney
		  from CM_OISIM_BILL c
		 where exists (select 1 from CM_OISIM cm where cm.type in ('0','1') and c.CUST_CODE = cm.CUSTCODE)
		 <isNotEmpty prepend="and" property="feeStart">
				to_number(c.BILL_MONEY) <![CDATA[>= ]]>  to_number(#feeStart#)
		</isNotEmpty>
		<isNotEmpty prepend="and" property="feeEnd">
				to_number(c.BILL_MONEY) <![CDATA[<= ]]>  to_number(#feeEnd#)
		</isNotEmpty>
		<isNotEmpty prepend="and" property="startTime">
           to_date(c.BILL_CYCLE,'yyyy-mm') <![CDATA[>= ]]> to_date(#startTime#,'yyyy-mm') 
        </isNotEmpty>
        <isNotEmpty prepend="and" property="endTime">
           to_date(c.BILL_CYCLE,'yyyy-mm') <![CDATA[<= ]]> to_date(#endTime#,'yyyy-mm')
        </isNotEmpty>
        <include refid="pageSqlEnd"/>
	</select>
	
	<select id="queryAbroadCardPaymentListCount" resultClass="java.lang.Long" resultSetType="SCROLL_INSENSITIVE">
		select count(ID)
		  from CM_OISIM_BILL c
		 where exists (select 1 from CM_OISIM cm where cm.type in ('0','1') and c.CUST_CODE = cm.CUSTCODE) 
		 <isNotEmpty prepend="and" property="feeStart">
				to_number(c.BILL_MONEY) <![CDATA[>= ]]>  to_number(#feeStart#)
		</isNotEmpty>
		<isNotEmpty prepend="and" property="feeEnd">
				to_number(c.BILL_MONEY) <![CDATA[<= ]]>  to_number(#feeEnd#)
		</isNotEmpty>
		<isNotEmpty prepend="and" property="startTime">
           to_date(c.BILL_CYCLE,'yyyy-mm') <![CDATA[>= ]]> to_date(#startTime#,'yyyy-mm') 
        </isNotEmpty>
        <isNotEmpty prepend="and" property="endTime">
           to_date(c.BILL_CYCLE,'yyyy-mm') <![CDATA[<= ]]> to_date(#endTime#,'yyyy-mm')
        </isNotEmpty>
	</select>
	
	<!-- 海外卡-企业账单详情查询 -->
	<select id="queryEcAbroadCardPaymentDetail" resultClass="com.lenovo.intlpro.entity.account.AbroadCardPaymentVo" resultSetType="SCROLL_INSENSITIVE">
		select c.ID         as id,
		       c.SUBSID          as subsId,
		       c.CUST_ID           as custId,
		       c.CUST_CODE as custCode,
		       c.ICCID as iccid,
		       c.IMSI as imsi,
		       c.MSISDN as msisdn,
		       c.BILL_NUMBER      as billNumber,
		       c.BILL_CYCLE      as billCycle,
		       c.BILL_TYPE         as billType,
		       c.ACCOUNT_CODE         as accountCode,
		       c.ACCOUNT_NAME         as accountName,
		       c.BILL_MONEY         as billMoney
		  from CM_OISIM_BILL c
		 where c.BILL_CYCLE = #startTime#
		 and exists (select 1 from CM_OISIM cm where cm.type in ('0','1') and c.CUST_CODE = cm.CUSTCODE)
	</select>
	 
 </sqlMap>