<?xml version="1.0" encoding="UTF-8"?>
<!DOCTYPE mapper PUBLIC "-//mybatis.org//DTD Mapper 3.0//EN" "http://mybatis.org/dtd/mybatis-3-mapper.dtd">
<mapper namespace="com.hvgroup.modules.operation.dao.FaultCheckDao">
	
	<sql id="ALLMAINPRO">
		SELECT MSISDN,EC_CODE,IMEI,ICCID,IMSI,RUN_CODE,OPEN_TIME, AREA_CODE FROM MAC_CARD WHERE STATE = 'ENABLED'
		UNION
		SELECT MSISDN,EC_CODE,IMEI,ICCID,IMSI,RUN_CODE,OPEN_TIME, AREA_CODE FROM CARD_9105 WHERE STATE = 'ENABLED'
		UNION
		SELECT MSISDN,EC_CODE,IMEI,ICCID,IMSI,RUN_CODE,OPEN_TIME, AREA_CODE FROM NB_CARD WHERE STATE = 'ENABLED'
		UNION
		SELECT MSISDN,EC_CODE,IMEI,ICCID,IMSI,RUN_CODE,OPEN_TIME, AREA_CODE FROM IOV_CARD WHERE STATE = 'ENABLED'
	</sql>
	
	<sql id="PKG_ATOMIC_PROINFO">
		SELECT MPP.MSISDN AS MSISDN, MPP.APN_NAME AS APN_NAME, 
		AP.PACKAGE_CODE AS PACKAGE_CODE, AP.PACKAGE_NAME AS PACKAGE_NAME
		FROM MAC_PRI_PKG MPP , ATOMIC_PRODUCTS AP 
			WHERE MPP.PACKAGE_CODE = AP.PACKAGE_CODE 
			AND MPP.STATE = 'ENABLED' AND AP.STATE = 'ENABLED' 
		UNION
		SELECT PP9.MSISDN AS MSISDN, PP9.APN_NAME AS APN_NAME, 
		AP.PACKAGE_CODE AS PACKAGE_CODE, AP.PACKAGE_NAME AS PACKAGE_NAME
		FROM PRI_PKG_9105 PP9 , ATOMIC_PRODUCTS AP 
			WHERE PP9.PACKAGE_CODE = AP.PACKAGE_CODE 
			AND PP9.STATE = 'ENABLED' AND AP.STATE = 'ENABLED'
		UNION
		SELECT NPP.MSISDN AS MSISDN, NPP.APN_NAME AS APN_NAME, 
		AP.PACKAGE_CODE AS PACKAGE_CODE, AP.PACKAGE_NAME AS PACKAGE_NAME
		FROM NB_PRI_PKG NPP , ATOMIC_PRODUCTS AP 
			WHERE NPP.PACKAGE_CODE = AP.PACKAGE_CODE 
			AND NPP.STATE = 'ENABLED' AND AP.STATE = 'ENABLED'
		UNION
		SELECT IPP.MSISDN AS MSISDN, IPP.APN_NAME AS APN_NAME, 
		AP.PACKAGE_CODE AS PACKAGE_CODE, AP.PACKAGE_NAME AS PACKAGE_NAME
		FROM IOV_PRI_PKG IPP , ATOMIC_PRODUCTS AP 
			WHERE IPP.PACKAGE_CODE = AP.PACKAGE_CODE 
			AND IPP.STATE = 'ENABLED' AND AP.STATE = 'ENABLED'
	</sql>
	
	<sql id="PKGPROINFO">
		SELECT MSISDN,EC_CODE,PACKAGE_CODE,ORDER_DATE,START_DATE,END_DATE,STATE
		FROM MAC_PRI_PKG
		UNION 
		SELECT MSISDN,EC_CODE,PACKAGE_CODE,ORDER_DATE,START_DATE,END_DATE,STATE
		FROM PRI_PKG_9105
		UNION 
		SELECT MSISDN,EC_CODE,PACKAGE_CODE,ORDER_DATE,START_DATE,END_DATE,STATE
		FROM NB_PRI_PKG
		UNION 
		SELECT MSISDN,EC_CODE,PACKAGE_CODE,ORDER_DATE,START_DATE,END_DATE,STATE 
		FROM IOV_PRI_PKG
	</sql>
	
	<!-- IMEI,ICCID,IMSI查询 -->
	<select id="findUserBaseInfoByIII"
			resultType="com.hvgroup.modules.operation.entity.TroubleCheck">
		SELECT M.MSISDN, M.IMSI imsi, M.IMEI imei,E.EC_NAME ecName, M.EC_CODE ecCode,
       M.ICCID iccid, M.RUN_CODE runCode,a.area_name areaName     
	  FROM (<include refid="ALLMAINPRO"/>) M 
	  LEFT JOIN ENTERPRISE_CUSTOMER E ON  E.EC_CODE = M.EC_CODE	
	  left join AREAS a on E.area_id = a.area_id 
		 WHERE (M.IMEI = #{msisdn} or M.ICCID = #{msisdn} or M.IMSI = #{msisdn})
	 <!--   AND M.STATE = 'ENABLED'  -->
	  <if test="areaId != null and areaId != ''">
			AND E.area_id = #{areaId}
	  </if>
	</select>
	
	<!-- IMEI,ICCID,IMSI查询集团编号 -->
	<select id="findEcCodeByIII" resultType="java.lang.String">
		<!-- SELECT  M.EC_CODE ecCode
	  	FROM M2M_PERSON M  
		WHERE (M.IMEI = #{msisdn} or M.ICCID = #{msisdn} or M.IMSI = #{msisdn})
	    AND M.STATE = 'ENABLED' 
	    and rownum = 1 -->
	    SELECT  M.EC_CODE ecCode
	  	FROM (<include refid="ALLMAINPRO"/>) M  
		WHERE (M.IMEI = #{msisdn} or M.ICCID = #{msisdn} or M.IMSI = #{msisdn})
	    and rownum = 1
	</select>
	<!-- 通过号码查询集团编号 -->
	<select id="findEcCodeByMsisdn" resultType="java.lang.String">
		<!-- SELECT  M.EC_CODE ecCode
	  	FROM M2M_PERSON M  
		WHERE M.MSISDN = #{msisdn}
	    AND M.STATE = 'ENABLED' 
	    and rownum = 1 -->
	    SELECT  M.EC_CODE ecCode
	  	FROM (<include refid="ALLMAINPRO"/>) M  
		WHERE M.MSISDN = #{msisdn}
	    and rownum = 1
	</select>
	
	
	
	<!-- MSISDN查询 -->
	<select id="findUserBaseInfo"
			resultType="com.hvgroup.modules.operation.entity.TroubleCheck">
		SELECT M.IMSI imsi, M.IMEI imei, M.MSISDN,
       	to_char(M.open_time,'yyyy-mm-dd hh24:mi') openTime,
       E.EC_NAME ecName, M.EC_CODE ecCode,
       M.ICCID iccid,M.RUN_CODE runCode,a.area_name areaName           
	  FROM (<include refid="ALLMAINPRO"/>) M 
	  LEFT JOIN ENTERPRISE_CUSTOMER E ON E.EC_CODE = M.EC_CODE	 
	  left join AREAS a on M.Area_Code = a.area_code 
	  WHERE M.MSISDN = #{msisdn} 
	  <!-- AND M.STATE = 'ENABLED' --> 
	  <if test="areaId != null and areaId != ''">
			AND E.area_id = #{areaId}
	  </if>
	</select>
	<!-- MSISDN查询 -->
	<select id="findUserBaseInfo1"
			resultType="com.hvgroup.modules.operation.entity.TroubleCheck">
		SELECT
		M.MSISDN,
		to_char(M.change_time, 'yyyy-mm-dd hh24:mi') openTime,
		E.EC_NAME ecName,
		M.EC_CODE ecCode,
		M.RUN_CODE  runCode,
		a.area_name areaName
		FROM M2M_CANCEL_HIS_DATA M
		LEFT JOIN ENTERPRISE_CUSTOMER E
		ON E.EC_CODE = M.EC_CODE
		LEFT JOIN AREAS a
		ON M.Area_Code = a.area_code
		WHERE change_time =
		(select max(t.change_time)
		from M2M_CANCEL_HIS_DATA t
		where t.MSISDN = #{msisdn})
		and M.MSISDN =#{msisdn}
		<if test="areaId != null and areaId != ''">
			AND E.area_id = #{areaId}
		</if>
	</select>
	
	<select id="findApnIDAndProd"
			resultType="com.hvgroup.modules.operation.entity.TroubleCheck">
		select wm_concat(distinct to_char(sub.apn_id)) bossApnId,wm_concat(distinct to_char(sub.apn_name)) bossApnName,wm_concat(distinct to_char(sub.PRODUCT_NAME)) productNmae
		FROM (
       <!-- select m2.msisdn,
             m2.package_code product_code,
             m2.package_name PRODUCT_NAME,
             decode(mi.user_type,'PN',m2.apn_name,(select ps.apn_id from prod_serv ps where ps.product_code=m2.product_code)) apn_id,
             decode(m2.apn_name,null,(select ps.apn_name from prod_serv ps where ps.product_code=m2.product_code),m2.apn_name)  apn_name
        from m2m_grpmem m2,M2M_PERSON mi
       where m2.msisdn = mi.msisdn
         and m2.state = 'ENABLED'
         and mi.state = 'ENABLED'
         and mi.MSISDN = #{msisdn}
      union 
          select mp.msisdn,
             mp.package_code product_code,
             mp.package_name PRODUCT_NAME,
             mp.apn_name      apn_id,  per_member_info只保存专网专号的卡，而专网专号apnId=apnName，查询产品信息APN_ID ;and mi.state = 'ENABLED'
             mp.apn_name apn_name
        from M2M_PER_PKG mp, per_member_info mi
       where mp.msisdn = mi.msisdn
         and mp.state = 'ENABLED'
            and mp.apn_name is not null
             and mi.MSISDN = #{msisdn} -->
             select m2.msisdn,
             m2.package_code product_code,
             m2.package_name PRODUCT_NAME,
             m2.apn_name  apn_id,
             m2.apn_name apn_name
	        from (<include refid="PKG_ATOMIC_PROINFO"/>) m2,(<include refid="ALLMAINPRO"/>) mi
	       where m2.msisdn = mi.msisdn
				and m2.apn_name is not null
				and mi.MSISDN = #{msisdn}
         )sub
	
	</select>
	
	<select id="getCardType" resultType="java.lang.String">
	 <!-- select decode(user_type,'-1','9105','','9105',user_type) user_type from m2m_person mp where mp.msisdn = #{msisdn}
	 union -->
	 select 'PN' user_type from per_member_info pmi where pmi.msisdn= #{msisdn}	
	</select>
	
	<!-- 通过集团编码和产品编码获取产品订购时间 -->
    <select id="findEcProductInfoChecking" resultType="java.util.HashMap">
		 select distinct ep.ec_code,
	       ep.product_code,
	       to_char(ep.order_time, 'yyyy-MM-dd HH:mi') order_time,
	       to_char(ep.open_time, 'yyyy-MM-dd HH:mi') open_time,
	       ep.state
		  from ec_prod ep
		 where ep.ec_code = #{ecCode} and ep.product_code = #{proCode}
	</select>
	
	<!-- 通过号码和套餐和套餐编码获取套餐订购时间 -->
    <select id="findMsisdnPkgInfoChecking" resultType="java.util.HashMap">
			select mg.msisdn,
		       mg.ec_code,
		       mg.package_code,
		       to_char(mg.order_date, 'yyyy-MM-dd HH:mi') order_date,
		       to_char(mg.start_date, 'yyyy-MM-dd HH:mi') start_date,
		       to_char(mg.end_date, 'yyyy-MM-dd HH:mi') end_date,
		       mg.state
		  from (<include refid="PKGPROINFO"/>) mg
		 where mg.msisdn = #{msisdn}
		   and mg.package_code = #{pkgCode}
		<!-- union
		  select mp.msisdn,
		         '' ec_code,
		         mp.package_code,
		         to_char(mp.order_date, 'yyyy-MM-dd HH:mi') order_date,
		      	 to_char(mp.start_date, 'yyyy-MM-dd HH:mi') start_date,
		         to_char(mp.end_date, 'yyyy-MM-dd HH:mi') end_date,
		         mp.state
		    from m2m_per_pkg mp
		   where mp.msisdn =  #{msisdn}
		     and mp.package_code = #{pkgCode} -->
	</select>
	
	
	<!-- 查询专网专号 -->
	<select id="selectPNMsisdn" resultType="java.lang.Integer">
	  select sum(sub.count_) from (
			select count(1) count_ from M2M_PERSON where  (user_type='PN' or length(msisdn)=13) and msisdn=#{msisdn}
			union all
			select count(1) count_ from per_member_info where length(msisdn)=13 and msisdn=#{msisdn}
		)sub
	</select>
	
	<!-- 查询历史月流量  过去六个月 -->
	<select id="getBeforeMonth" resultType="java.lang.String">
		select to_char(add_months(sysdate,-level+1), 'yyyyMM') months from dual CONNECT BY LEVEL <![CDATA[<=]]> 6
	</select>
	
	<!-- 查询号码的运营模式和实名结果 -->
	<select id="getMsisdnInfo" resultType="com.hvgroup.modules.operation.entity.FaultCheck">
		select flag,
		       TO_CHAR(nvl(change_time,create_time),'yyyy-mm-dd hh24:mm:ss') changeTime,
		       reg_status regStatus,
		       TO_CHAR(reg_date,'yyyy-mm-dd hh24:mm:ss') regDate
		from CONTACT_REF d 
		where msisdn = #{msisdn}
	</select>
	
	<!-- 查询号码的实名失败原因 -->
	<select id="getErrorMsg" resultType="com.hvgroup.modules.operation.entity.FaultCheck">
		select t.error_msg errorMsg,TO_CHAR(t.reg_date,'yyyy-mm-dd hh24:mm:ss') regDate from REG_FAILED_INFO t
		where t.msisdn = #{msisdn} and t.reg_status in ('1','3','5')
		order by t.create_time desc
	</select>
	
	<select id="findShutdownReason" resultType="com.hvgroup.modules.operation.entity.TroubleCheck">
		select msisdn,
		       (case
		         when stop_type = '1' then
		          '用户主动申请停机'
		         when stop_type = '2' then
		          'APN级停机'
		         when stop_type = '3' then
		          '语音级停机'
		         when stop_type = '4' then
		          'servID级别停机'
		         when stop_type = '5' then
		          '机卡分离停机'
		         when stop_type = '6' then
		          '高危敏感停机'
		         when stop_type = '7' then
		          '用户区域限制强制停机'
		         when stop_type = '8' then
		          '用户级流量达量停机'
		         when stop_type = '9' then
		          '管理停机'
		         else
		          '-'
		       end) as stopType,
		       <!-- data_source as source, -->
		       create_date as createDate
		  from NUM_STOP_LOCK where msisdn = #{msisdn}
	</select>
	
</mapper>