<?xml version="1.0" encoding="UTF-8" ?>
<!DOCTYPE mapper
        PUBLIC "-//mybatis.org//DTD Mapper 3.0//EN"
        "http://mybatis.org/dtd/mybatis-3-mapper.dtd">

<mapper namespace="CardInfoMapper">
	<resultMap type="com.openapi3.entity.po.CardInfoPo" id="ResultMap">
		<!-- <result column="CARD_TYPE" jdbcType="VARCHAR" property="cardType"/> -->
		<result column="MSISDN" jdbcType="VARCHAR" property="msisdn"/>
		<result column="EC_CODE" jdbcType="VARCHAR" property="ecCode"/>
		<result column="PRODUCT_CODE" jdbcType="VARCHAR" property="productCode"/>
		<result column="AREA_CODE" jdbcType="VARCHAR" property="areaCode"/>
		<result column="USER_BRAND" jdbcType="VARCHAR" property="userBrand"/>
		<result column="OPEN_TIME" jdbcType="DATE" property="openTime"/>
		<result column="RUN_CODE" jdbcType="VARCHAR" property="runCode"/>
		<result column="RUN_CODE_TIME" jdbcType="DATE" property="runCodeTime"/>
		<result column="STATE" jdbcType="VARCHAR" property="state"/>
		<result column="STATE_TIME" jdbcType="DATE" property="stateTime"/>
		<result column="DATA_SOURCE" jdbcType="VARCHAR" property="dataSource"/>
		<result column="REMARK" jdbcType="VARCHAR" property="remark"/>
		<result column="CREATE_DATE" jdbcType="DATE" property="createDate"/>
		<result column="ACT_TYPE" jdbcType="INTEGER" property="actType"/>
		<result column="FORCE_SWITCH" jdbcType="INTEGER" property="forceSwitch"/>
		<result column="LIFE_CYCLE_SOURCE" jdbcType="VARCHAR" property="lifeCycleSource"/>
		<result column="ACTIVATE_DATE_SOURCE" jdbcType="VARCHAR" property="activateDateSource"/>
		<result column="ACTIVATE_DATE" jdbcType="DATE" property="activateDate"/>
		<result column="RUN_CODE_DATA_SOURCE" jdbcType="VARCHAR" property="runCodeDataSource"/>
		<result column="ACTIVATE_DATE_CHANGE_DATE" jdbcType="DATE" property="activateDateChangeDate"/>
		<result column="LIFE_CYCLE_CHANGE_DATE" jdbcType="DATE" property="lifeCycleChangeDate"/>
		<result column="LIFE_CYCLE" jdbcType="VARCHAR" property="lifeCycle"/>
		<result column="CUSTID" jdbcType="VARCHAR" property="custid"/>
		<result column="ICCID" jdbcType="VARCHAR" property="iccid"/>
		<result column="IMEI" jdbcType="VARCHAR" property="imei"/>
		<result column="IMSI" jdbcType="VARCHAR" property="imsi"/>
		<result column="IOV_MSG" jdbcType="VARCHAR" property="iovMsg"/>
		
		<result column="OPEN_TIME_STR" jdbcType="VARCHAR" property="openTimeStr"/>
		<result column="ACTIVATE_DATE_STR" jdbcType="VARCHAR" property="activateDateStr"/>
	</resultMap>
	
	<sql id="baseCardInfoColumn" >
		MSISDN,EC_CODE,PRODUCT_CODE,AREA_CODE,OPEN_TIME,RUN_CODE,
		RUN_CODE_TIME,STATE,STATE_TIME,DATA_SOURCE,ACTIVATE_DATE,
		LIFE_CYCLE,ICCID,IMEI,IMSI
	</sql>
	
	<!-- 查询号码的卡表信息 -->
	<select id="queryCardInfoBySim" parameterType="java.util.Map" resultMap="ResultMap">
		select <include refid="baseCardInfoColumn" />
		from ${cardTable} p  where p.msisdn=#{msisdn} and p.state='ENABLED' and rownum=1
	</select>

	<!-- 查询号码的时间信息 -->
	<select id="queryTimeByMsisdn" parameterType="java.util.Map" resultType="java.util.Map">
		select DATA_SOURCE,LIFE_CYCLE,to_char(p.open_time,'yyyyMMddHH24miss') as OPEN_TIME_STR,to_char(p.activate_date,'yyyyMMddHH24miss') as ACTIVATE_DATE_STR
		from ${cardTable} p  where p.msisdn=#{msisdn} and p.state='ENABLED' and rownum=1
	</select>
	
	<!-- 根据号码更新库单个号码开户时间或激活状态 -->
	<update id="updateTimeByMsisdn" parameterType="java.util.Map">
		update ${cardTable} p 
		<trim prefix="set" suffixOverrides=","> 
			p.STATE_TIME = SYSDATE,
			<if test="openTime !=null and openTime !=''">
		    	p.OPEN_TIME = to_Date(#{openTime},'yyyyMMddHH24miss'),
			</if>
			<if test="activateDate !=null and activateDate !=''">
				p.ACTIVATE_DATE = TO_DATE(#{activateDate},'yyyymmddHH24miss'),
			</if>
			<if test="setActivateEmpty !=null and setActivateEmpty ==''">
				p.ACTIVATE_DATE = null,
			</if>
			<if test="dataSource !=null and dataSource !=''">
				p.data_source = #{dataSource},
			</if>
	    </trim>
		where p.state='ENABLED'  AND p.MSISDN =#{msisdn}
	</update>
	
	
	<!-- 查询号码是否为US10 -->
	<select id="queryMsisdnUS10" parameterType="java.util.Map" resultType="java.lang.Integer">
		select count(1) from ${cardTbale}  where 	RUN_CODE = 'US10' 
			and STATE = 'ENABLED' and MSISDN = #{msisdn}
	</select>
	
	<!-- 修改号码再卡表相关的信息  -->
	<select id="updateMsisdnDisabled">
		update  ${cardTbale} mac  set mac.state='DISABLED' ,mac.run_code=#{status},mac.life_cycle=#{lift},mac.state_time=sysdate where mac.msisdn=#{msisdn} and mac.state='ENABLED'
	</select>
	
	
	<!-- 修改号码生命状态 以及相关信息-->
	<update id="updateMsisdnLifeTpe" parameterType="java.util.Map">
		update ${cardTbale}
		<trim prefix="set" suffixOverrides=","> 
		    STATE_TIME = SYSDATE,
			<if test="activateDate !=null and activateDate !=''">
				ACTIVATE_DATE = TO_DATE(#{activateDate},'yyyymmddHH24miss'),
			</if>
			<if test="activateDate !=null and activateDate ==''">
				ACTIVATE_DATE = TO_DATE('','yyyymmddHH24miss'),
			</if>
			<if test="status !=null and status !=''">
				RUN_CODE = #{status} ,
			</if>
			<if test="dataSource !=null and dataSource !=''">
				data_source = #{dataSource},
			</if>
			<if test="life_cycle !=null and life_cycle !=''">
				life_cycle = upper(#{life_cycle}),
			</if>
			<choose>
				<when test="status !=null and status !=''">
					<choose>
						<when test="startdate !=null and startdate !=''">
							run_code_time = TO_DATE(#{startdate},'yyyymmddHH24miss'),
						</when>
						<otherwise>
							run_code_time = null,
						</otherwise>
					</choose>
				</when>
				<when test="life_cycle !=null and life_cycle !=''">
					<choose>
						<when test="startdate !=null and startdate !=''">
							run_code_time = TO_DATE(#{startdate},'yyyymmddHH24miss'),
						</when>
						<otherwise>
							run_code_time = null,
						</otherwise>
					</choose>
				</when>
			</choose>
		</trim>
		where msisdn = #{msisdn}
	</update>
	
	<!-- 查询号码的激活时间 -->
	<select id="querySingleMemberActitimeNew" resultType="com.openapi3.msg.memberactitimesinglequery.TriMemberActitimeSingleQueryRsp">
		select distinct 
		to_char(mi.activate_date,'yyyyMMddHH24miss') time
		from ${cardTable} 	mi where state='ENABLED'
		<if test="msisdn !=null and msisdn !=''">
			and mi.MSISDN =#{msisdn}
		</if>
		<if test="iccid !=null and iccid !=''">
			and mi.MSISDN =(select msisdn from NUM_ROUTE where iccid=#{iccid} )
		</if>
		
	</select>
	
	
		<!-- 根据号码获取号码状态信息 -->
	<select id="getRunCodeByMsisdnFrom"  resultType="java.util.HashMap">
		select RUN_CODE, DATA_SOURCE,TO_CHAR(RUN_CODE_TIME,'yyyymmddHH24miss') run_code_time,LIFE_CYCLE,
		TO_CHAR(ACTIVATE_DATE,'yyyymmddHH24miss') activate_date,STATE
		from ${card} 
		where 
			MSISDN = #{msisdn}
	</select>
	
	
	 <!-- 根据msisdn获取卡表数据 -->
    <select id="queryCardInfoByMsisdnFromNew" parameterType="java.util.HashMap" resultType="java.util.Map">
        select card.PRODUCT_CODE from ${cardName} card 
            where 
        card.MSISDN = #{msisdn} and card.STATE = 'ENABLED'
    </select>
	
	<!-- 获取机器卡表中的号码LIFE_CYCLE-->
	<select id="queryStateByNew" resultType="java.util.HashMap" parameterType="java.util.HashMap">
	select MC.LIFE_CYCLE,to_char(MC.STATE_TIME,'yyyymmddHH24miss') STATE_TIME from NUM_ROUTE UR LEFT JOIN ${cardTable} MC ON UR.MSISDN = MC.MSISDN
		where 1=1
			<if test="msisdn !=null and msisdn !=''">
				and UR.msisdn = #{msisdn} 
			</if>
			<if test="iccid !=null and iccid !=''">
				and UR.iccid=#{iccid}
			</if>
			and UR.state='ENABLED'
			and rownum=1
	</select>
	
	<!-- 根据获取user_type -->
	<select id="queryGprsAllByNew" resultType="java.util.HashMap" parameterType="java.util.HashMap">
	select UR.MSISDN,UR.EC_MAIN_PROD_ID,MC.EC_CODE,MC.FORCE_SWITCH from NUM_ROUTE UR LEFT JOIN ${cardTable} MC ON UR.MSISDN = MC.MSISDN
	   	where 1=1 
		   	<if test="msisdn !=null and msisdn !=''">
				and MC.msisdn = #{msisdn} 
			</if>
		   	<if test="msisdns !=null and msisdns !=''">
				and MC.msisdn in (${msisdns}) 
			</if>
			<if test="iccid !=null and iccid !=''">
				and UR.iccid=#{iccid}
			</if>
			<if test="iccids !=null and iccids !=''">
				and UR.iccid in (#{iccids})
			</if>
   			and UR.state='ENABLED' 
	</select>
	
	<!--查询 -->
	<select id="queryGprsByNew" resultType="java.util.HashMap" parameterType="java.util.HashMap">
		select MCI.msisdn, MCI.package_code, MCI.apn_name, MCI.status APN_STATE,to_char(MCI.STATE_TIME,'yyyyMMddHH24miss') STATE_TIME
	  ,MCI.SUBSPRODID  from  ${cunnectTable} MCI 
	 		where MCI.state = 'ENABLED' 
	 		and MCI.package_code in ('I00010100085','I00010100035','I00010100093',
	 		'I00010100092','I00011100008','I00011100008_1','I00010100085_1','I00010100092_1')
			and MCI.MSISDN =#{msisdn}
		<if test="apnName !=null and apnName !=''">
			and MCI.apn_name =#{apnName}
		</if>
	</select>

	<!-- status 0开 1关 -->
	<select id="queryGprsByNewPCRF" resultType="java.util.HashMap" parameterType="java.util.HashMap">
	    select msisdn,subsprodid,package_code,apn_name,(case when  status <![CDATA[ <> ]]> '0' then '1' else '0' end) apn_state,service_type,state_time  from(
		    select  mas.msisdn,mas.subsprodid,mas.package_code,mas.apn_name,sum(case when mas.status = '2' then '1' else '0' end) status,mas.service_type,max(to_char(mas.statu_time,'yyyyMMddHH24miss')) state_time
		    from m2m_apn_stratge mas
		    where mas.msisdn= #{msisdn}
		    <if test="subsprodid !=null and subsprodid !=''">
				and mas.subsprodid=#{subsprodid}
			</if>	
		   <if test="apnName !=null and apnName !=''">
				and mas.apn_name =#{apnName}
			</if> 
	       group by mas.msisdn,mas.subsprodid,mas.package_code,mas.apn_name,mas.service_type )
 <!--    	select mas.msisdn, mas.package_code, mas.apn_name, (case when mas.status = '2' then '1' else '0' end) apn_state,
	    max(to_char(mas.statu_time,'yyyyMMddHH24miss')) state_time,mas.subsprodid, max(mas.service_type) service_type
	     from m2m_apn_stratge mas
	    where mas.package_code in ('PCRF00010100085','PCRF00010100035','PCRF00010100093','PCRF00010100092')
	      and mas.service_type = (select max(r.service_type) from m2m_apn_stratge r where mas.msisdn=r.msisdn and mas.subsprodid=r.subsprodid and mas.package_code=r.package_code and mas.apn_name=r.apn_name  and r.service_type in('52','53'))
    	and mas.msisdn = #{msisdn}
 		<if test="apnName !=null and apnName !=''">
			and mas.apn_name =#{apnName}
		</if>   	
   		 group by mas.msisdn,mas.subsprodid,mas.package_code,mas.apn_name,(case when mas.status = '2' then '1' else '0' end)  -->
	</select>
	<select id="queryGprsByNewPCRF51" resultType="java.util.HashMap" parameterType="java.util.HashMap">
		select m.msisdn,m.subsprodid,fp.package_code,fp.apn_name,to_char(m.update_date,'yyyyMMddHH24miss') STATE_TIME, <!-- (case when m.property_value = '2' then '1' else '0' end) -->m.property_name, m.property_value apn_state
		  from M2M_STRATEGYPROPERTY m, ${functable} fp
		 where m.msisdn = fp.msisdn
		   and m.subsprodid = fp.subsprodid
		   and fp.msisdn = #{msisdn}
		    <if test="subsprodid !=null and subsprodid !=''">
				and fp.subsprodid=#{subsprodid}
			</if>	
		   <if test="apnName !=null and apnName !=''">
				and fp.apn_name =#{apnName}
			</if> 		   
		   and fp.state = 'ENABLED'
		   and m.property_name like 'ServiceUsageState%'
		   and fp.start_date <![CDATA[ < ]]>  sysdate
		   and fp.end_date <![CDATA[ > ]]>  sysdate
		   and  not exists (select 1 from m2m_apn_stratge mt where mt.msisdn=m.msisdn and mt.subsprodid=m.subsprodid and m.property_name=mt.service_use_statu)
	</select>


	<delete id="deleteGprsPCRF" parameterType="java.util.Map">
		delete m2m_apn_stratge m where m.msisdn=#{msisdn} and m.subsprodid=#{subsprodid}
	</delete>
			
	<!-- 根据msisdn获取集团编码 -->
	<select id="queryEcCodeByMsisdnFromDynamic" parameterType="java.util.HashMap" resultType="java.lang.String">
		select mac.EC_CODE from ${cardTable} mac 
			where 
		mac.MSISDN = #{msisdn} and mac.STATE = 'ENABLED'
	</select>
	
	<!--只查询出机器卡国漫的上网信息 --> 
    <select id="queryRoamApnInfoNew" resultType="java.util.Map">
        select connectInfo.msisdn, 
        <choose>
        	<when test="connectTable == 'CONNECT_INFO_9105'">
        			'' as apn_name, 
        	</when>
        	<otherwise>
        	        connectInfo.apn_name,
        	</otherwise>
        </choose>
        connectInfo.status,
        to_char(connectInfo.status_change_time,'yyyyMMddHH24miss') CHANGE_TIME
        from ${connectTable} connectInfo 
        where 1=1 
        and connectInfo.state = 'ENABLED' 
        and connectInfo.msisdn = #{msisdn}
        and connectInfo.PACKAGE_CODE='I00010100421'
    </select>
	
	
	<!-- 根据集团编码和产品编码查询产品信息 --> 
    <select id="queryProCodeAll" resultType="com.openapi3.msg.triprocodememberpkgadcquery.PkgInfo">
    	  SELECT  ec.PRODUCT_CODE AS prdCode ,to_char(ec.OPEN_TIME,'yyyyMMddHH24miss') AS openTime,
		    to_char(ec.STATE_TIME ,'yyyyMMddHH24miss') AS statusTime  ,
		    (SELECT p.NAME FROM PRO_IOT_APPLY p WHERE p.ID=ec.TRADE_ID) AS typeName
		    FROM EC_PROD ec WHERE 1=1 
		    <if test="groupCode!=null">
		    	   AND  ec.EC_CODE=#{groupCode} 
		    </if>
			<if test="prdCode!=null">
			    AND ec.PRODUCT_CODE=#{prdCode} 
			</if>
		
    </select>
	
		<!-- 根据集团编码和产品编码查询套餐信息 --> 
    <select id="queryPackagebProcode" resultType="com.openapi3.msg.triprocodememberpkgadcquery.PackageInfo">
    	  SELECT m.PACKAGE_CODE AS pkgCode , m.SUBSPRODID AS subSprodId ,
		    to_char(m.START_DATE ,'yyyyMMddHH24miss') AS pkgEfftTime ,
		    to_char(m.END_DATE ,'yyyyMMddHH24miss') AS pkgExpireTime ,
		    m.PRODUCT_CODE AS prdCode,
		    nvl((SELECT a.PACKAGE_NAME FROM ATOMIC_PRODUCTS a WHERE a.PACKAGE_CODE=m.PACKAGE_CODE ),'-') AS pkgName
		    FROM PRO_MEMBER_OPTIONAL_PKG m WHERE 1=1
		    <if test="groupCode!=null">
		      and  m.EC_CODE =#{groupCode}
		    </if>
			<if test="prdCode!=null">
		   	   AND m.PRODUCT_CODE =#{prdCode} 
			</if>
    </select>
	
	<select id="testPeriodQueryNew" parameterType="java.util.HashMap" resultType="java.lang.String">
		select 1 from	${priTbale} mg,${cardTable}  mp,ATOMIC_PRODUCTS a
		  where MG.package_code=a.package_code
		and MG.msisdn=mp.msisdn
		and MG.state = 'ENABLED' 
		and Mp.state = 'ENABLED'
		and mp.run_code='US10'
		and a.PKG_TYPE='PKG_TYPE_TEST'
		  and mp.msisdn=#{msisdn}
	</select>
	
    <select id="periodofstoreQueryNew" parameterType="java.util.HashMap" resultType="java.lang.String">
		    (select 1 from
		          ${priTable}  mg                     
		        where 1=1
		        and MG.state = 'ENABLED' 
		        and mg.package_code='pv.periodofstore' 
		        <if test="msisdn !=null and msisdn !=''">
		            and mg.msisdn=#{msisdn}
		        </if>
		) 
		UNION
		 (select 1 from  ${funcTable}  mg
		        where 1=1
		        and MG.state = 'ENABLED' 
		        and mg.package_code='pv.periodofstore' 
		        <if test="msisdn !=null and msisdn !=''">
		            and mg.msisdn=#{msisdn}
		        </if>
		) 
		UNION
		 (select 1 from  ${othTbale}  mg
		        where 1=1
		        and MG.state = 'ENABLED' 
		        and mg.package_code='pv.periodofstore' 
		        <if test="msisdn !=null and msisdn !=''">
		            and mg.msisdn=#{msisdn}
		        </if>
		) 
    </select>
	
	<select id="queryRunCodeTimeNew" parameterType="java.util.Map" resultType="java.util.Date">
    	select RUN_CODE_TIME from ${cardTable} where MSISDN = #{msisdn}
    </select>
    
    <select id="queryPackageCodeNew" parameterType="java.util.Map" resultType="java.lang.String">
    	select PACKAGE_CODE from ${funcTable} where MSISDN = #{msisdn} and STATE = 'ENABLED'
    </select>
    
    <select id="findMsisdnEcode"  parameterType="java.util.Map" resultType="java.util.HashMap" >
    	SELECT EC_CODE,PRODUCT_CODE FROM  ${cardTable} WHERE MSISDN=#{msisdn} AND STATE='ENABLED'
    </select>
    
      <!-- 查询该策略编码是否存在 -->
	<select id="queryStrategyprop" parameterType="java.util.HashMap" resultType="java.lang.Integer">
		  SELECT count(1) FROM M2M_STRATEGYPROPERTY WHERE MSISDN=#{msisdn} AND PROPERTY_VALUE=#{serviceCode}
	</select>
    
    <!-- 查询号码策略套餐对应的开始时间 -->
    <select id="queryPackageCodeBeginTime" parameterType="java.util.HashMap" resultType="java.lang.String">
    	SELECT to_char(START_DATE,'yyyyMMddHH24miss') AS startDate FROM ${funcTable} WHERE MSISDN=#{msisdn} AND STATE='ENABLED'
		AND PACKAGE_CODE IN ('PCRF00010100092','PCRF00010100093','PCRF00010100085','PCRF00010100035') AND APN_NAME=#{apnName}
		AND rownum =1
    </select>
    
    <!-- 查询策略编码对应策略用途以及开始时间失效时间 -->
    <select id="queryStratagyInfo" parameterType="java.util.HashMap" resultType="java.util.HashMap">
    	SELECT STRATEGY_DESC AS STRATEGY,  to_char(VALID_DATE,'yyyyMMddHH24miss')  AS VALIDDATE, 
		to_char(EXPIRE_DATE,'yyyyMMddHH24miss') AS EXPIREDATE
		FROM M2M_STRATEGY_INFO WHERE SERV_CODE=#{serviceCode} AND  APN_NAME=#{apnName} AND  STRATEGY_DESC IN (51,52,53) 
    </select>
    
    
    <!--查询对应的号码-->
    <select id="queryMsisdnNum" parameterType="java.util.HashMap" resultType="java.lang.String">
    	SELECT  MSISDN  FROM NUM_ROUTE WHERE 1=1 
    	 <if test="msisdn !=null and msisdn !=''">
			AND  MSISDN=#{msisdn}
		</if>
		 <if test="iccid !=null and iccid !=''">
			AND  ICCID=#{iccid}
		</if>
		 <if test="imsi !=null and imsi !=''">
			AND  IMSI=#{imsi}
		</if>
		AND rownum=1
    </select>
    
    
    <select id="queryStrategyproperty" parameterType="java.util.HashMap" resultType="com.openapi3.entity.Strategyproperty">
		select msisdn , package_code AS PACKAGECODE , SUBSPRODID , PROPERTY_NAME AS PROPERTYNAME, property_value AS PROPERTYVALUE from m2m_strategyproperty
		where package_code in ('I00010100107', 'I00010100108', 'I00010100151', 'I00010100152', 
		'I00010100153', 'I00010100154', 'I00010100155', 'I00010101602', 'I00010101603') 
		AND (PROPERTY_NAME ='RATFREQSELPRIID' OR PROPERTY_NAME='IMEI' OR PROPERTY_NAME='userArea' OR PROPERTY_NAME = 'APNNAME' 
		OR PROPERTY_NAME ='ServiceCode' OR PROPERTY_NAME='threshold' OR PROPERTY_NAME='rate' )
		AND MSISDN=#{msisdn}
		<if test="pccPackageCode !=null and pccPackageCode !=''">
			AND  package_code=#{pccPackageCode}
		</if>
    </select>
    
    
    <select id="queryFuncTableSub" parameterType="java.util.HashMap" resultType="java.lang.Integer">
		SELECT count(1) FROM ${funcTable} WHERE MSISDN=#{msisdn} AND SUBSPRODID=#{subsprodid} AND STATE='ENABLED'
    </select>
    
    <select id="queryPackageName" parameterType="java.lang.String" resultType="java.lang.String">
		SELECT PACKAGE_NAME FROM ATOMIC_PRODUCTS WHERE PACKAGE_CODE=#{packageCode} AND rownum=1
    </select>
    
    
    
    
</mapper>