<?xml version="1.0" encoding="UTF-8"?>
<!DOCTYPE mapper PUBLIC "-//mybatis.org//DTD Mapper 3.0//EN"  "http://mybatis.org/dtd/mybatis-3-mapper.dtd">
<mapper namespace="ConnectInfoMapper">
	<resultMap type="com.openapi3.entity.po.ConnectInfo" id="ResultMap">
		<result column="MSISDN" jdbcType="VARCHAR" property="msisdn"/>
		<result column="SUBSPRODID" jdbcType="VARCHAR" property="subsprodid"/>
		<result column="PACKAGE_CODE" jdbcType="VARCHAR" property="packageCode"/>
		<result column="STATUS" jdbcType="VARCHAR" property="status"/>
		<result column="STATE" jdbcType="VARCHAR" property="state"/>
		<result column="STATE_TIME" jdbcType="DATE" property="stateTime"/>
		<result column="STATUS_CHANGE_TIME" jdbcType="DATE" property="statusChangeTime"/>
		<result column="CREATE_TIME" jdbcType="DATE" property="createTime"/>
		<result column="DATA_SOURCE" jdbcType="VARCHAR" property="dataSource"/>
		<result column="APN_NAME" jdbcType="VARCHAR" property="apnName"/>
	</resultMap>
	
	
	<select id="queryGprs9105" parameterType="java.util.Map" resultType="java.util.HashMap">
	 				select distinct t.msisdn, t.package_code, t.apn_name, to_char(t.STATE_TIME,'yyyyMMddHH24miss') STATE_TIME
	  		from PRI_PKG_9105 t
	 		where t.state = 'ENABLED' 
	 		AND t.START_DATE <![CDATA[<= ]]>SYSDATE
			AND t.END_DATE <![CDATA[> ]]> SYSDATE
		<if test="msisdn !=null and msisdn !=''">
			and T.MSISDN =#{msisdn}
		</if>
		union
		select distinct t.msisdn, t.package_code, t.apn_name,to_char(t.STATE_TIME,'yyyyMMddHH24miss') STATE_TIME
	  		from FUNC_PKG_9105 t
	 		where t.state = 'ENABLED'
	 		AND t.START_DATE <![CDATA[<= ]]>SYSDATE
			AND t.END_DATE <![CDATA[> ]]> SYSDATE
		<if test="msisdn !=null and msisdn !=''">
			and T.MSISDN =#{msisdn}
		</if>
	 	union
		select distinct t.msisdn, t.package_code, t.apn_name,to_char(t.STATE_TIME,'yyyyMMddHH24miss') STATE_TIME
	  		from OTH_PKG_9105 t
	 		where t.state = 'ENABLED'
	 		AND t.START_DATE <![CDATA[<= ]]>SYSDATE
			AND t.END_DATE <![CDATA[> ]]> SYSDATE
		<if test="msisdn !=null and msisdn !=''">
			and T.MSISDN =#{msisdn}
		</if>	
	 
	</select>
	
	
	<select id="queryGprs" resultType="java.util.HashMap" parameterType="java.util.HashMap">
	select MCI.msisdn, MCI.package_code, MCI.apn_name, MCI.status APN_STATE,to_char(MCI.STATE_TIME,'yyyyMMddHH24miss') STATE_TIME
	  ,MCI.SUBSPRODID  from  ${cardTable} MCI 
	 		where MCI.state = 'ENABLED' 
	 		and MCI.package_code in ('I00010100085','I00010100035','I00010100093','I00010100092','PCRF00010100085','PCRF00010100035',
	 		'PCRF00010100093','PCRF00010100092','I00011100008','I00011100008_1','I00010100085_1','I00010100092_1')
		<if test="msisdn !=null and msisdn !=''">
			and MCI.MSISDN =#{msisdn}
		</if>
		<if test="apnName !=null and apnName !=''">
			and MCI.apn_name =#{apnName}
		</if>
	</select>
	
	
	<!-- 上网功能校验 9105-->
	<select id="findApnStateBy9105" parameterType="java.util.Map" resultType="java.util.HashMap">
		select STATUS,DATA_SOURCE,to_char(STATE_TIME,'yyyyMMddHH24miss') STATE_TIME,STATE FROM CONNECT_INFO_9105
		WHERE 1=1
		<if test="msisdn!=null and msisdn!=''">
		and msisdn=#{msisdn}
		</if>
		<!-- <if test="apnName!=null and apnName!=''">
		and apn_name=#{apnName}
		</if> -->
		<if test="package_code!=null and package_code!=''">
		and package_code=#{package_code}
		</if>
		<if test="subsprodid!=null and subsprodid!=''">
		and SUBSPRODID=#{subsprodid}
		</if>
	</select>
	
	<!-- 非9105上网功能校验-->
	<select id="findApnStateBy" parameterType="java.util.Map" resultType="java.util.HashMap">
		select STATUS,DATA_SOURCE,to_char(STATE_TIME,'yyyyMMddHH24miss') STATE_TIME,STATE,APN_NAME FROM ${cardTable}
		WHERE 1=1
		<if test="msisdn!=null and msisdn!=''">
		and msisdn=#{msisdn}
		</if>
		<if test="apnName!=null and apnName!=''">
		and apn_name=#{apnName}
		</if> 
		<if test="package_code!=null and package_code!=''">
		and package_code=#{package_code}
		</if>
		<if test="subsprodid!=null and subsprodid!=''">
		and SUBSPRODID=#{subsprodid}
		</if>
	</select>
	
	<delete id="deleteApnStratePCRF" parameterType="java.util.Map">
		delete from m2m_apn_stratge m
 		where m.msisdn=#{msisdn}
		<if test="apnName!=null and apnName!=''">
		and m.apn_name=#{apnName}
		</if> 
		<if test="package_code!=null and package_code!=''">
		and m.package_code=#{package_code}
		</if>
		<if test="subsprodid!=null and subsprodid!=''">
		and m.subsprodid=#{subsprodid}
		</if>
		<if test="serviceUsageState!=null and serviceUsageState!=''">
		and m.service_use_statu=#{serviceUsageState}
		</if> 		
	</delete>
	
	
	<select id="findApnStateByPCRF" parameterType="java.util.Map" resultType="java.util.HashMap">
		select m.status status,m.subsprodid subsprodid, m.data_source,to_char(m.statu_time,'yyyyMMddHH24miss') STATE_TIME,
		'ENABLED' STATE,m.apn_name, m.service_use_statu, m.service_type FROM m2m_apn_stratge m
		WHERE 1=1
		<if test="msisdn!=null and msisdn!=''">
		and m.msisdn=#{msisdn}
		</if>
		<if test="apnName!=null and apnName!=''">
		and m.apn_name=#{apnName}
		</if> 
		<if test="package_code!=null and package_code!=''">
		and m.package_code=#{package_code}
		</if>
		<if test="subsprodid!=null and subsprodid!=''">
		and m.subsprodid=#{subsprodid}
		</if>
		<if test="serviceUsageState!=null and serviceUsageState!=''">
		and m.service_use_statu=#{serviceUsageState}
		</if>
	</select>
	
	    <!-- 根据策略编码对应的策略值查询策略用途 -->
	<select id="findStrategyInfo" parameterType="java.util.HashMap" resultType="java.lang.String">
		 SELECT  wm_concat(STRATEGY_DESC) FROM M2M_STRATEGY_INFO WHERE SERV_CODE=#{value}  AND APN_NAME=#{apnName}  AND  STRATEGY_DESC IN (52,53)
	</select>
	
	<!-- 非9105单个号码上网功能校验 -->
	<update id="updateApnInfoApnStateBy" parameterType="java.util.Map">
	   MERGE INTO ${cardTable} T 
        USING (SELECT #{msisdn} as a, #{package_code} as b,#{subsprodid} as c
        FROM dual) S
        ON (T.msisdn = S.a and T.Package_Code=S.b and T.SUBSPRODID = S.c)
        WHEN MATCHED THEN
        update set T.status=#{apnState},T.STATE='ENABLED',T.data_source=#{datasource},T.APN_NAME = #{apnName,jdbcType=VARCHAR},T.STATE_TIME = SYSDATE 
        where 1=1
        and msisdn=#{msisdn}
        and package_code=#{package_code}
        and SUBSPRODID=#{subsprodid}
        WHEN NOT MATCHED THEN
        insert (T.MSISDN, T.STATUS, T.STATE, T.DATA_SOURCE, T.PACKAGE_CODE,T.STATE_TIME,T.CREATE_TIME,T.SUBSPRODID,T.APN_NAME) 
        VALUES(#{msisdn},#{apnState},'ENABLED',#{datasource},#{package_code},SYSDATE,SYSDATE,#{subsprodid},#{apnName,jdbcType=VARCHAR})
	</update>

	<update id="updateApnInfoApnStateByPCRF" parameterType="java.util.Map">
	  merge into m2m_apn_stratge t
	  using (select #{msisdn} as msisdn, #{package_code} as package_code, #{subsprodid} as subsprodid , #{serviceUsageState} as serviceUsageState from dual) s
	  on(t.msisdn = s.msisdn and t.package_code = s.package_code and t.subsprodid = s.subsprodid and t.service_use_statu = s.serviceUsageState)
	        WHEN MATCHED THEN  
	        update set t.status=#{apnState},t.data_source= #{datasource}, t.apn_name = #{apnName,jdbcType=VARCHAR},t.statu_time= sysdate,t.service_type=#{serviceType}
 	       WHEN NOT MATCHED THEN 
	        insert (subsprodid, msisdn, service_use_statu, status, package_code, data_source, create_data, statu_time, service_type, apn_name)
	        values
          (#{subsprodid}, #{msisdn}, #{serviceUsageState}, #{apnState}, #{package_code}, #{datasource}, sysdate, sysdate, #{serviceType}, #{apnName,jdbcType=VARCHAR})
	 
	</update>
		
	<!-- 单个号码上网功能校验9105 -->
	<update id="updateApnInfoApnStateBy9105" parameterType="java.util.Map">
	   MERGE INTO CONNECT_INFO_9105 T 
        USING (SELECT #{msisdn} as a, #{package_code} as b,#{subsprodid} as c
        FROM dual) S
        ON (T.msisdn = S.a and T.Package_Code=S.b and T.SUBSPRODID = S.c)
        WHEN MATCHED THEN
        update set T.status=#{apnState},T.STATE='ENABLED',T.data_source=#{datasource},T.STATE_TIME = SYSDATE where 1=1
        and msisdn=#{msisdn}
        and package_code=#{package_code}
        and SUBSPRODID=#{subsprodid}
        WHEN NOT MATCHED THEN
        insert (T.MSISDN, T.STATUS, T.STATE, T.DATA_SOURCE, T.PACKAGE_CODE,T.STATE_TIME,T.CREATE_TIME,T.SUBSPRODID) 
        VALUES(#{msisdn},#{apnState},'ENABLED',#{datasource},#{package_code},SYSDATE,SYSDATE,#{subsprodid})
	</update>
	
	
	<update id="updateConnectInfo" parameterType="java.util.Map">
		update ${cardTable} set state='DISABLED',STATE_TIME = SYSDATE
		<if test="datasource !=null and datasource !=''">
            ,data_source= #{datasource}
        </if>
		where  msisdn=#{msisdn} and SUBSPRODID=#{subsprodid}
	</update>
	
	
	<!-- 查询号码的全部apnName -->
	  <select id="queryApnInfo"  resultType="String" parameterType="java.util.HashMap">
    	select distinct upper(mp.APN_NAME)  from  ${funcpkg} mp where  DECODE(mp.END_DATE,NULL,SYSDATE,mp.END_DATE) <![CDATA[ > ]]>  (SYSDATE-1)
	    and mp.START_DATE <![CDATA[ < ]]>  sysdate
	    and mp.state='ENABLED'
	    and mp.package_code in ('I00010100085','I00010100035','I00010100092','I00010100093')
		<if test="msisdn !=null and msisdn !=''">
            and mp.msisdn =#{msisdn}
         </if>	
         <if test="iccid !=null and iccid !=''">                
              and mp.msisdn=(select msisdn from NUM_ROUTE where iccid=#{iccid}  and rownum=1 )            
          </if>
      </select>
      
     <!--批量成员信息查询 -->
	<select id="queryBatchMemberInfoAll" resultType="com.openapi3.msg.memberinfobatchquery.MsisdnInfo" >
			SELECT 
			    MI.MSISDN msisdn,
			    to_char(max(MI.OPEN_TIME),'yyyyMMddHH24miss') openTime,
			    to_char(max(MI.RUN_CODE_TIME),'yyyyMMddHH24miss') statusTime,
			   	 (case
			   	 
	                when max(MI.LIFE_CYCLE) ='TEST' THEN '测试期'            
	                when max(MI.LIFE_CYCLE) ='SILENT' THEN '沉默期'            
	                when max(MI.LIFE_CYCLE) ='STOCK' THEN '库存期'  
	                when max(MI.LIFE_CYCLE) ='NORMAL' THEN '正使用'
	                when max(MI.LIFE_CYCLE) ='STOP' THEN '停机' 
	                when max(MI.LIFE_CYCLE) ='PRECLOSE' THEN '预约销户' 
	                when max(MI.LIFE_CYCLE) ='CANCEL' THEN '销户' 
	                when max(MI.LIFE_CYCLE) ='OTHERS' THEN '其他'	
					
					ELSE '-'  
				end) status,
				wm_concat(MI.PRODUCT_CODE) productCode
			    FROM  ${typename}  MI
				WHERE  MI.STATE = 'ENABLED'
				<if test="macs !=null ">
					AND MI.MSISDN in
				<foreach item="item" collection="macs" index="index" open="("
								separator="," close=")">
								#{item}
				</foreach>
				</if>
				<if test="macsiccid !=null ">
					and  MI.MSISDN in (
						select msisdn from NUM_ROUTE where iccid in  			
						<foreach item="item" collection="macsiccid" index="index" open="("
								separator="," close=")">
								#{item}
							</foreach>
					)
				</if>	
             
		group by MI.MSISDN 
	</select>
	
	
	 <!--批量成员信息查询 -->
	<select id="queryBatchMemberInfoAllManyApn" resultType="com.openapi3.msg.memberinfomanyapnbatchquery.MsisdnInfo" >
			SELECT 
			    MI.MSISDN msisdn,
			    to_char(max(MI.OPEN_TIME),'yyyyMMddHH24miss') openTime,
			    to_char(max(MI.RUN_CODE_TIME),'yyyyMMddHH24miss') statusTime,
			   	 (case
			   	 
	                when max(MI.LIFE_CYCLE) ='TEST' THEN '测试期'            
	                when max(MI.LIFE_CYCLE) ='SILENT' THEN '沉默期'            
	                when max(MI.LIFE_CYCLE) ='STOCK' THEN '库存期'  
	                when max(MI.LIFE_CYCLE) ='NORMAL' THEN '正使用'
	                when max(MI.LIFE_CYCLE) ='STOP' THEN '停机' 
	                when max(MI.LIFE_CYCLE) ='PRECLOSE' THEN '预约销户' 
	                when max(MI.LIFE_CYCLE) ='CANCEL' THEN '销户' 
	                when max(MI.LIFE_CYCLE) ='OTHERS' THEN '其他'	
					
					ELSE '-'  
				end) status,
				wm_concat(MI.PRODUCT_CODE) productCode
			    FROM  ${typename}  MI
				WHERE  MI.STATE = 'ENABLED'
				<if test="macs !=null ">
					AND MI.MSISDN in
				<foreach item="item" collection="macs" index="index" open="("
								separator="," close=")">
								#{item}
				</foreach>
				</if>
				<if test="macsiccid !=null ">
					and  MI.MSISDN in (
						select msisdn from NUM_ROUTE where iccid in  			
						<foreach item="item" collection="macsiccid" index="index" open="("
								separator="," close=")">
								#{item}
							</foreach>
					)
				</if>	
             
		group by MI.MSISDN 
	</select>
      
   	<select id="findApnInfoByMsisdnAll" resultType="java.util.Map">
		SELECT b.apn_name apnName, b.package_code packageCode,b.status
		apnState,to_char(mp.start_date,'yyyyMMddHH24miss') apnActiTime
		from
		${connectTbale} b
		left join ${funcTbale} mp on mp.SUBSPRODID =
		b.SUBSPRODID
		where
		b.STATE='ENABLED'
		and b.msisdn = #{msisdn}
		and mp.MSISDN =#{msisdn}
		<if test="month !=null and month !='' ">
			AND mp.START_DATE<![CDATA[ < ]]>add_months(TO_DATE(#{month},
			'yyyymm'), 1) - 1
			AND mp.END_DATE<![CDATA[ > ]]>add_months(TO_DATE(#{month},
			'yyyymm'), 0)
		</if>
		and b.package_code in
		('I00010100035','I00010100085','I00010100092','I00010100093','I00011100008')

	</select>
	
	 <!-- 判断机器卡号码是否订购国漫基础服务I00010100421 -->
    <select id="queryMsisdnI00010100421" parameterType="java.util.HashMap"
        resultType="java.lang.String">
        select func.package_code from ${funcTbale} func
        where func.MSISDN = #{msisdn}
        and func.package_code = 'I00010100421'
        and func.state = 'ENABLED'
    </select>
	   
	<!-- 获取订购关系集合 -->
	<select id="listPkgByCardTypeFromNew" parameterType="java.util.Map" resultType="java.util.Map">
		select 
			rp.STATE,
			rp.DATA_SOURCE,
			to_char(rp.STATE_TIME,'yyyyMMddHH24miss') STATE_TIME, 
			rp.SUBSPRODID, 
			rp.APN_NAME,
			rp.PACKAGE_CODE
		from ${pripkg} rp
			where 1=1 
			<if test="msisdn !=null and msisdn !=''">
				and rp.MSISDN = #{msisdn}
			</if>
			<if test="month == null or month == ''">
				and rp.START_DATE <![CDATA[ < ]]> SYSDATE
				and rp.END_DATE <![CDATA[ > ]]> SYSDATE
			</if>
			<if test="month != null and month != ''">
				and rp.START_DATE <![CDATA[ < ]]> ADD_MONTHS(TO_DATE(#{month}, 'yyyymm'), 1)-1
				and rp.END_DATE <![CDATA[ > ]]> ADD_MONTHS(TO_DATE(#{month}, 'yyyymm'), 0)
			</if>
			<if test="apnName != null and apnName != ''">
				and rp.apnName = #{apnName}
			</if>
			<if test="pkgArr != null">
				and rp.PACKAGE_CODE in
				<foreach collection="pkgArr" item="pkgCode" open="(" separator="," close=")">
					#{pkgCode}
				</foreach>
			</if>

			and rp.STATE = 'ENABLED'
		UNION
		select 
			fp.STATE,
			fp.DATA_SOURCE,
			to_char(fp.STATE_TIME,'yyyyMMddHH24miss') STATE_TIME,
			fp.SUBSPRODID, 
			fp.APN_NAME,
			fp.PACKAGE_CODE
		from ${funcpkg} fp
			where 1=1 
			<if test="msisdn !=null and msisdn !=''">
				and fp.MSISDN = #{msisdn}
			</if>
			<if test="month == null or month == ''">
				and fp.START_DATE <![CDATA[ < ]]> SYSDATE
				and fp.END_DATE <![CDATA[ > ]]> SYSDATE
			</if>
			<if test="month != null and month != ''">
				and fp.START_DATE <![CDATA[ < ]]> ADD_MONTHS(TO_DATE(#{month}, 'yyyymm'), 1)-1
				and fp.END_DATE <![CDATA[ > ]]> ADD_MONTHS(TO_DATE(#{month}, 'yyyymm'), 0)
			</if>
			<if test="apnName != null and apnName != ''">
				and rp.apnName = #{apnName}
			</if>
			<if test="pkgArr != null">
				and fp.PACKAGE_CODE in
				<foreach collection="pkgArr" item="pkgCode" open="(" separator="," close=")">
					#{pkgCode}
				</foreach>
			</if>
			and fp.STATE = 'ENABLED'
		UNION
		select 
			op.STATE,
			op.DATA_SOURCE,
			to_char(op.STATE_TIME,'yyyyMMddHH24miss') STATE_TIME,
			op.SUBSPRODID, 
			op.APN_NAME,
			op.PACKAGE_CODE
		from ${othpkg} op 
			where 1=1 
			<if test="msisdn !=null and msisdn !=''">
				and op.MSISDN = #{msisdn}
			</if>
			<if test="month == null or month == ''">
				and op.START_DATE <![CDATA[ < ]]> SYSDATE
				and op.END_DATE <![CDATA[ > ]]> SYSDATE
			</if>
			<if test="month != null and month != ''">
				and op.START_DATE <![CDATA[ < ]]> ADD_MONTHS(TO_DATE(#{month}, 'yyyymm'), 1)-1
				and op.END_DATE <![CDATA[ > ]]> ADD_MONTHS(TO_DATE(#{month}, 'yyyymm'), 0)
			</if>
			<if test="apnName != null and apnName != ''">
				and rp.apnName = #{apnName}
			</if>
			<if test="pkgArr != null">
				and op.PACKAGE_CODE in
				<foreach collection="pkgArr" item="pkgCode" open="(" separator="," close=")">
					#{pkgCode}
				</foreach>
			</if>
			and op.STATE = 'ENABLED'
	</select>
	
	
	<!-- 获取ApnName -->
	<select id="getApnNameByMsisdnFromNew" parameterType="java.util.Map" resultType="java.util.Map">
		select
		<choose>
			<when test="connectTable=='CONNECT_INFO_9105'">'' apn_name</when>
			<otherwise>	 upper(rp.APN_NAME) apn_name</otherwise>
		</choose>
		  from ${connectTable} rp
			where 1=1 
			<if test="msisdn !=null and msisdn !=''">
				and rp.MSISDN = #{msisdn}
			</if>
			<choose>
				<when test="flag == 'NO'">
					<if test="pkgArr != null">
					and rp.PACKAGE_CODE not in
						<foreach collection="pkgArr" item="pkgCode" open="(" separator="," close=")">
							#{pkgCode}
						</foreach>
					</if>
				</when>
				<otherwise>
					<if test="pkgArr != null">
					and rp.PACKAGE_CODE in
						<foreach collection="pkgArr" item="pkgCode" open="(" separator="," close=")">
							#{pkgCode}
						</foreach>
					</if>
				</otherwise>
			</choose>
			and EXISTS (
					SELECT
						mp.APN_NAME
					FROM
						${funcTbale} mp
					WHERE
						mp.MSISDN = #{msisdn}
						AND mp.SUBSPRODID = rp.SUBSPRODID
						AND mp.START_DATE<![CDATA[ < ]]>add_months(TO_DATE(#{month}, 'yyyymm'), 1) - 1
						AND mp.END_DATE<![CDATA[ > ]]>add_months(TO_DATE(#{month}, 'yyyymm'), 0)
					)
	</select>
	
	
		<!-- 是否订购内容计费标识产品（iotprod.10086000016332）MAC -->
 <select id="queryContentBillingNew" parameterType="java.util.HashMap" resultType="java.util.HashMap">
		SELECT mem.APN_NAME,mem.PACKAGE_CODE
		FROM ${funcTbale} 
		mem
		WHERE mem.state='ENABLED' 
		AND mem.msisdn=#{msisdn}
		AND mem.PACKAGE_CODE='iotprod.10086000016332'
		<if test="month !=null and month !=''">
			and mem.start_date <![CDATA[ < ]]> add_months(TO_DATE(#{month},'yyyymm'),1)-1
      		and mem.end_date <![CDATA[ > ]]> add_months(TO_DATE(#{month},'yyyymm'),0)
		</if>
		<if test="month ==null or month ==''">
			 and mem.start_date<![CDATA[ < ]]> sysdate
    		and mem.end_date<![CDATA[ > ]]> sysdate   
		</if>
		
	</select>
	
			<!-- 查询apnName下的serviceCode信息是否存在 -->
	<select id="queryServiceCodeByApnIsExistFromNew" parameterType="java.util.Map" resultType="java.lang.Integer">
		SELECT
			COUNT (PROPERTY_NAME)
		FROM
			M2M_STRATEGYPROPERTY ms,
			${connectTable} ci
		WHERE
			ms.SUBSPRODID = ci.SUBSPRODID
			and ci.MSISDN = #{msisdn}
			and ci.APN_NAME = #{apnName}
			and ms.PROPERTY_NAME = #{serviceCode}
	</select>
	
</mapper>