<?xml version="1.0" encoding="UTF-8" ?>
<!DOCTYPE mapper
        PUBLIC "-//mybatis.org//DTD Mapper 3.0//EN"
        "http://mybatis.org/dtd/mybatis-3-mapper.dtd">

<mapper namespace="PackageInfoMapper">
	
		<!-- 将号码相关的套餐改为DISABLED 资费表-->
	<update id="updateMsisdnPriPkg" parameterType="java.util.Map">
		update ${PRIPKG} set state='DISABLED',STATE_TIME = SYSDATE
		<if test="datasource !=null and datasource !=''">
            ,data_source= #{datasource}
        </if>
		where msisdn=#{msisdn}
	</update>
	
	<!-- 将号码相关的套餐改为DISABLED 功能表-->
	<update id="updateMsisdnFuncPkg" parameterType="java.util.Map">
		update ${FUNCPKG} set state='DISABLED',STATE_TIME = SYSDATE
		<if test="datasource !=null and datasource !=''">
            ,data_source= #{datasource}
        </if>
		where msisdn=#{msisdn}
	</update>
	
	<!-- 将号码相关的套餐改为DISABLED 其他套餐表-->
	<update id="updateMsisdnOthPkg" parameterType="java.util.Map">
		update ${OTHPKG} set state='DISABLED',STATE_TIME = SYSDATE
		<if test="datasource !=null and datasource !=''">
            ,data_source= #{datasource}
        </if>
		where msisdn=#{msisdn}
	</update>
	
	
	<!--批量成员套餐信息查询 -->
	<select id="queryBatchPackageInfoAll" resultType="HashMap" >
      ( SELECT distinct
        MP.MSISDN msisdn,
        MP.PACKAGE_CODE pkgCode,
        AP.PACKAGE_NAME pkgName,
        MP.APN_NAME apnName,
        to_char(MI.OPEN_TIME,'yyyyMMddHH24miss') openTime,
        MI.run_code status,
        (case when ( MP.START_DATE > sysdate and MP.STATE='ENABLED' ) then '未生效'
        when ( MP.END_DATE   > sysdate and MP.STATE='ENABLED' ) then '生效'
        ELSE '失效' end) pkgStatus,
        to_char(MP.START_DATE,'yyyyMMddHH24miss') pkgEfftTime,
        to_char(MP.END_DATE,'yyyyMMddHH24miss') pkgExpireTime,
        (case when MP.SUBSPRODID is null then '-' else MP.SUBSPRODID end) subsprodid
        FROM ATOMIC_PRODUCTS AP
        , ${typename} MI
        , ${pripkg} MP
        WHERE 1 = 1
        AND AP.PACKAGE_CODE = MP.PACKAGE_CODE
        AND AP.VISIBLE = 1
        AND MI.STATE = 'ENABLED'
        AND MI.MSISDN = MP.MSISDN
        AND MP.END_DATE > sysdate
        AND mp.end_date > ADD_MONTHS(SYSDATE, -6)
        <if test="macs !=null ">
            AND MP.MSISDN in
            <foreach item="item" collection="macs" index="index" open="("
                     separator="," close=")">
                #{item}
            </foreach>
        </if>
        <if test="macsiccid !=null ">
            and MP.MSISDN in (
            select msisdn from NUM_ROUTE where iccid in
            <foreach item="item" collection="macsiccid" index="index" open="("
                     separator="," close=")">
                #{item}
            </foreach>
            )
        </if>
      )
        union
      (   SELECT distinct MP.MSISDN msisdn,
        MP.PACKAGE_CODE pkgCode,
        AP.PACKAGE_NAME pkgName,
        MP.APN_NAME apnName,
        to_char(MI.OPEN_TIME,'yyyyMMddHH24miss') openTime,
        MI.run_code status,
        (case when ( MP.START_DATE > sysdate and MP.STATE='ENABLED' ) then '未生效'
        when ( MP.END_DATE   > sysdate and MP.STATE='ENABLED' ) then '生效'
        ELSE '失效' end) pkgStatus,
        to_char(MP.START_DATE,'yyyyMMddHH24miss') pkgEfftTime,
        to_char(MP.END_DATE,'yyyyMMddHH24miss') pkgExpireTime,
        (case when MP.SUBSPRODID is null then '-' else MP.SUBSPRODID end) subsprodid
        FROM
        ATOMIC_PRODUCTS AP
        , ${typename} MI
        , ${funcpkg} MP
        WHERE 1 = 1
        AND AP.VISIBLE = 1
        AND AP.PACKAGE_CODE = MP.PACKAGE_CODE
        AND MI.STATE = 'ENABLED'
        AND MI.MSISDN = MP.MSISDN
        AND MP.END_DATE > sysdate
        AND MP.end_date > ADD_MONTHS(SYSDATE, -6)
        <if test="macs !=null ">
            AND MP.MSISDN in
            <foreach item="item" collection="macs" index="index" open="("
                     separator="," close=")">
                #{item}
            </foreach>
        </if>
        <if test="macsiccid !=null ">
            and MP.MSISDN in (
            select msisdn from NUM_ROUTE where iccid in
            <foreach item="item" collection="macsiccid" index="index" open="("
                     separator="," close=")">
                #{item}
            </foreach>
            )
        </if>
      )
        union
        (SELECT distinct MP.MSISDN msisdn,
        MP.PACKAGE_CODE pkgCode,
        AP.PACKAGE_NAME pkgName,
        MP.APN_NAME apnName,
        to_char(MI.OPEN_TIME,'yyyyMMddHH24miss') openTime,
        MI.run_code status,
        (case when ( MP.START_DATE > sysdate and MP.STATE='ENABLED' ) then '未生效'
        when ( MP.END_DATE  > sysdate and MP.STATE='ENABLED' ) then '生效'
        ELSE '失效' end) pkgStatus,
        to_char(MP.START_DATE,'yyyyMMddHH24miss') pkgEfftTime,
        to_char(MP.END_DATE,'yyyyMMddHH24miss') pkgExpireTime,
        (case when MP.SUBSPRODID is null then '-' else MP.SUBSPRODID end) subsprodid
        FROM ATOMIC_PRODUCTS AP
        , ${typename} MI
        , ${othpkg} MP
        WHERE 1=1
        AND AP.VISIBLE = 1
        AND AP.PACKAGE_CODE = MP.PACKAGE_CODE
        AND MI.MSISDN = MP.MSISDN
        AND MI.STATE = 'ENABLED'
        AND MP.end_date > ADD_MONTHS(SYSDATE, -6)
        <if test="macs !=null ">
            AND MP.MSISDN in
            <foreach item="item" collection="macs" index="index" open="("
                     separator="," close=")">
                #{item}
            </foreach>
        </if>
        <if test="macsiccid !=null ">
            and MP.MSISDN in (
            select msisdn from NUM_ROUTE where iccid in
            <foreach item="item" collection="macsiccid" index="index" open="("
                     separator="," close=")">
                #{item}
            </foreach>
            )
        </if>
      )

    </select>
    
    	<!-- 是否为测试期)-->
	<select id="testPeriodQuery" parameterType="java.util.HashMap" resultType="java.lang.String">
		select 1 from	${priTbale} mg,${cardTbale}  mp,ATOMIC_PRODUCTS a
		  where MG.package_code=a.package_code
		and MG.msisdn=mp.msisdn
		and MG.state = 'ENABLED' 
		and Mp.state = 'ENABLED'
		and mp.run_code='US10'
		and a.PKG_TYPE='PKG_TYPE_TEST'
		  and mp.msisdn=#{msisdn}
		
	</select>
    
	<!-- 查询流量套餐信息2 -->
	<select id="findPackageInfoByMsisdnFromDynamic" parameterType="java.util.Map" resultType="com.openapi3.entity.PkgInfo" >
		(
		SELECT
			distinct MP.MSISDN msisdn,
			(case when 
				(select 
					PRODUCT_CODE 
				from ${cardTable} 
					where msisdn=MP.MSISDN 
					and STATE='ENABLED' 
					and MP.END_DATE  <![CDATA[ > ]]>(SYSDATE-1) AND ROWNUM=1 ) is null 
						then '' else (select PRODUCT_CODE from ${cardTable} where msisdn=MP.MSISDN and STATE='ENABLED' and MP.END_DATE  <![CDATA[ > ]]>(SYSDATE-1) AND ROWNUM=1 )  end
				) as prdCode,
			MP.PACKAGE_CODE pkgCode,
			AP.PACKAGE_NAME pkgName,
			MP.SUBSPRODID subsprodid,
			to_char(MP.START_DATE,'yyyyMMddHH24miss') startDate,
			to_char(MP.END_DATE,'yyyyMMddHH24miss') endDate,
			MP.APN_NAME apnName
		FROM ${pripkg} MP ,ATOMIC_PRODUCTS AP
			WHERE MP.PACKAGE_CODE=AP.PACKAGE_CODE
			AND MP.STATE = 'ENABLED'
			AND AP.VISIBLE=1
			AND AP.STATE = 'ENABLED'
			AND AP.BUS_CATEGORY='FLOW'
			AND MP.END_DATE  <![CDATA[ > ]]>(SYSDATE-1)
			<!-- <if test="msisdn !=null and msisdn !=''"> -->
			    AND mp.msisdn =#{msisdn}
			<!-- </if>        -->        
		)
		union
		(SELECT
			distinct MP.MSISDN msisdn,
			(case when 
				(select 
					PRODUCT_CODE 
				from ${cardTable} 
					where msisdn=MP.MSISDN 
					and STATE='ENABLED' 
					and MP.END_DATE  <![CDATA[ > ]]>(SYSDATE-1) AND ROWNUM=1 ) is null 
						then '' else (select PRODUCT_CODE from ${cardTable} where msisdn=MP.MSISDN and STATE='ENABLED'and MP.END_DATE  <![CDATA[ > ]]>(SYSDATE-1) AND ROWNUM=1 ) end
				) as prdCode,
			MP.PACKAGE_CODE pkgCode,
			AP.PACKAGE_NAME pkgName,
			MP.SUBSPRODID subsprodid,
			to_char(MP.START_DATE,'yyyyMMddHH24miss') startDate,
			to_char(MP.END_DATE,'yyyyMMddHH24miss') endDate,
			MP.APN_NAME apnName
		FROM ${othpkg} MP ,ATOMIC_PRODUCTS AP
			WHERE MP.PACKAGE_CODE=AP.PACKAGE_CODE
			AND MP.STATE = 'ENABLED'
			AND AP.VISIBLE=1
			AND AP.STATE = 'ENABLED'
			AND AP.BUS_CATEGORY='FLOW'
			AND MP.END_DATE  <![CDATA[ > ]]>(SYSDATE-1)
			<!-- <if test="msisdn !=null and msisdn !=''"> -->
			    AND mp.msisdn =#{msisdn}
			<!-- </if>        -->                
		)
    </select>
	
	<!-- 机器卡 单个/批量流量共享产品 -->
    <select id="queryShareFlowProductAndApnNameByMsisdnFromDynamic" parameterType="java.util.Map"  resultType="com.openapi3.entity.ShareInfoEntity">
		select
		    fm.product_code as prdCode,
		    <!-- (select nvl(wm_concat(distinct mai.apn_name),'null') apn_name from MAC_CONNECT_INFO mai,MAC_FUNC_PKG ma
		            where fm.msisdn=mai.msisdn AND mai.package_code = ma.package_code   
		         AND mai.state = 'ENABLED'
		         AND mp.ec_code = fm.ec_code     
		         AND mp.product_code =fm.product_code
		         AND ma.start_date<![CDATA[ < ]]>sysdate
		        AND decode(ma.end_date,null,sysdate,ma.end_date)<![CDATA[ >= ]]>sysdate
		           )as apnName, -->
		     	(select nvl(wm_concat(distinct t.apn_name),'null') apn_name 
		     	 from ${connectTable} t where t.msisdn = #{msisdn}
		      		)as apnName,
		           fm.package_code pkgCode              
		   from FLUX_POOL_MEM fm, ${cardTable} mp
		   where
		   fm.msisdn = mp.msisdn
		   and mp.state='ENABLED' 
		   and fm.POOL_PACKAGE in ('I00010300040','I00010300047','I00010101843','I00010101844','I00010111843','I00010111844','I00010700443','I00010700444','I00010100443','I00010100444')
		   and fm.EFF_TYPE=0
		   and fm.END_DATE  <![CDATA[ > ]]> (SYSDATE-1)            
		and to_char(fm.EFF_DATE,'YYYY-MM')<![CDATA[ < ]]>to_char(sysdate,'YYYY-MM')       	
		  <!--  <if test="msisdn !=null and msisdn !=''"> -->
		       and fm.msisdn=#{msisdn}
		   <!-- </if> -->
    </select>
	
	<!-- 机器卡 获取package_code -->
    <select id="getpkgcodeDynamic" parameterType="java.util.Map" resultType="String">
	select t.package_code 
	from
	(select package_code
	,msisdn 
	from ${funcPkg}
	where msisdn=#{msisdn}
	 and package_code in('I00010700001','I00010800001','I00010100001','I00010300001')
	)t
    </select>
    
    <!-- 查询过去到现在的套餐信息 -->
	<select id="queryPastToPresentPackageInfoFromDynamic" parameterType="java.util.Map" resultType="java.util.Map">
			select 
				rp.PACKAGE_CODE, 
				rp.EC_CODE, 
				APN_NAME, 
				rp.STATE,
				to_char(rp.START_DATE,'yyyyMMddHH24miss') START_DATE,
				 to_char(rp.end_date,'yyyyMMddHH24miss') END_DATE,
				ap.PACKAGE_NAME
			from ${priPkg} rp ,ATOMIC_PRODUCTS ap
				where rp.PACKAGE_CODE = ap.PACKAGE_CODE
				<if test="pkgCode != null and pkgCode != ''">
					and rp.PACKAGE_CODE = #{pkgCode}
				</if>
				<if test="msisdn != null and msisdn != ''">
					and rp.MSISDN = #{msisdn}
				</if>
				<if test="subSprodId != null and subSprodId !=''">
					and rp.SUBSPRODID = #{subSprodId}
				</if>
		union 
			select 
				rp.PACKAGE_CODE, 
				rp.EC_CODE, 
				APN_NAME, 
				rp.STATE,
				to_char(rp.START_DATE,'yyyyMMddHH24miss') START_DATE,
				 to_char(rp.end_date,'yyyyMMddHH24miss') END_DATE,
				ap.PACKAGE_NAME
			from ${funcPkg} rp ,ATOMIC_PRODUCTS ap
				where rp.PACKAGE_CODE = ap.PACKAGE_CODE
				<if test="pkgCode != null and pkgCode != ''">
					and rp.PACKAGE_CODE = #{pkgCode}
				</if>
				<if test="msisdn != null and msisdn != ''">
					and rp.MSISDN = #{msisdn}
				</if>
				<if test="subSprodId != null and subSprodId !=''">
					and rp.SUBSPRODID = #{subSprodId}
				</if>
		union
			select 
				rp.PACKAGE_CODE, 
				rp.EC_CODE, 
				APN_NAME, 
				rp.STATE,
				to_char(rp.START_DATE,'yyyyMMddHH24miss') START_DATE,
				 to_char(rp.end_date,'yyyyMMddHH24miss') END_DATE,
				ap.PACKAGE_NAME
			from ${othPkg} rp ,ATOMIC_PRODUCTS ap
				where rp.PACKAGE_CODE = ap.PACKAGE_CODE
				<if test="pkgCode != null and pkgCode != ''">
					and rp.PACKAGE_CODE = #{pkgCode}
				</if>
				<if test="msisdn != null and msisdn != ''">
					and rp.MSISDN = #{msisdn}
				</if>
				<if test="subSprodId != null and subSprodId !=''">
					and rp.SUBSPRODID = #{subSprodId}
				</if>
	</select> 
	
</mapper>