<?xml version="1.0" encoding="UTF-8" ?>
<!DOCTYPE mapper
        PUBLIC "-//mybatis.org//DTD Mapper 3.0//EN"
        "http://mybatis.org/dtd/mybatis-3-mapper.dtd">

<mapper namespace="SmsInfoMapper">
	
	<!-- 查询号码的短信功能状态 -->
	<select id="getSmsStatusByMsisdnFrom" resultType="java.util.HashMap" parameterType="java.util.Map">
    	select 
			STATUS, 
			DATA_SOURCE, 
			to_char(STATUS_CHANGE_TIME,'yyyyMMddHH24miss') STATE_TIME
		from ${smsTable} 
			where 1 = 1
		 	<if test="msisdn != null and msisdn != ''">
				and msisdn = #{msisdn}
			</if>
			and STATE = 'ENABLED'
    </select>
	
	<!-- 修改短信功能状态 -->
	<update id="updateSmsStateFrom" parameterType="java.util.Map">
		update ${smsTable} set state='DISABLED'
		where 1=1
		<if test="msisdn!=null and msisdn!=''">
		and msisdn=#{msisdn}
		</if>
		<if test="package_code!=null and package_code!=''">
		and package_code <![CDATA[ <> ]]> #{package_code}
		</if>
	</update>
	
	<!-- 短信校验 -->
	<update id="updateSmsStateFrom2" parameterType="java.util.Map">
		MERGE INTO ${smsTable} T 
    	USING (SELECT #{msisdn} as a, #{package_code} as b
		FROM dual) S
     	ON (T.msisdn = S.a and T.Package_Code=S.b)
	    WHEN MATCHED THEN
	    update set T.STATUS=#{smsstatus},T.data_source=#{datasource} where
		msisdn=#{msisdn}
		and package_code=#{package_code}
	    WHEN NOT MATCHED THEN
	    insert (T.MSISDN,T.SUBSPRODID, T.STATUS, STATE, T.DATA_SOURCE, T.PACKAGE_CODE,T.STATE_TIME) VALUES(#{msisdn},#{subsprodid},#{smsstatus},'ENABLED',#{datasource},#{package_code},to_date(#{start_time},'yyyy-mm-dd HH24:mi:ss'))
	</update>
	

	<!-- 单个号码短信状态查询 -->
	<select id="querySmsStatusByNew" parameterType="java.util.Map" resultType="com.openapi3.entity.MemberSmsInfo">
	select  
	MSISDN AS msisdn,
	STATUS AS status,
	STATE AS state,
	<choose>
		<when test="smsTable == 'M2M_SMS_INFO_9105'">
			CHANGE_TIME AS changeTime,
		</when>
		<otherwise>
			STATUS_CHANGE_TIME AS changeTime, 
		</otherwise>
	</choose>
	CREATE_TIME AS createTime,
	DATA_SOURCE AS dataSource,
	STATE_TIME  AS stateTime
	from ${smsTable}   where msisdn = #{msisdn} and STATE = 'ENABLED'
	</select>
	
</mapper>