<?xml version="1.0" encoding="UTF-8" ?>
<!DOCTYPE mapper
        PUBLIC "-//mybatis.org//DTD Mapper 3.0//EN"
        "http://mybatis.org/dtd/mybatis-3-mapper.dtd">

<mapper namespace="VoiceInfoMapper">
	
	<!-- 查询号码的卡表信息 -->
	<select id="queryVoiceState" parameterType="java.util.Map" resultType="java.util.Map">
		select p.msisdn,
		<if test="voice_info_table != 'M2M_VOICE_INFO_9105'">
		p.subsprodid,p.package_code,
		</if>
		p.status,p.state,to_char(p.state_time,'yyyyMMddHH24miss') as state_time,
		<if test="voice_info_table != 'M2M_VOICE_INFO_9105'">
		to_char(p.status_change_time,'yyyyMMddHH24miss') as status_change_time,
		</if>
		<if test="voice_info_table == 'M2M_VOICE_INFO_9105'">
		to_char(p.CHANGE_TIME,'yyyyMMddHH24miss') as CHANGE_TIME,
		</if>
		to_char(p.create_time,'yyyyMMddHH24miss') as create_time,p.data_source
		from ${voice_info_table} p left join num_route b on p.msisdn = b.msisdn  
		where p.state='ENABLED' 
		<if test="msisdn != null and msisdn != ''">
		 and p.msisdn=#{msisdn}
		</if>
		<if test="iccid != null and iccid != ''">
		and b.iccid = #{iccid}
		</if>
	</select>

	<update id="updateVoiceInfoDis" parameterType="java.util.Map">
		update ${voice_info_table} set state='DISABLED',STATE_TIME = SYSDATE
	        <if test="datasource !=null and datasource !=''">
	        ,data_source=#{datasource}
	        </if>
			where 1=1
			and msisdn=#{msisdn}
			<if test="subsprodid != null and subsprodid != ''">
				and SUBSPRODID=#{subsprodid}
			</if>
			<if test="voice_info_table != 'M2M_VOICE_INFO_9105'">
			and package_code in ('I00010100095','I00010100096','I00010100097')
			</if>
	</update>
	
	<update id="updateVoiceInfoStatus"  parameterType="java.util.Map">
		MERGE into ${voice_info_table} T USING (
			SELECT #{msisdn,jdbcType=VARCHAR} AS A
			<if test="voice_info_table != 'M2M_VOICE_INFO_9105'">
			, #{subsprodid,jdbcType=VARCHAR} AS B
			</if>
			 FROM dual
		) S ON (T.MSISDN = S.A 
		<if test="voice_info_table != 'M2M_VOICE_INFO_9105'">
		AND T.SUBSPRODID = S.B
		</if>
		)
		WHEN MATCHED THEN
			UPDATE SET T.STATUS = #{voicestatus,jdbcType=VARCHAR}, T.DATA_SOURCE = #{datasource,jdbcType=VARCHAR},T.STATE_TIME = SYSDATE
		WHEN NOT MATCHED THEN
			INSERT (
				T.MSISDN, 
				<if test="voice_info_table != 'M2M_VOICE_INFO_9105'">
				T.SUBSPRODID,
				</if>
				T.STATUS, T.STATE, T.DATA_SOURCE, 
				<if test="voice_info_table != 'M2M_VOICE_INFO_9105'">
				T.PACKAGE_CODE,
				</if>
				T.STATE_TIME
			)
			VALUES(
				#{msisdn,jdbcType=VARCHAR},
				<if test="voice_info_table != 'M2M_VOICE_INFO_9105'">
					#{subsprodid,jdbcType=VARCHAR},
				</if>
				#{voicestatus,jdbcType=VARCHAR},
				'ENABLED',#{datasource,jdbcType=VARCHAR},
				<if test="voice_info_table != 'M2M_VOICE_INFO_9105'">
				#{package_code,jdbcType=VARCHAR},
				</if>
					to_date(#{start_time,jdbcType=VARCHAR},'yyyy-mm-dd HH24:mi:ss')
			)
	</update>
	
	<!-- 查询语音套餐code -->
	<select id="queryPkgByCategory" resultType="String">
		select package_code from atomic_products where BUS_CATEGORY='VOICE'
	</select>
	
</mapper>