<?xml version="1.0" encoding="UTF-8"?>

<!DOCTYPE sqlMap
 PUBLIC "-//ibatis.apache.org//DTD SQL Map 2.0//EN"
 "http://ibatis.apache.org/dtd/sql-map-2.dtd">

<sqlMap>

<!-- 号码分表分库 -->
	<sql id="findMsisdnByTablePartionNew">
		<isNotEmpty property="mainType">
			<isEqual property="mainType" compareValue="0"><!-- 全部产品 -->
				M2M_PERSON 
			</isEqual>
			<isEqual property="mainType" compareValue="1"><!-- 车联网主体产品 -->
				 IOV_CARD
			</isEqual>
			<isEqual property="mainType" compareValue="2"><!-- 机器卡主体产品 -->
				 MAC_CARD
			</isEqual>
			<isEqual property="mainType" compareValue="3"><!-- NB-IOT主体产品 -->
				 NB_CARD
			</isEqual>
			<isEqual property="mainType" compareValue="4"><!-- 和对讲主体产品HDJ -->
				 WLW_CARD 
			</isEqual>				
			<isEqual property="mainType" compareValue="6"><!-- 9105 -->
				 CARD_9105
			</isEqual>
		</isNotEmpty>
		<isEmpty property="mainType">
				M2M_PERSON 
		</isEmpty>
	</sql>

<!-- 生命周期 -->
<!--  <select id="queryMsisdnLifeCycleV3" resultClass="java.util.HashMap" resultSetType="SCROLL_INSENSITIVE">         
	  select distinct mi.msisdn,
		     mi.run_code,
		     (select us.code
	          from user_state us
	         	where Instr(us.include_state_codes, mi.run_code) > 0
           		and us.state = 'ENABLED') as status,
		    (
				CASE WHEN 
					mi.run_code='US10' 
					AND 
					(
						EXISTS (SELECT 1 FROM m2m_grpmem PARTITION(m2m_grpmem_partition$part$)
							WHERE msisdn=mi.msisdn 
							AND state = 'ENABLED'
							AND (package_code='I00010300050' OR package_code='prod.10000001002163' OR package_code='prod.10086000002207')
						)
						OR
						EXISTS (SELECT 1 FROM m2m_per_pkg PARTITION(m2m_per_pkg_partition$part$)
			  				
							WHERE msisdn=mi.msisdn 
							AND state = 'ENABLED'
							AND (package_code='I00010300050' OR package_code='prod.10000001002163' OR package_code='prod.10086000002207')
						)
					) 
				THEN 'test'
				ELSE '' END
				
			) AS test 
		     from m2m_person partition (M2M_PERSON_PARTITION$part$) mi
		     where msisdn=#msisdn#
		     and state='ENABLED'
 </select> -->
 
 <select id="getApnDate" resultClass="java.util.HashMap" resultSetType="SCROLL_INSENSITIVE">         
	 select to_char(max(state_time),'yyyy-mm-dd hh24:mi:ss') ApnDate from <include refid="queryAPNTableName"/> where msisdn=#msisdn# 
 </select>
 <select id="getSmsDate" resultClass="java.util.HashMap" resultSetType="SCROLL_INSENSITIVE">         
	 select to_char(max(state_time),'yyyy-mm-dd hh24:mi:ss') SmsDate from <include refid="querySMSTableName"/> where msisdn=#msisdn#
 </select>
 <select id="getVoiDate" resultClass="java.util.HashMap" resultSetType="SCROLL_INSENSITIVE">         
	 select to_char(max(state_time),'yyyy-mm-dd hh24:mi:ss') VoiDate from  <include refid="queryVoiceTableName"/> where msisdn=#msisdn#
 </select>
 
 <!-- 按内容计费修改-判断号码是否订购专网专号内容计费标识产品（iotprod.10086000016332） -->
 <select id="isIdenProd" resultClass="java.lang.Integer">
	select t1.count + t2.count + t3.count
         from 
        (select count(1) as count  from 
        <include refid="queryPKGTableName"/>  m   <!-- 资费套餐 -->
        where m.package_code = 'iotprod.10086000016332'
        <isNotEmpty property="ecCode">
			and ec_code = #ecCode#
		</isNotEmpty>
		<isNotEmpty property="msisdn">
			and m.msisdn=#msisdn#
		</isNotEmpty>
        ) t1,
        (select count(1) as count  from 
        <include refid="queryFUNCTableName"/>  m   <!-- 功能套餐 -->
        where m.package_code = 'iotprod.10086000016332'
        <isNotEmpty property="ecCode">
			and ec_code = #ecCode#
		</isNotEmpty>
		<isNotEmpty property="msisdn">
			and m.msisdn=#msisdn#
		</isNotEmpty>
        ) t2,
        (select count(1) as count  from 
        <include refid="queryOtherTableName"/>  m   <!-- 其他套餐 -->
        where m.package_code = 'iotprod.10086000016332'
        <isNotEmpty property="ecCode">
			and ec_code = #ecCode#
		</isNotEmpty>
		<isNotEmpty property="msisdn">
			and m.msisdn=#msisdn#
		</isNotEmpty>
        ) t3
        
        <!-- ,
        (select count(1) as count from  m2m_per_pkg m
        where m.package_code = 'iotprod.10086000016332'
        <isNotEmpty property="ecCode">
			and m.msisdn in (select msisdn from <include refid="findMsisdnByTablePartionNew"/> where ec_code = #ecCode#)
		</isNotEmpty>
        <isNotEmpty property="msisdn">
			and m.msisdn=#msisdn#
		</isNotEmpty>)t2  -->
 </select>
 
  <!-- 综合信息详情 -->
 <select id="getDeviceViewInfoV3" resultClass="java.util.HashMap" resultSetType="SCROLL_INSENSITIVE">         
       select 
		 distinct u.msisdn,u.ec_code,
		  u.iccid,
		  u.imei,
		  u.imsi,
		  to_char(u.RUN_CODE_TIME,'yyyy-mm-dd hh24:mi:ss') LIFE_CYCLE_CHANGE_DATE,
		  (select ec_name from  enterprise_customer ec where ec.ec_code=u.ec_code) ec_name,
		  (select ar.area_name from areas ar where  ar.area_code=u.area_code) area_name,
		  (select dict_data_name
  			from dictionary_data
 		    where dict_type_id =(select dict_type_id 
 		    						from dictionary_type
         							where DICT_TYPE_CODE = 'ACCOUNT_STATUS')
   			AND dict_data_code = u.run_code) as run_code,
		  to_char(u.open_time,'yyyy-mm-dd hh24:mi:ss') as open_time,
		  <!-- (case 
	          when to_char(u.ACTIVATE_DATE,'yyyy') = '1970'
	        then
	          '-'
	        else
	          to_char(u.ACTIVATE_DATE,'yyyy-mm-dd hh24:mi:ss')
		   end)as ACTIVATE_DATE, -->
		   <!-- (NVL((SELECT to_char(pmi.activate_date, 'yyyy-mm-dd hh24:mi:ss') FROM PER_MEMBER_INFO PMI 
		   		WHERE PMI.MSISDN = u.msisdn AND PMI.STATE = 'ENABLED'),'-')) as ACTIVATE_DATE, -->
		   		(case
			when to_char(u.ACTIVATE_DATE,'yyyy') = '1970'
			then
			'-'
			else
			to_char(u.ACTIVATE_DATE,'yyyy-mm-dd hh24:mi:ss')
			end)as ACTIVATE_DATE,
		   <!-- (case u.USER_TYPE when 'PN' then '物联网卡' else '动力100' end) as userType, -->
		  <!-- to_char(u.ACTIVATE_DATE,'yyyy-mm-dd') as ACTIVATE_DATE, -->
		  REMARK as remark,
		  REMARK_TWO as remarkTwo,
		  REMARK_THR as remarkThr
		  <isNotEqual property="mainType" compareValue="3"><!-- 非NB-IOT主体产品 -->
				, '' as LOWPOWERMODE , '' as RAUTAUTIMER , '' as ACTIVETIMER 
			</isNotEqual>
		  	<isEqual property="mainType" compareValue="3"><!-- NB-IOT主体产品 -->
				, LOWPOWERMODE , RAUTAUTIMER , ACTIVETIMER 
			</isEqual>
		from <include refid="findMsisdnByTablePartionNew"/> u 
		<isEqual property="rightType" compareValue="2">
	       left join (
				SELECT dept_id,msisdn FROM pro_asset 
				WHERE dept_id in (<include refid="findDeptIdsByUserRights"/>) 
			)  pa on u.msisdn=pa.msisdn 
		</isEqual> 
				
		where u.msisdn= #msisdn# 
		 and  u.state='ENABLED'
		<isEqual property="mainType" compareValue="4"><!-- 和对讲HDJ -->
			and u.card_type='HDJ'
		</isEqual>		 
		<isEqual property="rightType" compareValue="2">
			and pa.dept_id is not null 
		</isEqual>
	</select>
	
	<!-- 查询号码产品编码 -->
	<select id="findMsisdnProductCode" resultClass="java.lang.String">
		select 
      wm_concat(distinct u.product_code)
      from <include refid="findMsisdnByTablePartionNew"/> u
      where u.ec_code = #ecCode#
      and u.msisdn = #msisdn#
      and u.state = 'ENABLED'
      <isEqual property="mainType" compareValue="4"><!-- 和对讲HDJ -->
			and u.card_type='HDJ'
		</isEqual>
	</select>
	
	
	<!-- 单个成员【有效套餐】信息查询 -->
	<select id="queryMemberPackageInfo" resultClass="com.lenovo.iotpro3.vo.member.MemberPackageInfoVo" >
				(SELECT
					distinct MP.MSISDN msisdn,
					MP.PACKAGE_CODE pkgCode,
					ap.PACKAGE_NAME pkgName,
					<!-- (case MP.STATE when 'ENABLED' then '生效'
					when 'DISABLED' then '失效' ELSE '暂停' end) pkgStatus, -->
					to_char(MP.START_DATE,'yyyy-MM-dd HH24:mm:ss') pkgEfftTime,
					to_char(MP.END_DATE,'yyyy-MM-dd HH24:mm:ss') pkgExpireTime
					FROM M2M_GRPMEM 
					<isNotEmpty property="part">
						PARTITION(M2M_GRPMEM_PARTITION$part$) 
					</isNotEmpty>
					MP ,atomic_products ap
                      WHERE MP.PACKAGE_CODE=ap.PACKAGE_CODE
                      AND MP.START_DATE <![CDATA[<= ]]>SYSDATE
                      AND MP.END_DATE > SYSDATE
                      AND MP.STATE = 'ENABLED'
                      AND ap.STATE = 'ENABLED'
                      AND ap.VISIBLE='1'
                      and ap.BUS_CATEGORY='FLOW'
                      AND ap.PKG_CATEGORY='PKG_CAT_BUSINESS' 
                       <isNotEmpty prepend="and" property="ecCode">
                          MP.ec_code = #ecCode#
                      </isNotEmpty>
					<isNotEmpty property="msisdn">
						and mp.msisdn =#msisdn#
					</isNotEmpty>
				)
				union
				(SELECT
					distinct MP.MSISDN msisdn,
					MP.PACKAGE_CODE pkgCode,
					ap.PACKAGE_NAME pkgName,
					<!-- (case MP.STATE when 'ENABLED' then '生效'
					when 'DISABLED' then '失效' ELSE '暂停' end) pkgStatus, -->
					to_char(MP.START_DATE,'yyyy-MM-dd HH24:mm:ss') pkgEfftTime,
					to_char(MP.END_DATE,'yyyy-MM-dd HH24:mm:ss') pkgExpireTime
					FROM M2M_PER_PKG MP ,atomic_products ap
                     WHERE MP.PACKAGE_CODE=ap.PACKAGE_CODE
                      AND MP.START_DATE <![CDATA[<= ]]>SYSDATE
                      AND MP.END_DATE > SYSDATE
                      AND MP.STATE = 'ENABLED'
                      AND ap.STATE = 'ENABLED'
                      AND ap.VISIBLE='1'
                      AND ap.PKG_CATEGORY='PKG_CAT_BUSINESS' 
                      and ap.BUS_CATEGORY='FLOW'
					<isNotEmpty property="msisdn">
						and mp.msisdn =#msisdn#
					</isNotEmpty>
   				)
	</select>
	
	<!-- 号码是否属于指定集团 -->
	<select id="ifMsisdnBelongEc" resultClass="java.lang.Integer">
		select count(1) from <!-- m2m_person  
			<isNotEmpty property="part">
				partition (M2M_PERSON_PARTITION$part$)
			</isNotEmpty> -->
			<include refid="queryMsisdn_1"/> 
			mp
			where 1=1
             and mp.state='ENABLED'
             <isEqual property="mainType" compareValue="4"><!-- 和对讲HDJ -->
				and mp.card_type='HDJ'
			</isEqual>
			<isNotEmpty property="msisdn">
				and mp.msisdn =#msisdn#
			</isNotEmpty>
			<isNotEmpty property="ecCode">
				and mp.ec_code =#ecCode#
			</isNotEmpty>
			<!-- 子账户显示选定部门下的卡信息 -->
			<isEqual property="rightType" compareValue="2">
	    		 and exists (select 1  from pro_asset b where mp.msisdn=b.msisdn and b.dept_id in (<include refid="findDeptIdsByUserRights"/>))
			</isEqual>
	</select>

	<select id="findMsisdnIccid" resultClass="com.lenovo.iotpro3.vo.asset.MsisdnIccidVo">
	
	select
		u.msisdn,
		u.iccid
	from
	<!-- M2M_PERSON --> <include refid="queryMsisdn_1"/> u
	<isEqual property="rightType" compareValue="2">
	       inner join (
				SELECT dept_id,msisdn FROM pro_asset 
				WHERE dept_id in (<include refid="findDeptIdsByUserRights"/>) 
			)  pa on u.msisdn=pa.msisdn 
		</isEqual> 
	where 1=1 
	and state = 'ENABLED'
	<isEqual property="mainType" compareValue="4"><!-- 和对讲HDJ -->
		and u.card_type='HDJ'
	</isEqual>
	<isNotEmpty property="msisdn">
	and u.msisdn=#msisdn#
	</isNotEmpty>
	
	<isNotEmpty property="iccid">
	and u.iccid=#iccid#
	</isNotEmpty>
	<isNotEmpty property="ecCode">
        and u.ec_code =#ecCode#
    </isNotEmpty>
	and rownum =1
	</select>
	
	<select id="findMsisdnIccidByAllTab" resultClass="com.lenovo.iotpro3.vo.asset.MsisdnIccidVo">
	select u.msisdn,IOT_AES_CRYPT(u.msisdn,1) as encryptData,u.iccid,decode(u.ec_main_prod_id,'AppendAttr.I00010800001','1',
	'AppendAttr.I00010300001','2','AppendAttr.I00011200001','3','AppendAttr.I00011000001','4','AppendAttr.9105','6','') mainType from NUM_ROUTE u
	<isEqual property="rightType" compareValue="2">
	       inner join (
				SELECT dept_id,msisdn FROM pro_asset 
				WHERE dept_id in (<include refid="findDeptIdsByUserRights"/>) 
			)  pa on u.msisdn=pa.msisdn 
		</isEqual> 
	where 1=1 
	and state = 'ENABLED'
	<isNotEmpty property="msisdn">
	and u.msisdn=#msisdn#
	</isNotEmpty>
	<isNotEmpty property="iccid">
	and u.iccid=#iccid#
	</isNotEmpty>
	and rownum =1
	</select>


	<select id="findAmountByPkgCode" resultClass="Double">

		SELECT UNIT_VALUE AMOUNT from ATOMIC_PRODUCTS WHERE PACKAGE_CODE=#pkgCode#

	</select>

    <!-- 根据套餐编号查询套餐名称 -->
	<select id="queryMsisdnPkgType" resultClass="String">
		select 
			PKG_TYPE
		from
			ATOMIC_PRODUCTS
		where
			PACKAGE_CODE = #pkgCode#
	</select>
	
	<select id="findApnByMsisdnAndPkgCode" resultClass="String">

			SELECT DISTINCT APN_NAME APNNAME FROM <include refid="queryPKG_1"/>  WHERE
			MSISDN=#msisdn# AND
			EC_CODE=#ecCode# AND
			PACKAGE_CODE=#pkgCode#

		<!-- (SELECT DISTINCT mpp.APN_NAME APNNAME FROM
			m2m_per_pkg mpp,
			m2m_person mp
		WHERE mpp.MSISDN=#msisdn# AND
			  mp.EC_CODE=#ecCode#  AND
			  mpp.MSISDN=mp.MSISDN AND
			  mpp.PACKAGE_CODE=#pkgCode#)
		union
		(SELECT DISTINCT APN_NAME APNNAME FROM m2m_grpmem WHERE
			MSISDN=#msisdn# AND
			EC_CODE=#ecCode# AND
			PACKAGE_CODE=#pkgCode#)  -->

	</select>


	<select id="findDualApnName" resultClass="HashMap">

		SELECT
			(
				SELECT WM_CONCAT(APN_NAME) FROM <!-- M2M_APN_INFO --> <include refid="queryFUNC_1"/>
                 WHERE STATE='ENABLED'
                 AND start_date <![CDATA[<= ]]>SYSDATE
                 AND end_date >= SYSDATE
                 AND PACKAGE_CODE IN('I00010100085','I00010100035','I00011100008','I00011100008_1')              
                 AND MSISDN=#msisdn#					
			) com,
			(
				SELECT WM_CONCAT(APN_NAME) FROM <!-- M2M_APN_INFO --> <include refid="queryFUNC_1"/>
                 WHERE STATE='ENABLED'
                 AND start_date <![CDATA[<= ]]>SYSDATE
                 AND end_date >= SYSDATE
                 AND PACKAGE_CODE IN('I00010100092','I00010100093','I00011100008','I00011100008_1')
                 AND MSISDN=#msisdn#					
			) spe

		FROM dual


	</select>
	
	<select id="isManySpecialApnByMsisdn" resultClass="java.lang.Integer">
		SELECT count(MSISDN) FROM <include refid="queryFUNC_1"/> 
			WHERE MSISDN = #msisdn# AND (PACKAGE_CODE='I00010100092' OR PACKAGE_CODE='I00010100093')
			AND START_DATE <![CDATA[ <= ]]> sysdate
        		AND END_DATE <![CDATA[ >= ]]> sysdate
	</select>
	
	<select id="getApnName" resultClass="java.util.HashMap">
		SELECT AI.APN_NAME AS apnName 
		FROM M2M_PER_PKG MPP LEFT JOIN M2M_APN_INFO AI 
		ON MPP.MSISDN = AI.MSISDN
		WHERE MPP.MSISDN = #msisdn# AND MPP.PACKAGE_CODE = #packageCode# 
		UNION ALL 
		SELECT AI.APN_NAME AS apnName 
		FROM M2M_GRPMEM MG LEFT JOIN M2M_APN_INFO AI 
		ON MG.MSISDN = AI.MSISDN
		WHERE MG.MSISDN = #msisdn# AND MG.PACKAGE_CODE = #packageCode#
	</select>
	
	<select id="queryMsisdnIsOrderStrategicPro" resultClass="java.lang.Integer">
		<!-- 分表分库sql -->
		 SELECT COUNT(IFP.MSISDN)
				FROM (SELECT MSISDN,PACKAGE_CODE FROM <include refid="queryFUNC_1"/>  
				WHERE PACKAGE_CODE = 'iotprod.10086000016332' 
				AND MSISDN = #msisdn# 
				AND STATE = 'ENABLED' 
				AND START_DATE <![CDATA[ <= ]]> SYSDATE
				AND END_DATE <![CDATA[ >= ]]> SYSDATE) IFP 
			<!-- RIGHT JOIN <include refid="queryFUNC_1"/> IFPA
			ON IFP.MSISDN = IFPA.MSISDN
			WHERE IFPA.STATE = 'ENABLED' 
			AND IFPA.PACKAGE_CODE IN ('iotprod.10086000016333','iotprod.10086000016334','iotprod.10086000016335') -->
			<!-- AND IFPA.START_DATE <![CDATA[ <= ]]> SYSDATE
			AND IFPA.END_DATE <![CDATA[ >= ]]> SYSDATE
			AND IFPA.MSISDN = #msisdn# -->
			
			<!-- SELECT COUNT(IFPA.MSISDN)
			FROM (SELECT MSISDN,PACKAGE_CODE FROM M2M_GRPMEM 
				WHERE PACKAGE_CODE = 'iotprod.10086000016332' AND STATE = 'ENABLED' 
				AND START_DATE <![CDATA[ <= ]]> SYSDATE
				AND END_DATE <![CDATA[ >= ]]> SYSDATE
				UNION 
				SELECT MSISDN,PACKAGE_CODE FROM M2M_PER_PKG 
				WHERE PACKAGE_CODE = 'iotprod.10086000016332' AND STATE = 'ENABLED' 
				AND START_DATE <![CDATA[ <= ]]> SYSDATE
				AND END_DATE <![CDATA[ >= ]]> SYSDATE
			) IFP 
			RIGHT JOIN (
				SELECT MSISDN,PACKAGE_CODE FROM M2M_GRPMEM 
				WHERE PACKAGE_CODE IN ('iotprod.10086000016333','iotprod.10086000016334','iotprod.10086000016335') AND STATE = 'ENABLED' 
				AND START_DATE <![CDATA[ <= ]]> SYSDATE
				AND END_DATE <![CDATA[ >= ]]> SYSDATE
				UNION 
				SELECT MSISDN,PACKAGE_CODE FROM M2M_PER_PKG 
				WHERE PACKAGE_CODE IN ('iotprod.10086000016333','iotprod.10086000016334','iotprod.10086000016335') AND STATE = 'ENABLED' 
				AND START_DATE <![CDATA[ <= ]]> SYSDATE
				AND END_DATE <![CDATA[ >= ]]> SYSDATE
			) IFPA
			ON IFP.MSISDN = IFPA.MSISDN
			WHERE IFPA.MSISDN = #msisdn# -->
	</select>
	
	<select id="poolShareFlowPrd" resultClass="java.util.HashMap">
		select
        fm.product_code as prdCode,
        (select nvl(wm_concat(distinct apn_name),'null') apn_name from M2M_APN_INFO mai
                where fm.msisdn=mai.msisdn
			          AND mai.state = 'ENABLED'
			          AND mp.ec_code = fm.ec_code     
			          AND mp.product_code =fm.product_code
			          AND mai.START_TIME<![CDATA[ < ]]>sysdate
			          AND decode(mai.END_TIME,null,sysdate,mai.END_TIME)<![CDATA[ >= ]]>sysdate
                )as apnName,
                fm.package_code pkgCode              
        from FLUX_POOL_MEM fm,M2M_PERSON mp
        where
        fm.msisdn = mp.msisdn
        and mp.state='ENABLED' 
        and fm.POOL_PACKAGE in ('I00010300040','I00010300047')
        and fm.EFF_TYPE=0
        and fm.END_DATE  <![CDATA[ > ]]> (SYSDATE-1)            
   		and to_char(fm.EFF_DATE,'YYYY-MM')<![CDATA[ < ]]>to_char(sysdate,'YYYY-MM') 
   		<isNotEmpty property="msisdn">
            and fm.msisdn = #msisdn#
   		</isNotEmpty>      
	</select>
	
	<!-- 获取流量池套餐信息 -->
    <select id="queryPoolPkgByMisisdn" resultClass="java.lang.String">
	    select DISTINCT fm.POOL_PACKAGE poolPkg
	        from FLUX_POOL_MEM fm
	        where 1=1 and fm.msisdn = #msisdn#
	        and fm.START_DATE  <![CDATA[ < ]]> sysdate
	        and fm.END_DATE  <![CDATA[ > ]]> sysdate      
	        and fm.EFF_TYPE=0
	        and fm.EFF_DATE<![CDATA[ < ]]>sysdate 
    </select>
    		 
    <!-- 查询流量套餐信息 -->
    <select id="queryMsisdnPackageInfo" resultClass="java.util.HashMap" >
          	(SELECT
				distinct MP.MSISDN msisdn,
				MP.PACKAGE_CODE pkgCode,
				AP.PACKAGE_NAME pkgName,
				MP.APN_NAME apnName, 
				to_char(MP.START_DATE,'yyyyMMddHH24miss') startDate,
				to_char(MP.END_DATE,'yyyyMMddHH24miss') endDate,
				(case when MP.SUBSPRODID is null then '-' else MP.SUBSPRODID end) subsprodid,
				AP.VISIBLE VISIBLE
			FROM <include refid="queryPKG_1"/> 
			MP ,ATOMIC_PRODUCTS AP
				WHERE MP.PACKAGE_CODE=AP.PACKAGE_CODE
                AND MP.STATE = 'ENABLED'
                AND AP.VISIBLE=1
                AND AP.STATE = 'ENABLED'
                AND AP.BUS_CATEGORY='FLOW'
				  AND MP.END_DATE <![CDATA[ > ]]> (SYSDATE-1)
                <isNotEmpty property="msisdn">
                    and mp.msisdn = #msisdn#
                </isNotEmpty>
		)
		union
		(SELECT
				distinct MP.MSISDN msisdn,
				MP.PACKAGE_CODE pkgCode,
				AP.PACKAGE_NAME pkgName,
				MP.APN_NAME apnName, 
				to_char(MP.START_DATE,'yyyyMMddHH24miss') startDate,
				to_char(MP.END_DATE,'yyyyMMddHH24miss') endDate,
				(case when MP.SUBSPRODID is null then '-' else MP.SUBSPRODID end) subsprodid,
				AP.VISIBLE VISIBLE
			FROM ATOMIC_PRODUCTS AP , <include refid="queryFUNC_1"/> MP
           	WHERE mp.package_code = ap.package_code
                AND MP.STATE = 'ENABLED'
                AND AP.VISIBLE=1
                AND AP.STATE = 'ENABLED'
                AND AP.BUS_CATEGORY='FLOW'
				  AND mp.end_date <![CDATA[ > ]]> (SYSDATE-1)
                <isNotEmpty property="msisdn">
                    and mp.msisdn = #msisdn#
                </isNotEmpty>
		)
		<!-- union
		(SELECT
				distinct MP.MSISDN msisdn,
				MP.PACKAGE_CODE pkgCode,
				AP.PACKAGE_NAME pkgName,
				MP.APN_NAME apnName, 
				to_char(MP.START_DATE,'yyyyMMddHH24miss') startDate,
				to_char(MP.END_DATE,'yyyyMMddHH24miss') endDate,
				(case when MP.SUBSPRODID is null then '-' else MP.SUBSPRODID end) subsprodid,
				AP.VISIBLE VISIBLE
				FROM ${othpkg} 
				MP ,ATOMIC_PRODUCTS AP
				WHERE mp.package_code = ap.package_code
				  AND MP.END_DATE > sysdate
				  AND mp.end_date <![CDATA[ > ]]> (SYSDATE-1)
                <isNotEmpty property="msisdn">
                    and mp.msisdn = #msisdn#
                </isNotEmpty>
		)      
                 -->
                  
    </select>
	
	<!-- X -->
	
	<!-- <select id="getApnName2" resultClass="java.util.HashMap">
		select upper(mai.apn_name) apn_name from m2m_apn_info mai
			<isEmpty property="month">
				where mai.state='ENABLED'
					and mai.start_time <![CDATA[ < ]]> sysdate
					and mai.end_time <![CDATA[ > ]]> sysdate
			</isEmpty>
			<isNotEmpty property="month">
				where 1 = 1
					and mai.start_time <![CDATA[ < ]]> add_months(TO_DATE(#month#,'YYYYMM'),1)-1
					and mai.end_time <![CDATA[ > ]]> add_months(TO_DATE(#month#,'YYYYMM'),0)
			</isNotEmpty>
			<isNotEmpty property="msisdn">
				and mai.msisdn = #msisdn#
			</isNotEmpty>
	</select> -->
	
	
	<select id="queryMsisdnPackName" resultClass="java.lang.String">
		select 
			PACKAGE_NAME
		from
			ATOMIC_PRODUCTS
		where
			PACKAGE_CODE = #param#
	</select>
	
	
	<!-- 根据套餐编号查询新旧资费 -->
	<select id="queryMsisdnRelease" resultClass="java.lang.String" >
		select 
			RELEASE
		from
			ATOMIC_PRODUCTS
		where
			PACKAGE_CODE = #param#
	</select>
	
	<!-- <select id="findUserTypeByMsisdn" resultClass="java.util.HashMap">
		SELECT 
			p.user_type user_type 
		FROM m2m_person  
		<if test="part !=null and part !=''">
		PARTITION(m2m_person_partition${part})
		</if>
		p
		WHERE p.state = 'ENABLED' 
		AND p.msisdn = #msisdn#
		<isNotEmpty property="ecCode"> 
		AND p.ec_code = #ecCode#
		</isNotEmpty> 
	</select> -->
	
	<!-- 月流量判断号码有没有加入流量共享或流量池 -->
     <select id="ifExit" resultClass="java.lang.Long">
     SELECT
		(
			SELECT
				COUNT (1)
			FROM
				FLUX_POOL_MEM_SNAPSHOOT fm
			WHERE fm.STAT_MONTH = TO_CHAR (SYSDATE, 'yyyy-mm')
			AND fm.END_DATE > (SYSDATE - 1)
			and to_char(fm.EFF_DATE ,'yyyy-mm')  != to_char(sysdate,'yyyy-mm')            
			<isNotEmpty property="msisdn">
				AND fm.msisdn = #msisdn#
			</isNotEmpty>
		) + (
			SELECT
				COUNT (1)
			FROM
				FLUX_POOL_MEM fm
			WHERE fm.EFF_TYPE = '0'
			AND fm.END_DATE > (SYSDATE - 1)
			and to_char(fm.EFF_DATE ,'yyyy-mm')  != to_char(sysdate,'yyyy-mm')            
			<isNotEmpty property="msisdn">
				AND fm.msisdn = #msisdn#
			</isNotEmpty>
		) COUNT
		FROM dual
    </select>
    
    <!-- 获取号码所有的通用专用apnName -->
    <select id="queryApnByMsisdn" resultClass="java.util.HashMap">
    
    	<isNotEmpty property="mainType"> 
			<isEqual property="mainType" compareValue="1"><!-- 车联网主体产品 -->
				SELECT b.apn_name apnName, b.package_code packageCode,b.status
					apnState,to_char(mp.start_date,'yyyyMMddHH24miss') apnActiTime
				from
				IOV_CONNECT_INFO b
				left join IOV_FUNC_PKG mp on mp.SUBSPRODID =
				b.SUBSPRODID
				where
				b.STATE='ENABLED'
				and b.msisdn = #msisdn#
				and
				mp.MSISDN = #msisdn#
		        <isNotEmpty property="month">
					AND mp.START_DATE<![CDATA[ < ]]>add_months(TO_DATE(#month#,
					'yyyymm'), 1) - 1
					AND mp.END_DATE<![CDATA[ > ]]>add_months(TO_DATE(#month#,
					'yyyymm'), 0)
				</isNotEmpty>
				and b.package_code in
				('I00010100035','I00010100085','I00010100092','I00010100093','I00011100008')
			</isEqual>
			<isEqual property="mainType" compareValue="2"><!-- 机器卡主体产品 -->
				SELECT b.apn_name apnName, b.package_code packageCode,b.status
					apnState,to_char(mp.start_date,'yyyyMMddHH24miss') apnActiTime
				from
				MAC_CONNECT_INFO b
				left join MAC_FUNC_PKG mp on mp.SUBSPRODID =
				b.SUBSPRODID
				where
				b.STATE='ENABLED'
				and b.msisdn = #msisdn#
				and mp.MSISDN =#msisdn#
		        <isNotEmpty property="month">
					AND mp.START_DATE<![CDATA[ < ]]>add_months(TO_DATE(#month#,
					'yyyymm'), 1) - 1
					AND mp.END_DATE<![CDATA[ > ]]>add_months(TO_DATE(#month#,
					'yyyymm'), 0)
				</isNotEmpty>
				and b.package_code in
				('I00010100035','I00010100085','I00010100092','I00010100093','I00011100008')
			</isEqual>
			
			<isEqual property="mainType" compareValue="3"><!-- NB-IOT主体产品 -->
				SELECT b.apn_name apnName, b.package_code packageCode,b.status
					apnState,to_char(mp.start_date,'yyyyMMddHH24miss') apnActiTime
				from
				NB_CONNECT_INFO b
				left join NB_FUNC_PKG mp on mp.SUBSPRODID =
				b.SUBSPRODID
				where
				b.STATE='ENABLED'
				and b.msisdn = #msisdn#
				and mp.MSISDN = #msisdn#
		        <isNotEmpty property="month">
					AND mp.START_DATE<![CDATA[ < ]]>add_months(TO_DATE(#month#,
					'yyyymm'), 1) - 1
					AND mp.END_DATE<![CDATA[ > ]]>add_months(TO_DATE(#month#,
					'yyyymm'), 0)
				</isNotEmpty>
				and b.package_code in
				('I00010100035','I00010100085','I00010100092','I00010100093','I00011100008')
			</isEqual>
			<isEqual property="mainType" compareValue="4"><!-- 和对讲HDJ主体产品 -->
				SELECT b.apn_name apnName, b.package_code packageCode,b.status
					apnState,to_char(mp.start_date,'yyyyMMddHH24miss') apnActiTime
				from
				WLW_CONNECT_INFO b
				left join NB_FUNC_PKG mp on mp.SUBSPRODID =
				b.SUBSPRODID
				where
				b.STATE='ENABLED'
				and b.msisdn = #msisdn#
				and mp.MSISDN = #msisdn#
		        <isNotEmpty property="month">
					AND mp.START_DATE<![CDATA[ < ]]>add_months(TO_DATE(#month#,
					'yyyymm'), 1) - 1
					AND mp.END_DATE<![CDATA[ > ]]>add_months(TO_DATE(#month#,
					'yyyymm'), 0)
				</isNotEmpty>
				and b.package_code in
				('I00010100035','I00010100085','I00010100092','I00010100093','I00011100008')
			</isEqual>			
			<isEqual property="mainType" compareValue="6"><!-- 9105 -->
				select apn_name apnName,package_code packageCode,
					state apnState,to_char(start_date, 'yyyyMMddHH24miss') apnActiTime
				from OTH_PKG_9105
				where STATE = 'ENABLED'
				and MSISDN = #msisdn#
		        <isNotEmpty property="month">
				AND START_DATE <![CDATA[ < ]]> add_months(TO_DATE(#month#, 'yyyymm'), 1) - 1
				AND END_DATE <![CDATA[ > ]]> add_months(TO_DATE(#month#, 'yyyymm'), 0)
				</isNotEmpty>
				and (package_code = 'PV.LTE.2G3G' or package_code like '.GPRS')
				union
				select apn_name apnName,
				package_code packageCode,
				state apnState,
				to_char(start_date, 'yyyyMMddHH24miss') apnActiTime
				from FUNC_PKG_9105
				where STATE = 'ENABLED'
				and MSISDN = #msisdn#
		        <isNotEmpty property="month">
				AND START_DATE <![CDATA[ < ]]> add_months(TO_DATE(#month#, 'yyyymm'), 1) - 1
				AND END_DATE <![CDATA[ > ]]> add_months(TO_DATE(#month#, 'yyyymm'), 0)
				</isNotEmpty>
				and (package_code = 'PV.LTE.2G3G' or package_code like '.GPRS')
			</isEqual>
		</isNotEmpty>
		<isEmpty property="mainType">
				select upper(mai.apn_name) apnName, mai.package_code packageCode
		        from m2m_apn_info mai  
		        where 1=1
		        <!-- <if test="month == null or month == ''">
		            and mai.state='ENABLED' 
		            and mai.start_time <![CDATA[ < ]]> sysdate 
		            and mai.end_time <![CDATA[ > ]]> sysdate
		        </if> -->
		        <isNotEmpty property="month">
		            and mai.start_time <![CDATA[ < ]]> add_months(TO_DATE(#month#,'yyyymm'),1)-1
		            and mai.end_time <![CDATA[ > ]]> add_months(TO_DATE(#month#,'yyyymm'),0)
		        </isNotEmpty>
		        <isNotEmpty property="msisdn">
		            and mai.msisdn = #msisdn#
		        </isNotEmpty>
		        and mai.PACKAGE_CODE in ('I00010100035','I00010100085','I00010100092','I00010100093','I00011100008') 
		</isEmpty>
    
    </select>
    
     
    
	
	<!-- <select id="findMsisdnTotalFlowPkg" resultClass="java.util.HashMap">
		SELECT MG.PACKAGE_NAME,MG.MSISDN,MG.PACKAGE_CODE,MG.APN_NAME,
		to_char(MG.START_DATE,'yyyy-MM-dd HH:mm:ss'),to_char(MG.END_DATE,'yyyy-MM-dd HH:mm:ss')
		FROM M2M_GRPMEM MG LEFT JOIN ATOMIC_PRODUCTS AP 
		ON MG.PACKAGE_CODE = AP.PACKAGE_CODE
		WHERE MG.STATE = 'ENABLED' AND AP.STATE = 'ENABLED' 
		AND AP.BUS_CATEGORY = 'FLOW' AND AP.PACKAGE_CODE != 'I00010100085' 
		AND MG.MSISDN = #msisdn# AND MG.EC_CODE = #ecCode#
		UNION ALL
		SELECT MPP.PACKAGE_NAME,MPP.MSISDN,MPP.PACKAGE_CODE,MPP.APN_NAME,
		to_char(MPP.START_DATE,'yyyy-MM-dd HH:mm:ss'),to_char(MPP.END_DATE,'yyyy-MM-dd HH:mm:ss')
		FROM M2M_PER_PKG MPP LEFT JOIN ATOMIC_PRODUCTS AP 
		ON MPP.PACKAGE_CODE = AP.PACKAGE_CODE
		WHERE MPP.STATE = 'ENABLED' AND AP.STATE = 'ENABLED'
		AND AP.BUS_CATEGORY = 'FLOW' AND AP.PACKAGE_CODE != 'I00010100085'
		AND MPP.MSISDN = #msisdn#
	</select> -->
</sqlMap>