<?xml version="1.0" encoding="UTF-8" ?>
<!DOCTYPE mapper PUBLIC "-//mybatis.org//DTD Mapper 3.0//EN" "http://mybatis.org/dtd/mybatis-3-mapper.dtd">
<mapper namespace="com.hvgroup.procedure.dao.ProcedureDao">
   

	<parameterMap type="java.util.Map" id="returnMap">    
	       <parameter property="p_date" jdbcType="DATE" mode="IN"/>
	       <parameter property="r_errcode" jdbcType="INTEGER" mode="OUT"/>    
	       <parameter property="r_errdesc" jdbcType="VARCHAR" mode="OUT"/>    
	</parameterMap> 
	
	<parameterMap type="java.util.Map" id="returnMap2">    
	       <parameter property="r_month" jdbcType="DATE" mode="IN"/>
	       <parameter property="r_errcode" jdbcType="INTEGER" mode="OUT"/>    
	       <parameter property="r_errdesc" jdbcType="VARCHAR" mode="OUT"/>    
	</parameterMap>

 
	<select id="callRepCusStatDd"   parameterMap="returnMap"  statementType="CALLABLE">  
	      {call PACK_PRO_IOT_CUS_STAT.PROC_REP_CUS_STAT_DD(?,?,?)}
	</select>

	<select id="callRepCusStatMm"   parameterMap="returnMap"  statementType="CALLABLE">  
	      {call PACK_PRO_IOT_CUS_STAT.PROC_REP_CUS_STAT_MM(?,?,?)}
	</select>
	
	<select id="callRepBusApnStat"   parameterMap="returnMap"  statementType="CALLABLE">  
      {call PACK_PRO_IOT_BUS_STAT.PROC_REP_APN_STAT(?,?,?)}
	</select>
	
	<select id="callRepBusOrderStat"   parameterMap="returnMap"  statementType="CALLABLE">  
      {call PACK_PRO_IOT_BUS_STAT.PROC_REP_ORDER_STAT(?,?,?)}
	</select>
	
	<select id="callProcEcHealth" statementType="CALLABLE">  
      {call PROC_EC_HEALTH}
	</select>
	
	<select id="callProcRiskControlAnalysisMM" parameterMap="returnMap" statementType="CALLABLE">  
      {call PACK_RISK_CONTROL_ANALYSIS.PROC_RISK_CONTROL_ANALYSIS_MM(?,?,?)}
	</select>
	
	<select id="callProcRiskControlAnalysisDD" parameterMap="returnMap" statementType="CALLABLE">  
      {call PACK_RISK_CONTROL_ANALYSIS.PROC_RISK_CONTROL_ANALYSIS_DD(?,?,?)}
	</select>
	
	<select id="updateProcRiskControlResMM" parameterMap="returnMap" statementType="CALLABLE">  
      {call PACK_RISK_CONTROL_ANALYSIS.PROC_RISK_CONTROL_RES_MM(?,?,?)}
	</select>
	
	<select id="updateProcRiskControlResDD" parameterMap="returnMap" statementType="CALLABLE">  
      {call PACK_RISK_CONTROL_ANALYSIS.PROC_RISK_CONTROL_RES_DD(?,?,?)}
	</select>
	
	
	<select id="callProcFlowRangeStat" parameterMap="returnMap2" statementType="CALLABLE">  
      {call PACK_PRO_IOT_FLOW_RANGE_STAT.PROC_REP_FLOW_RANGE_500(?,?,?)}
	</select>
	
	<select id="callProcFlowRangeStatIot" parameterMap="returnMap2" statementType="CALLABLE">
	  {call PACK_PRO_IOT_FLOW_RANGE_STAT.PROC_REP_FLOW_RANGE_500(?,?,?)}
	</select>
	
</mapper>