<?xml version="1.0" encoding="UTF-8" ?>
<!DOCTYPE mapper PUBLIC "-//mybatis.org//DTD Mapper 3.0//EN" "http://mybatis.org/dtd/mybatis-3-mapper.dtd">
<mapper namespace="com.hvgroup.modules.cmiot.dao.AtomicCmiotDao">
	<select id="findList" resultType="com.hvgroup.modules.cmiot.entity.AtomicCmiot">
		select
		ap.package_code,
		ap.package_name,
		ap.package_short,
		ap.main_prod_code,
		<!-- prod.main_prod_name, -->
		prod.product_name mainProdName,
		ap.BUS_CATEGORY,
		ap.PKG_TYPE,
		ap.CHANNEL,
		ap.RELEASE,
		ap.amount,
		ap.unit,
		ap.unit_Value,
		ap.state,
		ap.remark,
		ap.PKG_CATEGORY,
		ap.package_dec,
		ap.is_default isDefault,
		ap.product_id,
		ap.order_type
		from atomic_products ap
		<!-- left join prod_card_type prod on prod.main_prod_id = ap.main_prod_code -->
		left join product_suites prod on prod.product_code = ap.main_prod_code 
		where 1=1
		<if test="pkgType != null and pkgType != ''">
			<if test="pkgType != 'null'">
				AND ap.pkg_type = #{pkgType}
			</if>
			<if test="pkgType == 'null'">
				AND ap.pkg_type is null
			</if>
		</if>
		<if test="busCategory != null and busCategory != ''">
			AND ap.bus_category = #{busCategory}
		</if>
		<if test="release != null and release != ''">
			AND ap.release = #{release}
		</if>
		<!-- <if test="state != null and state != ''"> AND ap.state = #{state} 
			</if> -->
		<if test="packageCode != null and packageCode != ''">
			AND ap.package_code like '%'||#{packageCode}||'%'
		</if>
		<if test="packageName != null and packageName != ''">
			AND ap.package_name like '%'||#{packageName}||'%'
		</if>
		<if test="isDefault != null">
			AND(
			ap.is_default = #{isDefault}
			<if test="isDefault != '1'">
				OR ap.is_default is null
			</if>
			)
		</if>
		<if test="channel != null and channel != ''">
			<if test="channel != 'null'">
				AND ap.channel = #{channel}
			</if>
			<if test="channel == 'null'">
				AND ap.channel is null
			</if>
		</if>
		<!-- <if test="addPkgCode != null and addPkgCode != ''"> AND sp.product_code 
			= #{addPkgCode} </if> -->
		order by ap.package_code
	</select>


	<select id="findProduct" resultType="com.hvgroup.modules.cmiot.entity.AtomicCmiot">
		select
		product_code,
		product_name,
		state,
		remark
		from product_suites
		where 1=1 and type = #{type}
		order by product_code
	</select>

	<select id="findAtomic" resultType="com.hvgroup.modules.cmiot.entity.AtomicCmiot">
		select
		*
		from ATOMIC_PRODUCTS where PACKAGE_CODE = #{packageCode}

	</select>

	<insert id="insert">
		insert into ATOMIC_PRODUCTS(
		PACKAGE_CODE,
		PACKAGE_NAME,
		AMOUNT,
		UNIT_VALUE,
		UNIT,
		PKG_TYPE,
		PKG_CATEGORY,
		BUS_SCOPE,
		PIJIA,
		APPLICATIONS,
		BUS_CATEGORY,
		VISIBLE,
		CAN_HANDLE,
		CHANNEL,
		STATE,
		RELEASE,
		REMARK,
		DISCOUNT,
		EXPIRY_DATE,
		SERVICE_CODE,
		MAIN_PROD_CODE,
		PACKAGE_SHORT,
		PACKAGE_DEC
		)values(
		#{packageCode},
		#{packageName},
		#{amount},
		#{unitValue},
		#{unit},
		#{pkgType},
		#{pkgCategory},
		#{busScope},
		#{pijia},
		#{applications},
		#{busCategory},
		#{visible},
		#{canHandle},
		#{channel},
		#{state},
		#{release},
		#{remark},
		#{discount},
		#{expiryDate},
		#{serviceCode},
		#{mainProdCode},
		#{packageShort},
		#{packageDec}
		)
	</insert>
	<update id="update">
		UPDATE ATOMIC_PRODUCTS SET
		PACKAGE_NAME = #{packageName},
		AMOUNT = #{amount},
		UNIT_VALUE = #{unitValue},
		UNIT = #{unit},
		PKG_TYPE = #{pkgType},
		BUS_SCOPE = #{busScope},
		PIJIA = #{pijia},
		APPLICATIONS = #{applications},
		BUS_CATEGORY = #{busCategory},
		VISIBLE = #{visible},
		CAN_HANDLE = #{canHandle},
		CHANNEL = #{channel},
		STATE = #{state},
		RELEASE = #{release},
		REMARK = #{remark},
		DISCOUNT = #{discount},
		EXPIRY_DATE = #{expiryDate},
		SERVICE_CODE = #{serviceCode},
		PKG_CATEGORY = #{pkgCategory},
		MAIN_PROD_CODE = #{mainProdCode},
		PACKAGE_SHORT = #{packageShort},
		PACKAGE_DEC = #{packageDec}
		WHERE
		PACKAGE_CODE = #{packageCode}
	</update>

	<!-- 更新生效状态 -->
	<update id="updateState">
		UPDATE ATOMIC_PRODUCTS SET
		STATE = #{state}
		WHERE
		PACKAGE_CODE = #{packageCode}
	</update>

	<!-- 根据pkgCode删除 -->
	<delete id="deleteProd">
		DELETE FROM
		ATOMIC_PRODUCTS
		WHERE
		PACKAGE_CODE = #{packageCode}
	</delete>

	<!-- 导出功能 -->
	<select id="exportAtomic" resultType="com.hvgroup.modules.cmiot.entity.AtomicCmiot">
		select
		ap.package_code as packageCode,
		ap.package_name as packageName,
		ap.main_prod_code,
		<!-- prod.main_prod_name, -->
		prod.product_name mainProdName,
		ap.package_short as packageShort,
		ap.package_dec as packageDec,
		(case when ap.BUS_CATEGORY = 'FLOW'
		then '流量'
		when ap.BUS_CATEGORY = 'VOICE'
		then '语音'
		when ap.BUS_CATEGORY = 'SMS'
		then '短信'
		when ap.BUS_CATEGORY = 'FUNC'
		then '功能'
		else '-'
		end)as busCategory,
		(case when ap.PKG_TYPE = 'PKG_TYPE_TEST'
		then '测试期套餐'
		when ap.PKG_TYPE = 'PKG_TYPE_MONTH'
		then '月套餐'
		when ap.PKG_TYPE = 'PKG_TYPE_PEACE'
		then '安心包'
		when ap.PKG_TYPE = 'PKG_TYPE_REFUEL'
		then '加油包'
		when ap.PKG_TYPE = 'PKG_TYPE_QUARTER'
		then '季包'
		when ap.PKG_TYPE = 'PKG_TYPE_HALF_YEAR'
		then '半年包'
		when ap.PKG_TYPE = 'PKG_TYPE_YEAR'
		then '年包'
		when ap.PKG_TYPE = 'PKG_TYPE_IDLE'
		then '闲时流量套餐'
		when ap.PKG_TYPE = 'PKG_TYPE_MARKET'
		then '营销包'
		when ap.PKG_TYPE = 'PKG_TYPE_LIMIT'
		then '限额套餐'
		when ap.PKG_TYPE = 'PKG_TYPE_FUNC'
		then '功能包'		
		else '-'
		end)as pkgType,
		(case when ap.CHANNEL = 'ALL'
		then '所有APN'
		when ap.CHANNEL = 'GENERAL'
		then '通用APN'
		when ap.CHANNEL = 'SPECIAL'
		then '专用APN'
		else '-'
		end)as channel,
		(case when ap.PKG_CATEGORY = 'PKG_CAT_BUSINESS'
		then '业务内容套餐'
		when ap.PKG_CATEGORY = 'PKG_CAT_FUNC'
		then '业务功能套餐'
		when ap.PKG_CATEGORY = 'PKG_CAT_PRO'
		then '营销优惠套餐'
		when ap.PKG_CATEGORY = 'PKG_CAT_OTHER'
		then '其它类型套餐'
		when ap.PKG_CATEGORY = 'PKG_CAT_DISCOUNT'
		then '折扣套餐'
		else '-'
		end)as pkgCategory,
		(case when ap.RELEASE = '2017'
		then '新资费'
		when ap.RELEASE = '2016'
		then '旧资费'
		else '-'
		end)as release,
		ap.amount||'元' as expAmount,
		ap.unit,
		ap.unit_Value,
		(case when ap.unit = 'M'
		then ap.unit_Value||'M'
		when ap.unit = 'item'
		then ap.unit_Value||'条'
		when ap.unit = 'min'
		then ap.unit_Value||'分钟'
		else '0'
		end)as expUnit,
		(case when ap.state = 'ENABLED'
		then '生效'
		when ap.state = 'DISABLED'
		then '失效'
		else '-'
		end)as state,
		ap.remark as remark
		from atomic_products ap
		left join product_suites prod on prod.product_code = ap.main_prod_code 
		where 1=1

		<if test="pkgType != null and pkgType != ''">
			AND ap.pkg_type = #{pkgType}
		</if>
		<if test="busCategory != null and busCategory != ''">
			AND ap.bus_category = #{busCategory}
		</if>
		<!-- <if test="state != null and state != ''"> AND ap.state = #{state} 
			</if> -->
		<if test="packageCode != null and packageCode != ''">
			AND ap.package_code like '%'||#{packageCode}||'%'
		</if>
		<if test="packageName != null and packageName != ''">
			AND ap.package_name like '%'||#{packageName}||'%'
		</if>
		<if test="channel != null and channel != ''">
			AND ap.channel in (#{channel},'ALL')
		</if>
		<!-- <if test="addPkgCode != null and addPkgCode != ''"> AND sp.product_code 
			= #{addPkgCode} </if> -->
		order by ap.package_code
	</select>

	<select id="checkCode" resultType="Long">
		select
		count(PACKAGE_CODE)
		from ATOMIC_PRODUCTS where PACKAGE_CODE = #{packageCode}
	</select>

	<delete id="deleteEc">
		DELETE FROM
		EC_PACKAGE_REL
		WHERE
		PACKAGE_CODE = #{packageCode}
	</delete>

	<!-- 解除绑定时更新默认为0 --><!-- 改 -->
	<update id="updateIsDefault">
		UPDATE ATOMIC_PRODUCTS SET IS_DEFAULT = 0 where PACKAGE_CODE =
		#{packageCode}
	</update>

	<!-- 原子产品新增默认可办(单个) -->
	<insert id="insertRelpkgNew">
		merge into ec_package_rel ep
		using(select
		#{ecCode} as EC_CODE ,#{packageCode} as PACKAGE_CODE,#{mainProdCode} as PRODUCT_CODE from dual
		) t
		on(ep.ec_code=t.ec_code and ep.package_code=t.package_code)
		when matched then
		update set ep.product_code=t.product_code
		when not matched then
		insert(ec_code,package_code,relationship,start_time,end_time,state,product_code)
		values(t.ec_code,t.package_code,'white',sysdate,to_date('20371231','yyyymmdd'),'ENABLED',t.product_code)
	</insert>

	<!-- 订购关系新增(批量) -->
	<insert id="insertRelpkg" parameterType="java.util.List">
		merge into ec_package_rel ep
		using(select ec_code,package_code,product_code from
		(
		<foreach collection="list" item="item" index="index"
			separator=" union ">
			select
			#{item.ecCode} as EC_CODE ,#{item.packageCode} as PACKAGE_CODE,#{item.mainProdCode} as PRODUCT_CODE from dual
		</foreach>
		) <!-- group by ec_code,package_code,product_code -->) t
		on(ep.ec_code=t.ec_code 
		and
		ep.package_code=t.package_code)
		when matched then
		update set ep.product_code=t.product_code
		when not matched then
		insert(ec_code,package_code,relationship,start_time,end_time,state,product_code)
		values(t.ec_code,t.package_code,'white',sysdate,to_date('20371231','yyyymmdd'),'ENABLED',t.product_code)
	</insert>


	<!-- 查询所有的集团编码 -->
	<select id="findAllEcCode" resultType="String">
		SELECT ec_code FROM enterprise_customer
	</select>

	<select id="findPkgIsDefault" resultType="Integer">
		select
		(case
		when IS_DEFAULT is not null then IS_DEFAULT
		else 0
		end) isDefault
		from ATOMIC_PRODUCTS where PACKAGE_CODE = #{packageCode}
	</select>

	<update id="updateIsDefaultNew">
		UPDATE ATOMIC_PRODUCTS SET IS_DEFAULT = #{isDefault} where PACKAGE_CODE =
		#{packageCode}
	</update>
	
	<resultMap id="atomicMainResult" type="com.hvgroup.modules.cmiot.entity.AtomicCmiot">
		<id property="packageCode" column="packageCode" />
		<result property="packageNname" column="packageNname" />
		<result property="packageShort" column="packageShort" />
		<result property="pkgType" column="pkgType" />
		<result property="pkgCategory" column="pkgCategory" />
		<collection property="mainBodyList" ofType="MainBody">
			<id property="productCode" column="mainBodyList.productCode" />
			<id property="productName" column="mainBodyList.productName" />
			<id property="productShort" column="mainBodyList.productShort" />
			<id property="serviceCode" column="mainBodyList.serviceCode" />
		</collection>
	</resultMap>
    
    
    <select id="findAtomicMainRefList" resultMap="atomicMainResult">
	     select a.package_code packageCode,
	            a.package_name packageName,
	            a.package_short packageShort,
	            a.pkg_type pkgType,
	            a.pkg_category pkgCategory,
	            mm.product_code "mainBodyList.productCode",
	            mm.product_name "mainBodyList.productName",
	            mm.product_short "mainBodyList.productShort",
	            mm.service_code  "mainBodyList.serviceCode"
	      from atomic_products a
			left join (select gr.to_code product_code,
	           sui.product_name,
	           sui.product_short, 
	           sui.service_code,
	           nvl(pkg.package_code, gr.from_code) package_code
	      from group_rel gr
	     inner join product_suites sui
	        on sui.product_code = gr.to_code
	       and sui.type = 0
	      left join service_pkg pkg
	        on pkg.product_code = gr.from_code
	     where gr.relation = 'putaway') mm on a.package_code = mm.package_code 
    
    </select>
    
    <insert id="updateOrInsertGroupRel">
    	merge into group_rel g
		using(select
		#{packageCode} as PACKAGE_CODE,#{mainProdCode} as PRODUCT_CODE,'atomic' as CODE_TYPE from dual
		) t
		on(g.from_code = t.package_code and g.to_code = t.product_code and g.code_type = t.code_type)
		<!-- when matched then
		update set g.to_code = t.product_code -->	
		when not matched then
		insert(from_code,to_code,state,relation,code_type)
		values(t.package_code,t.product_code,'ENABLED','putaway',t.code_type)
    </insert>

	<delete id="deleteGroupRel">
		delete from GROUP_REL where from_code = #{packageCode} and to_code = #{productCode} and code_type = 'atomic'
	</delete>

	<insert id="insert2">
		insert into ATOMIC_PRODUCTS(
		PACKAGE_CODE,
		PACKAGE_NAME,
		AMOUNT,
		UNIT_VALUE,
		UNIT,
		PKG_TYPE,
		PKG_CATEGORY,
		BUS_SCOPE,
		PIJIA,
		APPLICATIONS,
		BUS_CATEGORY,
		VISIBLE,
		CAN_HANDLE,
		CHANNEL,
		STATE,
		RELEASE,
		REMARK,
		DISCOUNT,
		EXPIRY_DATE,
		SERVICE_CODE,
		MAIN_PROD_CODE,
		PACKAGE_SHORT,
		PACKAGE_DEC,
		PRODUCT_ID,
		ORDER_TYPE
		)values(
		#{packageCode},
		#{packageName},
		#{amount},
		#{unitValue},
		#{unit},
		#{pkgType},
		#{pkgCategory},
		#{busScope},
		#{pijia},
		#{applications},
		#{busCategory},
		#{visible},
		#{canHandle},
		#{channel},
		#{state},
		#{release},
		#{remark},
		#{discount},
		#{expiryDate},
		#{serviceCode},
		#{mainProdCode},
		#{packageShort},
		#{packageDec},
		#{productId},
		#{orderType}
		)
	</insert>
	<update id="update2">
		UPDATE ATOMIC_PRODUCTS SET
		PACKAGE_NAME = #{packageName},
		AMOUNT = #{amount},
		UNIT_VALUE = #{unitValue},
		UNIT = #{unit},
		PKG_TYPE = #{pkgType},
		BUS_SCOPE = #{busScope},
		PIJIA = #{pijia},
		APPLICATIONS = #{applications},
		BUS_CATEGORY = #{busCategory},
		VISIBLE = #{visible},
		CAN_HANDLE = #{canHandle},
		CHANNEL = #{channel},
		STATE = #{state},
		RELEASE = #{release},
		REMARK = #{remark},
		DISCOUNT = #{discount},
		EXPIRY_DATE = #{expiryDate},
		SERVICE_CODE = #{serviceCode},
		PKG_CATEGORY = #{pkgCategory},
		MAIN_PROD_CODE = #{mainProdCode},
		PACKAGE_SHORT = #{packageShort},
		PACKAGE_DEC = #{packageDec},
		PRODUCT_ID = #{productId},
		ORDERtYPE = #{orderType}
		WHERE
		PACKAGE_CODE = #{packageCode}
	</update>




</mapper>