<?xml version="1.0" encoding="UTF-8" ?>
<!DOCTYPE mapper PUBLIC "-//mybatis.org//DTD Mapper 3.0//EN" "http://mybatis.org/dtd/mybatis-3-mapper.dtd">
<mapper namespace="com.hvgroup.modules.cmiot.dao.GroupDao">

	<sql id="pageSqlStart">
		<if test="pageInfo.pageNo != null and pageInfo.pageNo != ''">

			select * from
			(
			select a.*, rownum rn from
			(
		</if>
	</sql>
	<!-- 分页SQL语句结尾语句 -->
	<sql id="pageSqlEnd">
		<if test="pageInfo.pageSize != null and pageInfo.pageSize != ''">
			) a
			where rownum <![CDATA[<=]]>
			#{pageInfo.pageNo}*#{pageInfo.pageSize}
			)
			where rn > (#{pageInfo.pageNo}-1)*#{pageInfo.pageSize}
		</if>
	</sql>
	
	<sql id="groupSql">
		<if test="groupname != null and groupname != ''">
			and ( groupname like '%' || #{groupname} || '%' or groupid like '%' || #{groupname} || '%' )
		</if>
		<if test="custName != null and custName != ''">
			and ( c.cust_name like '%' || #{custName} || '%' or c.cust_code like '%' || #{custName} || '%' )
		</if>
		<if test="offeringCode != null and offeringCode != ''">
			and OFFERING_CODE like '%' || #{offeringCode} || '%' 
		</if>
		
	</sql>
	
	<sql id="memSql">
		<if test="msisdn != null and msisdn != ''">
			and (msisdn like '%' || #{msisdn} || '%' or iccid like '%' || #{msisdn} || '%' or imsi like '%' || #{msisdn} || '%')
		</if>
		<if test="status != null and status != ''">
			and status = #{status}
		</if>
	</sql>
	
	<!-- 群组信息查询 -->
	<select id="findGroupList" resultType="com.hvgroup.modules.cmiot.entity.Group">
		<include refid="pageSqlStart"/>
		SELECT 
			t.GROUPNAME as groupname,t.GROUPID as groupid,t.OFFERING_CODE as offeringCode, t.OFFERING_NAME as offeringName, t.OFFERING_ID as offeringId,
			t.owner_party_role_id as ownerPartyRoleId, c.cust_code as custCode,c.cust_name as custName,
			to_char(t.EFFDATE,'yyyy-MM-dd HH24:mi:ss')  as effdate,to_char(t.EXPDATE,'yyyy-MM-dd HH24:mi:ss')  as expdate,
			case when t.status = '2' then '有效'  when t.status = '8' then '预销户'  when t.status = '9' then '已销户'  else t.status end as status
		 FROM CM_GROUP_INFO t
		 left join cm_customer_info c on t.owner_party_role_id = c.cust_id
		 where 1=1 and c.cust_id is not null
		 <include refid="groupSql"/>
		 order by EFFDATE desc , status asc
		<include refid="pageSqlEnd"/>
	</select>
	<select id="findGroupCount" resultType="Long">
		SELECT count(1) FROM CM_GROUP_INFO t
		 left join cm_customer_info c on t.owner_party_role_id = c.cust_id
		 where 1=1  and c.cust_id is not null <include refid="groupSql"/>
	</select>
	
	<!-- 成员信息查询 -->
	<select id="findSubList" resultType="com.hvgroup.modules.cmiot.entity.Subscriber">
		select t.*,s.substatus as status from (
		<include refid="pageSqlStart"/>
			select  
				sub.subsid,sub.msisdn,sub.imsi,sub.iccid,sub.status as substatus,mem.member_id as memberId,
				to_char(mem.EFFDATE,'yyyy-MM-dd HH24:mi:ss')  as effdate,to_char(mem.EXPDATE,'yyyy-MM-dd HH24:mi:ss')  as expdate,'' as imei
			from cm_group_member mem
			left join (select * from cm_subscriber_info where owner_party_role_id = #{ownerPartyRoleId} <include refid="memSql"/> ) sub
				on mem.member_subsid = sub.subsid
			where mem.groupid = #{groupid} and sub.subsid is not null and mem.data_state = 'ENABLED'
			<if test="opttype == 'share'">
				and to_char(mem.EFFDATE,'yyyy-MM-dd') <![CDATA[ < ]]> to_char(sysdate,'yyyy-MM-dd')
			</if>
			order by sub.status
		<include refid="pageSqlEnd"/>
		)t left join (select substatus,id from Sa_SUBSTATUS where sub_type = 'life_status') s
		on t.substatus = s.id
	</select>
	<select id="findSubCount" resultType="Long">
		select  
				count(1)
			from cm_group_member mem
			left join (select * from cm_subscriber_info where owner_party_role_id = #{ownerPartyRoleId} <include refid="memSql"/> ) sub
				on mem.member_subsid = sub.subsid
			where mem.groupid = #{groupid} and sub.subsid is not null and mem.data_state = 'ENABLED'
			<if test="opttype == 'share'">
				and to_char(mem.EFFDATE,'yyyy-MM-dd') <![CDATA[ < ]]> to_char(sysdate,'yyyy-MM-dd')
			</if>
	</select>


    <!-- 群组信息导出 -->
	<select id="exportGroup" resultType="com.hvgroup.modules.cmiot.entity.Group">
		SELECT 
			t.GROUPNAME as groupname,t.GROUPID as groupid,t.OFFERING_CODE as offeringCode, t.OFFERING_NAME as offeringName, 
			c.cust_code as custCode,c.cust_name as custName,
			to_char(t.EFFDATE,'yyyy-MM-dd HH24:mi:ss')  as effdate,to_char(t.EXPDATE,'yyyy-MM-dd HH24:mi:ss')  as expdate,
			case when t.status = '2' then '有效'  when t.status = '8' then '预销户'  when t.status = '9' then '已销户'  else t.status end as status
		 FROM CM_GROUP_INFO t
		 left join cm_customer_info c on t.owner_party_role_id = c.cust_id
		 where 1=1  and c.cust_id is not null 
		 <include refid="groupSql"/>
		 order by EFFDATE desc , status asc
	</select>
	
	<!-- 成员信息导出 -->
	<select id="exportMem" resultType="com.hvgroup.modules.cmiot.entity.Subscriber">
		select  
			sub.subsid,sub.msisdn,sub.imsi,sub.iccid,
			(select substatus from Sa_SUBSTATUS where sub_type = 'life_status' and id = sub.status) as status,
			to_char(mem.effdate,'yyyy-MM-dd HH24:mi:ss')  as effdate,to_char(mem.expdate,'yyyy-MM-dd HH24:mi:ss')  as expdate,
			'' as imei
		from cm_group_member mem
		left join (select * from cm_subscriber_info where owner_party_role_id = #{ownerPartyRoleId} <include refid="memSql"/> ) sub
			on mem.member_subsid = sub.subsid
		where mem.groupid = #{groupid} and sub.subsid is not null and mem.data_state = 'ENABLED'
		order by sub.status
	</select>
	
	<!-- 群组名称修改 -->
	<update id="updateGroup">
		update CM_GROUP_INFO set groupname = #{groupname} where groupid = #{groupid}
	</update>
	
	
	<select id="checkMem" resultType="string">
		select subsid from cm_subscriber_info where OWNER_PARTY_ROLE_ID = #{custId} and msisdn = #{msisdn}
	</select>
	
	<select id="countMemByGroup" resultType="Long">
		select count(1) from cm_group_member where groupid = #{groupid} and cust_id = #{custId} 
			and member_subsid = #{subsid} and data_state = 'ENABLED'
	</select>
	
	<select id="findMemberId" resultType="string">
		select MEMBER_ID as memberId from cm_group_member where cust_id = #{custId} 
		and member_subsid in (select subsid from cm_subscriber_info where OWNER_PARTY_ROLE_ID = #{custId} and msisdn = #{msisdn})
	</select>
	
	<insert id="insertMem">
		insert into cm_group_member 
			(CUST_ID,MEMBER_ID,GROUPID,MEMBER_SUBSID,STATUS,EFFDATE,EXPDATE,STATUSDATE,MEMBER_BEID,OPCODE,CREATE_DATE,MODIFY_TIME,DATA_STATE,DATA_SOURCE)
		values 
			(#{custId},#{memberId},#{groupid},#{memberSubsid},'1',sysdate,to_date('2099-12-31 00:00:00','YYYY-MM-DD HH24:mi:ss'),
			sysdate,'200','01',sysdate,sysdate,'ENABLED','运营门户导入') 
	</insert>
	
	<update id="updState">
		update cm_group_member set data_state = 'DISABLED',data_source = data_source || ',运营门户操作删除' where member_id = #{memberId}
	</update>
	
	<select id="findLimitInfo" resultType="com.hvgroup.modules.cmiot.entity.MemLimit">
		select MEMBER_LIMIT_ID as memberLimitId, member_id as memberId, GROUPID as groupid,OFFERING_ID as offeringId,EFFDATE as effdate,EXPDATE as expdate,
		OWNER_PARTY_ROLE_ID as ownerPartyRoleId,OWNER_PARTY_ROLE_ID as custId,OFFERING_CODE as offeringCode,OPCODE as opcode,LIMIT_VALUE as limitValue,
		OVER_ACT as overAct,LIMIT_CYCLE as limitCycle from cm_group_member_limit
		where member_id = #{memberId} and groupid = #{groupid} and OWNER_PARTY_ROLE_ID = #{custId}
	</select>
	
	<insert id="insLimit">
		insert into cm_group_member_limit (MEMBER_LIMIT_ID,GROUPID,OFFERING_ID,EFFDATE,EXPDATE,
				OWNER_PARTY_ROLE_ID,OFFERING_CODE,OPCODE,CREATE_DATE,MODIFY_TIME,DATA_STATE,DATA_SOURCE,LIMIT_VALUE,OVER_ACT,LIMIT_CYCLE,MEMBER_ID)
		values(
		#{memberLimitId},#{groupid},#{offeringId},sysdate,to_date('2099-12-31 00:00:00','YYYY-MM-DD HH24:mi:ss'),
		#{custId},#{offeringCode},'01',sysdate,sysdate,
		'ENABLED','运营门户设置',#{limitValue},#{overAct},#{limitCycle},#{memberId}
		)
	</insert>
	
	<update id="updLimit">
		update cm_group_member_limit set EFFDATE = sysdate, OPCODE = '03', MODIFY_TIME = sysdate , 
				DATA_SOURCE = '运营门户设置', LIMIT_VALUE = #{limitValue}, OVER_ACT = #{overAct}, LIMIT_CYCLE = #{limitCycle}
		where MEMBER_LIMIT_ID = #{memberLimitId}
	</update>
	
	
	<select id="findApnByGroupid" resultType="string">
		select  to_char(wm_concat(distinct apn_name)) as apnName from cm_service_info where apn_name != '-' and  subsid in
			(select member_subsid from cm_group_member where groupid = #{groupid})
	</select>
	
	
	
	<!-- 流量共享查询 -->
	<select id="findShareList" resultType="com.hvgroup.modules.cmiot.entity.GroupShare">
		<!-- select t.*,
		(select  to_char(wm_concat(distinct apn_name)) from cm_service_info where apn_name != '-' and  subsid in
			(select member_subsid from cm_group_member where groupid = t.groupid)) as apnName
		 from ( -->
		<include refid="pageSqlStart"/>
		SELECT 
			t.GROUPNAME as groupname,t.GROUPID as groupid,t.OFFERING_CODE as offeringCode, t.OFFERING_NAME as offeringName, t.owner_party_role_id as ownerPartyRoleId,
			c.cust_code as custCode,c.cust_name as custName,
			to_char(t.EFFDATE,'yyyy-MM-dd HH24:mi:ss')  as effdate,to_char(t.EXPDATE,'yyyy-MM-dd HH24:mi:ss')  as expdate
		 FROM CM_GROUP_INFO t
		 left join cm_customer_info c on t.owner_party_role_id = c.cust_id
		 where t.groupname like '%共享%'  and c.cust_id is not null 
		 <include refid="groupSql"/>
		 order by EFFDATE desc , status asc
		<include refid="pageSqlEnd"/>
		<!-- )t -->
	</select>
	<select id="findShareCount" resultType="Long">
		SELECT count(1) FROM CM_GROUP_INFO t
		 left join cm_customer_info c on t.owner_party_role_id = c.cust_id
		 where t.groupname like '%共享%'  and c.cust_id is not null  <include refid="groupSql"/>
	</select>
	
	<!-- 流量共享导出 -->
	<select id="exportShare" resultType="com.hvgroup.modules.cmiot.entity.GroupShare">
		SELECT 
			t.GROUPNAME as groupname,t.GROUPID as groupid,t.OFFERING_CODE as offeringCode, t.OFFERING_NAME as offeringName,  t.owner_party_role_id as ownerPartyRoleId,
			c.cust_code as custCode,c.cust_name as custName,
			to_char(t.EFFDATE,'yyyy-MM-dd HH24:mi:ss')  as effdate,to_char(t.EXPDATE,'yyyy-MM-dd HH24:mi:ss')  as expdate<!-- ,
			(select  to_char(wm_concat(distinct apn_name)) from cm_service_info where apn_name != '-' and  subsid in
			(select member_subsid from cm_group_member where groupid = t.groupid)) as apnName -->
		 FROM CM_GROUP_INFO t
		 left join cm_customer_info c on t.owner_party_role_id = c.cust_id
		 where t.groupname like '%共享%'  and c.cust_id is not null 
		 <include refid="groupSql"/>
		 order by EFFDATE desc , status asc
	</select>
	
	<select id="findGroupInfo" resultType="com.hvgroup.modules.cmiot.entity.GroupShare">
		SELECT 
			t.GROUPNAME as groupname,t.GROUPID as groupid,t.OFFERING_CODE as offeringCode, t.OFFERING_NAME as offeringName, t.owner_party_role_id as ownerPartyRoleId
		 FROM CM_GROUP_INFO t
		 where t.groupid = #{groupid}
	</select>
	
	<!-- 流量共享组池成员数 -->
	<select id="findShareMemCount" resultType="java.util.HashMap">
		select 'total' as type,count(1) as "count" from (
			select * from cm_group_member where groupid = #{groupid} and status <![CDATA[ <> ]]> '9' and data_state = 'ENABLED'
		)mem left join (select * from cm_subscriber_info where owner_party_role_id = #{ownerPartyRoleId}) sub
		on mem.member_subsid = sub.subsid
		where sub.subsid is not null
		union all
		select 'share' as type,count(1) as "count" from (
			select * from cm_group_member where groupid = #{groupid} and status <![CDATA[ <> ]]> '9' and data_state = 'ENABLED' 
				and to_char(effdate,'yyyy-MM-dd') <![CDATA[ < ]]> to_char(sysdate,'yyyy-MM-dd')
		)mem left join (select * from cm_subscriber_info where owner_party_role_id = #{ownerPartyRoleId}) sub
		on mem.member_subsid = sub.subsid
		where sub.subsid is not null
	</select>
	
	<select id="findMemInfo" resultType="com.hvgroup.modules.cmiot.entity.GroupMem">
		select mem.cust_id as custId,mem.member_subsid as memberSubsid from (
			select * from cm_group_member where groupid = #{groupid} and status <![CDATA[ <> ]]> '9' and data_state = 'ENABLED' 
				and to_char(effdate,'yyyy-MM-dd') <![CDATA[ < ]]> to_char(sysdate,'yyyy-MM-dd')
		)mem left join (select * from cm_subscriber_info where owner_party_role_id = #{ownerPartyRoleId}) sub
		on mem.member_subsid = sub.subsid
		where sub.subsid is not null and rownum <![CDATA[ < ]]> 10
	</select>
	
	
	
	
	<!-- 流量池查询 -->
	<select id="findPoolList" resultType="com.hvgroup.modules.cmiot.entity.GroupPool">
	<!-- select t.* ,
	(select  to_char(wm_concat(distinct apn_name)) from cm_service_info where apn_name != '-' and  subsid in
			(select member_subsid from cm_group_member where groupid = t.groupid)) as apnName
	from ( -->
		<include refid="pageSqlStart"/>
		SELECT 
			t.GROUPNAME as groupname,t.GROUPID as groupid,t.OFFERING_CODE as offeringCode, t.OFFERING_NAME as offeringName,  t.owner_party_role_id as ownerPartyRoleId,
			c.cust_code as custCode,c.cust_name as custName,
			to_char(t.EFFDATE,'yyyy-MM-dd HH24:mi:ss')  as effdate,to_char(t.EXPDATE,'yyyy-MM-dd HH24:mi:ss')  as expdate
		 FROM CM_GROUP_INFO t
		 left join cm_customer_info c on t.owner_party_role_id = c.cust_id
		 where t.groupname like '%流量池%'  and c.cust_id is not null 
		 <include refid="groupSql"/>
		 order by EFFDATE desc , status asc
		<include refid="pageSqlEnd"/>
		<!-- )t -->
	</select>
	<select id="findPoolCount" resultType="Long">
		SELECT count(1) FROM CM_GROUP_INFO t
		 left join cm_customer_info c on t.owner_party_role_id = c.cust_id
		 where t.groupname like '%流量池%'  and c.cust_id is not null <include refid="groupSql"/>
	</select>
	<!-- 流量共享组池成员数 -->
	<select id="findPoolMemCount" resultType="Long">
		select count(1) as "count" from (
			select * from cm_group_member where groupid = #{groupid} and status <![CDATA[ <> ]]> '9' and data_state = 'ENABLED' 
		)mem left join (select * from cm_subscriber_info where owner_party_role_id = #{ownerPartyRoleId}) sub
		on mem.member_subsid = sub.subsid
		where sub.subsid is not null
	</select>
	
	<!-- 流量池导出 -->
	<select id="exportPool" resultType="com.hvgroup.modules.cmiot.entity.GroupPool">
		SELECT 
			t.GROUPNAME as groupname,t.GROUPID as groupid,t.OFFERING_CODE as offeringCode, t.OFFERING_NAME as offeringName,  t.owner_party_role_id as ownerPartyRoleId,
			c.cust_code as custCode,c.cust_name as custName,
			to_char(t.EFFDATE,'yyyy-MM-dd HH24:mi:ss')  as effdate,to_char(t.EXPDATE,'yyyy-MM-dd HH24:mi:ss')  as expdate<!-- ,
			(select  to_char(wm_concat(distinct apn_name)) from cm_service_info where apn_name != '-' and  subsid in
			(select member_subsid from cm_group_member where groupid = t.groupid)) as apnName -->
		 FROM CM_GROUP_INFO t
		 left join cm_customer_info c on t.owner_party_role_id = c.cust_id
		 where t.groupname like '%流量池%'  and c.cust_id is not null
		 <include refid="groupSql"/>
		 order by EFFDATE desc , status asc
	</select>
	
	
	
	

</mapper>