<?xml version="1.0" encoding="UTF-8" ?>
<!DOCTYPE mapper PUBLIC "-//mybatis.org//DTD Mapper 3.0//EN" "http://mybatis.org/dtd/mybatis-3-mapper.dtd">
<mapper namespace="com.hvgroup.modules.cmiot.dao.LifeCycleForStateDao">

	<sql id="pageSqlStart">
		<if test="pageInfo.pageNo != null and pageInfo.pageNo != ''">

			select * from
			(
			select a.*, rownum rn from
			(
		</if>
	</sql>
	<!-- 分页SQL语句结尾语句 -->
	<sql id="pageSqlEnd">
		<if test="pageInfo.pageSize != null and pageInfo.pageSize != ''">
			) a
			where rownum <![CDATA[<=]]>
			#{pageInfo.pageNo}*#{pageInfo.pageSize}
			)
			where rn > (#{pageInfo.pageNo}-1)*#{pageInfo.pageSize}
		</if>
	</sql>
	
	<sql id="memSql">
		<if test="custName != null and custName != ''">
			and (cust_name like '%' || #{custName} || '%' or cust_code like '%' || #{custName} || '%')
		</if>
		<if test="msisdn != null and msisdn != ''">
			and (msisdn like '%' || #{msisdn} || '%' or iccid like '%' || #{msisdn} || '%' or imsi like '%' || #{msisdn} || '%')
		</if>
		<if test="status != null and status != ''">
			and status = #{status}
		</if>
		<if test="startTime != null and startTime != ''">
			and to_char(EFFDATE,'yyyy-MM-dd HH24:mi:ss') <![CDATA[ >= ]]> #{startTime}
		</if>
		<if test="endTime != null and endTime != ''">
			and to_char(EFFDATE,'yyyy-MM-dd HH24:mi:ss') <![CDATA[ <= ]]> #{endTime}
		</if>
		
	</sql>
	
	
	
	
	<select id="findList" resultType="com.hvgroup.modules.cmiot.entity.Subscriber">
		select list.*,sa.substatus as status from (
		<include refid="pageSqlStart"/>
		select cust_code as custCode,cust_name as custName,
				subsid,OWNER_PARTY_ROLE_ID as ownerPartyRoleId,to_char(EFFDATE,'yyyy-MM-dd HH24:mi:ss')  as effdate ,
				STATUS as sub_status,to_char(STATUSTIME,'yyyy-MM-dd HH24:mi:ss') as statustime,IMSI as imsi,ICCID as iccid,NETTYPE as nettype,MSISDN as msisdn
		from cm_subscriber_info sub
		left join cm_customer_info cus on sub.OWNER_PARTY_ROLE_ID = cus.CUST_ID
		where cus.cust_id is not null and sub.data_state = 'ENABLED'
		<include refid="memSql"/>
		order by sub.status
		<include refid="pageSqlEnd"/>
		) list left join Sa_SUBSTATUS sa on sa.id = list.sub_status where sa.sub_type = 'life_status'
	</select>
	
	<select id="findCount" resultType="Long">
		select count(1)
		from cm_subscriber_info sub
		left join cm_customer_info cus on sub.OWNER_PARTY_ROLE_ID = cus.CUST_ID
		where cus.cust_id is not null and sub.data_state = 'ENABLED'
		<include refid="memSql"/>
	</select>
	
	<select id="findGroupInfo" resultType="com.hvgroup.modules.cmiot.entity.Subscriber">
		select  to_char(wm_concat(distinct info.GROUPID)) groupid ,
				to_char(wm_concat(distinct info.groupname)) groupname,mem.member_subsid from 
				(select groupid,member_subsid from cm_group_member  where data_state = 'ENABLED' and member_subsid = #{subsid})mem
		left join cm_group_info info on mem.groupid = info.groupid 
		group by mem.member_subsid
	</select>
	
	
	<select id="export" resultType="java.util.HashMap">
		select list.*,sa.substatus as status from (
		<include refid="pageSqlStart"/>
		select cust_code as custCode,cust_name as custName,
				subsid,OWNER_PARTY_ROLE_ID as ownerPartyRoleId,to_char(EFFDATE,'yyyy-MM-dd HH24:mi:ss')  as effdate ,
				STATUS as sub_status,to_char(STATUSTIME,'yyyy-MM-dd HH24:mi:ss') as statustime,IMSI as imsi,ICCID as iccid,NETTYPE as nettype,MSISDN as msisdn,'-' as testtime
		from cm_subscriber_info sub
		left join cm_customer_info cus on sub.OWNER_PARTY_ROLE_ID = cus.CUST_ID
		where cus.cust_id is not null and sub.data_state = 'ENABLED'
		<include refid="memSql"/>
		order by sub.status
		<include refid="pageSqlEnd"/>
		) list left join Sa_SUBSTATUS sa on sa.id = list.sub_status where sa.sub_type = 'life_status'
	</select>


	<select id="findMsisdnNotInSub" resultType="com.hvgroup.modules.cmiot.entity.Subscriber">
		select sub.msisdn,'号码不存在或不属于集团号码' as remark from (SELECT REGEXP_SUBSTR (#{msisdns}, '[^,]+', 1,rownum) as msisdn
		from dual connect by rownum <![CDATA[ <= ]]> LENGTH (#{msisdns}) - 
		LENGTH (regexp_replace(#{msisdns}, ',', ''))+1
		) sub 
		where not EXISTS  (select 1 from (select msisdn from cm_subscriber_info info
		left join cm_customer_info cus on info.OWNER_PARTY_ROLE_ID = cus.CUST_ID
		where cus.cust_id is not null and info.data_state = 'ENABLED' ) temp where sub.msisdn = temp.msisdn)								
	</select>
	
	<select id="findMsisdnInSub" resultType="com.hvgroup.modules.cmiot.entity.Subscriber">
	select msisdn,sa.substatus as status from (
		select msisdn,status from cm_subscriber_info
			where data_state = 'ENABLED' and msisdn in 
				(select sub.msisdn from (SELECT REGEXP_SUBSTR (#{msisdns}, '[^,]+', 1,rownum) as msisdn
				from dual connect by rownum <![CDATA[ <= ]]> LENGTH (#{msisdns}) - 
				LENGTH (regexp_replace(#{msisdns}, ',', ''))+1
				) sub 
				where  EXISTS  (select 1 from (select msisdn from cm_subscriber_info info
				left join cm_customer_info cus on info.OWNER_PARTY_ROLE_ID = cus.CUST_ID
				where cus.cust_id is not null and info.data_state = 'ENABLED' ) temp where sub.msisdn = temp.msisdn)	)
		)list left join Sa_SUBSTATUS sa on sa.id = list.status where sa.sub_type = 'life_status'
		
		<!-- select sub.msisdn from (SELECT REGEXP_SUBSTR (#{msisdns}, '[^,]+', 1,rownum) as msisdn
		from dual connect by rownum <![CDATA[ <= ]]> LENGTH (#{msisdns}) - 
		LENGTH (regexp_replace(#{msisdns}, ',', ''))+1
		) sub 
		where EXISTS  (select 1 from (select msisdn from cm_subscriber_info info
		left join cm_customer_info cus on info.OWNER_PARTY_ROLE_ID = cus.CUST_ID
		where cus.cust_id is not null and info.data_state = 'ENABLED' ) temp where sub.msisdn = temp.msisdn)	 -->							
	</select>

	
</mapper>