<?xml version="1.0" encoding="UTF-8" ?>
<!DOCTYPE mapper PUBLIC "-//mybatis.org//DTD Mapper 3.0//EN" "http://mybatis.org/dtd/mybatis-3-mapper.dtd">
<mapper namespace="com.hvgroup.modules.cmiot.dao.UsageDao">



	<select id="findSubsidByMsisdn" resultType="String">
		select subsid from cm_subscriber_info where msisdn = #{msisdn} and data_state='ENABLED' and rownum = 1
		
	</select>

	<select id="findBySubsid" resultType="com.hvgroup.modules.cmiot.entity.usage.UsageInfo">
		select cm.msisdn, gp.groupid groupId, gp.groupname groupName
		  from cm_subscriber_info cm
		  left join (select gm.cust_id, gm.groupid, gi.groupname, gm.member_subsid
		               from cm_group_member gm, cm_group_info gi
		              where gm.groupid = gi.groupid) gp
		    on gp.member_subsid = cm.subsid
		   and gp.cust_id = cm.owner_party_role_id
		 where cm.subsid = #{subsid} and data_state='ENABLED' and rownum = 1
	</select>



	<sql id="pageSqlStart">
        <if test="pageInfo.pageNo != null and pageInfo.pageNo != ''">
        
        select * from
            (
             select a.*, rownum rn from 
                (
        </if>
    </sql>
    <!-- 分页SQL语句结尾语句 -->
    <sql id="pageSqlEnd">
        <if test="pageInfo.pageSize != null and pageInfo.pageSize !=''">
                ) a
             where rownum <![CDATA[<=]]> #{pageInfo.pageNo}*#{pageInfo.pageSize}
            )
        where rn > (#{pageInfo.pageNo}-1)*#{pageInfo.pageSize}
        </if>
    </sql>	
 
 
												 
</mapper>