<?xml version="1.0" encoding="UTF-8" ?>
<!DOCTYPE mapper
        PUBLIC "-//mybatis.org//DTD Mapper 3.0//EN"
        "http://mybatis.org/dtd/mybatis-3-mapper.dtd">

<mapper namespace="member">

	<select id="queryGprsAllByMAC" resultType="java.util.HashMap">
		select t.MSISDN,t.EC_CODE,t.FORCE_SWITCH,num.EC_MAIN_PROD_ID as EC_MAIN_PROD_CODE
		from MAC_CARD t ,NUM_ROUTE num
	   	where 1=1 and t.MSISDN = num.MSISDN
		   	<if test="msisdn !=null and msisdn !=''">
				and t.msisdn = #{msisdn} 
			</if>
		   	<if test="msisdns !=null and msisdns !=''">
				and t.msisdn in (${msisdns}) 
			</if>
   			and t.state='ENABLED' 
	</select>
	<select id="queryGprsAllBy9105" resultType="java.util.HashMap">
		select t.MSISDN,t.EC_CODE,t.FORCE_SWITCH,num.EC_MAIN_PROD_ID as EC_MAIN_PROD_CODE
		from CARD_9105 t ,NUM_ROUTE num
	   	where 1=1 and t.MSISDN = num.MSISDN
		   	<if test="msisdn !=null and msisdn !=''">
				and t.msisdn = #{msisdn} 
			</if>
		   	<if test="msisdns !=null and msisdns !=''">
				and t.msisdn in (${msisdns}) 
			</if>
   			and t.state='ENABLED' 
	</select>
	<select id="queryGprsAllByNB" resultType="java.util.HashMap">
		select t.MSISDN,t.EC_CODE,t.FORCE_SWITCH,num.EC_MAIN_PROD_ID as EC_MAIN_PROD_CODE
		from NB_CARD t ,NUM_ROUTE num
	   	where 1=1 and t.MSISDN = num.MSISDN
		   	<if test="msisdn !=null and msisdn !=''">
				and t.msisdn = #{msisdn} 
			</if>
		   	<if test="msisdns !=null and msisdns !=''">
				and t.msisdn in (${msisdns}) 
			</if>
   			and t.state='ENABLED' 
	</select>
	<select id="queryGprsAllByIOV" resultType="java.util.HashMap">
		select t.MSISDN,t.EC_CODE,t.FORCE_SWITCH,num.EC_MAIN_PROD_ID as EC_MAIN_PROD_CODE
		from IOV_CARD t ,NUM_ROUTE num
	   	where 1=1 and t.MSISDN = num.MSISDN
		   	<if test="msisdn !=null and msisdn !=''">
				and t.msisdn = #{msisdn} 
			</if>
		   	<if test="msisdns !=null and msisdns !=''">
				and t.msisdn in (${msisdns}) 
			</if>
   			and t.state='ENABLED' 
	</select>
	
	<!-- 通过iccid集合查询号码信息 -->
	<select id="queryMemberInfoByIccids" parameterType="java.util.Map" resultType="java.util.Map">
		select  c.msisdn msisdn, c.iccid iccid from NUM_ROUTE c where c.state='ENABLED' 
		<if test="iccids != null and iccids.size > 0">
			and c.iccid in
			<foreach collection="iccids" item="iccid" separator="," open="(" close=")">
				#{iccid}
			</foreach>
		</if>
		<!-- UNION
		select  c.msisdn msisdn, c.iccid iccid from IOV_CARD c where c.state='ENABLED' 
		<if test="iccids != null and iccids.size > 0">
			and c.iccid in
			<foreach collection="iccids" item="iccid" separator="," open="(" close=")">
				#{iccid}
			</foreach>
		</if>
		
		UNION
		select  c.msisdn msisdn, c.iccid iccid from CARD_9105 c where c.state='ENABLED' 
		<if test="iccids != null and iccids.size > 0">
			and c.iccid in
			<foreach collection="iccids" item="iccid" separator="," open="(" close=")">
				#{iccid}
			</foreach>
		</if>
		UNION
		select  c.msisdn msisdn, c.iccid iccid from NB_CARD c where c.state='ENABLED' 
		<if test="iccids != null and iccids.size > 0">
			and c.iccid in
			<foreach collection="iccids" item="iccid" separator="," open="(" close=")">
				#{iccid}
			</foreach>
		</if> -->
	</select>
</mapper>