<?xml version="1.0" encoding="UTF-8" ?>
<!DOCTYPE mapper
        PUBLIC "-//mybatis.org//DTD Mapper 3.0//EN"
        "http://mybatis.org/dtd/mybatis-3-mapper.dtd">

<mapper namespace="numRoute">
	<resultMap type="com.openapi3.entity.po.NumRoutePo" id="ResultMap">
		<result column="AREA_CODE" jdbcType="VARCHAR" property="areaCode"/>
		<result column="MSISDN" jdbcType="VARCHAR" property="msisdn"/>
		<result column="EC_MAIN_PROD_ID" jdbcType="VARCHAR" property="ecMainProdId"/>
		<result column="PER_MAIN_PROD_ID" jdbcType="VARCHAR" property="perMainProdId"/>
		<result column="IMSI" jdbcType="VARCHAR" property="imsi"/>
		<result column="ICCID" jdbcType="VARCHAR" property="iccid"/>
		<result column="IMEI" jdbcType="VARCHAR" property="imei"/>
		<result column="CREATE_DATE" jdbcType="TIMESTAMP" property="createDate"/>
		<result column="UPDATE_DATE" jdbcType="TIMESTAMP" property="updateDate"/>
		<result column="STATE" jdbcType="VARCHAR" property="state"/>
		<result column="DATA_SOURCE" jdbcType="VARCHAR" property="dataSource"/>

		<result column="CARD_TYPE" jdbcType="VARCHAR" property="cardType"/>
		<result column="PROD_TYPE" jdbcType="VARCHAR" property="prodType"/>
		
	</resultMap>
    
    <!-- 根据msisdn、iccid、imsi、imei获取号码卡类型 -->
    <select id = "queryCardTypeByParam" parameterType="java.util.Map" resultType="java.lang.String">
    	SELECT * FROM 
    	(
			SELECT 
				PCT.CARD_TYPE 
			FROM NUM_ROUTE nr,PROD_CARD_TYPE pct 
				WHERE NR.STATE = 'ENABLED'
			    <if test="msisdn !=null and msisdn !=''">
		    	    AND NR.msisdn=#{msisdn}
		    	</if>
		    	<if test="iccid !=null and iccid !=''">
		    	    AND NR.ICCID = #{iccid} 
		    	</if>
		    	<if test="imsi !=null and imsi !=''">
		    	    AND NR.imsi=#{imsi}
		    	</if>
		    	<if test="imei !=null and imei !=''">
		    	    AND NR.imei=#{imei}
		    	</if>
				AND pct.MAIN_PROD_ID = nr.PER_MAIN_PROD_ID  
				AND ROWNUM=1
		UNION   
			SELECT 
				pct.CARD_TYPE 
			FROM NUM_ROUTE nr, PROD_CARD_TYPE pct
				WHERE nr.STATE = 'ENABLED'
				 <if test="msisdn !=null and msisdn !=''">
		    	    AND NR.msisdn=#{msisdn}
		    	</if>
		    	<if test="iccid !=null and iccid !=''">
		    	    AND NR.ICCID = #{iccid} 
		    	</if>
		    	<if test="imsi !=null and imsi !=''">
		    	    AND NR.imsi=#{imsi}
		    	</if>
		    	<if test="imei !=null and imei !=''">
		    	    AND NR.imei=#{imei}
		    	</if>
				AND pct.MAIN_PROD_ID = substr(nr.EC_MAIN_PROD_ID, (CASE when nr.EC_MAIN_PROD_ID LIKE 'AppendAttr%' then '12' ELSE '1' end))
				AND ROWNUM = 1
		) WHERE rownum = 1
    </select>
    
    <!-- 根据iccid获取msisdn -->
    <select id="getMsisdnByIccid"  parameterType="java.lang.String" resultType="java.lang.String">
    	SELECT MSISDN FROM NUM_ROUTE 
        WHERE STATE='ENABLED' 
        AND ICCID = #{iccid} and rownum = 1
    </select>

    <!-- 根据msisdn获取iccid -->
    <select id="getIccidByMsisdn"  parameterType="java.lang.String" resultType="java.lang.String">
    	SELECT ICCID FROM NUM_ROUTE 
        WHERE STATE='ENABLED' 
        AND MSISDN = #{msisdn} and rownum = 1
    </select>
    
    <!-- 查询msisdn是否存在于数据库 -->
    <select id="getMsisdnByMsisdn" parameterType="java.lang.String" resultType = "java.lang.String">
    	SELECT MSISDN FROM NUM_ROUTE
    	WHERE STATE='ENABLED'
    	AND MSISDN = #{msisdn}
    </select>
    
    <!-- 根据imei获取msisdn -->
    <select id="getMsisdnByImei"  parameterType="java.lang.String" resultType="java.lang.String">
    	SELECT MSISDN FROM NUM_ROUTE 
        WHERE STATE='ENABLED' 
        AND IMEI = #{imei} and rownum = 1
    </select>

    <!-- 根据imsi获取msisdn -->
    <select id="getMsisdnByImsi"  parameterType="java.lang.String" resultType="java.lang.String">
    	SELECT MSISDN FROM NUM_ROUTE 
        WHERE STATE='ENABLED' 
        AND IMSI = #{imsi} and rownum = 1
    </select>
    
    <!-- 查询号码对应的虚拟编码信息 -->
    <select id="getVirEcCodeByMsisdn" parameterType="java.lang.String" resultType="java.util.Map">
    	SELECT VIR.* FROM NUM_ROUTE num 
    	LEFT JOIN VIR_EC_CODE_CONF vir ON num.AREA_CODE=vir.REGION_CODE 
    	WHERE num.MSISDN=#{msisdn}
    </select>

    <!-- 查询号码的信息 -->
    <select id="getMsisdnInfo" parameterType="java.util.Map" resultMap="ResultMap">
    	select MSISDN,IMSI,ICCID,IMEI,EC_MAIN_PROD_ID from NUM_ROUTE
        where 
        <if test="msisdn !=null and msisdn !=''">
             msisdn =#{msisdn}
        </if>
        <if test="iccid !=null and iccid !=''">
             iccid=#{iccid}
        </if>
    </select>
    
    <!-- 获取号码的停机锁 -->
    <select id="findMsisdnStoplock" resultType="java.lang.String">
   		 SELECT STOP_LOCK FROM NUM_STOP_LOCK WHERE MSISDN=#{msisdn} AND rownum =1
    </select>
    
    <!-- 修改号码的停机锁 -->
    <update id="updateMsisdnstoplock" parameterType="java.util.Map">
    	UPDATE  NUM_STOP_LOCK SET STOP_LOCK=#{stopkey} , STATE_TIME=SYSDATE WHERE MSISDN=#{msisdn}
    </update>
 
    <!-- 修改号码的停机原因 -->
    <update id="updateMsisdnStopType" parameterType="java.util.Map">
    	UPDATE  NUM_STOP_LOCK SET STOP_TYPE=#{stopType}, STATE_TIME=SYSDATE WHERE MSISDN=#{msisdn}
    </update>    
    
    <!-- 根据号码查询对应的个人主体产品编码 -->
    <select id="getMsisdnPermainId"  parameterType="java.lang.String" resultType="java.lang.String">
       SELECT PER_MAIN_PROD_ID as permain FROM NUM_ROUTE 
        WHERE STATE='ENABLED' 
        AND MSISDN = #{msisdn} and rownum = 1
    </select>
    
    
    
</mapper>