<?xml version="1.0" encoding="UTF-8" ?>
<!DOCTYPE mapper
        PUBLIC "-//mybatis.org//DTD Mapper 3.0//EN"
        "http://mybatis.org/dtd/mybatis-3-mapper.dtd">

<mapper namespace="poolUesdFlow">

    <select id="queryEcProductList" resultType="com.openapi3.entity.EcProduct">
        SELECT
        EC_CODE      AS ecCode,PRODUCT_CODE AS productCode,
        PRODUCT_NAME AS productName,STATE        AS state,
        to_char(STATE_TIME,'yyyyMMddHH24miss')  AS stateTime,
        to_char(OPEN_TIME,'yyyyMMddHH24miss')  AS openTime,
        to_char(ORDER_TIME,'yyyyMMddHH24miss')  AS orderTime,
        to_char(CANCEL_TIME,'yyyyMMddHH24miss')  AS cancelTime,
        DATA_SOURCE  AS dataSource,TRADE_ID     AS tradeId,
        APPLY_ID     AS applyId,REC_DATE     AS recDate,TYPE AS type
        FROM EC_PROD
        where 1=1
        <if test="PRODUCT_CODE !=null and PRODUCT_CODE !=''">
            and PRODUCT_CODE = #{PRODUCT_CODE}
        </if>
        <if test="EC_CODE !=null and EC_CODE !=''">
            and EC_CODE = #{EC_CODE}
        </if>
    </select>
    
    <select id="poolUesdPrdByParams" resultType="com.openapi3.entity.ShareInfoEntity">
    select poolTable.prdCode,poolTable.prdName, nvl(WM_CONCAT(distinct poolTable.apn_name), 'null') as apnName,count(distinct poolTable.msisdn) as memCount,nvl(WM_CONCAT(poolTable.poolPkg), 'null') as poolPkg from 
		(
		SELECT fm.product_code AS prdCode,prod.PRODUCT_NAME AS prdName,fm.APN_NAME,fm.MSISDN,replace(fm.PACKAGE_CODE,'A001','I00010100085') AS PACKAGE_CODE,fm.pool_package as poolPkg
		FROM FLUX_POOL_MEM fm,EC_PROD prod
		WHERE fm.EFF_TYPE = 0
        AND fm.POOL_PACKAGE in('I00010300045','I00010300046','I00010300048','I00010101845','I00010101846','I00010111845','I00010111846','I00010100445','I00010100446','I00010700445','I00010700446','I00010100745','I00010100746')		
		AND fm.product_code = prod.PRODUCT_CODE
		AND fm.EC_CODE = prod.EC_CODE
		AND prod.STATE = 'ENABLED'
		<if test="prdCode !=null and prdCode !=''">
			AND fm.PRODUCT_CODE = #{prdCode}
		</if>
		<if test="groupCode !=null and groupCode !=''">
			AND fm.ec_code = #{groupCode}
		</if>
		<if test="msisdn !=null and msisdn !=''">
        	AND fm.msisdn=#{msisdn}
        </if>
		) poolTable
		group by poolTable.prdCode,poolTable.prdName
    </select>
    
</mapper>