<?xml version="1.0" encoding="UTF-8" ?>
<!DOCTYPE mapper PUBLIC "-//mybatis.org//DTD Mapper 3.0//EN" "http://mybatis.org/dtd/mybatis-3-mapper.dtd">
<mapper namespace="com.hvgroup.modules.sysec.dao.ProUserDao">
 
      <resultMap id="userResult" type="ProUser">
		<id property="id" column="id" />
		<result property="deptId" column="deptId" />
 		<result property="ecId" column="ecId" />
 		<result property="ecCode" column="ecCode" />
 		<result property="ecName" column="ecName" />
 		<result property="loginName" column="loginName" />
 		<result property="password" column="password" />
 		<result property="realName" column="realName" />
 		<result property="msisdn" column="msisdn" />
 		<result property="email" column="email" />
 		<result property="gender" column="gender" />
		<result property="enabled" column="enabled" />
		<result property="type" column="type" />
		<result property="lastLoginTime" column="lastLoginTime" />
		<result property="lastLoginIp" column="lastLoginIp" />
		<result property="createDate" column="createDate" />
		<result property="modifyDate" column="modifyDate" />
		<result property="loginCount" column="loginCount" />
		<result property="hasSentSms" column="hasSentSms" />
		<result property="msisdnSource" column="msisdnSource" />
  		<association property="area" javaType="Area">
         <result property="id" column="area.id" />
         <result property="name" column="area.name"/>
         <result property="code" column="area.code"/>
        </association>		
		<collection property="roleList" ofType="ProRole">
			<id property="id" column="roleList.id" />
			<result property="name" column="roleList.name" />
			<result property="ecId" column="roleList.ecId" />
			<result property="enabled" column="roleList.enabled" />
		</collection>	
	</resultMap>
	    
	<!-- 分页查询用户信息 -->
	<select id="findList" resultType="ProUser">
	 	select u.id id,
	       u.login_name loginName,
	       u.real_name realName,
	       u.type type,
	       u.ec_id ecId,
	       ec.ec_name ecName,
	       u.dept_id deptId,
	       u.msisdn,
	       u.create_date createDate,
	       u.last_login_time lastLoginTime,
	       u.login_count loginCount,
	       u.email email,
	       u.enabled
  		from pro_users u  
  		join enterprise_customer ec on u.ec_id = ec.ec_id
		<if test="areaId !=null and areaId != ''">
			AND ec.area_id = #{areaId}
		</if>
  		<if test="role != null and role.id != null and role.id != ''">
			join pro_users_roles pur ON  pur.user_id = u.id and pur.role_id = #{role.id}
		</if>
		where 1=1
		<!-- 如果不是超级管理员，则不显示超级管理员用户 -->
		<if test="!currentUser.admin">
			AND u.id != '1'
		</if>
	     <if test="loginName !=null and loginName != ''">
				and u.login_name like '%' || #{loginName} || '%' 
		 </if>
	     <if test="realName !=null and realName != ''">
				and u.real_name  like '%' || #{realName} || '%'
		 </if>
	     <if test="ecName !=null and ecName != ''">
				and  ec.ec_name  like '%' || #{ecName} || '%'
		 </if>
	     <if test="ecCode !=null and ecCode != ''">
				and  ec.ec_code  = #{ecCode}
		 </if>		 			 		
	     <if test="msisdn !=null and msisdn != ''">
				and u.msisdn  like '%' || #{msisdn} || '%'
		 </if>
	     <if test="type !=null and type != ''">
				and u.type = #{type}
		 </if>		 		
		 order by u.ec_id
	</select>

	<!-- 根据编号获得用户 -->
	<select id="get" resultMap="userResult">
	    select
	        pu.id,  
	        pu.dept_id deptId,
	        pu.ec_id ecId,
	        ec.ec_code ecCode,
	        ec.ec_name ||'('|| ec.ec_code ||')' ecName,  
	        pu.login_name loginName, 
	        pu.password, 
	        pu.real_name realName, 
	        pu.msisdn, 
	        pu.email, 
	        pu.gender, 
	        pu.enabled, 
	        pu.type, 
	        pu.last_login_time lastLoginTime,  
	        pu.last_login_ip lastLoginIp, 
	        pu.create_date createDate, 
	        pu.modify_date modifyDate,
	        pu.remark, 
	        pu.login_count loginCount, 
	        pu.has_sent_sms hasSentSms, 
	        pu.msisdn_source msisdnSource,
	        sa.id "area.id",
	        sa.name "area.name", 
	        sa.code "area.code",
	        pr.id "roleList.id",
      		pr.name "roleList.name",
      		pr.ec_id "roleList.ecId",
      		pr.enabled "roleList.enabled" 
	    from
	    pro_users pu 
	    left join enterprise_customer ec on pu.ec_id = ec.ec_id 
	    left join sys_area sa on sa.code = pu.area_code
		left join pro_users_roles pur on pur.user_id = pu.id
		left join pro_roles pr on pr.id = pur.role_id	    
		where pu.id = #{id}
	</select>
	
	<select id="getByLoginName" resultType="ProUser">
		select * from pro_users u where u.login_name = #{loginName}
	</select>
	
	
	<select id="findEcList" resultType="com.hvgroup.modules.customer.entity.CustomerListBean">
		  select
			    ec_id   ecId,
			    ec_code ecCode,
			    ec_name ||'('|| ec_code ||')' ecName
			from enterprise_customer 
			where ec_name like '%' || #{name} || '%' or ec_code like '%' || #{name} || '%'
			and rownum <![CDATA[ <= ]]> 60
	</select>



	<select id="findNoUserEcList" resultType="ProUser">
     select ec.ec_id ecId, ec.ec_code ecCode, ec.ec_name ecName
	    from enterprise_customer ec
	   where not exists
	   (select 1 from pro_user_ec puc where ec.ec_id = puc.ec_id and puc.user_id = #{id})
	  	<if test="areaId != null and areaId != ''">
			and ec.area_id = #{areaId}
		</if>
         <if test="ecName != null and ecName != ''">
         	and (ec.ec_name like '%' || #{ecName} || '%' or ec.ec_code like '%' || #{ecName} || '%')
         </if>		   
		 order by ec.ec_id
	</select>

 
 	<select id="findUserEcList" resultType="ProUser">
     	select ec.ec_id ecId, ec.ec_code ecCode, ec.ec_name ecName
	   	from enterprise_customer ec,pro_user_ec puc 
	   	where ec.ec_id = puc.ec_id  and puc.user_id =  #{id}
	   	order by puc.create_date
	</select>			

	<!-- 插入用户 -->
	<insert id="insert" parameterType="ProUser">
		<selectKey keyProperty="id" order="BEFORE" resultType="java.lang.String">
				SELECT seq_pro_users.nextval from dual
		</selectKey>
		insert into pro_users (
			id, dept_id, ec_id, area_code, login_name, password, real_name, msisdn, email, gender, enabled, type, last_login_time, last_login_ip, create_date, modify_date, remark, login_count, has_sent_sms, msisdn_source
		)
		values (
			#{id}, #{deptId}, #{ecId}, #{area.code}, #{loginName}, #{password}, #{realName}, #{msisdn}, #{email}, #{gender}, #{enabled}, #{type}, #{lastLoginTime}, #{lastLoginIp}, #{createDate}, #{modifyDate}, #{remark}, #{loginCount}, #{hasSentSms}, #{msisdnSource}
		)
	</insert>
	
	<!-- 更新用户 -->
	<update id="update">
		update pro_users set 
				dept_id =  #{deptId}, 
				ec_id =  #{ecId}, 
				area_code = #{area.code},
				login_name =  #{loginName}, 
				password =  #{password}, 
				real_name =  #{realName}, 
				msisdn =  #{msisdn}, 
				email =  #{email}, 
				gender =  #{gender}, 
				enabled =  #{enabled}, 
				type =  #{type}, 
				<!-- last_login_time   =  #{lastLoginTime},  -->
				<!-- last_login_ip   =  #{lastLoginIp}, --> 
				<!-- create_date   =  #{createDate}, 
				modify_date   =  #{modifyDate}, --> 
				remark   =  #{remark},
				<!-- login_count   =  #{loginCount}, --> 
				<!-- has_sent_sms   =  #{hasSentSms},  -->
				msisdn_source   =  #{msisdnSource},
				EFFECT_DATE = sysdate
		where id = #{id}
	</update>
	

	<delete id="delete">
		delete pro_users where id = #{id}
		 
	</delete>

	<!-- 删除用户角色关联 -->
	<delete id="deleteUserRoles">
		delete from pro_users_roles where user_id = #{id}
	</delete>

	<insert id="updateOrInsertUserEc">
		merge into pro_user_ec t1
		using (select #{userId} user_id,#{ecId} ec_id  from dual) t2
		on (t1.user_id = t2.user_id and  t1.ec_id = t2.ec_id)
		when matched then
		    update set t1.create_date = sysdate
		when not matched then 
		    insert(user_id,ec_id,create_date)  values (#{userId},#{ecId},sysdate)
	</insert>

	<delete id="deleteUserEc">
		delete from pro_user_ec pue where pue.user_id = #{userId} and pue.ec_id in
		<foreach item="item" collection="ecIds" open="(" separator="," close=")">
			#{item}
		</foreach>
	</delete>

	<delete id="deleteUserEcByUserId">
		delete from pro_user_ec pue where pue.user_id = #{userId}
	</delete>

	<!-- 删除用户和角色关联表数据 -->
	<delete id="deleteUserRole">
		delete from pro_users_roles WHERE user_id = #{userId}
	</delete>
	
	<!-- 插入用户和角色关联表数据 -->
	<insert id="insertUserRole">
		INSERT INTO pro_users_roles(user_id, role_id)
		<foreach collection="roleIds" item="roleId" separator=" union all ">
			SELECT #{userId}, #{roleId} FROM dual
		</foreach>
	</insert>
	
	<update id="updateProEcInfo">
		update PRO_EC_INFO set ROLE_ID = #{roleId} where ec_code = #{loginName}
	</update>

</mapper>