<?xml version="1.0" encoding="UTF-8" ?>
<!DOCTYPE mapper PUBLIC "-//mybatis.org//DTD Mapper 3.0//EN" "http://mybatis.org/dtd/mybatis-3-mapper.dtd">
<mapper namespace="com.hvgroup.modules.sysec.dao.UpdateEcNameDao">

	<sql id="pageSqlStart">
		<if test="pageInfo.pageNo != null and pageInfo.pageNo != ''">

			select * from
			(
			select temp_a.*, rownum rn from
			(
		</if>
	</sql>
	<!-- 分页SQL语句结尾语句 -->
	<sql id="pageSqlEnd">
		<if test="pageInfo.pageSize != null and pageInfo.pageSize != ''">
			) temp_a
			where rownum <![CDATA[<=]]>
			#{pageInfo.pageNo}*#{pageInfo.pageSize}
			)
			where rn >
			(#{pageInfo.pageNo}-1)*#{pageInfo.pageSize}
		</if>
	</sql>

	<select id="findEcNameAndCodeCount" resultType="Long">
		select
		count(1)
		from ENTERPRISE_CUSTOMER cus
		where 1 =1
		<if test="ecName != null and ecName != ''">
			and (cus.ec_name =#{ecName}	
			or
			cus.ec_code like '%'|| #{ecName}|| '%')
		</if>
	</select>

	<select id="findEcNameAndCode"
		resultType="com.hvgroup.modules.customer.entity.CustomerListMain">
		<include refid="pageSqlStart" />
		select
		cus.ec_name ecName,
		cus.ec_code ecCode
		from ENTERPRISE_CUSTOMER cus
		where 1 =1
		<if test="ecName != null and ecName != ''">
			and
			(IOT_AES_CRYPT(cus.ec_name,2) like '%'|| #{ecName}||
			'%'
			or cus.ec_code like '%'|| #{ecName}||
			'%')
		</if>
		<include refid="pageSqlEnd" />
	</select>
	
	<update id="updateEcNameByEcCode1">
		update enterprise_customer  set ec_name = #{ecName} where ec_code = #{ecCode}
	</update>
	
	<update id="updateEcNameByEcCode2">
		update pro_ec_info  set ec_name = #{ecName} where ec_code = #{ecCode}
	</update>


</mapper>