<?xml version="1.0" encoding="UTF-8" ?>
<!DOCTYPE mapper PUBLIC "-//mybatis.org//DTD Mapper 3.0//EN" "http://mybatis.org/dtd/mybatis-3-mapper.dtd">
<mapper namespace="com.hvgroup.modules.apiPushLog.dao.FunStatusDao">
	
	<sql id="pageSqlStart">
        <if test="pageInfo.pageNo != null and pageInfo.pageNo != ''">
        
        select * from
            (
             select a.*, rownum rn from 
                (
        </if>
    </sql>
    <!-- 分页SQL语句结尾语句 -->
    <sql id="pageSqlEnd">
        <if test="pageInfo.pageSize != null and pageInfo.pageSize !=''">
                ) a
             where rownum <![CDATA[<=]]> #{pageInfo.pageNo}*#{pageInfo.pageSize}
            )
        where rn > (#{pageInfo.pageNo}-1)*#{pageInfo.pageSize}
        </if>
    </sql>	
	
	<sql id="commonSql">
	 	<if test="ecCode != null and ecCode != ''">
	 		and ec_code = #{ecCode}
	 	</if>
	 	<if test="msisdn != null and msisdn != ''">
	 		and msisdn = #{msisdn}
	 	</if>
	 	<if test="commandId != null and commandId != ''">
	 		and command_id = #{commandId}
	 	</if>
	 	<if test="pushStatus != null and pushStatus != ''">
	 		and push_status = #{pushStatus}
	 	</if>
	 	<if test="startDate != null and startDate != ''">
	 		and PUSH_DATE <![CDATA[ >= ]]> to_date(#{startDate},'yyyy-mm-dd hh24:mi:ss')
	 	</if>
	 	<if test="endDate != null and endDate != ''">
	 		and PUSH_DATE <![CDATA[ <= ]]> to_date(#{endDate},'yyyy-mm-dd hh24:mi:ss')
	 	</if>
	</sql>
    
    
    <select id="findList" resultType="com.hvgroup.modules.apiPushLog.entity.FunStatus">
    	<include refid="pageSqlStart"/>
    	select 
    		id,msisdn,ec_code,command_id,push_status ,status,
    		to_char(change_date,'yyyy-MM-dd HH24:mi:ss') as changeDate,
    		to_char(push_date,'yyyy-MM-dd HH24:mi:ss') as pushDate
    	from API_PUSH_RECORD_FUNCTION
    	where 1=1
    		<include refid="commonSql"/>
    		order by push_date desc
    	<include refid="pageSqlEnd"/>
    </select>
    
    <select id="findCount" resultType="Long">
    	select count(1) from API_PUSH_RECORD_FUNCTION
    	where 1=1
    		<include refid="commonSql"/>
    </select>
    
    
    
    <select id="getOne" resultType="com.hvgroup.modules.apiPushLog.entity.FunStatus">
    	select 
    		msisdn,ec_code,command_id,push_status ,status,
    		to_char(change_date,'yyyy-MM-dd HH24:mi:ss') as changeDate,
    		to_char(push_date,'yyyy-MM-dd HH24:mi:ss') as pushDate,
    		COMMAND_ID,TRANS_ID,TOPIC,REQUEST_DATA,REQUEST_URL,OPT_IP,message
    	from API_PUSH_RECORD_FUNCTION
    	where id = #{id}
    </select>
    
    
	
	 <select id="export" resultType="com.hvgroup.modules.apiPushLog.entity.FunStatus">
    	select 
    		id,msisdn,ec_code as ecCode,
    		case when command_id = 'InternetOfThingsChangeStatePushNotify' then '上网功能'
    			 when command_id = 'InternetOfThingsVoiceChangePushNotify' then '语音功能'
    			 when command_id = 'InternetOfThingsSmsChangePushNotify' then '短信功能'
    		else '未知类型:'||command_id  end as commandId,  
    		case when status = 'ENABLED' then '开'
    			 when status = 'DISABLED' then '关'
    		else '-'  end as status,  
    		to_char(change_date,'yyyy-MM-dd HH24:mi:ss') as changeDate,
    		to_char(push_date,'yyyy-MM-dd HH24:mi:ss') as pushDate,
    		decode(push_status,'0','推送成功','推送失败') as pushStatus 
    	from API_PUSH_RECORD_FUNCTION
    	where 1=1
    		<include refid="commonSql"/>
    		order by push_date desc
    </select>
    
    
    
    <select id="getIccid" resultType="string">
		select iccid from num_route where msisdn = #{msisdn} and rownum = 1     
    </select>
	
</mapper>