<?xml version="1.0" encoding="UTF-8" ?>
<!DOCTYPE mapper PUBLIC "-//mybatis.org//DTD Mapper 3.0//EN" "http://mybatis.org/dtd/mybatis-3-mapper.dtd">
<mapper namespace="com.hvgroup.modules.apiPushLog.dao.RealNameLogDao">
	
	<sql id="pageSqlStart">
        <if test="pageInfo.pageNo != null and pageInfo.pageNo != ''">
        
        select * from
            (
             select a.*, rownum rn from 
                (
        </if>
    </sql>
    <!-- 分页SQL语句结尾语句 -->
    <sql id="pageSqlEnd">
        <if test="pageInfo.pageSize != null and pageInfo.pageSize !=''">
                ) a
             where rownum <![CDATA[<=]]> #{pageInfo.pageNo}*#{pageInfo.pageSize}
            )
        where rn > (#{pageInfo.pageNo}-1)*#{pageInfo.pageSize}
        </if>
    </sql>	
    
    <sql id="commonSql">
	 	<if test="ecCode != null and ecCode != ''">
	 		and ec_code = #{ecCode}
	 	</if>
	 	<if test="msisdn != null and msisdn != ''">
	 		and msisdn = #{msisdn}
	 	</if>
	 	<if test="pushType != null and pushType != ''">
	 		and push_type = #{pushType}
	 	</if>
	 	<if test="pushStatus != null and pushStatus != ''">
	 		and push_status = #{pushStatus}
	 	</if>
	 	<if test="startDate != null and startDate != ''">
	 		and PUSH_DATE <![CDATA[ >= ]]> to_date(#{startDate},'yyyy-mm-dd hh24:mi:ss')
	 	</if>
	 	<if test="endDate != null and endDate != ''">
	 		and PUSH_DATE <![CDATA[ <= ]]> to_date(#{endDate},'yyyy-mm-dd hh24:mi:ss')
	 	</if>
	</sql>
    
    
    <select id="findList" resultType="com.hvgroup.modules.apiPushLog.entity.RealNameLog">
    	<include refid="pageSqlStart"/>
    	select 
    		id,msisdn,iccid,ec_code,push_type,push_status ,
    		to_char(change_date,'yyyy-MM-dd HH24:mi:ss') as changeDate,
    		to_char(push_date,'yyyy-MM-dd HH24:mi:ss') as pushDate
    	from api_push_record_realname
    	where 1=1
    		<include refid="commonSql"/>
    		order by push_date desc
    	<include refid="pageSqlEnd"/>
    </select>
    
    <select id="findCount" resultType="Long">
    	select count(1) from api_push_record_realname
    	where 1=1
    		<include refid="commonSql"/>
    </select>
    
    
    
    <select id="getOne" resultType="com.hvgroup.modules.apiPushLog.entity.RealNameLog">
    	select 
    		msisdn,iccid,ec_code,push_type,push_status ,
    		to_char(change_date,'yyyy-MM-dd HH24:mi:ss') as changeDate,
    		to_char(push_date,'yyyy-MM-dd HH24:mi:ss') as pushDate,
    		COMMAND_ID,TRANS_ID,TOPIC,REQUEST_DATA,REQUEST_URL,OPT_IP,message
    	from api_push_record_realname
    	where id = #{id}
    </select>
    
    
	
	 <select id="export" resultType="com.hvgroup.modules.apiPushLog.entity.RealNameLog">
    	select 
    		id,msisdn,iccid,ec_code as ecCode,
    		case when push_type = '1' then '实名认证成功'
    			 when push_type = '2' then '库存期激活'
    			 when push_type = '3' then '实名认证失败'
    			 when push_type = '4' then '实名解绑'
    			 when push_type = '5' then '实名失败'
    		else '-' end as pushType,  
    		to_char(change_date,'yyyy-MM-dd HH24:mi:ss') as changeDate,
    		to_char(push_date,'yyyy-MM-dd HH24:mi:ss') as pushDate,
    		decode(push_status,'0','推送成功','推送失败') as pushStatus 
    	from api_push_record_realname
    	where 1=1
    		<include refid="commonSql"/>
    		order by push_date desc
    </select>
	
</mapper>