<?xml version="1.0" encoding="UTF-8" ?>
<!DOCTYPE mapper PUBLIC "-//mybatis.org//DTD Mapper 3.0//EN" "http://mybatis.org/dtd/mybatis-3-mapper.dtd">
<mapper namespace="com.hvgroup.modules.intl.dao.AbroadCardDao">
	
	<sql id="pageSqlStart">
        <if test="pageInfo.pageNo != null and pageInfo.pageNo != ''">
        
        select * from
            (
             select a.*, rownum rn from 
                (
        </if>
    </sql>
    <!-- 分页SQL语句结尾语句 -->
    <sql id="pageSqlEnd">
        <if test="pageInfo.pageSize != null and pageInfo.pageSize !=''">
                ) a
             where rownum <![CDATA[<=]]> #{pageInfo.pageNo}*#{pageInfo.pageSize}
            )
        where rn > (#{pageInfo.pageNo}-1)*#{pageInfo.pageSize}
        </if>
    </sql>
	
    <select id="findList" resultType="com.hvgroup.modules.intl.entity.EvenNumInfoVo">
		select custid, custcode, count(custid) as msisdnCount
		  from CM_OISIM
		 where type in ('0', '1')
		 group by custid, custcode
		 <if test="msisdnAndSoOn != null and msisdnAndSoOn != ''">
			having custcode = #{msisdnAndSoOn}
		 </if>
   	</select>
   	
   	<select id="fingCustCmiot" resultType="com.hvgroup.modules.intl.entity.EvenNumInfoVo"> 
		select cust_name as custName, create_date createDate,CUST_LEVEL custLevel from cm_customer_info where cust_id = #{custId} and rownum = 1
	</select>
   	
   	<select id="fingCustIot" resultType="com.hvgroup.modules.intl.entity.EvenNumInfoVo"> 
		select ec_name          as custName,
		       create_date      createDate,
		       ENTERPRISE_LEVEL custLevel
		  from enterprise_customer
		 where pboss_ec_code = #{custId}
		   and rownum = 1
   </select>
   <select id="findNumList" resultType="com.hvgroup.modules.intl.entity.EvenNumInfoVo">
   <include refid="pageSqlStart"/> 
   	select c.msisdn         as msisdn,
		       c.iccid          as iccid,
		       c.imsi           as imsi,
		       c.direction_name as directionName,
		       c.map_iccid      as mapIccid,
		       c.open_time      as openTime,
		       c.status         as status,
	           s.service_status as serviceStatus,
	           s.apn_name as apnName
		  from CM_OISIM c
		   left join CM_OISIM_SERVICE s on s.msisdn = c.msisdn
		 where c.type in ('0','1') 
		  <if test="custid != null and custid != ''">
			and c.custid = #{custid}
		</if>
		 <if test="custcode != null and custcode != ''">
			and c.custcode = #{custcode}
		</if>
		<if test="directionName != null and directionName != ''">
			and c.direction_name = #{directionName}
		</if>
		<if test="statusName != null and statusName != ''">
			and c.status_name = #{statusName}
		</if>
		<if test="msisdnAndSoOn != null and msisdnAndSoOn != ''">
			and (
			c.msisdn like '%' || #{msisdnAndSoOn} || '%'
			or
			c.iccid like '%' || #{msisdnAndSoOn} || '%'
			or
			c.imsi like '%' || #{msisdnAndSoOn} || '%' )
		</if>
		<if test="startDate != null and startDate != ''">
			and to_date(c.open_time,'yyyy-mm-dd hh24:mi:ss') <![CDATA[>= ]]> to_date(#{startDate},'yyyy-mm-dd hh24:mi:ss')
		</if>
		<if test="endDate != null and endDate != ''">
			and to_date(c.open_time,'yyyy-mm-dd hh24:mi:ss') <![CDATA[<= ]]> to_date(#{endDate},'yyyy-mm-dd hh24:mi:ss')
		</if>
		<include refid="pageSqlEnd"/> 
   </select>
   
   <select id="findNumListCount" resultType="java.lang.Long">
   	select count(1)
		  from CM_OISIM c
		 where c.type in ('0','1') 
		 <if test="custid != null and custid != ''">
			and c.custid = #{custid}
		</if>
		 <if test="custcode != null and custcode != ''">
			and c.custcode = #{custcode}
		</if>
		<if test="directionName != null and directionName != ''">
			and c.direction_name = #{directionName}
		</if>
		<if test="statusName != null and statusName != ''">
			and c.status_name = #{statusName}
		</if>
		<if test="msisdnAndSoOn != null and msisdnAndSoOn != ''">
			and (
			c.msisdn like '%' || #{msisdnAndSoOn} || '%'
			or
			c.iccid like '%' || #{msisdnAndSoOn} || '%'
			or
			c.imsi like '%' || #{msisdnAndSoOn} || '%' )
		</if>
		<if test="startDate != null and startDate != ''">
			and to_date(c.open_time,'yyyy-mm-dd hh24:mi:ss') <![CDATA[>= ]]> to_date(#{startDate},'yyyy-mm-dd hh24:mi:ss')
		</if>
		<if test="endDate != null and endDate != ''">
			and to_date(c.open_time,'yyyy-mm-dd hh24:mi:ss') <![CDATA[<= ]]> to_date(#{endDate},'yyyy-mm-dd hh24:mi:ss')
		</if>
   </select>
   
   <select id="findAbroadCardDetail" resultType="java.util.HashMap">
    	select 
    		ICCID,IMSI,MSISDN,DIRECTION_NAME as DIRECTION,STATUS_NAME as STATUS,
    		 to_char(to_date(OPEN_TIME, 'yyyy-MM-dd hh24:mi:ss'), 'yyyyMMdd') as OPENTIME, 
    		 to_char(to_date(STATUS_TIME, 'yyyy-MM-dd hh24:mi:ss'), 'yyyyMMdd') as ACTIVETIME   
    	from cm_oisim where iccid = #{iccid} and rownum = 1
    </select>
    
    <select id="findAllStatusName" resultType="java.lang.String">
    	SELECT distinct STATUS_NAME FROM CM_OISIM WHERE TYPE IN ('0','1')
    </select>
    
    <select id="findAllDirectionName" resultType="java.lang.String">
    	SELECT distinct DIRECTION_NAME FROM CM_OISIM WHERE TYPE IN ('0','1')
    </select>
    
    <select id="exportOverseasData" resultType="com.hvgroup.modules.intl.entity.OverSeaInfoVo">
    	select c.msisdn         as msisdn,
		       c.iccid          as iccid,
		       c.imsi           as imsi,
		       c.direction_name as directionName,
		       c.map_iccid      as mapIccid,
		       c.open_time      as openTime,
		       c.status         as status,
		       c.status_name	as statusName,
	           s.service_status as serviceStatus,
	           s.apn_name as apnName
		  from CM_OISIM c
		   left join CM_OISIM_SERVICE s on s.msisdn = c.msisdn
		 where c.type in ('0','1') 
		  <if test="custid != null and custid != ''">
			and c.custid = #{custid}
		</if>
		 <if test="custcode != null and custcode != ''">
			and c.custcode = #{custcode}
		</if>
		<if test="directionName != null and directionName != ''">
			and c.direction_name = #{directionName}
		</if>
		<if test="statusName != null and statusName != ''">
			and c.status_name = #{statusName}
		</if>
		<if test="msisdnAndSoOn != null and msisdnAndSoOn != ''">
			and (
			c.msisdn like '%' || #{msisdnAndSoOn} || '%'
			or
			c.iccid like '%' || #{msisdnAndSoOn} || '%'
			or
			c.imsi like '%' || #{msisdnAndSoOn} || '%' )
		</if>
		<if test="startDate != null and startDate != ''">
			and to_date(c.open_time,'yyyy-mm-dd hh24:mi:ss') <![CDATA[>= ]]> to_date(#{startDate},'yyyy-mm-dd hh24:mi:ss')
		</if>
		<if test="endDate != null and endDate != ''">
			and to_date(c.open_time,'yyyy-mm-dd hh24:mi:ss') <![CDATA[<= ]]> to_date(#{endDate},'yyyy-mm-dd hh24:mi:ss')
		</if>
    </select>
    
    
   	
</mapper>