<?xml version="1.0" encoding="UTF-8" ?>
<!DOCTYPE mapper PUBLIC "-//mybatis.org//DTD Mapper 3.0//EN" "http://mybatis.org/dtd/mybatis-3-mapper.dtd">
<mapper namespace="com.hvgroup.modules.intl.dao.EvenNumGroupDao">
	    
    <sql id="pageSqlStart">
		<if test="pageNo != null and pageNo != ''">

			select * from
			(
			select temp_a.*, rownum rn from
			(
		</if>
	</sql>
	<!-- 分页SQL语句结尾语句 -->
	<sql id="pageSqlEnd">
		<if test="pageSize != null and pageSize != ''">
			) temp_a
			where rownum <![CDATA[<=]]>
			#{pageNo}*#{pageSize}
			)
			where rn >
			(#{pageNo}-1)*#{pageSize}
		</if>
	</sql>
	    
	    
    <select id="findList" resultType="com.hvgroup.modules.intl.entity.EvenNumGroupVo">
		select distinct group_id as groupId from CM_OISIM_GROUP
		 where 1=1 
	    <if test="custCode != null and custCode != ''">
			and cust_code = #{custCode}
		</if>
   	</select>
   	
   	<select id="queryGroupInfo" resultType="com.hvgroup.modules.intl.entity.EvenNumGroupVo">
	    select group_id           as groupId,
		       group_name         as groupName,
		       member_count       as memberCount,
		       commodity_code     as commodityCode,
		       main_commodity_name as mainCommodityName
		  from CM_OISIM_GROUP
		 where 1=1 
	    <if test="groupId != null and groupId != ''">
			and group_id = #{groupId}
		</if>

    </select>
   	
   	
   	<select id="queryGroupMemberInfo"  resultType="com.hvgroup.modules.intl.entity.EvenNumInfoVo">
   		<include refid="pageSqlStart"/> 
	   select distinct msisdn, iccid , imsi
	   		from CM_OISIM_GROUP_MEMBER m
		 where 1=1
		 <if test="groupId != null and groupId != ''">
			and group_id = #{groupId}
		</if> 
		<if test="msisdn != null and msisdn != ''">
			and (msisdn LIKE '%'|| #{msisdn} ||'%'
			OR iccid LIKE '%'|| #{msisdn} ||'%' 
			OR imsi LIKE '%'|| #{msisdn} ||'%')
		</if> 
		<if test="directionName != null and directionName != ''">
			and exists (select 1 from CM_OISIM o  where direction_name = #{directionName} and o.msisdn = m.msisdn)
		</if>
		<include refid="pageSqlEnd"/>  
    </select>
    
    <select id="queryGroupMemberCount"  resultType="long">
	   select count(distinct msisdn)
	   		from CM_OISIM_GROUP_MEMBER m
		 where 1=1 
	    <if test="groupId != null and groupId != ''">
			and group_id = #{groupId}
		</if> 
		<if test="msisdn != null and msisdn != ''">
			and (msisdn LIKE '%'|| #{msisdn} ||'%'
			OR iccid LIKE '%'|| #{msisdn} ||'%' 
			OR imsi LIKE '%'|| #{msisdn} ||'%')
		</if> 
		<if test="directionName != null and directionName != ''">
			and exists (select 1 from CM_OISIM o  where direction_name = #{directionName} and o.msisdn = m.msisdn)
		</if>
    </select>
   	
   	
   	<select id="queryOthMsg"  resultType="com.hvgroup.modules.intl.entity.EvenNumInfoVo">
	   select  c.direction_name as directionName,
		       c.map_iccid      as mapIccid,
		       c.open_time      as openTime,
		       c.status         as status,
	           c.status_name    as statusName,
	           s.service_status as serviceStatus,
             	s.apn_name as apnName
	   		from CM_OISIM c
	   		left join (select * from CM_OISIM_SERVICE where SERVICE_TYPE = '11') s on s.msisdn = c.msisdn
		 where 1=1 
		 <if test="msisdn != null and msisdn != ''">
			and c.msisdn = #{msisdn}
		</if> 
    </select>
   	
   	
</mapper>