<?xml version="1.0" encoding="UTF-8" ?>
<!DOCTYPE mapper PUBLIC "-//mybatis.org//DTD Mapper 3.0//EN" "http://mybatis.org/dtd/mybatis-3-mapper.dtd">
<mapper namespace="com.hvgroup.modules.riskControl.dao.CardSeparateDao">


	<sql id="pageSqlStart">
		<if test="pageInfo.pageNo != null and pageInfo.pageNo != ''">

			select * from
			(
			select temp_a.*, rownum rn from
			(
		</if>
	</sql>
	<!-- 分页SQL语句结尾语句 -->
	<sql id="pageSqlEnd">
		<if test="pageInfo.pageSize != null and pageInfo.pageSize != ''">
			) temp_a
			where rownum <![CDATA[<=]]>
			#{pageInfo.pageNo}*#{pageInfo.pageSize}
			)
			where rn >
			(#{pageInfo.pageNo}-1)*#{pageInfo.pageSize}
		</if>
	</sql>
	
	
	<sql id="commentSql">
		<if test="custid != null and custid != ''">
			and custid = #{custid}
		</if>
		<if test="msisdn != null and msisdn != ''">
			and msisdn = #{msisdn}
		</if>
		<if test="startDate != null and startDate != ''">
			and STATSDATE <![CDATA[>=]]> ${startDate}
		</if>
		<if test="endDate != null and endDate != ''">
			and STATSDATE <![CDATA[<=]]> ${endDate}
		</if>
		<if test="riskusertype != null and riskusertype != ''">
			and RISKUSERTYPE = #{riskusertype}
		</if>
		<if test="businessSystem != null and businessSystem != ''">
			and BUSINESS_SYSTEM = #{businessSystem}
		</if>
	</sql>
	
	<select id="findList" resultType="com.hvgroup.modules.riskControl.entity.CardSeparate">
		<include refid="pageSqlStart" />
			select * from BD_ST_S109_S109003_9011
			where 1=1 and RISKUSERTYPE in ('risk001003','risk002002')
			<include refid="commentSql"/>
			order by STATSDATE desc,MSISDN
		<include refid="pageSqlEnd" />
	</select>
	
	<select id="findCount" resultType="long">
		select count(1) from BD_ST_S109_S109003_9011
		where 1=1 and RISKUSERTYPE in ('risk001003','risk002002')
		<include refid="commentSql"/>
	</select>
	
	

</mapper>