<?xml version="1.0" encoding="UTF-8" ?>
<!DOCTYPE mapper PUBLIC "-//mybatis.org//DTD Mapper 3.0//EN" "http://mybatis.org/dtd/mybatis-3-mapper.dtd">
<mapper namespace="com.hvgroup.modules.riskControl.dao.CityUserLoginPortalDao">
  
  <select id="findList" resultType="com.hvgroup.modules.riskControl.entity.CityUserLoginPortal">
  	select LOGIN_NAME,
	       LOGIN_IP,
	       LOGIN_TIME,
	       LOGIN_COUNT,
	       LOG_TYPE,
	       LOG_TITLE,
	       CREATE_NAME,
	       CREATE_TIME,
	       OPERATION_IP,
	       USER_AGENT,
	       OPERATION_URL,
	       OPERATION_MODE,
	       OPERATION_COMMIT,
	       EXCEPTION_INFO
	  from CITY_USER_LOGIN_PORTAL
	  WHERE 1=1 
	  <if test="loginName != null and loginName != ''">
		and LOGIN_NAME like '%' || #{loginName} || '%'
	  </if>
  </select>
  <select id="queryList" resultType="com.hvgroup.modules.riskControl.entity.CityUserLoginPortal">
  	select LOGIN_NAME,
	       LOGIN_IP,
	       LOGIN_TIME,
	       LOGIN_COUNT,
	       LOG_TYPE,
	       LOG_TITLE,
	       CREATE_NAME,
	       CREATE_TIME,
	       OPERATION_IP,
	       USER_AGENT,
	       OPERATION_URL,
	       OPERATION_MODE,
	       OPERATION_COMMIT,
	       EXCEPTION_INFO
	  from CITY_USER_LOGIN_PORTAL
	  WHERE 1=1 
	  <if test="loginName != null and loginName != ''">
		and LOGIN_NAME like '%' || #{loginName} || '%'
	  </if>
  </select>
</mapper>