<?xml version="1.0" encoding="UTF-8" ?>
<!DOCTYPE mapper PUBLIC "-//mybatis.org//DTD Mapper 3.0//EN" "http://mybatis.org/dtd/mybatis-3-mapper.dtd">
<mapper namespace="com.hvgroup.modules.riskControl.dao.GroupMsisdnDatavolumeDao">
  
  <select id="findList" resultType="com.hvgroup.modules.riskControl.entity.GroupMsisdnDatavolume">
  	select g.MSISDN,
		   g.EC_CODE,
		   g.PRODUCT_CODE,
		   substr(a.area_name, 1, instr(a.area_name, '市') - 1) as areaName,
         case when g.PN_MSISDN = 'PN' then '专网卡' else '--' end as pnMsisdn,
	       case when nvl(g.PN_MSISDN,0) <![CDATA[ <> ]]> 'PN' and trim(g.INDUSTRY_CARD) is null then '行业卡' else '--' end as industryCard,
		   g.MSISDN_BRAND,
		   g.OPEN_TIME,
		   g.ACTIVATE_TIME,
		   g.STATE,
		   g.UPDATE_TIME,
		   g.DATA_SOURCE,
		   g.START_TIME,
		   g.END_TIME,
		   g.MAIN_PROD,
		   g.MAIN_PROD_ID,
		   (case
	         when g.LIFE_CYCLE = 'NORMAL' then
	          '正使用'
	         when g.LIFE_CYCLE = 'TEST' then
	          '测试期'
	         when g.LIFE_CYCLE = 'SILENT' then
	          '沉默期'
	         when g.LIFE_CYCLE = 'STOCK' then
	          '库存期'
	         when g.LIFE_CYCLE = 'STOP' then
	          '停机'
	         when g.LIFE_CYCLE = 'PRECLOSE' then
            '预约销户'
           when g.LIFE_CYCLE = 'CANCEL' then
            '销户'
           when g.LIFE_CYCLE = 'OTHERS' then
            '其他'
           else
            '--'
         end) LIFE_CYCLE,
       g.STATEFUL_TIME,
       g.ROW_CREATE_DATE,
       g.LOW_POWER_MODE,
       g.RT_TIMER,
       g.NUMBER_ACTIVATE_TYPE,
       g.CARD_TYPE,
       g.IDENT_CODE,
       g.RUN_TIME,
       g.ACTIVATE_TYPE,
       g.BUS_NAME
    from GROUP_MSISDN_DATAVOLUME g 
  	left join areas a on a.area_code = g.area_code
	  WHERE 1=1 
	  <if test="msisdn != null and msisdn != ''">
		and g.msisdn like '%' || #{msisdn} || '%'
	  </if>
	  <if test="areaCode != null and areaCode != ''">
		and g.area_code like '%' || #{areaCode} || '%'
	  </if>
	  <if test="ecCode != null and ecCode != ''">
		and g.ec_code like '%' || #{ecCode} || '%'
	  </if>
  </select>
  <select id="queryListCount" resultType="java.lang.Long">
  	select count(1) from(select MSISDN,
		   EC_CODE,
		   PRODUCT_CODE,
		   AREA_CODE,
		   PN_MSISDN,
		   INDUSTRY_CARD,
		   MSISDN_BRAND,
		   OPEN_TIME,
		   ACTIVATE_TIME,
		   STATE,
		   UPDATE_TIME,
		   DATA_SOURCE,
		   START_TIME,
		   END_TIME,
		   MAIN_PROD,
		   MAIN_PROD_ID,
		   LIFE_CYCLE,
		   STATEFUL_TIME,
		   ROW_CREATE_DATE,
		   LOW_POWER_MODE,
		   RT_TIMER,
		   NUMBER_ACTIVATE_TYPE,
		   CARD_TYPE,
		   IDENT_CODE,
		   RUN_TIME,
		   ACTIVATE_TYPE,
		   BUS_NAME
	  from GROUP_MSISDN_DATAVOLUME
	  WHERE 1=1 
	  <if test="msisdn != null and msisdn != ''">
		and msisdn like '%' || #{msisdn} || '%'
	  </if>
	  <if test="areaCode != null and areaCode != ''">
		and area_code like '%' || #{areaCode} || '%'
	  </if>
	  <if test="ecCode != null and ecCode != ''">
		and ec_code like '%' || #{ecCode} || '%'
	  </if>)
  </select>
</mapper>