<?xml version="1.0" encoding="UTF-8" ?>
<!DOCTYPE mapper PUBLIC "-//mybatis.org//DTD Mapper 3.0//EN" "http://mybatis.org/dtd/mybatis-3-mapper.dtd">
<mapper namespace="com.hvgroup.modules.riskControl.dao.HighRiskNumFlowPkDao">
    <!--查找流量-->
<!--    <select id="findList" resultType="com.hvgroup.modules.riskControl.entity.HighRiskNumFlowPk">
     select t.msisdn as msisdn,
        t.package_code as packageCode,
        t.ec_code as ecCode,
        t.produ_code as produCode,
        t.apn_name as apnName,
        t.state as state,
        t.start_date as startDate,
        t.end_date as endDate,
        t.state_time as stateTime,
        t.pkg_source as pkgSource,
        t.data_source as dataSource,
        t.create_date as createDate,
        t.subsprodid as subsprodid,
        t.order_date as orderDate,
        t.area_code as areaCode,
        t.rec_date as recDate,
        t.quota as quota,
        t.operate_date as operateDate,
        t.discount as discount,
        t.inderti_code as inderitCode,
        t.total_source as totalSource,
        t.used_source as usedSource,
        t.remainder_source as remainderSource
        from DZ_HIGHRISK t
        where 1=1
        <if test="msisdn != null and msisdn != ''">
            and t.msisdn like '%' || #{msisdn} || '%'
        </if>
        <if test="ecCode != null and ecCode != ''">
            and t.ec_code like '%' || #{ecCode} || '%'
        </if>
    </select>-->
    <select id="findList" resultType="com.hvgroup.modules.riskControl.entity.HighRiskNumFlowPk">
    select t.msisdn as msisdn,
    t.package_code as packageCode,
    t.ec_code as ecCode,
    t.produ_code as produCode,
    t.apn_name as apnName,
    t.state as state,
    t.start_date as startDate,
    t.end_date as endDate,
    t.state_time as stateTime,
    t.pkg_source as pkgSource,
    t.data_source as dataSource,
    t.create_date as createDay,
    t.subsprodid as subsprodid,
    t.order_date as orderDate,
    substr(a.area_name,1,instr(a.area_name,'市')-1) as areaName,
    t.rec_date as recDate,
    t.quota as quota,
    t.operate_date as operateDate,
    t.discount as discount,
    t.inderti_code as inderitCode,
    t.total_source as totalSource,
    t.used_source as usedSource,
    t.remainder_source as remainderSource
    from DZ_HIGHRISK t
    left join areas a on a.area_code=t.area_code
    where 1=1
        <if test="msisdn != null and msisdn != ''">
            and t.msisdn like '%' || #{msisdn} || '%'
        </if>
        <if test="ecCode != null and ecCode != ''">
            and t.ec_code like '%' || #{ecCode} || '%'
        </if>
</select>
</mapper>