<?xml version="1.0" encoding="UTF-8" ?>
<!DOCTYPE mapper PUBLIC "-//mybatis.org//DTD Mapper 3.0//EN" "http://mybatis.org/dtd/mybatis-3-mapper.dtd">
<mapper namespace="com.hvgroup.modules.riskControl.dao.MachineCardSeparationDao">
   
   
    <sql id="pageSqlStart">
		<if test="pageInfo.pageNo != null and pageInfo.pageNo != ''">

			select * from
			(
			select temp_a.*, rownum rn from
			(
		</if>
	</sql>
	<!-- 分页SQL语句结尾语句 -->
	<sql id="pageSqlEnd">
		<if test="pageInfo.pageSize != null and pageInfo.pageSize != ''">
			) temp_a
			where rownum <![CDATA[<=]]>
			#{pageInfo.pageNo}*#{pageInfo.pageSize}
			)
			where rn >
			(#{pageInfo.pageNo}-1)*#{pageInfo.pageSize}
		</if>
	</sql>

	
	<select id="findlist" resultType="com.hvgroup.modules.riskControl.entity.MachineCardSeparation" >
	    <include refid="pageSqlStart"/> 
	     SELECT d.*<!-- , round(d.risksCount*100/d.userCount,4) as ratio --> FROM
		 (SELECT COUNT(MSISDN) AS risksCount,
		 BELONGREGIONNAME,
		 RISKTYPE,
		 TO_CHAR(TO_DATE(a.RISK_DATE,'yyyy-MM-dd'),'yyyyMM') AS usedMonth<!-- ,
		  (SELECT count(1) FROM CMIOT.CM_SUBSCRIBER_INFO WHERE OWNER_PARTY_ROLE_ID IN (SELECT CUST_ID FROM CMIOT.CM_CUSTOMER_INFO WHERE REGIONID in(SELECT REGION_ID FROM CMIOT.SA_REGION_CODE WHERE region_name like '%'||a.BELONGREGIONNAME||'%'))) as userCount  
		  --> FROM BD_ST_S109_S109005_9013 a
		  where 1=1
		 <if test="belongregionname != null and belongregionname != ''">
			and a.BELONGREGIONNAME = #{belongregionname}
		</if>
		<if test="risktype != null and risktype != ''">
			and a.RISKTYPE = #{risktype}
		</if>
		<!-- 用于终验临时处理 -->
		<if test="(startDate == null or startDate == '' ) and (endDate == null or endDate == '' )">
			and RISK_DATE = (select max(RISK_DATE) from BD_ST_S109_S109005_9013)
		</if>
		<if test="startDate != null and startDate != ''">
			and RISK_DATE <![CDATA[ >= ]]> #{startDate}
		</if>
		<if test="endDate != null and endDate != ''">
			and RISK_DATE <![CDATA[ <= ]]> #{endDate}
		</if>
		 GROUP BY a.BELONGREGIONNAME,TO_CHAR(TO_DATE(a.RISK_DATE,'yyyy-MM-dd'),'yyyyMM'),RISKTYPE) d
		 <include refid="pageSqlEnd"/>
	</select>


   <select id="findNotSizelist" resultType="hashMap" >
		  SELECT d.*, round(d.risksCount*100/d.userCount,4) as ratio FROM
		 (SELECT COUNT(MSISDN) AS risksCount,
		 BELONGREGIONNAME,
		 RISKTYPE,
		 TO_CHAR(TO_DATE(a.RISK_DATE,'yyyy-MM-dd'),'yyyyMM') AS usedMonth,
		  (SELECT count(1) FROM CMIOT.CM_SUBSCRIBER_INFO WHERE OWNER_PARTY_ROLE_ID IN (SELECT CUST_ID FROM CMIOT.CM_CUSTOMER_INFO WHERE REGIONID in(SELECT REGION_ID FROM CMIOT.SA_REGION_CODE WHERE region_name like '%'||a.BELONGREGIONNAME||'%'))) as userCount  
		 FROM BD_ST_S109_S109005_9013 a
		  where 1=1
		 <if test="belongregionname != null and belongregionname != ''">
			and a.BELONGREGIONNAME = #{belongregionname}
		</if>
		<if test="risktype != null and risktype != ''">
			and a.RISKTYPE = #{risktype}
		</if>
		<!-- 用于终验临时处理 -->
		<if test="(startDate == null or startDate == '' ) and (endDate == null or endDate == '' )">
			and RISK_DATE = (select max(RISK_DATE) from BD_ST_S109_S109005_9013)
		</if>
		<if test="startDate != null and startDate != ''">
			and RISK_DATE <![CDATA[ >= ]]> #{startDate}
		</if>
		<if test="endDate != null and endDate != ''">
			and RISK_DATE <![CDATA[ <= ]]> #{endDate}
		</if>
		 GROUP BY a.BELONGREGIONNAME,TO_CHAR(TO_DATE(a.RISK_DATE,'yyyy-MM-dd'),'yyyyMM'),RISKTYPE) d
	</select>
   
	
	<select id="findCount" resultType="Long" >
	  SELECT COUNT(1)  FROM
       (SELECT TO_CHAR(TO_DATE(a.RISK_DATE,'yyyy-MM-dd'),'yyyyMM'),BELONGREGIONNAME,RISKTYPE FROM CMIOT.BD_ST_S109_S109005_9013 a 
        WHERE 1=1 
         <if test="belongregionname != null and belongregionname != ''">
			and a.BELONGREGIONNAME = #{belongregionname}
		</if>
		<if test="risktype != null and risktype != ''">
			and a.RISKTYPE = #{risktype}
		</if>
		<!-- 用于终验临时处理 -->
		<if test="(startDate == null or startDate == '' ) and (endDate == null or endDate == '' )">
			and RISK_DATE = (select max(RISK_DATE) from BD_ST_S109_S109005_9013)
		</if>
		<if test="startDate != null and startDate != ''">
			and RISK_DATE <![CDATA[ >= ]]> #{startDate}
		</if>
		<if test="endDate != null and endDate != ''">
			and RISK_DATE <![CDATA[ <= ]]> #{endDate}
		</if>
        GROUP BY a.BELONGREGIONNAME,TO_CHAR(TO_DATE(a.RISK_DATE,'yyyy-MM-dd'),'yyyyMM'),RISKTYPE)

	   </select>
	   
	   <select id="findUserlist" resultType="com.hvgroup.modules.riskControl.entity.MachineCardSeparationUser" >
	     <include refid="pageSqlStart"/> 
		 SELECT * FROM BD_ST_S109_S109005_9013 a
		  where 1=1
		 <if test="belongregionname != null and belongregionname != ''">
			and a.BELONGREGIONNAME = #{belongregionname}
		</if>
		<if test="risktype != null and risktype != ''">
			and a.RISKTYPE = #{risktype}
		</if>
		<if test="msisdn != null and msisdn != ''">
			and a.MSISDN = #{msisdn}
		</if>
		<if test="custid != null and custid != ''">
			and a.CUSTID = #{custid}
		</if>
		<if test="custname != null and custname != ''">
			and a.CUSTNAME = #{custname}
		</if>
		<if test="usedMonth != null and usedMonth != ''">
			<if test="type != null and type != ''">
				and to_char(to_date(RISK_DATE,'yyyy-MM-dd'),'yyyyMM') = #{usedMonth}
			</if>
			<if test="type == null or type == ''">
				and RISK_DATE = #{usedMonth}
			</if>
		</if>
		  <include refid="pageSqlEnd"/>
	</select>
	
	 <select id="findUserNotSizelist" resultType="com.hvgroup.modules.riskControl.entity.MachineCardSeparationUser" >
		 SELECT * FROM BD_ST_S109_S109005_9013 a
		  where 1=1
		 <if test="belongregionname != null and belongregionname != ''">
			and a.BELONGREGIONNAME = #{belongregionname}
		</if>
		<if test="risktype != null and risktype != ''">
			and a.RISKTYPE = #{risktype}
		</if>
		<if test="msisdn != null and msisdn != ''">
			and a.MSISDN = #{msisdn}
		</if>
		<if test="custid != null and custid != ''">
			and a.CUSTID = #{custid}
		</if>
		<if test="custname != null and custname != ''">
			and a.CUSTNAME = #{custname}
		</if>
		<if test="usedMonth != null and usedMonth != ''">
			<if test="type != null and type != ''">
				and to_char(to_date(RISK_DATE,'yyyy-MM-dd'),'yyyyMM') = #{usedMonth}
			</if>
			<if test="type == null or type == ''">
				and RISK_DATE = #{usedMonth}
			</if>
		</if>
	</select>
	
	 <select id="findUserCount" resultType="Long" >
        
		 SELECT count(MSISDN) FROM BD_ST_S109_S109005_9013 a
		  where 1=1
		 <if test="belongregionname != null and belongregionname != ''">
			and a.BELONGREGIONNAME = #{belongregionname}
		</if>
		<if test="risktype != null and risktype != ''">
			and a.RISKTYPE = #{risktype}
		</if>
		<if test="msisdn != null and msisdn != ''">
			and a.MSISDN = #{msisdn}
		</if>
		<if test="custid != null and custid != ''">
			and a.CUSTID = #{custid}
		</if>
		<if test="usedMonth != null and usedMonth != ''">
			<if test="type != null and type != ''">
				and to_char(to_date(RISK_DATE,'yyyy-MM-dd'),'yyyyMM') = #{usedMonth}
			</if>
			<if test="type == null or type == ''">
				and RISK_DATE = #{usedMonth}
			</if>
		</if>
		
	</select>
	
	
	
	<select id="findYesterdaylist" resultType="com.hvgroup.modules.riskControl.entity.MachineCardSeparation" >
	    <include refid="pageSqlStart"/> 
	     SELECT d.* FROM
		 (SELECT COUNT(MSISDN) AS risksCount,
		 BELONGREGIONNAME,
		 RISKTYPE,
		 a.RISK_DATE AS usedMonth
		 FROM BD_ST_S109_S109005_9013 a
		  where 1=1
		 <if test="belongregionname != null and belongregionname != ''">
			and a.BELONGREGIONNAME = #{belongregionname}
		</if>
		<if test="risktype != null and risktype != ''">
			and a.RISKTYPE = #{risktype}
		</if>
		<!-- 用于终验临时处理 -->
		<if test="(startDate == null or startDate == '' ) and (endDate == null or endDate == '' )">
			and RISK_DATE = (select max(RISK_DATE) from BD_ST_S109_S109005_9013)
		</if>
		<if test="startDate != null and startDate != ''">
			and a.RISK_DATE <![CDATA[ >= ]]> #{startDate}
		</if>
		<if test="endDate != null and endDate != ''">
			and a.RISK_DATE <![CDATA[ <= ]]> #{endDate}
		</if>
		 GROUP BY a.BELONGREGIONNAME,a.RISK_DATE,RISKTYPE) d
		 <include refid="pageSqlEnd"/>
	</select>
	
	<select id="findYesterdayCount" resultType="Long" >
	  SELECT COUNT(1)  FROM
       (SELECT a.RISK_DATE,BELONGREGIONNAME,RISKTYPE FROM CMIOT.BD_ST_S109_S109005_9013 a 
        WHERE 1=1 
         <if test="belongregionname != null and belongregionname != ''">
			and a.BELONGREGIONNAME = #{belongregionname}
		</if>
		<if test="risktype != null and risktype != ''">
			and a.RISKTYPE = #{risktype}
		</if>
		<!-- 用于终验临时处理 -->
		<if test="(startDate == null or startDate == '' ) and (endDate == null or endDate == '' )">
			and RISK_DATE = (select max(RISK_DATE) from BD_ST_S109_S109005_9013)
		</if>
		<if test="startDate != null and startDate != ''">
			and a.RISK_DATE <![CDATA[ >= ]]> #{startDate}
		</if>
		<if test="endDate != null and endDate != ''">
			and a.RISK_DATE <![CDATA[ <= ]]> #{endDate}
		</if>
        GROUP BY a.BELONGREGIONNAME,a.RISK_DATE,RISKTYPE)

	   </select>
	   
	   <select id="getExtraInfo" resultType="integer">
	   		SELECT count(1) as userCount FROM CMIOT.CM_SUBSCRIBER_INFO WHERE OWNER_PARTY_ROLE_ID IN (SELECT CUST_ID
             FROM CMIOT.CM_CUSTOMER_INFO WHERE REGIONID in (SELECT REGION_ID FROM CMIOT.SA_REGION_CODE WHERE region_name like '%' || #{belongregionname} || '%'))
	   </select>
	   
	   <select id="findNotSizeYesterdaylist" resultType="hashMap" >
		  SELECT d.*, round(d.risksCount*100/d.userCount,4) as ratio FROM
		 (SELECT COUNT(MSISDN) AS risksCount,
		 BELONGREGIONNAME,
		 RISKTYPE,
		 a.RISK_DATE AS usedMonth,
		  (SELECT count(1) FROM CMIOT.CM_SUBSCRIBER_INFO WHERE OWNER_PARTY_ROLE_ID IN (SELECT CUST_ID FROM CMIOT.CM_CUSTOMER_INFO WHERE REGIONID in(SELECT REGION_ID FROM CMIOT.SA_REGION_CODE WHERE region_name like '%'||a.BELONGREGIONNAME||'%'))) as userCount  
		 FROM BD_ST_S109_S109005_9013 a
		  where 1=1
		 <if test="belongregionname != null and belongregionname != ''">
			and a.BELONGREGIONNAME = #{belongregionname}
		</if>
		<if test="risktype != null and risktype != ''">
			and a.RISKTYPE = #{risktype}
		</if>
		<!-- 用于终验临时处理 -->
		<if test="(startDate == null or startDate == '' ) and (endDate == null or endDate == '' )">
			and RISK_DATE = (select max(RISK_DATE) from BD_ST_S109_S109005_9013)
		</if>
		<if test="startDate != null and startDate != ''">
			and a.RISK_DATE <![CDATA[ >= ]]> #{startDate}
		</if>
		<if test="endDate != null and endDate != ''">
			and a.RISK_DATE <![CDATA[ <= ]]> #{endDate}
		</if>
		 GROUP BY a.BELONGREGIONNAME,a.RISK_DATE,RISKTYPE) d
	</select>
	   
	   <select id="findTop" resultType="com.hvgroup.modules.riskControl.entity.MachineCardSeparation">
		select * from (
		SELECT d.*,case when d.userCount = 0 then 0.000 else round(d.risksCount*100/d.userCount,4) end  as ratio
		  FROM (SELECT COUNT(MSISDN) AS risksCount,
               CUSTID,CUSTNAME,
               (SELECT count(1)
                  FROM CMIOT.CM_SUBSCRIBER_INFO
                 WHERE OWNER_PARTY_ROLE_ID = a.CUSTID) as userCount
          FROM BD_ST_S109_S109005_9013 a
         where 1 = 1 and a.CUSTID is not null and a.CUSTNAME is not null
         <!-- 用于终验临时处理 -->
		<if test="(startDate == null or startDate == '' ) and (endDate == null or endDate == '' )">
			and RISK_DATE = (select max(RISK_DATE) from BD_ST_S109_S109005_9013)
		</if>
         <if test="startDate != null and startDate != ''">
			and a.RISK_DATE <![CDATA[ >= ]]> #{startDate}
		</if>
		<if test="endDate != null and endDate != ''">
			and a.RISK_DATE <![CDATA[ <= ]]> #{endDate}
		</if>
         GROUP BY  CUSTID,CUSTNAME ) d order by risksCount desc
         ) WHERE rownum <![CDATA[ <= ]]> #{top}	
		
	</select>
	
	<select id="findByDate" resultType="java.util.HashMap">
		select sdate,case when total is null then 0 else total end as total from (
			SELECT lpad(rownum,2,0) as sdate,TO_CHAR(trunc(add_months(SYSDATE,-1),'MM') + ROWNUM - 1, 'yyyy-MM-dd') as days
			FROM DUAL CONNECT BY ROWNUM <![CDATA[ <= ]]> (add_months(TO_DATE(to_char(trunc(add_months(SYSDATE,-1),'MM'),'yyyy-MM-dd'), 'yyyy-MM-dd'),1) 
			- TO_DATE(to_char(trunc(add_months(SYSDATE,-1),'MM'),'yyyy-MM-dd'), 'yyyy-MM-dd'))
			) t left join 
			(select statsdate,count(1) as total from BD_ST_S109_S109005_9013  where 1=1
			group by statsdate) sa on sa.statsdate = t.days
		order by sdate
	</select>



	<select id="findMonthTop" resultType="com.hvgroup.modules.riskControl.entity.MachineCardSeparation">
		select * from (
		SELECT d.*,case when d.userCount = 0 then 0.000 else round(d.risksCount*100/d.userCount,4) end  as ratio
		FROM (SELECT COUNT(MSISDN) AS risksCount,
		CUSTID,CUSTNAME,
		(SELECT count(1)
		FROM CMIOT.CM_SUBSCRIBER_INFO
		WHERE OWNER_PARTY_ROLE_ID = a.CUSTID) as userCount
		FROM BD_ST_S109_S109005_9013 a
		where 1 = 1 and a.CUSTID is not null and a.CUSTNAME is not null
		 and substr(a.statsdate,0,7)=to_char(add_months(sysdate,-1), 'yyyy-mm')
		GROUP BY  CUSTID,CUSTNAME ) d order by risksCount desc
		) WHERE rownum <![CDATA[ <= ]]> #{top}

	</select>

</mapper>