<?xml version="1.0" encoding="UTF-8" ?>
<!DOCTYPE mapper PUBLIC "-//mybatis.org//DTD Mapper 3.0//EN" "http://mybatis.org/dtd/mybatis-3-mapper.dtd">
<mapper namespace="com.hvgroup.modules.riskControl.dao.MonthPkgEffectiveInvalidDao">
  
  <select id="findList" resultType="com.hvgroup.modules.riskControl.entity.MonthPkgEffectiveInvalid">
  	select m.MSISDN,
	       m.EC_CODE,
	       m.PRODUCT_CODE,
	       substr(a.area_name, 1, instr(a.area_name, '市') - 1) as areaName,
	       case when m.PN_MSISDN = 'PN' then '专网卡' else '--' end as pnMsisdn,
	       case when nvl(m.PN_MSISDN,0) <![CDATA[ <> ]]> 'PN' and trim(m.INDUSTRY_CARD) is null then '行业卡' else '--' end as industryCard,
	       m.MSISDN_BRAND,
	       m.OPEN_TIME,
	       m.ACTIVATE_TIME,
	       m.STATE,
	       m.UPDATE_TIME,
	       m.DATA_SOURCE,
	       m.START_TIME,
	       m.END_TIME,
	       m.MAIN_PROD,
	       m.MAIN_PROD_ID,
	       (case
	         when m.LIFE_CYCLE = 'NORMAL' then
	          '正使用'
	         when m.LIFE_CYCLE = 'TEST' then
	          '测试期'
	         when m.LIFE_CYCLE = 'SILENT' then
	          '沉默期'
	         when m.LIFE_CYCLE = 'STOCK' then
	          '库存期'
	         when m.LIFE_CYCLE = 'STOP' then
	          '停机'
	         when m.LIFE_CYCLE = 'PRECLOSE' then
	          '预约销户'
	         when m.LIFE_CYCLE = 'CANCEL' then
	          '销户'
	         when m.LIFE_CYCLE = 'OTHERS' then
	          '其他'
	         else
	          '--'
	       end) LIFE_CYCLE,
	       m.STATEFUL_TIME,
	       m.ROW_CREATE_DATE,
	       m.LOW_POWER_MODE,
	       m.RT_TIMER,
	       m.ACTIVATE_TYPE
	  from MONTH_PKG_EFFECTIVE_INVALID m
	  left join areas a on a.area_code = m.area_code
	  WHERE 1=1 
	  <if test="msisdn != null and msisdn != ''">
		and m.msisdn like '%' || #{msisdn} || '%'
	  </if>
	  <if test="areaCode != null and areaCode != ''">
		and m.area_code like '%' || #{areaCode} || '%'
	  </if>
	  <if test="ecCode != null and ecCode != ''">
		and m.ec_code like '%' || #{ecCode} || '%'
	  </if>
  </select>
  <select id="queryListCount" resultType="java.lang.Long">
  	select count(1) from(select MSISDN,
	       EC_CODE,
	       PRODUCT_CODE,
	       AREA_CODE,
	       PN_MSISDN,
	       INDUSTRY_CARD,
	       MSISDN_BRAND,
	       OPEN_TIME,
	       ACTIVATE_TIME,
	       STATE,
	       UPDATE_TIME,
	       DATA_SOURCE,
	       START_TIME,
	       END_TIME,
	       MAIN_PROD,
	       MAIN_PROD_ID,
	       LIFE_CYCLE,
	       STATEFUL_TIME,
	       ROW_CREATE_DATE,
	       LOW_POWER_MODE,
	       RT_TIMER,
	       ACTIVATE_TYPE
	  from MONTH_PKG_EFFECTIVE_INVALID
	  WHERE 1=1 
	  <if test="msisdn != null and msisdn != ''">
		and msisdn like '%' || #{msisdn} || '%'
	  </if>
	  <if test="areaCode != null and areaCode != ''">
		and area_code like '%' || #{areaCode} || '%'
	  </if>
	  <if test="ecCode != null and ecCode != ''">
		and ec_code like '%' || #{ecCode} || '%'
	  </if>)
  </select>
</mapper>