<?xml version="1.0" encoding="UTF-8" ?>
<!DOCTYPE mapper PUBLIC "-//mybatis.org//DTD Mapper 3.0//EN" "http://mybatis.org/dtd/mybatis-3-mapper.dtd">
<mapper namespace="com.hvgroup.modules.riskControl.dao.NoflowMsisdnPkgDao">
  
  <select id="findList" resultType="com.hvgroup.modules.riskControl.entity.NoflowMsisdnPkg">
  	select n.MSISDN,
	       n.EC_CODE,
	       n.PRODUCT_CODE,
	       substr(a.area_name, 1, instr(a.area_name, '市') - 1) as areaName,
	       n.MSISDN_BRAND,
	       n.OPEN_TIME,
	       n.STATE_TIME,
	       n.UPDATE_TIME,
	       n.DATA_SOURCE,
	       n.LIFE_CYCLE_SOURCE,
	       n.ACTIVATE_MOD_TIME,
	       n.LIFE_CYCLE_MOD,
	       n.ACTIVATE_TIME,
	       (case
	           when n.LIFE_CYCLE = 'NORMAL' then
	            '正使用'
	           when n.LIFE_CYCLE = 'TEST' then
	            '测试期'
	           when n.LIFE_CYCLE = 'SILENT' then
	            '沉默期'
	           when n.LIFE_CYCLE = 'STOCK' then
	            '库存期'
	           when n.LIFE_CYCLE = 'STOP' then
	            '停机'
	           when n.LIFE_CYCLE = 'PRECLOSE' then
	            '预约销户'
	           when n.LIFE_CYCLE = 'CANCEL' then
	            '销户'
	           when n.LIFE_CYCLE = 'OTHERS' then
	            '其他'
	           else
	            '--'
	         end) LIFE_CYCLE,
	       n.ROW_CREATE_DATE,
	       n.NUMBER_ACTIVATE_TYPE,
	       n.IDENT_CODE,
	       n.TERMINAL_NUM,
	       n.ENGINE_DEVICE,
	       n.REMARK,
	       n.SIM_NUMBER,
	       n.IMSI,
	       n.ACTIVATE_TYPE,
	       n.CARD_SOURCE,
	       n.STATE,
	       n.APN_NAME,
	       n.PKG_STATE,
	       n.PKG_STARTDATE,
	       n.PKG_ENDDATE,
	       n.PKG_SOURCE,
	       n.DATA_IN_SOURCE,
	       n.ORDER_TIEM,
	       n.ZONE_CODE,
	       n.ACCEPT_TIME,
	       n.PKG_CODE,
	       n.ORDER_COUNT,
	       n.ORDER_ID
	    from NOFLOW_MSISDN_PKG n 
	  left join areas a on a.area_code = n.area_code
	  WHERE 1=1 
	  <if test="msisdn != null and msisdn != ''">
		and n.msisdn like '%' || #{msisdn} || '%'
	  </if>
	  <if test="areaCode != null and areaCode != ''">
		and n.area_code like '%' || #{areaCode} || '%'
	  </if>
	  <if test="ecCode != null and ecCode != ''">
		and n.ec_code like '%' || #{ecCode} || '%'
	  </if>
  </select>
  <select id="queryListCount" resultType="java.lang.Long">
  	select count(1) from(select MSISDN,
		   EC_CODE,
		   PRODUCT_CODE,
		   AREA_CODE,
		   MSISDN_BRAND,
		   OPEN_TIME,
		   STATE_TIME,
		   UPDATE_TIME,
		   DATA_SOURCE,
		   LIFE_CYCLE_SOURCE,
		   ACTIVATE_MOD_TIME,
		   LIFE_CYCLE_MOD,
		   ACTIVATE_TIME,
		   LIFE_CYCLE,
		   ROW_CREATE_DATE,
		   NUMBER_ACTIVATE_TYPE,
		   IDENT_CODE,
		   TERMINAL_NUM,
		   ENGINE_DEVICE,
		   REMARK,
		   SIM_NUMBER,
		   IMSI,
		   ACTIVATE_TYPE,
		   CARD_SOURCE,
		   STATE,
		   APN_NAME,
		   PKG_STATE,
		   PKG_STARTDATE,
		   PKG_ENDDATE,
		   PKG_SOURCE,
		   DATA_IN_SOURCE,
		   ORDER_TIEM,
		   ZONE_CODE,
		   ACCEPT_TIME,
		   PKG_CODE,
		   ORDER_COUNT,
		   ORDER_ID
	  from NOFLOW_MSISDN_PKG
	  WHERE 1=1 
	  <if test="msisdn != null and msisdn != ''">
		and msisdn like '%' || #{msisdn} || '%'
	  </if>
	  <if test="areaCode != null and areaCode != ''">
		and area_code like '%' || #{areaCode} || '%'
	  </if>
	  <if test="ecCode != null and ecCode != ''">
		and ec_code like '%' || #{ecCode} || '%'
	  </if>)
  </select>
</mapper>