<?xml version="1.0" encoding="UTF-8" ?>
<!DOCTYPE mapper PUBLIC "-//mybatis.org//DTD Mapper 3.0//EN" "http://mybatis.org/dtd/mybatis-3-mapper.dtd">
<mapper namespace="com.hvgroup.modules.riskControl.dao.ProvinceStatementDao">



	<sql id="pageSqlStart">
		<if test="pageInfo.pageNo != null and pageInfo.pageNo != ''">

			select * from
			(
			select temp_a.*, rownum rn from
			(
		</if>
	</sql>
	<!-- 分页SQL语句结尾语句 -->
	<sql id="pageSqlEnd">
		<if test="pageInfo.pageSize != null and pageInfo.pageSize != ''">
			) temp_a
			where rownum <![CDATA[<=]]>
			#{pageInfo.pageNo}*#{pageInfo.pageSize}
			)
			where rn >
			(#{pageInfo.pageNo}-1)*#{pageInfo.pageSize}
		</if>
	</sql>
	
	<sql id="commonSql">
		<if test="areaCode != null and areaCode != ''">
			and area_code = #{areaCode}
		</if>
		<if test="systemType != null and systemType != ''">
			and system_type = #{systemType}
		</if>
		<if test="ecCode != null and ecCode != ''">
			and (ec_code like '%' || #{ecCode} || '%' or  ec_name like '%' || #{ecCode} || '%')
		</if>
		<if test="msisdn != null and msisdn != ''">
			and msisdn like '%' || #{msisdn} || '%' 
		</if>
	</sql>

	
	<select id="findMaxMonth" resultType="string">
		select max(month) from CM_PROVINCE_AMOUNT
	</select>

	<select id="findCityList" resultType="com.hvgroup.modules.riskControl.entity.ProvinceStatementArea">
		select * from (select 
			area,amount,month,
			amount_out_notax amountOutNotax, amount_out amountOut,amount_out_tax amountOutTax,
			amount_in_notax amountInNotax, amount_in amountIn,amount_in_tax amountInTax
		from cm_province_amount_area where 1=1 
			<if test="month != null and month != ''">
				and month = #{month} 
			</if>
			<if test="beginMonth != null and beginMonth != ''">
				and month >= #{beginMonth} 
			</if>
			<if test="endMonth != null and endMonth != ''">
				and month <![CDATA[<=]]> #{endMonth} 
			</if>
		
			<if test="area != null and area != ''">
				and area = #{area}
			</if>
		order by amount desc ) t
		union all
		select '合计'  as area, to_char(sum(amount),'999999999.99') amount , '合计' as month,
		      to_char(sum(amount_out_notax),'999999999.99') amountOutNotax,to_char(sum(amount_out),'999999999.99') amountOut,to_char(sum(amount_out_tax),'999999999.99') amountOutTax,
		      to_char(sum(amount_in_notax),'999999999.99') amountInNotax, to_char(sum(amount_in),'999999999.99') amountIn,to_char(sum(amount_in_tax),'999999999.99') amountInTax
		from cm_province_amount_area where 1=1
			
			<if test="month != null and month != ''">
				and month = #{month} 
			</if>
			<if test="beginMonth != null and beginMonth != ''">
				and month >= #{beginMonth} 
			</if>
			<if test="endMonth != null and endMonth != ''">
				and month <![CDATA[<=]]> #{endMonth} 
			</if>
			
			<if test="area != null and area != ''">
				and area = #{area}
			</if>
	</select>
	
	<select id="findCityCount" resultType="long">
		select count(1) from cm_province_amount_area where 1=1
			<if test="month != null and month != ''">
				and month = #{month} 
			</if>
			<if test="beginMonth != null and beginMonth != ''">
				and month >= #{beginMonth} 
			</if>
			<if test="endMonth != null and endMonth != ''">
				and month <![CDATA[<=]]> #{endMonth} 
			</if>
			<if test="area != null and area != ''">
				and area = #{area}
			</if>
	</select>

	<select id="findMsisdnList" resultType="com.hvgroup.modules.riskControl.entity.ProvinceStatement">
		<include refid="pageSqlStart" />
		select * from CM_PROVINCE_AMOUNT partition(${part}) 
		where 1=1 
			<include refid="commonSql" />
		order by amount desc
		<include refid="pageSqlEnd" />
	</select>
	
	<select id="findMsisdnCount" resultType="long">
		select count(1) from CM_PROVINCE_AMOUNT partition(${part})
		where 1=1 
			<include refid="commonSql" />
	</select>
	
	<select id="findMsisdnExport" resultType="com.hvgroup.modules.riskControl.entity.ProvinceStatement">
		select * from CM_PROVINCE_AMOUNT partition(${part}) 
		where 1=1 
			<include refid="commonSql" />
		order by amount desc
	</select>
	
	<select id="findMsisdnListByImport" resultType="com.hvgroup.modules.riskControl.entity.ProvinceStatement">
		select * from CM_PROVINCE_AMOUNT partition(${part}) 
		where 1=1 
			<if test="msisdn != null and msisdn != ''">
				and msisdn = #{msisdn}
			</if>
			<if test="areaCode != null and areaCode != ''">
				and area_code = #{areaCode}
			</if>
		order by amount desc
	</select>
	
	
	
	<select id="findCusList" resultType="com.hvgroup.modules.riskControl.entity.ProvinceStatement">
		<include refid="pageSqlStart" />
			select * from (
				select month,area_code areaCode,area_name areaName,
					ec_code ecCode,ec_name ecName,system_type systemType,count(msisdn) as msisdnNum,
					sum(amount) amount,sum(amount_notax) amountNotax,sum(flow_size)  flowSize
				from CM_PROVINCE_AMOUNT partition(${part}) 
				where 1=1 
				<include refid="commonSql" />
				group by month,area_code,area_name,ec_code,ec_name,system_type
			) order by amount desc
		<include refid="pageSqlEnd" />
	</select>
	
	<select id="findCusCount" resultType="long">
		select count(1) from 
		(
			select month,area_code,area_name,ec_code,ec_name,system_type from 
			CM_PROVINCE_AMOUNT partition(${part}) 
			where 1=1 
			<include refid="commonSql" />
			group by month,area_code,area_name,ec_code,ec_name,system_type
		)
	</select>
	
	
	<select id="findCusExport" resultType="com.hvgroup.modules.riskControl.entity.ProvinceStatement">
			select * from (
				select month,area_code areaCode,area_name areaName,
					ec_code ecCode,ec_name ecName,system_type systemType,count(msisdn) as msisdnNum,
					sum(amount) amount,sum(amount_notax) amountNotax,sum(flow_size)  flowSize
				from CM_PROVINCE_AMOUNT partition(${part}) 
				where 1=1 
				<include refid="commonSql" />
				group by month,area_code,area_name,ec_code,ec_name,system_type
			) order by amount desc
	</select>
	
	
	
	
	
	
	
	
</mapper>