<?xml version="1.0" encoding="UTF-8" ?>
<!DOCTYPE mapper PUBLIC "-//mybatis.org//DTD Mapper 3.0//EN" "http://mybatis.org/dtd/mybatis-3-mapper.dtd">
<mapper namespace="com.hvgroup.modules.riskControl.dao.RiskCityAnalysisDao">

	<sql id="risk_column">
		<if test='type != null and type == "0"'><!--  -->
			b.belongregionname,
			b.risktype,
			b.statsdate,
			sum(b.separatnums) as highRiskCount,
			(select sum(s.separatnums) from BD_ST_S109_S109003_9011 s) as userCount
		</if>
		<if test='type != null and type == "1"'>
			b.belongregionname,
			max(b.risktype) as risktype,
			max(b.statsdate) as statsdate,
			count(*) as userCount,
			(select count(*)
			   from BD_ST_S109_S109001_9009
			  where risktype = 'risk001'
			    and belongregionname = b.belongregionname) as highRiskCount
		</if>
		<if test='type != null and type == "2"'>
			b.belongregionname,
		      max(b.risktype) as risktype,
              max(b.statsdate) as statsdate,
		      count(*) as userCount,
		      (select count(*)
		         from BD_ST_S109_S109002_9010
		        where risktype = 'risk001'
		          and belongregionname = b.belongregionname) as highRiskCount
		</if>
	</sql>
	<sql id="risk_group">
		<if test='type != null and type == "0"'><!--  -->
			group by b.belongregionname, b.statsdate, b.risktype
		</if>
		<if test='type != null and type == "1"'>
			group by b.belongregionname
		</if>
		<if test='type != null and type == "2"'>
			group by b.belongregionname
		</if>
	</sql>
	
	<select id="findList" resultType="com.hvgroup.modules.riskControl.entity.RiskCityAnalysis">
		select 
			b.belongregionname,
               (case when b.risktype = 'risk001' then '高风险'
		       when b.risktype = 'risk002' then '中风险' else b.risktype end) as risktype,
               b.statsdate as statsdate,
               (SELECT count(1) as userCount
                  FROM CMIOT.CM_SUBSCRIBER_INFO
                 WHERE OWNER_PARTY_ROLE_ID IN
                       (SELECT CUST_ID
                          FROM CMIOT.CM_CUSTOMER_INFO
                         WHERE REGIONID in
                               (SELECT REGION_ID
                                  FROM CMIOT.SA_REGION_CODE
                                 WHERE region_name like
                                       '%' || b.belongregionname || '%'))) as userCount,
               count(msisdn) as highRiskCount
		  from ${tableName} b
		  where 1=1
		<if test="belongregionname != null and belongregionname != ''">
			and b.belongregionname like '%' || #{belongregionname} || '%'
		</if>
		<if test="risktype != null and risktype != ''">
			and b.risktype = #{risktype}
		</if>
		<if test="startDate != null and startDate != ''">
			and substr(b.statsdate,0,7) <![CDATA[ >= ]]> #{startDate}
		</if>
		<if test="endDate != null and endDate != ''">
			and substr(b.statsdate,0,7) <![CDATA[ <= ]]> #{endDate}
		</if>
		group by b.belongregionname, b.statsdate, b.risktype
	</select>
	
	<select id="yesterdayCAList" resultType="com.hvgroup.modules.riskControl.entity.RiskCityAnalysis">
		select b.belongregionname,
		       (case
		         when b.risktype = 'risk001' then
		          '高风险'
		         when b.risktype = 'risk002' then
		          '中风险'
		         else
		          b.risktype
		       end) as risktype,
		       b.statsdate as statsdate,
		       (SELECT count(1) as userCount
		          FROM CMIOT.CM_SUBSCRIBER_INFO
		         WHERE OWNER_PARTY_ROLE_ID IN
		               (SELECT CUST_ID
		                  FROM CMIOT.CM_CUSTOMER_INFO
		                 WHERE REGIONID in
		                       (SELECT REGION_ID
		                          FROM CMIOT.SA_REGION_CODE
		                         WHERE region_name like
		                               '%' || b.belongregionname || '%'))) as userCount,
		       count(msisdn) as highRiskCount
		  from BD_ST_S109_S109003_9011 b
		  where 1=1
		<if test="belongregionname != null and belongregionname != ''">
			and b.belongregionname like '%' || #{belongregionname} || '%'
		</if>
		<if test="risktype != null and risktype != ''">
			and b.risktype = #{risktype}
		</if>
		<if test="startDate != null and startDate != ''">
			and b.statsdate <![CDATA[ >= ]]> #{startDate}
		</if>
		<if test="endDate != null and endDate != ''">
			and b.statsdate <![CDATA[ <= ]]> #{endDate}
		</if>
		group by b.belongregionname, b.statsdate, b.risktype
	</select>
	
	<select id="yesterdayRoamList" resultType="com.hvgroup.modules.riskControl.entity.RiskCityAnalysis">
		select b.belongregionname,
		       (case
		         when b.risktype = 'risk001' then
		          '高风险'
		         when b.risktype = 'risk002' then
		          '中风险'
		         else
		          b.risktype
		       end) as risktype,
		       b.statsdate as statsdate,
		       (SELECT count(1) as userCount
		          FROM CMIOT.CM_SUBSCRIBER_INFO
		         WHERE OWNER_PARTY_ROLE_ID IN
		               (SELECT CUST_ID
		                  FROM CMIOT.CM_CUSTOMER_INFO
		                 WHERE REGIONID in
		                       (SELECT REGION_ID
		                          FROM CMIOT.SA_REGION_CODE
		                         WHERE region_name like
		                               '%' || b.belongregionname || '%'))) as userCount,
		       count(msisdn) as highRiskCount
		  from BD_ST_S109_S109001_9009 b
		  where 1=1
		<if test="belongregionname != null and belongregionname != ''">
			and b.belongregionname like '%' || #{belongregionname} || '%'
		</if>
		<if test="risktype != null and risktype != ''">
			and b.risktype = #{risktype}
		</if>
		<if test="startDate != null and startDate != ''">
			and b.statsdate <![CDATA[ >= ]]> #{startDate}
		</if>
		<if test="endDate != null and endDate != ''">
			and b.statsdate <![CDATA[ <= ]]> #{endDate}
		</if>
		group by b.belongregionname, b.statsdate, b.risktype
	</select>
	
	<select id="yesterdayTerminalList" resultType="com.hvgroup.modules.riskControl.entity.RiskCityAnalysis">
		select b.belongregionname,
		       (case
		         when b.risktype = 'risk001' then
		          '高风险'
		         when b.risktype = 'risk002' then
		          '中风险'
		         else
		          b.risktype
		       end) as risktype,
		       b.statsdate as statsdate,
		       (SELECT count(1) as userCount
		          FROM CMIOT.CM_SUBSCRIBER_INFO
		         WHERE OWNER_PARTY_ROLE_ID IN
		               (SELECT CUST_ID
		                  FROM CMIOT.CM_CUSTOMER_INFO
		                 WHERE REGIONID in
		                       (SELECT REGION_ID
		                          FROM CMIOT.SA_REGION_CODE
		                         WHERE region_name like
		                               '%' || b.belongregionname || '%'))) as userCount,
		       count(msisdn) as highRiskCount
		  from BD_ST_S109_S109002_9010 b
		  where 1=1
		<if test="belongregionname != null and belongregionname != ''">
			and b.belongregionname like '%' || #{belongregionname} || '%'
		</if>
		<if test="risktype != null and risktype != ''">
			and b.risktype = #{risktype}
		</if>
		<if test="startDate != null and startDate != ''">
			and b.statsdate <![CDATA[ >= ]]> #{startDate}
		</if>
		<if test="endDate != null and endDate != ''">
			and b.statsdate <![CDATA[ <= ]]> #{endDate}
		</if>
		group by b.belongregionname, b.statsdate, b.risktype
	</select>
	
	<select id="formDetail" resultType="com.hvgroup.modules.riskControl.entity.RiskCityAnalysis">
		select b.statsdate,
		       b.msisdn,
		       b.custid,
		       b.custname,
		       (case when b.riskusertype = 'risk001' then '高风险'
		       when b.riskusertype = 'risk002' then '中风险' end) as riskusertype,
		       b.separatnums,
		       b.terminalbrand,
		       b.terminaltype,
		       b.terminalversion
		  from BD_ST_S109_S109003_9011 b
		  where 1=1 
			<if test="belongregionname != null and belongregionname != ''">
				and b.belongregionname like '%' || #{belongregionname} || '%'
			</if>
			<if test="risktype != null and risktype != ''">
				and b.risktype = #{risktype}
			</if>
		  <if test="custNameOrCustId != null and custNameOrCustId != ''">
			and
			(
			b.custname like '%' || #{custNameOrCustId} || '%'
			or
			b.custid like '%' || #{custNameOrCustId} || '%'
			)
		</if>
		<if test="msisdn != null and msisdn != ''">
			and b.msisdn = #{msisdn}
		</if>
		<if test="num1 != null and num1 != ''">
			and b.separatnums <![CDATA[ >= ]]> #{num1}
		</if>
		<if test="num2 != null and num2 != ''">
			and b.separatnums <![CDATA[ <= ]]> #{num2}
		</if>
	</select>
	
	<select id="formDetailRoam" resultType="com.hvgroup.modules.riskControl.entity.RiskRoamAnalysis">
		select b.statsdate,
		      b.msisdn,
		      b.custid,
		      b.custname,
		      (case when b.riskusertype = 'risk001' then '高风险'
		       when b.riskusertype = 'risk002' then '中风险' end) as riskusertype,
		      b.roamprovincename,
		      b.roamregionname,
		      b.roamcountyname
		 from BD_ST_S109_S109001_9009 b
		where 1=1 
		<if test="belongregionname != null and belongregionname != ''">
				and b.belongregionname like '%' || #{belongregionname} || '%'
			</if>
			<if test="risktype != null and risktype != ''">
				and b.risktype = #{risktype}
			</if>
		  <if test="custNameOrCustId != null and custNameOrCustId != ''">
			and
			(
			b.custname like '%' || #{custNameOrCustId} || '%'
			or
			b.custid like '%' || #{custNameOrCustId} || '%'
			)
		</if>
		<if test="msisdn != null and msisdn != ''">
			and b.msisdn = #{msisdn}
		</if>
	</select>
	
	<select id="formDetailMobileTerm" resultType="com.hvgroup.modules.riskControl.entity.RiskVoiceAnalysis">
		select b.statsdate,
		       b.msisdn,
		       b.custid,
		       b.custname,
		       (case when b.riskusertype = 'risk001' then '高风险'
		       when b.riskusertype = 'risk002' then '中风险' end) as riskusertype,
		       b.belongregionname,
		       b.imei,
		       b.terminalbrand,
		       b.terminalversion
		from BD_ST_S109_S109002_9010 b
		where 1=1 
		<if test="belongregionname != null and belongregionname != ''">
				and b.belongregionname like '%' || #{belongregionname} || '%'
			</if>
			<if test="risktype != null and risktype != ''">
				and b.risktype = #{risktype}
			</if>
		  <if test="custNameOrCustId != null and custNameOrCustId != ''">
			and
			(
			b.custname like '%' || #{custNameOrCustId} || '%'
			or
			b.custid like '%' || #{custNameOrCustId} || '%'
			)
		</if>
		<if test="msisdn != null and msisdn != ''">
			and b.msisdn = #{msisdn}
		</if>
	</select>
	
	<select id="findDetailList" resultType="com.hvgroup.modules.riskControl.entity.RiskCityAnalysis">
		select b.statsdate,
		       b.msisdn,
		       b.custid,
		       b.custname,
		       (case when b.riskusertype = 'risk001' then '高风险'
		       when b.riskusertype = 'risk002' then '中风险' end) as riskusertype,
		       b.separatnums,
		       b.terminalbrand,
		       b.terminaltype,
		       b.terminalversion
		  from BD_ST_S109_S109003_9011 b
		  where 1=1 
		  <if test="belongregionname != null and belongregionname != ''">
			and b.belongregionname like '%' || #{belongregionname} || '%'
		</if>
		<if test="risktype != null and risktype != ''">
			and b.risktype = #{risktype}
		</if>
		<if test="msisdn != null and msisdn != ''">
			and b.msisdn = #{msisdn}
		</if>
		<if test="custNameOrCustId != null and custNameOrCustId != ''">
			and
			(
			b.custname like '%' || #{custNameOrCustId} || '%'
			or
			b.custid like '%' || #{custNameOrCustId} || '%'
			)
		</if>
	</select>
	
	<select id="findDetailRoamList" resultType="com.hvgroup.modules.riskControl.entity.RiskRoamAnalysis">
		select b.statsdate,
	           b.msisdn,
	           b.custid,
		       b.custname,
		       (case when b.riskusertype = 'risk001' then '高风险'
		       when b.riskusertype = 'risk002' then '中风险' end) as riskusertype,
		       b.roamprovincename,
		       b.roamregionname,
		       b.roamcountyname
		  from BD_ST_S109_S109001_9009 b
		  where 1=1 
		  <if test="belongregionname != null and belongregionname != ''">
			and b.belongregionname like '%' || #{belongregionname} || '%'
		</if>
		<if test="risktype != null and risktype != ''">
			and b.risktype = #{risktype}
		</if>
		<if test="msisdn != null and msisdn != ''">
			and b.msisdn = #{msisdn}
		</if>
		<if test="custNameOrCustId != null and custNameOrCustId != ''">
			and
			(
			b.custname like '%' || #{custNameOrCustId} || '%'
			or
			b.custid like '%' || #{custNameOrCustId} || '%'
			)
		</if>
	</select>
	
	<select id="findDetailVoiceList" resultType="com.hvgroup.modules.riskControl.entity.RiskVoiceAnalysis">
		select b.statsdate,
		       b.msisdn,
		       b.custid,
		       b.custname,
		       (case when b.riskusertype = 'risk001' then '高风险'
		       when b.riskusertype = 'risk002' then '中风险' end) as riskusertype,
		       b.belongregionname,
		       b.imei,
		       b.terminalbrand,
		       b.terminalversion
		  from BD_ST_S109_S109002_9010 b
		  where 1=1 
		  <if test="belongregionname != null and belongregionname != ''">
			and b.belongregionname like '%' || #{belongregionname} || '%'
		</if>
		<if test="risktype != null and risktype != ''">
			and b.risktype = #{risktype}
		</if>
		<if test="msisdn != null and msisdn != ''">
			and b.msisdn = #{msisdn}
		</if>
		<if test="custNameOrCustId != null and custNameOrCustId != ''">
			and
			(
			b.custname like '%' || #{custNameOrCustId} || '%'
			or
			b.custid like '%' || #{custNameOrCustId} || '%'
			)
		</if>
	</select>
	
	<select id="loadData" resultType="com.hvgroup.modules.riskControl.entity.RiskCityAnalysis">
		select b.belongregionname,
		       sum(b.separatnums) as separatnums,
		       (select sum(separatnums)
		          from BD_ST_S109_S109003_9011
		         where statsdate =
		               (select max(statsdate) from BD_ST_S109_S109003_9011)) as userCount
		  from BD_ST_S109_S109003_9011 b
		 where b.statsdate = (select max(statsdate) from BD_ST_S109_S109003_9011)
		   and b.risktype = 'risk001'
		 group by b.belongregionname
	</select>
	
	<select id="loadDataRoam" resultType="com.hvgroup.modules.riskControl.entity.RiskCityAnalysis">
		select b.belongregionname,
		       count(*) as separatnums,
		       (select count(*)
		          from BD_ST_S109_S109001_9009
		         where statsdate =
		               (select max(statsdate) from BD_ST_S109_S109001_9009)) as userCount
		  from BD_ST_S109_S109001_9009 b
		 where b.statsdate = (select max(statsdate) from BD_ST_S109_S109001_9009)
		   and b.risktype = 'risk001'
		 group by b.belongregionname
	</select>
	
	<select id="loadDataMobileTerm" resultType="com.hvgroup.modules.riskControl.entity.RiskCityAnalysis">
		select b.belongregionname,
		       count(*) as separatnums,
		       (select count(*)
		          from BD_ST_S109_S109002_9010
		         where statsdate =
		               (select max(statsdate) from BD_ST_S109_S109002_9010)) as userCount
		  from BD_ST_S109_S109002_9010 b
		 where b.statsdate = (select max(statsdate) from BD_ST_S109_S109002_9010)
		   and b.risktype = 'risk001'
		 group by b.belongregionname
	</select>
	
	<select id="yesterdayCAloadData" resultType="com.hvgroup.modules.riskControl.entity.RiskCityAnalysis">
		select b.belongregionname,
		       sum(b.separatnums) as separatnums,
		       (select sum(separatnums)
		          from BD_ST_S109_S109003_9011
		         where statsdate =
		               (select max(statsdate) from BD_ST_S109_S109003_9011)) as userCount
		  from BD_ST_S109_S109003_9011 b
		 where b.statsdate = (select max(statsdate) from BD_ST_S109_S109003_9011)
		   and b.risktype = 'risk001'
		 group by b.belongregionname
	</select>
	
	<select id="yesterdayRoamloadData" resultType="com.hvgroup.modules.riskControl.entity.RiskCityAnalysis">
		select b.belongregionname,
		       count(*) as separatnums,
		       (select count(*)
		          from BD_ST_S109_S109001_9009
		         where statsdate =
		               (select max(statsdate) from BD_ST_S109_S109001_9009)) as userCount
		  from BD_ST_S109_S109001_9009 b
		 where b.statsdate = (select max(statsdate) from BD_ST_S109_S109001_9009)
		   and b.risktype = 'risk001'
		 group by b.belongregionname
	</select>
	
	<select id="yesterdayTerminalloadData" resultType="com.hvgroup.modules.riskControl.entity.RiskCityAnalysis">
		select b.belongregionname,
		       count(*) as separatnums,
		       (select count(*)
		          from BD_ST_S109_S109002_9010
		         where statsdate =
		               (select max(statsdate) from BD_ST_S109_S109002_9010)) as userCount
		  from BD_ST_S109_S109002_9010 b
		 where b.statsdate = (select max(statsdate) from BD_ST_S109_S109002_9010)
		   and b.risktype = 'risk001'
		 group by b.belongregionname
	</select>

</mapper>