<?xml version="1.0" encoding="UTF-8" ?>
<!DOCTYPE mapper PUBLIC "-//mybatis.org//DTD Mapper 3.0//EN" "http://mybatis.org/dtd/mybatis-3-mapper.dtd">
<mapper namespace="com.hvgroup.modules.riskControl.dao.RiskDataManageDao">

	<select id="findList" resultType="com.hvgroup.modules.riskControl.entity.RiskDataManage">
		select b.statsdate,
		       b.belongregionname,
		       b.msisdn,
		       b.custid,
		       b.custname,
		       (case when b.risktype = 'risk001' then '高风险'
		       when b.risktype = 'risk002' then '中风险' end) as risktype,
		       b.riskusertype,
		       b.risk_date,
		       b.exception_category,
		       b.exception_cause
		  from BD_ST_S109_S109008_9016 b
		  where b.statsdate <![CDATA[ <= ]]> to_char(sysdate, 'yyyy-MM-dd')
			and b.statsdate <![CDATA[ >= ]]> #{statsdate}
		<if test="custNameOrCustId != null and custNameOrCustId != ''">
			and
			(
			b.custname like '%' || #{custNameOrCustId} || '%'
			or
			b.custid like '%' || #{custNameOrCustId} || '%'
			)
		</if>
		<if test="belongregionname != null and belongregionname != ''">
			and b.belongregionname = #{belongregionname}
		</if>
		<if test="msisdn != null and msisdn != ''">
			and b.msisdn = #{msisdn}
		</if>
		<if test="risktype != null and risktype != ''">
			and b.risktype = #{risktype}
		</if>
		<if test="startDate != null and startDate != ''">
			and b.statsdate <![CDATA[ >= ]]> #{startDate}
		</if>
		<if test="endDate != null and endDate != ''">
			and b.statsdate <![CDATA[ <= ]]> #{endDate}
		</if>
		<if test="feedback != null and feedback != ''">
			and b.feedback = #{feedback}
		</if>
	</select>
	<select id="findListExp" resultType="com.hvgroup.modules.riskControl.entity.RiskDataManageExp">
		select b.statsdate,
		       b.belongregionname,
		       b.msisdn,
		       b.custid,
		       b.custname,
		       (case when b.risktype = 'risk001' then '高风险'
		       when b.risktype = 'risk002' then '中风险' end) as risktype,
		       b.riskusertype,
		       b.risk_date,
		       b.exception_category,
		       b.exception_cause
		  from BD_ST_S109_S109008_9016 b
		  where b.statsdate <![CDATA[ <= ]]> to_char(sysdate, 'yyyy-MM-dd')
			and b.statsdate <![CDATA[ >= ]]> #{statsdate}
		<if test="custNameOrCustId != null and custNameOrCustId != ''">
			and
			(
			b.custname like '%' || #{custNameOrCustId} || '%'
			or
			b.custid like '%' || #{custNameOrCustId} || '%'
			)
		</if>
		<if test="belongregionname != null and belongregionname != ''">
			and b.belongregionname = #{belongregionname}
		</if>
		<if test="msisdn != null and msisdn != ''">
			and b.msisdn = #{msisdn}
		</if>
		<if test="risktype != null and risktype != ''">
			and b.risktype = #{risktype}
		</if>
		<if test="startDate != null and startDate != ''">
			and b.statsdate <![CDATA[ >= ]]> #{startDate}
		</if>
		<if test="endDate != null and endDate != ''">
			and b.statsdate <![CDATA[ <= ]]> #{endDate}
		</if>
		<if test="feedback != null and feedback != ''">
			and b.feedback = #{feedback}
		</if>
	</select>
	
	<insert id="insert">
		merge into BD_ST_S109_S109008_9016 r
	    using
	      (
		        select 
		        	#{custname} as custname ,
		        	#{statsdate} as statsdate ,
		        	#{msisdn} as msisdn, 
		        	#{riskusertype} as riskusertype ,
		        	#{riskDate} as risk_date ,
		        	#{exceptionCategory} as exception_category ,
		        	#{exceptionCause} as exception_cause  
		        from dual
	      )  t
	    on(r.msisdn = t.msisdn)
	    WHEN MATCHED THEN
	        UPDATE SET 
				<trim suffixOverrides="," >
				<if test="custname != null and custname != ''">
					r.custname = t.custname,
				</if>
				<if test="statsdate != null and statsdate != ''">
					r.statsdate = t.statsdate,
				</if>
				<if test="riskusertype != null and riskusertype != ''">
					r.riskusertype = t.riskusertype,
				</if>
				<if test="riskDate != null and riskDate != ''">
					r.risk_date = t.risk_date,
				</if>
				<if test="exceptionCategory != null and exceptionCategory != ''">
					r.exception_category = t.exception_category,
				</if>
				<if test="exceptionCause != null and exceptionCause != ''">
					r.exception_cause = t.exception_cause,
				</if>
			</trim>
	    WHEN NOT MATCHED THEN 
        INSERT (r.custname,
		        r.statsdate,
		        r.msisdn,
		        r.riskusertype,
		        r.risk_date,
		        r.exception_category,
		        r.exception_cause)
        VALUES (t.custname,
		        t.statsdate,
		        t.msisdn,
		        t.riskusertype,
		        t.risk_date,
		        t.exception_category,
		        t.exception_cause)
	</insert>
	
</mapper>