<?xml version="1.0" encoding="UTF-8" ?>
<!DOCTYPE mapper PUBLIC "-//mybatis.org//DTD Mapper 3.0//EN" "http://mybatis.org/dtd/mybatis-3-mapper.dtd">
<mapper namespace="com.hvgroup.modules.riskControl.dao.YearSumStatementDao">
  
  <select id="findList" resultType="com.hvgroup.modules.riskControl.entity.YearSumStatement">
  	with temp as
		 (select concat(month, '_OUT') as type,
		         service_type,
		         amount_out_tax as count
		    from CM_PROVINCE_AMOUNT_TOTAL 
		    where 1=1 
		    <if test="year != null and year != ''">
				and substr(month, 1, 4) = #{year}
			  </if>
		  union all
		  select concat(month, '_IN') as type, service_type, amount_in_tax as count
		    from CM_PROVINCE_AMOUNT_TOTAL 
		    where 1=1 
		    <if test="year != null and year != ''">
				and substr(month, 1, 4) = #{year}
			  </if>
		  union all
		  select concat(month, '_SELL') as type, service_type, amount as count
		    from CM_PROVINCE_AMOUNT_TOTAL 
		    where 1=1 
		    <if test="year != null and year != ''">
				and substr(month, 1, 4) = #{year}
			  </if>)
			select max(substr(type, 1, 4)) year,
			<choose>
				<when test="serviceType != null and serviceType != ''">
			 		(case
			         when instr(max(service_type), '259结算') > 0 then
			          'PBOSS（结算）' 
			         when instr(max(service_type), '259调账') > 0 then
			          'PBOSS（调账）'
			         when instr(max(service_type), '305') > 0 then
			          'CMIOT'
			         else
			          '-'
			       end) as serviceType,
			 	</when>
			 	<otherwise>
			 		'汇总' as serviceType,
			 	</otherwise>
			</choose>
		       sum(decode(type, concat(${year}, '01_OUT'), count, '0')) as amountOut1,
		       sum(decode(type, concat(${year}, '02_OUT'), count, '0')) as amountOut2,
		       sum(decode(type, concat(${year}, '03_OUT'), count, '0')) as amountOut3,
		       sum(decode(type, concat(${year}, '04_OUT'), count, '0')) as amountOut4,
		       sum(decode(type, concat(${year}, '05_OUT'), count, '0')) as amountOut5,
		       sum(decode(type, concat(${year}, '06_OUT'), count, '0')) as amountOut6,
		       sum(decode(type, concat(${year}, '07_OUT'), count, '0')) as amountOut7,
		       sum(decode(type, concat(${year}, '08_OUT'), count, '0')) as amountOut8,
		       sum(decode(type, concat(${year}, '09_OUT'), count, '0')) as amountOut9,
		       sum(decode(type, concat(${year}, '10_OUT'), count, '0')) as amountOut10,
		       sum(decode(type, concat(${year}, '11_OUT'), count, '0')) as amountOut11,
		       sum(decode(type, concat(${year}, '12_OUT'), count, '0')) as amountOut12,
		       sum(decode(type, concat(${year}, '01_IN'), count, '0')) as amountIn1,
		       sum(decode(type, concat(${year}, '02_IN'), count, '0')) as amountIn2,
		       sum(decode(type, concat(${year}, '03_IN'), count, '0')) as amountIn3,
		       sum(decode(type, concat(${year}, '04_IN'), count, '0')) as amountIn4,
		       sum(decode(type, concat(${year}, '05_IN'), count, '0')) as amountIn5,
		       sum(decode(type, concat(${year}, '06_IN'), count, '0')) as amountIn6,
		       sum(decode(type, concat(${year}, '07_IN'), count, '0')) as amountIn7,
		       sum(decode(type, concat(${year}, '08_IN'), count, '0')) as amountIn8,
		       sum(decode(type, concat(${year}, '09_IN'), count, '0')) as amountIn9,
		       sum(decode(type, concat(${year}, '10_IN'), count, '0')) as amountIn10,
		       sum(decode(type, concat(${year}, '11_IN'), count, '0')) as amountIn11,
		       sum(decode(type, concat(${year}, '12_IN'), count, '0')) as amountIn12,
		       sum(decode(type, concat(${year}, '01_SELL'), count, '0')) as amountSettle1,
		       sum(decode(type, concat(${year}, '02_SELL'), count, '0')) as amountSettle2,
		       sum(decode(type, concat(${year}, '03_SELL'), count, '0')) as amountSettle3,
		       sum(decode(type, concat(${year}, '04_SELL'), count, '0')) as amountSettle4,
		       sum(decode(type, concat(${year}, '05_SELL'), count, '0')) as amountSettle5,
		       sum(decode(type, concat(${year}, '06_SELL'), count, '0')) as amountSettle6,
		       sum(decode(type, concat(${year}, '07_SELL'), count, '0')) as amountSettle7,
		       sum(decode(type, concat(${year}, '08_SELL'), count, '0')) as amountSettle8,
		       sum(decode(type, concat(${year}, '09_SELL'), count, '0')) as amountSettle9,
		       sum(decode(type, concat(${year}, '10_SELL'), count, '0')) as amountSettle10,
		       sum(decode(type, concat(${year}, '11_SELL'), count, '0')) as amountSettle11,
		       sum(decode(type, concat(${year}, '12_SELL'), count, '0')) as amountSettle12
		from temp where 1=1
	  <choose>
	  	<when test="serviceType == 'PBOSS'">
	  		and substr(SERVICE_TYPE,1,3) = '259'
	  	</when>
	  	<when test="serviceType == 'CMIOT'">
	  		and substr(SERVICE_TYPE,1,3) = '305'
	  	</when>
	  </choose>
	  <choose>
	 	<when test="serviceType != null and serviceType != ''">
	 		group by SERVICE_TYPE
	 	</when>
	 	<otherwise>
	 		group by substr(type,1,4)
	 	</otherwise>
	 </choose>
	 
  </select>
  <select id="queryList" resultType="com.hvgroup.modules.riskControl.entity.YearSumStatement">
  	with temp as
		 (select concat(month, '_OUT') as type,
		         service_type,
		         amount_out_notax as count
		    from CM_PROVINCE_AMOUNT_TOTAL 
		    where 1=1 
		    <if test="year != null and year != ''">
				and substr(month, 1, 4) = #{year}
			  </if>
		  union all
		  select concat(month, '_IN') as type, service_type, amount_in_notax as count
		    from CM_PROVINCE_AMOUNT_TOTAL 
		    where 1=1 
		    <if test="year != null and year != ''">
				and substr(month, 1, 4) = #{year}
			  </if>
		  union all
		  select concat(month, '_SELL') as type, service_type, amount as count
		    from CM_PROVINCE_AMOUNT_TOTAL 
		    where 1=1 
		    <if test="year != null and year != ''">
				and substr(month, 1, 4) = #{year}
			  </if>)
		select max(substr(type, 1, 4)) year,
		    <choose>
				<when test="serviceType != null and serviceType != ''">
			 		(case
			         when instr(max(service_type), '259结算') > 0 then
			          'PBOSS（结算）' 
			         when instr(max(service_type), '259调账') > 0 then
			          'PBOSS（调账）'
			         when instr(max(service_type), '305') > 0 then
			          'CMIOT'
			         else
			          '-'
			       end) as serviceType,
			 	</when>
			 	<otherwise>
			 		'汇总' as serviceType,
			 	</otherwise>
			</choose>
		       sum(decode(type, concat(${year}, '01_OUT'), count, '0')) as amountOut1,
		       sum(decode(type, concat(${year}, '02_OUT'), count, '0')) as amountOut2,
		       sum(decode(type, concat(${year}, '03_OUT'), count, '0')) as amountOut3,
		       sum(decode(type, concat(${year}, '04_OUT'), count, '0')) as amountOut4,
		       sum(decode(type, concat(${year}, '05_OUT'), count, '0')) as amountOut5,
		       sum(decode(type, concat(${year}, '06_OUT'), count, '0')) as amountOut6,
		       sum(decode(type, concat(${year}, '07_OUT'), count, '0')) as amountOut7,
		       sum(decode(type, concat(${year}, '08_OUT'), count, '0')) as amountOut8,
		       sum(decode(type, concat(${year}, '09_OUT'), count, '0')) as amountOut9,
		       sum(decode(type, concat(${year}, '10_OUT'), count, '0')) as amountOut10,
		       sum(decode(type, concat(${year}, '11_OUT'), count, '0')) as amountOut11,
		       sum(decode(type, concat(${year}, '12_OUT'), count, '0')) as amountOut12,
		       sum(decode(type, concat(${year}, '01_IN'), count, '0')) as amountIn1,
		       sum(decode(type, concat(${year}, '02_IN'), count, '0')) as amountIn2,
		       sum(decode(type, concat(${year}, '03_IN'), count, '0')) as amountIn3,
		       sum(decode(type, concat(${year}, '04_IN'), count, '0')) as amountIn4,
		       sum(decode(type, concat(${year}, '05_IN'), count, '0')) as amountIn5,
		       sum(decode(type, concat(${year}, '06_IN'), count, '0')) as amountIn6,
		       sum(decode(type, concat(${year}, '07_IN'), count, '0')) as amountIn7,
		       sum(decode(type, concat(${year}, '08_IN'), count, '0')) as amountIn8,
		       sum(decode(type, concat(${year}, '09_IN'), count, '0')) as amountIn9,
		       sum(decode(type, concat(${year}, '10_IN'), count, '0')) as amountIn10,
		       sum(decode(type, concat(${year}, '11_IN'), count, '0')) as amountIn11,
		       sum(decode(type, concat(${year}, '12_IN'), count, '0')) as amountIn12,
		       sum(decode(type, concat(${year}, '01_SELL'), count, '0')) as amountSettle1,
		       sum(decode(type, concat(${year}, '02_SELL'), count, '0')) as amountSettle2,
		       sum(decode(type, concat(${year}, '03_SELL'), count, '0')) as amountSettle3,
		       sum(decode(type, concat(${year}, '04_SELL'), count, '0')) as amountSettle4,
		       sum(decode(type, concat(${year}, '05_SELL'), count, '0')) as amountSettle5,
		       sum(decode(type, concat(${year}, '06_SELL'), count, '0')) as amountSettle6,
		       sum(decode(type, concat(${year}, '07_SELL'), count, '0')) as amountSettle7,
		       sum(decode(type, concat(${year}, '08_SELL'), count, '0')) as amountSettle8,
		       sum(decode(type, concat(${year}, '09_SELL'), count, '0')) as amountSettle9,
		       sum(decode(type, concat(${year}, '10_SELL'), count, '0')) as amountSettle10,
		       sum(decode(type, concat(${year}, '11_SELL'), count, '0')) as amountSettle11,
		       sum(decode(type, concat(${year}, '12_SELL'), count, '0')) as amountSettle12
		from temp where 1=1
	  <choose>
	  	<when test="serviceType == 'PBOSS'">
	  		and substr(SERVICE_TYPE,1,3) = '259'
	  	</when>
	  	<when test="serviceType == 'CMIOT'">
	  		and substr(SERVICE_TYPE,1,3) = '305'
	  	</when>
	  </choose>
	  <choose>
	 	<when test="serviceType != null and serviceType != ''">
	 		group by SERVICE_TYPE
	 	</when>
	 	<otherwise>
	 		group by substr(type,1,4)
	 	</otherwise>
	 </choose>
  </select>
  
  <select id="queryListCount" resultType="java.lang.Long">
  	select count(1) from(
  	with temp as
		 (select concat(month, '_OUT') as type,
		         service_type,
		         amount_out_notax as count
		    from CM_PROVINCE_AMOUNT_TOTAL 
		    where 1=1 
		    <if test="year != null and year != ''">
				and substr(month, 1, 4) = #{year}
			  </if>
		  union all
		  select concat(month, '_IN') as type, service_type, amount_in_notax as count
		    from CM_PROVINCE_AMOUNT_TOTAL 
		    where 1=1 
		    <if test="year != null and year != ''">
				and substr(month, 1, 4) = #{year}
			  </if>
		  union all
		  select concat(month, '_SELL') as type, service_type, amount as count
		    from CM_PROVINCE_AMOUNT_TOTAL 
		    where 1=1 
		    <if test="year != null and year != ''">
				and substr(month, 1, 4) = #{year}
			  </if>)
		select max(substr(type, 1, 4)) year,
		       max(service_type) as serviceType
		from temp where 1=1
	  <choose>
	  	<when test="serviceType == 'PBOSS'">
	  		and substr(SERVICE_TYPE,1,3) = '259'
	  	</when>
	  	<when test="serviceType == 'CMIOT'">
	  		and substr(SERVICE_TYPE,1,3) = '305'
	  	</when>
	  </choose>
	  <choose>
	 	<when test="serviceType != null and serviceType != ''">
	 		group by SERVICE_TYPE
	 	</when>
	 	<otherwise>
	 		group by substr(type,1,4)
	 	</otherwise>
	 </choose>)
  </select>
  
</mapper>