<?xml version="1.0" encoding="UTF-8" ?>
<!DOCTYPE mapper PUBLIC "-//mybatis.org//DTD Mapper 3.0//EN" "http://mybatis.org/dtd/mybatis-3-mapper.dtd" >
<mapper namespace="com.hvgroup.mtp.kafka.consumer.auxiliary.dao.VerifiedInventoryChangeDao">

    <!-- sql有可能已经过时，请仔细确认后使用 -->
    <select id="queryNumberEcCodeICCID" resultType="Map" parameterType="Map">
        select
          DISTINCT MSISDN,
          EC_CODE||','||ICCID
        from
          M2M_PERSON
        WHERE
          MSISDN = #{msisdn}
    </select>
    <select id="findMainCard" resultType="java.lang.String" parameterType="java.lang.String">
        SELECT PHONE from CONTACT_REF WHERE MSISDN  = #{msisdn} AND STATE = 'ENABLED' AND  ROWNUM=1
    </select>

    <select id="querypackCode" resultType="java.lang.String" parameterType="Map">
        SELECT PACKAGE_CODE FROM pre_alarm_rule WHERE ID=#{uuid}
        AND EC_CODE=#{ecCode} AND ALARM_TYPE='VOICE' AND rownum=1
    </select>

     <select id="querypackCodeSMS" resultType="java.lang.String" parameterType="Map">
        SELECT PACKAGE_CODE FROM pre_alarm_rule WHERE ID=#{uuid}
        AND EC_CODE=#{ecCode} AND ALARM_TYPE='SMS' AND rownum=1
    </select>

	 <select id="queryEcCode" resultType="java.lang.String" parameterType="Map">
        SELECT EC_CODE from M2M_GROUP_MEMBER
        WHERE MSISDN  = #{msisdn} AND STATE = 'ENABLED'  AND  ROWNUM=1
    </select>
    <select id="queryPlatformOrderId" resultType="java.lang.String" parameterType="java.lang.String">
        SELECT PARENT_NO FROM BUSINESS_ORDER_DETAIL WHERE ORDER_NO = #{bossOrderId}
        UNION
        SELECT PARENT_NO FROM BUSINESS_ORDER_IN_PLATFORM  WHERE ORDER_NO = #{bossOrderId}
    </select>

    <select id="queryServiceId" resultType="java.lang.String" parameterType="Map">
      select s.service_code from  STRATEGY_LIST s where  s.pcrf_service_code=#{serviceCode}  AND rownum = 1
    </select>

    <insert id="insertOrderDetail" parameterType="com.hvgroup.mtp.soap.flowNotify.entity.BusinessOrderDetail">
        INSERT INTO BUSINESS_ORDER_DETAIL(
        PARENT_NO ,ORDER_NO ,TRAN_ID ,
        MSISDN ,TYPE ,CREATE_DATE ,EC_CODE
        ) VALUES (
        #{parent_no},#{order_no},#{tran_id}
        ,#{msisdn},#{type},#{create_date},#{ec_code}
        )
    </insert>

    <insert id="insertautonymResult" parameterType="Map">
        insert into AUTONYM_RESULT(ID,MSISDN, TRANSID, Create_Date,STATE)
        values(#{id},#{msisdn}, #{transId}, sysdate,#{state})
    </insert>

    
    <!-- 根据msisdn获取号码卡类型 -->
    <select id = "queryCardTypeByParam" parameterType="java.util.Map" resultType="java.lang.String">
    	SELECT * FROM
    	(
			SELECT
				PCT.CARD_TYPE
			FROM NUM_ROUTE nr,PROD_CARD_TYPE pct
				WHERE NR.STATE = 'ENABLED'
		        AND NR.msisdn=#{msisdn}
				AND pct.MAIN_PROD_ID = nr.PER_MAIN_PROD_ID
				AND ROWNUM=1
		UNION
			SELECT
				pct.CARD_TYPE
			FROM NUM_ROUTE nr, PROD_CARD_TYPE pct
				WHERE nr.STATE = 'ENABLED'
		    	AND NR.msisdn=#{msisdn}
				AND pct.MAIN_PROD_ID = substr(nr.EC_MAIN_PROD_ID, (CASE when nr.EC_MAIN_PROD_ID LIKE 'AppendAttr%' then '12' ELSE '1' end))
				AND ROWNUM = 1
		) WHERE rownum = 1
    </select>

    <!-- 根据号码和实例ID查询套餐编码 -->
    <select id = "queryPackageCode" parameterType="java.util.Map" resultType="java.lang.String">
    	SELECT PACKAGE_CODE  FROM ${pripkg} WHERE MSISDN=#{msisdn} AND SUBSPRODID =#{subsprodid} AND STATE ='ENABLED'
		UNION ALL
		SELECT PACKAGE_CODE  FROM ${funcpkg} WHERE MSISDN=#{msisdn} AND SUBSPRODID = #{subsprodid} AND STATE='ENABLED'
		UNION ALL
		SELECT PACKAGE_CODE FROM ${othpkg} WHERE MSISDN=#{msisdn} AND SUBSPRODID= #{subsprodid} AND STATE='ENABLED'
    </select>

    <!--//根据预警类型和规则查询对应的通知方式-->
    <select id = "queryWarningStatAll" parameterType="java.util.Map" resultType="com.hvgroup.mtp.soap.entity.WarningStat">
       SELECT NOTICE_TYPE AS noticeType,MAIL_ADDRESS AS mailAddress ,MAIL_CONTENT AS mailContent,ACCEPT_NUMBER AS acceptNumber,ACCEPT_CONTENT AS acceptContent
       ,WARNING_NO AS id ,EC_CODE AS ecCode
		FROM PRE_API_ALARM_RULE
		WHERE MSISDN like '%'||#{msisdn}||'%' AND STATE='ENABLED'
		<if test="warnType !=null or warnType !=''">
			 AND WARNING_TYPE=#{warnType}
		</if>
		 AND WARNING_RULE = #{warnRule}
		 AND WARNING_FUNC_TYPE=#{warnFuncType}
    </select>

    <!--根据产品编码和实例ID查询套餐编码-->
    <select id = "queryProPackageCode" parameterType="java.util.Map" resultType="java.lang.String">
    	SELECT PACKAGE_CODE FROM PRO_MEMBER_OPTIONAL_PKG WHERE PRODUCT_CODE=#{msisdn}  AND SUBSPRODID = #{subsprodid}
    </select>

    <!-- 重推数据入库 -->
    <insert id="insertapiPushLog" parameterType="com.hvgroup.mtp.base.common.dto.RepeatPushDto" >
    	INSERT INTO API_PUSH_FAILED_LOG(TRANS_ID,EC_CODE,MSISDN,TOPIC,REQUEST_DATA,CREATE_DATA,REQUEST_URL)
		VALUES(#{transID},#{ecCode},#{msisdn},#{topic},#{soapRequestData},SYSDATE,#{soapUrl})
    </insert>

    <select id="queryMsisdnAreaCodeParam" resultType="java.lang.String" parameterType="java.lang.String">
        SELECT AREA_CODE FROM NUM_ROUTE WHERE MSISDN=#{ecCode} AND rownum=1
    </select>

	<select id="findOrderPushLog" parameterType="com.hvgroup.mtp.base.common.dto.OrderLog" resultType="com.hvgroup.mtp.base.common.dto.OrderLog">
        SELECT
            ID,
            LOCATION,
            REQUEST_DATA,
            EC_CODE,
            TRANSID,
            TOPIC,
            MESSAGE,
            MSISDN
        FROM
            MTP_ORDER_PUSH_LOG
        WHERE
            1 = 1
            <if test="msisdn != null and msisdn != ''">
                AND MSISDN = #{msisdn}
            </if>
            <if test="topic != null and topic != ''">
                AND TOPIC = #{topic}
            </if>
            <if test="status != null and status != ''">
                AND STATUS = ${status}
            </if>
            <if test="id != null and id != ''">
                AND ID = #{id}
            </if>
            <if test="ecCode != null and ecCode != ''">
                AND EC_CODE = #{ecCode}
            </if>
        order by ID desc
    </select>

    <insert id="insertPushRecordFlow" parameterType="com.hvgroup.mtp.base.common.dto.PushRecordFlow">
		insert into api_push_record_flow
		  (id
		    <if test="msisdn != null and msisdn != ''">,msisdn</if>
		    <if test="ecCode != null and ecCode != ''">,ec_code</if>
		    <if test="pushDate != null and pushDate != ''">,push_date</if>		    
		    <if test="pushStatus != null and pushStatus != ''">,push_status</if>		    
		    <if test="commandId != null and commandId != ''">,command_id</if>		    
		    <if test="transId != null and transId != ''">,trans_id</if>		    
		    <if test="topic != null and topic != ''">,topic</if>		    
		    <if test="message != null and message != ''">,message</if>		    
		    <if test="requestData != null and requestData != ''">,request_data</if>	
		    <if test="requestUrl != null and requestUrl != ''">,request_url</if>		    
		    <if test="optIp != null and optIp != ''">,opt_ip</if>		    
		    <if test="changeDate != null and changeDate != ''">,change_date</if>		    
		    <if test="totalFlow != null and totalFlow != ''">,total_flow</if>	 
		    )
		values 
		(sys_guid() 
		    <if test="msisdn != null and msisdn != ''">,#{msisdn}</if>
		    <if test="ecCode != null and ecCode != ''">,#{ecCode}</if>
		    <if test="pushDate != null and pushDate != ''">,#{pushDate}</if>		    
		    <if test="pushStatus != null and pushStatus != ''">,#{pushStatus}</if>		    
		    <if test="commandId != null and commandId != ''">,#{commandId}</if>		    
		    <if test="transId != null and transId != ''">,#{transId}</if>		    
		    <if test="topic != null and topic != ''">,#{topic}</if>		    
		    <if test="message != null and message != ''">,#{message}</if>		    
		    <if test="requestData != null and requestData != ''">,#{requestData}</if>	
		    <if test="requestUrl != null and requestUrl != ''">,#{requestUrl}</if>		    
		    <if test="optIp != null and optIp != ''">,#{optIp}</if>		    
		    <if test="changeDate != null and changeDate != ''">,#{changeDate}</if>		    
		    <if test="totalFlow != null and totalFlow != ''">,#{totalFlow}</if>	 		
			)
	</insert>

    <insert id="insertPushRecordFunction" parameterType="com.hvgroup.mtp.base.common.dto.PushRecordFunction">
		insert into api_push_record_function
		  (id
		    <if test="msisdn != null and msisdn != ''">,msisdn</if>
		    <if test="ecCode != null and ecCode != ''">,ec_code</if>
   		    <if test="apnName != null and apnName != ''">,apn_name</if>		    
   		    <if test="changeDate != null and changeDate != ''">,change_date</if>		    
		    <if test="pushDate != null and pushDate != ''">,push_date</if>		    
		    <if test="pushStatus != null and pushStatus != ''">,push_status</if>		    
		    <if test="commandId != null and commandId != ''">,command_id</if>		    
		    <if test="transId != null and transId != ''">,trans_id</if>		    
		    <if test="topic != null and topic != ''">,topic</if>		    
		    <if test="message != null and message != ''">,message</if>		    
		    <if test="requestData != null and requestData != ''">,request_data</if>	
		    <if test="requestUrl != null and requestUrl != ''">,request_url</if>		    
		    <if test="optIp != null and optIp != ''">,opt_ip</if>		    
		    <if test="status != null and status != ''">,status</if>
	    )
		values
		  (sys_guid()
		    <if test="msisdn != null and msisdn != ''">,#{msisdn}</if>
		    <if test="ecCode != null and ecCode != ''">,#{ecCode}</if>
   		    <if test="apnName != null and apnName != ''">,#{apnName}</if>		    
   		    <if test="changeDate != null and changeDate != ''">,#{changeDate}</if>		    
		    <if test="pushDate != null and pushDate != ''">,#{pushDate}</if>		    
		    <if test="pushStatus != null and pushStatus != ''">,#{pushStatus}</if>		    
		    <if test="commandId != null and commandId != ''">,#{commandId}</if>		    
		    <if test="transId != null and transId != ''">,#{transId}</if>		    
		    <if test="topic != null and topic != ''">,#{topic}</if>		    
		    <if test="message != null and message != ''">,#{message}</if>		    
		    <if test="requestData != null and requestData != ''">,#{requestData}</if>	
		    <if test="requestUrl != null and requestUrl != ''">,#{requestUrl}</if>		    
		    <if test="optIp != null and optIp != ''">,#{optIp}</if>		    
		    <if test="status != null and status != ''">,#{status}</if>		  
 		)
  	</insert>
	
    <insert id="insertPushRecordRealname" parameterType="com.hvgroup.mtp.base.common.dto.PushRecordRealname">
		insert into api_push_record_realname
		  (id
		    <if test="msisdn != null and msisdn != ''">,msisdn</if>
		    <if test="iccid != null and iccid != ''">,iccid</if>
		    <if test="ecCode != null and ecCode != ''">,ec_code</if>
   		    <if test="pushType != null and pushType != ''">,push_type</if>		    
   		    <if test="changeDate != null and changeDate != ''">,change_date</if>		    
		    <if test="pushDate != null and pushDate != ''">,push_date</if>		    
		    <if test="pushStatus != null and pushStatus != ''">,push_status</if>		    
		    <if test="commandId != null and commandId != ''">,command_id</if>		    
		    <if test="transId != null and transId != ''">,trans_id</if>		    
		    <if test="topic != null and topic != ''">,topic</if>		    
		    <if test="message != null and message != ''">,message</if>		    
		    <if test="requestData != null and requestData != ''">,request_data</if>	
		    <if test="requestUrl != null and requestUrl != ''">,request_url</if>		    
		    <if test="optIp != null and optIp != ''">,opt_ip</if> 
		   )
		values
		  (sys_guid()
		    <if test="msisdn != null and msisdn != ''">,#{msisdn}</if>
		    <if test="iccid != null and iccid != ''">,#{iccid}</if>
		    <if test="ecCode != null and ecCode != ''">,#{ecCode}</if>
   		    <if test="pushType != null and pushType != ''">,#{pushType}</if>		    
   		    <if test="changeDate != null and changeDate != ''">,#{changeDate}</if>		    
		    <if test="pushDate != null and pushDate != ''">,#{pushDate}</if>		    
		    <if test="pushStatus != null and pushStatus != ''">,#{pushStatus}</if>		    
		    <if test="commandId != null and commandId != ''">,#{commandId}</if>		    
		    <if test="transId != null and transId != ''">,#{transId}</if>		    
		    <if test="topic != null and topic != ''">,#{topic}</if>		    
		    <if test="message != null and message != ''">,#{message}</if>		    
		    <if test="requestData != null and requestData != ''">,#{requestData}</if>	
		    <if test="requestUrl != null and requestUrl != ''">,#{requestUrl}</if>		    
		    <if test="optIp != null and optIp != ''">,#{optIp}</if>		    
		  )
   	</insert>
 
     <insert id="insertPushRecordLifecycle" parameterType="com.hvgroup.mtp.base.common.dto.PushRecordLifecycle">
		insert into api_push_record_lifecycle
		  (id
		    <if test="msisdn != null and msisdn != ''">,msisdn</if>
		    <if test="ecCode != null and ecCode != ''">,ec_code</if>
   		    <if test="lifeCycle != null and lifeCycle != ''">,life_cycle</if>		    
   		    <if test="changeDate != null and changeDate != ''">,change_date</if>		    
		    <if test="pushDate != null and pushDate != ''">,push_date</if>		    
		    <if test="pushStatus != null and pushStatus != ''">,push_status</if>		    
		    <if test="commandId != null and commandId != ''">,command_id</if>		    
		    <if test="transId != null and transId != ''">,trans_id</if>		    
		    <if test="topic != null and topic != ''">,topic</if>		    
		    <if test="message != null and message != ''">,message</if>		    
		    <if test="requestData != null and requestData != ''">,request_data</if>	
		    <if test="requestUrl != null and requestUrl != ''">,request_url</if>		    
		    <if test="optIp != null and optIp != ''">,opt_ip</if>
			)
		values
		  (sys_guid()
		    <if test="msisdn != null and msisdn != ''">,#{msisdn}</if>
		    <if test="ecCode != null and ecCode != ''">,#{ecCode}</if>
   		    <if test="lifeCycle != null and lifeCycle != ''">,#{lifeCycle}</if>		    
   		    <if test="changeDate != null and changeDate != ''">,#{changeDate}</if>		    
		    <if test="pushDate != null and pushDate != ''">,#{pushDate}</if>		    
		    <if test="pushStatus != null and pushStatus != ''">,#{pushStatus}</if>		    
		    <if test="commandId != null and commandId != ''">,#{commandId}</if>		    
		    <if test="transId != null and transId != ''">,#{transId}</if>		    
		    <if test="topic != null and topic != ''">,#{topic}</if>		    
		    <if test="message != null and message != ''">,#{message}</if>		    
		    <if test="requestData != null and requestData != ''">,#{requestData}</if>	
		    <if test="requestUrl != null and requestUrl != ''">,#{requestUrl}</if>		    
		    <if test="optIp != null and optIp != ''">,#{optIp}</if>	
		 )
  	</insert>	


    <select id="findPushRecordFlow" resultType="com.hvgroup.mtp.base.common.dto.PushRecordFlow" parameterType="java.lang.String">
        SELECT msisdn, ec_code ecCode,  push_date pushDate, push_status pushStatus, command_id commandId, 
		   trans_id transId, topic, message, request_data requestData,  request_url requestUrl,  change_date changeDate, total_flow 
        from api_push_record_flow WHERE trans_id  = #{transId} AND  ROWNUM=1
    </select>
    
    <select id="findPushRecordFunction" resultType="com.hvgroup.mtp.base.common.dto.PushRecordFunction" parameterType="java.lang.String">
        SELECT  msisdn, ec_code ecCode, apn_name apnName, change_date changeDate, push_date pushDate, push_status pushstatus,
		   command_id commandId, trans_id transId, topic, message, request_data requestData, request_url requestUrl, status 
		from api_push_record_function WHERE trans_id = #{transId} AND  ROWNUM=1
    </select>
 
     <select id="findPushRecordLifecycle" resultType="com.hvgroup.mtp.base.common.dto.PushRecordLifecycle" parameterType="java.lang.String">
        SELECT 
		   msisdn, ec_code ecCode, life_cycle lifeCycle, change_date changeDate, push_date pushDate, push_status pushstatus,
		   command_id commandId, trans_id transId, topic, message, request_data requestData, request_url requestUrl
		from api_push_record_lifecycle WHERE trans_id = #{transId} AND  ROWNUM=1
    </select>
    
    <select id="findPushRecordRealname" resultType="com.hvgroup.mtp.base.common.dto.PushRecordRealname" parameterType="java.lang.String">
        SELECT 
		   msisdn, iccid, ec_code ecCode, push_type pushType, change_date changeDate,  push_date pushDate, push_status pushstatus,
		   command_id commandId, trans_id transId, topic, message, request_data requestData, request_url requestUrl
		from api_push_record_realname WHERE trans_id = #{transId} AND  ROWNUM=1
    </select>
        	
    <insert id="insertOrderPushLog" parameterType="com.hvgroup.mtp.base.common.dto.OrderLog">
        INSERT INTO
        MTP_ORDER_PUSH_LOG(ID,
        <if test="location != null and location != ''">
            LOCATION,
        </if>
        <if test="requestData != null and requestData != ''">
        REQUEST_DATA,
        </if>
        <if test="ecCode != null and ecCode != ''">
        EC_CODE,
        </if>
        <if test="transid != null and transid != ''">
        TRANSID,
        </if>
        TOPIC,
        MESSAGE,
        MSISDN,
        <if test="status != null">
        STATUS,
        </if>
        <if test="orderDate != null">
        ORDER_DATE,
        </if>
        <if test="area != null and area != ''">
        AREA,
        </if>
        <if test="productCode != null and productCode != ''">
        PRODUCT_CODE,
        </if>
        <if test="packageCode != null and packageCode != ''">
        PACKAGE_CODE,
        </if>
        <if test="packageName != null and packageName != ''">
        PACKAGE_NAME,
        </if>
        <if test="packageStatus != null and packageStatus != ''">
        PACKAGE_STATUS,
        </if>
        <if test="effectTime != null">
        EFFECT_TIME,
        </if>
        <if test="expireTime != null">
        EXPIRE_TIME,
        </if>
        <if test="runCode != null and runCode != ''">
        RUN_CODE,
        </if>
        CREATE_DATE
        )
        VALUES (SEQ_MTP_ORDER_LOG.nextval,
        <if test="location != null and location != ''">
        #{location},
        </if>
        <if test="requestData != null and requestData != ''">
        #{requestData},
        </if>
        <if test="ecCode != null and ecCode != ''">
        #{ecCode},
        </if>
        <if test="transid != null and transid != ''">
        #{transid},
        </if>
        #{topic},
        #{message},
        #{msisdn},
        <if test="status != null">
            #{status},
        </if>
        <if test="orderDate != null">
            #{orderDate},
        </if>
        <if test="area != null and area != ''">
            #{area},
        </if>
        <if test="productCode != null and productCode != ''">
            #{productCode},
        </if>
        <if test="packageCode != null and packageCode != ''">
            #{packageCode},
        </if>
        <if test="packageName != null and packageName != ''">
            #{packageName},
        </if>
        <if test="packageStatus != null and packageStatus != ''">
            #{packageStatus},
        </if>
        <if test="effectTime != null">
            #{effectTime},
        </if>
        <if test="expireTime != null">
            #{expireTime},
        </if>
        <if test="runCode != null and runCode != ''">
            #{runCode},
        </if>
        SYSDATE
        )

    </insert>

	<select id="findRealnameCount" resultType="java.lang.Long">
			select count(1) from api_push_record_realname where msisdn = #{msisdn} and change_date = TO_DATE(#{changeDate},'yyyymmddHH24miss')
	</select>


    <update id="updateOrderStatus"  parameterType="com.hvgroup.mtp.base.common.dto.OrderLog">
        UPDATE MTP_ORDER_PUSH_LOG SET STATUS = ${status},UPDATE_DATE=SYSDATE WHERE ID = #{id}
    </update>
    
    <!-- 获取 七天内与 一分钟之前的数据，未推送的数据 -->
	<select id="findDutySendData" parameterType="java.lang.String" resultType="com.hvgroup.mtp.base.common.dto.DutySend">
		select msisdn,iccid,ec_code ecCode,rge_state rgeState,trans_id transId,is_send isSend,rge_time rgeTime
		 from DUTY_SEND where is_send = '0' 
		 and create_date <![CDATA[ >= ]]> trunc(sysdate -7)
		 and create_date <![CDATA[ < ]]> sysdate-1/1440
 		<if test="ecCode !=null and ecCode !=''">
			 and ec_code=#{ecCode}
		</if>
		
	</select>

    <update id="updateDutySendByTransId"  parameterType="com.hvgroup.mtp.base.common.dto.DutySend">
        UPDATE DUTY_SEND SET is_send = ${isSend} WHERE trans_id = #{transId}
    </update>
    	
</mapper>