<?xml version="1.0" encoding="UTF-8"?>

<!DOCTYPE sqlMap
 PUBLIC "-//ibatis.apache.org//DTD SQL Map 2.0//EN"
 "http://ibatis.apache.org/dtd/sql-map-2.dtd">

<sqlMap>

<sql id="whereForMainType">
	and exists (
		select 1  from m2m_group_member m where m.msisdn=msisdn 
			and m.state='ENABLED'
			<!-- and m.start_date <![CDATA[ <= ]]> sysdate 
			and m.end_date <![CDATA[ > ]]> sysdate -->
			 <isNotEmpty prepend="and" property="ecCode">
				ec_code = #ecCode#
			</isNotEmpty>	
		)
<!-- 	<isNotEmpty prepend="and" property="mainType">
			<isEqual property="mainType" compareValue="1">车联网主体产品
				msisdn in (
					select MSISDN from m2m_person where MAIN_PROD_CODE in ('AppendAttr.I00010800001','I00010800001')
					and STATE = 'ENABLED'
					 <isNotEmpty prepend="and" property="ecCode">
						ec_code = #ecCode#
					</isNotEmpty>
				)
			</isEqual>
			<isEqual property="mainType" compareValue="2">机器卡主体产品
				msisdn in (
					select MSISDN from m2m_person where MAIN_PROD_CODE in ('AppendAttr.I00010300001','I00010300001')
					and STATE = 'ENABLED'
					 <isNotEmpty prepend="and" property="ecCode">
						ec_code = #ecCode#
					</isNotEmpty>
				)
			</isEqual>
			<isEqual property="mainType" compareValue="3">NB-IOT主体产品
				 msisdn in (
					select MSISDN from m2m_person where MAIN_PROD_CODE in ('AppendAttr.I00011200001','I00011200001')
					and STATE = 'ENABLED'
					 <isNotEmpty prepend="and" property="ecCode">
						ec_code = #ecCode#
					</isNotEmpty>
				)
			</isEqual>
			<isEqual property="mainType" compareValue="4">和对讲
				 msisdn in (
					select MSISDN from m2m_person where MAIN_PROD_CODE in ('AppendAttr.I00011000001','I00011000001')
					and STATE = 'ENABLED'
					 <isNotEmpty prepend="and" property="ecCode">
						ec_code = #ecCode#
					</isNotEmpty>
				)
			</isEqual>
			<isEqual property="mainType" compareValue="5">行车卫士
				msisdn in (
					select MSISDN from m2m_person where MAIN_PROD_CODE in ('AppendAttr.I00011000001','I00011000001')
					and STATE = 'ENABLED'
					 <isNotEmpty prepend="and" property="ecCode">
						ec_code = #ecCode#
					</isNotEmpty>
				)
			</isEqual>
			<isEqual property="mainType" compareValue="6">9105
				 msisdn in (
					select MSISDN from m2m_person where MAIN_PROD_CODE in ('AppendAttr.9105','9105')
					and STATE = 'ENABLED'
					 <isNotEmpty prepend="and" property="ecCode">
						ec_code = #ecCode#
					</isNotEmpty>
				)
			</isEqual>
		</isNotEmpty> -->
</sql>


	<select id="findCardStateCountByEc" resultClass="com.lenovo.iotpro3.vo.home.EcMemStatVo"> 
           
        
        select 
        	#currentMonth# as statMonth, 
	       SUM(b.totalCount) AS totalCount,
	       SUM(b.testCount) AS testCount,
	       SUM(b.silentCount) AS unActivateCount,
	       SUM(b.normalCount) AS normalCount,
	       SUM(b.stopCount) AS stopCount,
	       SUM(b.preCloseCount) AS cancleCount, 
	       SUM(b.inventoryCount) AS stockCount,
       	   SUM(b.freezingCount) AS freezingCount
		from (
			  SELECT 
			   COUNT(
			    DISTINCT CASE
			    WHEN a.STATE = 'ENABLED' THEN
			    a.msisdn
			    ELSE
			      NULL
			    END
			) AS totalCount,
			COUNT(
			DISTINCT CASE
			    WHEN  a.LIFE_CYCLE = 'NORMAL' THEN
			    a.msisdn
			    ELSE
			      NULL
			    END
			) AS normalCount,
			COUNT(
			DISTINCT CASE
			    WHEN a.LIFE_CYCLE = 'SILENT' THEN
			    a.msisdn
			    ELSE
			      NULL
			    END
			) AS silentCount,
			COUNT(
			DISTINCT CASE
			    WHEN  a.LIFE_CYCLE = 'STOCK' THEN
			    a.msisdn
			    ELSE
			      NULL
			    END
			
			 ) AS inventoryCount,
			COUNT(
			DISTINCT CASE
			    WHEN  a.LIFE_CYCLE = 'PRECLOSE' THEN
			    a.msisdn
			    ELSE
			      NULL
			    END
			
			 ) AS preCloseCount,
			COUNT(
			DISTINCT CASE
			    WHEN  a.LIFE_CYCLE = 'STOP' THEN
			    a.msisdn
			    ELSE
			      NULL
			    END
			
			 ) AS stopCount,
			 COUNT(
			 DISTINCT CASE
			    when  a.LIFE_CYCLE = 'TEST' 
			    THEN
			     a.msisdn
			    ELSE
			      NULL
			    END
			    
			   ) AS testCount,
               COUNT(DISTINCT CASE
                       when a.LIFE_CYCLE = 'FREEZING' THEN
                        a.msisdn
                       ELSE
                        NULL
                     END) AS freezingCount
			FROM MAC_CARD  a
			WHERE a.EC_CODE = #ecCode# 
			AND a.STATE='ENABLED'
			 UNION
			  SELECT 
			   COUNT(
			    DISTINCT CASE
			    WHEN a.STATE = 'ENABLED' THEN
			    a.msisdn
			    ELSE
			      NULL
			    END
			) AS totalCount,
			COUNT(
			DISTINCT CASE
			    WHEN  a.LIFE_CYCLE = 'NORMAL' THEN
			    a.msisdn
			    ELSE
			      NULL
			    END
			) AS normalCount,
			COUNT(
			DISTINCT CASE
			    WHEN a.LIFE_CYCLE = 'SILENT' THEN
			    a.msisdn
			    ELSE
			      NULL
			    END
			) AS silentCount,
			COUNT(
			DISTINCT CASE
			    WHEN  a.LIFE_CYCLE = 'STOCK' THEN
			    a.msisdn
			    ELSE
			      NULL
			    END
			
			 ) AS inventoryCount,
			COUNT(
			DISTINCT CASE
			    WHEN  a.LIFE_CYCLE = 'PRECLOSE' THEN
			    a.msisdn
			    ELSE
			      NULL
			    END
			
			 ) AS preCloseCount,
			COUNT(
			DISTINCT CASE
			    WHEN  a.LIFE_CYCLE = 'STOP' THEN
			    a.msisdn
			    ELSE
			      NULL
			    END
			
			 ) AS stopCount,
			 COUNT(
			 DISTINCT CASE
			    when  a.LIFE_CYCLE = 'TEST' 
			    THEN
			     a.msisdn
			    ELSE
			      NULL
			    END
			    
			   ) AS testCount,
               COUNT(DISTINCT CASE
                       when a.LIFE_CYCLE = 'FREEZING' THEN
                        a.msisdn
                       ELSE
                        NULL
                     END) AS freezingCount
			FROM CARD_9105  a
			WHERE a.EC_CODE = #ecCode#
			AND a.STATE='ENABLED'
			 UNION
			 			  SELECT 
			   COUNT(
			    DISTINCT CASE
			    WHEN a.STATE = 'ENABLED' THEN
			    a.msisdn
			    ELSE
			      NULL
			    END
			) AS totalCount,
			COUNT(
			DISTINCT CASE
			    WHEN  a.LIFE_CYCLE = 'NORMAL' THEN
			    a.msisdn
			    ELSE
			      NULL
			    END
			) AS normalCount,
			COUNT(
			DISTINCT CASE
			    WHEN a.LIFE_CYCLE = 'SILENT' THEN
			    a.msisdn
			    ELSE
			      NULL
			    END
			) AS silentCount,
			COUNT(
			DISTINCT CASE
			    WHEN  a.LIFE_CYCLE = 'STOCK' THEN
			    a.msisdn
			    ELSE
			      NULL
			    END
			
			 ) AS inventoryCount,
			COUNT(
			DISTINCT CASE
			    WHEN  a.LIFE_CYCLE = 'PRECLOSE' THEN
			    a.msisdn
			    ELSE
			      NULL
			    END
			
			 ) AS preCloseCount,
			COUNT(
			DISTINCT CASE
			    WHEN  a.LIFE_CYCLE = 'STOP' THEN
			    a.msisdn
			    ELSE
			      NULL
			    END
			
			 ) AS stopCount,
			 COUNT(
			 DISTINCT CASE
			    when  a.LIFE_CYCLE = 'TEST' 
			    THEN
			     a.msisdn
			    ELSE
			      NULL
			    END
			    
			   ) AS testCount,
               COUNT(DISTINCT CASE
                       when a.LIFE_CYCLE = 'FREEZING' THEN
                        a.msisdn
                       ELSE
                        NULL
                     END) AS freezingCount
			FROM NB_CARD  a
			WHERE a.EC_CODE = #ecCode#
			AND a.STATE='ENABLED'
			 UNION
			 			  SELECT 
			   COUNT(
			    DISTINCT CASE
			    WHEN a.STATE = 'ENABLED' THEN
			    a.msisdn
			    ELSE
			      NULL
			    END
			) AS totalCount,
			COUNT(
			DISTINCT CASE
			    WHEN  a.LIFE_CYCLE = 'NORMAL' THEN
			    a.msisdn
			    ELSE
			      NULL
			    END
			) AS normalCount,
			COUNT(
			DISTINCT CASE
			    WHEN a.LIFE_CYCLE = 'SILENT' THEN
			    a.msisdn
			    ELSE
			      NULL
			    END
			) AS silentCount,
			COUNT(
			DISTINCT CASE
			    WHEN  a.LIFE_CYCLE = 'STOCK' THEN
			    a.msisdn
			    ELSE
			      NULL
			    END
			
			 ) AS inventoryCount,
			COUNT(
			DISTINCT CASE
			    WHEN  a.LIFE_CYCLE = 'PRECLOSE' THEN
			    a.msisdn
			    ELSE
			      NULL
			    END
			
			 ) AS preCloseCount,
			COUNT(
			DISTINCT CASE
			    WHEN  a.LIFE_CYCLE = 'STOP' THEN
			    a.msisdn
			    ELSE
			      NULL
			    END
			
			 ) AS stopCount,
			 COUNT(
			 DISTINCT CASE
			    when  a.LIFE_CYCLE = 'TEST' 
			    THEN
			     a.msisdn
			    ELSE
			      NULL
			    END
			    
			   ) AS testCount,
               COUNT(DISTINCT CASE
                       when a.LIFE_CYCLE = 'FREEZING' THEN
                        a.msisdn
                       ELSE
                        NULL
                     END) AS freezingCount
			FROM IOV_CARD  a
			WHERE a.EC_CODE = #ecCode#
			AND a.STATE='ENABLED'
		UNION
		SELECT
		COUNT(
		DISTINCT CASE
		WHEN a.STATE = 'ENABLED' THEN
		a.msisdn
		ELSE
		NULL
		END
		) AS totalCount,
		COUNT(
		DISTINCT CASE
		WHEN  a.LIFE_CYCLE = 'NORMAL' THEN
		a.msisdn
		ELSE
		NULL
		END
		) AS normalCount,
		COUNT(
		DISTINCT CASE
		WHEN a.LIFE_CYCLE = 'SILENT' THEN
		a.msisdn
		ELSE
		NULL
		END
		) AS silentCount,
		COUNT(
		DISTINCT CASE
		WHEN  a.LIFE_CYCLE = 'STOCK' THEN
		a.msisdn
		ELSE
		NULL
		END

		) AS inventoryCount,
		COUNT(
		DISTINCT CASE
		WHEN  a.LIFE_CYCLE = 'PRECLOSE' THEN
		a.msisdn
		ELSE
		NULL
		END

		) AS preCloseCount,
		COUNT(
		DISTINCT CASE
		WHEN  a.LIFE_CYCLE = 'STOP' THEN
		a.msisdn
		ELSE
		NULL
		END

		) AS stopCount,
		COUNT(
		DISTINCT CASE
		when  a.LIFE_CYCLE = 'TEST'
		THEN
		a.msisdn
		ELSE
		NULL
		END

		) AS testCount,
               COUNT(DISTINCT CASE
                       when a.LIFE_CYCLE = 'FREEZING' THEN
                        a.msisdn
                       ELSE
                        NULL
                     END) AS freezingCount
		FROM WLW_CARD  a
		WHERE a.EC_CODE = #ecCode#
		AND a.STATE='ENABLED'
			)b
        
        
           
           
           
           
           
          <!-- select #currentMonth# as statMonth,
		       t.ec_membercnt AS totalCount,
		       t.ec_test AS testCount, 
		       t.ec_silent AS unActivateCount,
		       t.ec_normal AS normalCount,
		       t.ec_stop as stopCount,
		       t.ec_preclose as cancleCount
		  FROM TMP_MEMBER_CRON_STAT t
		 where t.ec_code = #ecCode#-->
		UNION ALL <!-- sql优化 edit 20180412 -->	   
		select stat_date as statMonth,
			   total_sim_count as totalCount,
			   test_sim_count as testCount,
			   silent_sim_count as unActivateCount,
			   normal_sim_count as normalCount,
			   stop_sim_count as stopCount,
			   pcancel_sim_count as cancleCount,
			   nvl(STOCK_SIM_COUNT,0) as stockCount,
       			nvl(freezing_sim_count,0) as freezingCount
		from rpt_ec_mem_stat_mm where
		1=1
		<isNotEmpty prepend="and" property="ecCode">
			ec_code=#ecCode#
		</isNotEmpty>
		<isNotEmpty prepend="and" property="firstMonth">
			stat_date<![CDATA[>=]]>#firstMonth#
		</isNotEmpty>
		<isNotEmpty prepend="and" property="currentMonth">
			stat_date<![CDATA[<]]>#currentMonth#
		</isNotEmpty>
		order by statMonth desc
	</select>

<!-- 统计报表按月 -->
	<select id="findCardStateCountMonthByEc" resultClass="com.lenovo.iotpro3.vo.home.EcMemStatVo">
		  select #Month# as statMonth,
		NVL(sum(c.total_sim_count),0)        as totalCount, 
      NVL(sum(c.month_cancel_sim_count),0)   as unActivateCount,
    NVL(sum(c.test_sim_count),0)   as testCount,
    NVL(sum(c.silent_sim_count),0)   as silentCount,
   NVL(sum( c.normal_sim_count),0)   as normalCount,
    NVL(sum(c.stop_sim_count),0)   as stopCount,
   NVL(sum( c.pcancel_sim_count),0)   as cancleCount,
       NVL(sum(c.freezing_sim_count), 0) as freezingCount
     from RPT_EC_MEM_STAT_MM c where stat_date=#Month#
     <isNotEmpty prepend="and" property="ecCode">
			ec_code=#ecCode#
		</isNotEmpty>
    union all
       select #Month1# as statMonth,
    NVL(sum(c.total_sim_count),0)        as totalCount, 
      NVL(sum(c.month_cancel_sim_count),0)   as unActivateCount,
    NVL(sum(c.test_sim_count),0)   as testCount,
    NVL(sum(c.silent_sim_count),0)   as silentCount,
   NVL(sum( c.normal_sim_count),0)   as normalCount,
    NVL(sum(c.stop_sim_count),0)   as stopCount,
   NVL(sum( c.pcancel_sim_count),0)   as cancleCount,
       NVL(sum(c.freezing_sim_count), 0) as freezingCount
     from RPT_EC_MEM_STAT_MM c where stat_date=#Month1#
     <isNotEmpty prepend="and" property="ecCode">
			ec_code=#ecCode#
		</isNotEmpty>
        union all
       select #Month2# as statMonth,
      NVL(sum(c.total_sim_count),0)        as totalCount, 
      NVL(sum(c.month_cancel_sim_count),0)   as unActivateCount,
    NVL(sum(c.test_sim_count),0)   as testCount,
    NVL(sum(c.silent_sim_count),0)   as silentCount,
   NVL(sum( c.normal_sim_count),0)   as normalCount,
    NVL(sum(c.stop_sim_count),0)   as stopCount,
   NVL(sum( c.pcancel_sim_count),0)   as cancleCount,
       NVL(sum(c.freezing_sim_count), 0) as freezingCount
     from RPT_EC_MEM_STAT_MM c where stat_date=#Month2#
     <isNotEmpty prepend="and" property="ecCode">
			ec_code=#ecCode#
		</isNotEmpty>
       union all
       select #Month3# as statMonth,
     NVL(sum(c.total_sim_count),0)        as totalCount, 
      NVL(sum(c.month_cancel_sim_count),0)   as unActivateCount,
    NVL(sum(c.test_sim_count),0)   as testCount,
    NVL(sum(c.silent_sim_count),0)   as silentCount,
   NVL(sum( c.normal_sim_count),0)   as normalCount,
    NVL(sum(c.stop_sim_count),0)   as stopCount,
   NVL(sum( c.pcancel_sim_count),0)   as cancleCount,
       NVL(sum(c.freezing_sim_count), 0) as freezingCount
     from RPT_EC_MEM_STAT_MM c where stat_date=#Month3#
     <isNotEmpty prepend="and" property="ecCode">
			ec_code=#ecCode#
		</isNotEmpty>
       union all
       select #Month4# as statMonth,
     NVL(sum(c.total_sim_count),0)        as totalCount, 
      NVL(sum(c.month_cancel_sim_count),0)   as unActivateCount,
    NVL(sum(c.test_sim_count),0)   as testCount,
    NVL(sum(c.silent_sim_count),0)   as silentCount,
   NVL(sum( c.normal_sim_count),0)   as normalCount,
    NVL(sum(c.stop_sim_count),0)   as stopCount,
   NVL(sum( c.pcancel_sim_count),0)   as cancleCount,
       NVL(sum(c.freezing_sim_count), 0) as freezingCount
     from RPT_EC_MEM_STAT_MM c where stat_date=#Month4#
     <isNotEmpty prepend="and" property="ecCode">
			ec_code=#ecCode#
		</isNotEmpty>
        union all
       select #Month5# as statMonth,
       NVL(sum(c.total_sim_count),0)        as totalCount, 
      NVL(sum(c.month_cancel_sim_count),0)   as unActivateCount,
    NVL(sum(c.test_sim_count),0)   as testCount,
    NVL(sum(c.silent_sim_count),0)   as silentCount,
   NVL(sum( c.normal_sim_count),0)   as normalCount,
    NVL(sum(c.stop_sim_count),0)   as stopCount,
   NVL(sum( c.pcancel_sim_count),0)   as cancleCount,
       NVL(sum(c.freezing_sim_count), 0) as freezingCount
     from RPT_EC_MEM_STAT_MM c where stat_date=#Month5#
     <isNotEmpty prepend="and" property="ecCode">
			ec_code=#ecCode#
		</isNotEmpty>
	</select>
	
	<select id="findCardStateCountMonthByEc2" resultClass="com.lenovo.iotpro3.vo.home.EcMemStatVo">
		  select #Month5# as statMonth,
		NVL(sum(c.total_sim_count),0)        as totalCount, 
      NVL(sum(c.month_cancel_sim_count),0)   as unActivateCount,
    NVL(sum(c.test_sim_count),0)   as testCount,
    NVL(sum(c.silent_sim_count),0)   as silentCount,
   NVL(sum( c.normal_sim_count),0)   as normalCount,
    NVL(sum(c.stop_sim_count),0)   as stopCount,
   NVL(sum( c.pcancel_sim_count),0)   as cancleCount,
   NVL(sum( c.month_cancel_sim_count),0)   as monthCancleCount,
       NVL(sum(c.freezing_sim_count), 0) as freezingCount
     from RPT_EC_MEM_STAT_MM c where stat_date=#Month5#
      <isNotEmpty prepend="and" property="ecCode">
			ec_code=#ecCode#
		</isNotEmpty>
    union
       select #Month4# as statMonth,
     	NVL(sum(c.total_sim_count),0)        as totalCount, 
      NVL(sum(c.month_cancel_sim_count),0)   as unActivateCount,
    NVL(sum(c.test_sim_count),0)   as testCount,
    NVL(sum(c.silent_sim_count),0)   as silentCount,
   NVL(sum( c.normal_sim_count),0)   as normalCount,
    NVL(sum(c.stop_sim_count),0)   as stopCount,
   NVL(sum( c.pcancel_sim_count),0)   as cancleCount,
   NVL(sum( c.month_cancel_sim_count),0)   as monthCancleCount,
       NVL(sum(c.freezing_sim_count), 0) as freezingCount
     from RPT_EC_MEM_STAT_MM c where stat_date=#Month4#
      <isNotEmpty prepend="and" property="ecCode">
			ec_code=#ecCode#
		</isNotEmpty>
    union
       select #Month3# as statMonth,
    	NVL(sum(c.total_sim_count),0)        as totalCount, 
      NVL(sum(c.month_cancel_sim_count),0)   as unActivateCount,
    NVL(sum(c.test_sim_count),0)   as testCount,
    NVL(sum(c.silent_sim_count),0)   as silentCount,
   NVL(sum( c.normal_sim_count),0)   as normalCount,
    NVL(sum(c.stop_sim_count),0)   as stopCount,
   NVL(sum( c.pcancel_sim_count),0)   as cancleCount,
   NVL(sum( c.month_cancel_sim_count),0)   as monthCancleCount,
       NVL(sum(c.freezing_sim_count), 0) as freezingCount
     from RPT_EC_MEM_STAT_MM c where stat_date=#Month3#
      <isNotEmpty prepend="and" property="ecCode">
			ec_code=#ecCode#
		</isNotEmpty>
    union
       select #Month2# as statMonth,
   	NVL(sum(c.total_sim_count),0)        as totalCount, 
      NVL(sum(c.month_cancel_sim_count),0)   as unActivateCount,
    NVL(sum(c.test_sim_count),0)   as testCount,
    NVL(sum(c.silent_sim_count),0)   as silentCount,
   NVL(sum( c.normal_sim_count),0)   as normalCount,
    NVL(sum(c.stop_sim_count),0)   as stopCount,
   NVL(sum( c.pcancel_sim_count),0)   as cancleCount,
   NVL(sum( c.month_cancel_sim_count),0)   as monthCancleCount,
       NVL(sum(c.freezing_sim_count), 0) as freezingCount
     from RPT_EC_MEM_STAT_MM c where stat_date=#Month2#
      <isNotEmpty prepend="and" property="ecCode">
			ec_code=#ecCode#
		</isNotEmpty>
    union
       select #Month1# as statMonth,
    	NVL(sum(c.total_sim_count),0)        as totalCount, 
      NVL(sum(c.month_cancel_sim_count),0)   as unActivateCount,
    NVL(sum(c.test_sim_count),0)   as testCount,
    NVL(sum(c.silent_sim_count),0)   as silentCount,
   NVL(sum( c.normal_sim_count),0)   as normalCount,
    NVL(sum(c.stop_sim_count),0)   as stopCount,
   NVL(sum( c.pcancel_sim_count),0)   as cancleCount,
   NVL(sum( c.month_cancel_sim_count),0)   as monthCancleCount,
       NVL(sum(c.freezing_sim_count), 0) as freezingCount
     from RPT_EC_MEM_STAT_MM c where stat_date=#Month1#
      <isNotEmpty prepend="and" property="ecCode">
			ec_code=#ecCode#
		</isNotEmpty>
     union
       select #Month# as statMonth,
 	NVL(sum(c.total_sim_count),0)        as totalCount, 
      NVL(sum(c.month_cancel_sim_count),0)   as unActivateCount,
    NVL(sum(c.test_sim_count),0)   as testCount,
    NVL(sum(c.silent_sim_count),0)   as silentCount,
   NVL(sum( c.normal_sim_count),0)   as normalCount,
    NVL(sum(c.stop_sim_count),0)   as stopCount,
   NVL(sum( c.pcancel_sim_count),0)   as cancleCount,
   NVL(sum( c.month_cancel_sim_count),0)   as monthCancleCount,
       NVL(sum(c.freezing_sim_count), 0) as freezingCount
     from RPT_EC_MEM_STAT_MM c where stat_date=#Month#
      <isNotEmpty prepend="and" property="ecCode">
			ec_code=#ecCode#
		</isNotEmpty>
	</select>
	
	
	<select id="findCardStateCountMonthByEc1Export" resultClass="com.lenovo.iotpro3.vo.home.EcMemStatVo" resultSetType="SCROLL_INSENSITIVE">
		  
		  select statMonth,
       totalCount,
       monthCancleCount,
       testCount,
       silentCount,
       normalCount,
       stopCount,
       cancleCount,
       freezingCount
    
    from(
          select to_char(sysdate, 'yyyy-MM') as statMonth,
		       t.ec_membercnt AS totalCount,
		       t.ec_cancel as monthCancleCount, 
		       t.ec_test AS testCount,
		       t.ec_silent AS silentCount,
		       t.ec_normal AS normalCount,
		       t.ec_stop as stopCount,
		       t.ec_preclose as cancleCount,
		       t.ec_freezing as freezingCount
		  FROM TMP_MEMBER_CRON_STAT t
		 where t.ec_code = #ecCode#
       UNION      
	   select c.stat_date as  statMonth,
       NVL(c.total_sim_count, 0) as totalCount,
       NVL(c.month_cancel_sim_count, 0) as monthCancleCount,
       NVL(c.test_sim_count, 0) as testCount,
       NVL(c.silent_sim_count, 0) as silentCount,
       NVL(c.normal_sim_count, 0) as normalCount,
       NVL(c.stop_sim_count, 0) as stopCount,
       NVL(c.pcancel_sim_count, 0) as cancleCount,
       NVL(c.freezing_sim_count, 0) as freezingCount
  		from RPT_EC_MEM_STAT_MM c where 1=1
     <isNotEmpty prepend="and" property="ecCode">
			c.ec_code=#ecCode#
		</isNotEmpty>
        and c.stat_date<![CDATA[<]]>to_char(sysdate, 'yyyy-MM')
        )sub where 1=1
		<isNotEmpty prepend="and" property="startMonth">
			statMonth<![CDATA[>=]]>#startMonth#
		</isNotEmpty>
		<isNotEmpty prepend="and" property="endMonth">
			statMonth<![CDATA[<=]]>#endMonth#
		</isNotEmpty>
		order by statMonth desc
		  
	</select>
	
	<sql id="MemberCount_MonthReport">
	<isEqual property="findMark" compareValue="0">
	SELECT
	to_char(sysdate, 'yyyy-MM') as statMonth,
	SUM(b.totalCount) AS totalCount,
	SUM(b.normalCount) AS normalCount,
	SUM(b.silentCount) AS silentCount,
	SUM(b.inventoryCount) AS inventoryCount,SUM(b.preCloseCount) AS cancleCount,
	SUM(b.stopCount) AS stopCount,SUM(b.testCount) AS testCount,SUM(b.freezingCount) AS freezingCount from (
		SELECT COUNT( DISTINCT CASE WHEN a.STATE = 'ENABLED' THEN a.msisdn
			    ELSE NULL END ) AS totalCount,
		COUNT( DISTINCT CASE WHEN  a.LIFE_CYCLE = 'NORMAL' THEN a.msisdn
			    ELSE NULL END ) AS normalCount,
		COUNT( DISTINCT CASE WHEN a.LIFE_CYCLE = 'SILENT' THEN a.msisdn
			    ELSE NULL END ) AS silentCount,
		COUNT( DISTINCT CASE WHEN  a.LIFE_CYCLE = 'STOCK' THEN a.msisdn
			    ELSE NULL END ) AS inventoryCount,
		COUNT( DISTINCT CASE WHEN  a.LIFE_CYCLE = 'PRECLOSE' THEN a.msisdn
			    ELSE NULL END ) AS preCloseCount,
		COUNT( DISTINCT CASE WHEN  a.LIFE_CYCLE = 'STOP' THEN a.msisdn
			    ELSE NULL END ) AS stopCount,
		COUNT( DISTINCT CASE when  a.LIFE_CYCLE = 'TEST' THEN a.msisdn
			    ELSE NULL END ) AS testCount,
		COUNT( DISTINCT CASE when  a.LIFE_CYCLE = 'FREEZING' THEN a.msisdn
			    ELSE NULL END ) AS freezingCount
		FROM MAC_CARD a WHERE a.EC_CODE = #ecCode# AND a.STATE='ENABLED'
		UNION SELECT 
			COUNT( DISTINCT CASE WHEN a.STATE = 'ENABLED' THEN a.msisdn
			    ELSE NULL END ) AS totalCount,
			COUNT( DISTINCT CASE WHEN  a.LIFE_CYCLE = 'NORMAL' THEN a.msisdn
			    ELSE NULL END ) AS normalCount,
			COUNT( DISTINCT CASE WHEN a.LIFE_CYCLE = 'SILENT' THEN a.msisdn
			    ELSE NULL END ) AS silentCount,
			COUNT( DISTINCT CASE WHEN  a.LIFE_CYCLE = 'STOCK' THEN a.msisdn
			    ELSE NULL END ) AS inventoryCount,
			COUNT( DISTINCT CASE WHEN  a.LIFE_CYCLE = 'PRECLOSE' THEN a.msisdn
			    ELSE NULL END ) AS preCloseCount,
			COUNT( DISTINCT CASE WHEN  a.LIFE_CYCLE = 'STOP' THEN a.msisdn
			    ELSE NULL END ) AS stopCount,
			COUNT( DISTINCT CASE when  a.LIFE_CYCLE = 'TEST' THEN a.msisdn
			    ELSE NULL END ) AS testCount,
		COUNT( DISTINCT CASE when  a.LIFE_CYCLE = 'FREEZING' THEN a.msisdn
			    ELSE NULL END ) AS freezingCount
			FROM CARD_9105 a WHERE a.EC_CODE = #ecCode# AND a.STATE='ENABLED'
			 UNION SELECT 
			   COUNT( DISTINCT CASE WHEN a.STATE = 'ENABLED' THEN a.msisdn
			    ELSE NULL END ) AS totalCount,
			COUNT( DISTINCT CASE WHEN  a.LIFE_CYCLE = 'NORMAL' THEN a.msisdn
			    ELSE NULL END ) AS normalCount,
			COUNT( DISTINCT CASE WHEN a.LIFE_CYCLE = 'SILENT' THEN a.msisdn
			    ELSE NULL END ) AS silentCount,
			COUNT( DISTINCT CASE WHEN  a.LIFE_CYCLE = 'STOCK' THEN a.msisdn
			    ELSE NULL END ) AS inventoryCount,
			COUNT( DISTINCT CASE WHEN  a.LIFE_CYCLE = 'PRECLOSE' THEN a.msisdn
			    ELSE NULL END ) AS preCloseCount,
			COUNT( DISTINCT CASE WHEN  a.LIFE_CYCLE = 'STOP' THEN a.msisdn
			    ELSE NULL END ) AS stopCount,
			COUNT( DISTINCT CASE when  a.LIFE_CYCLE = 'TEST' THEN a.msisdn
			    ELSE NULL END ) AS testCount,
		COUNT( DISTINCT CASE when  a.LIFE_CYCLE = 'FREEZING' THEN a.msisdn
			    ELSE NULL END ) AS freezingCount
			FROM NB_CARD a WHERE a.EC_CODE = #ecCode# AND a.STATE='ENABLED'
			 UNION SELECT 
			COUNT( DISTINCT CASE WHEN a.STATE = 'ENABLED' THEN a.msisdn
			    ELSE NULL END ) AS totalCount,
			COUNT( DISTINCT CASE WHEN  a.LIFE_CYCLE = 'NORMAL' THEN a.msisdn
			    ELSE NULL END ) AS normalCount,
			COUNT( DISTINCT CASE WHEN a.LIFE_CYCLE = 'SILENT' THEN a.msisdn
			    ELSE NULL END ) AS silentCount,
			COUNT( DISTINCT CASE WHEN  a.LIFE_CYCLE = 'STOCK' THEN a.msisdn
			    ELSE NULL END ) AS inventoryCount,
			COUNT( DISTINCT CASE WHEN  a.LIFE_CYCLE = 'PRECLOSE' THEN a.msisdn
			    ELSE NULL END ) AS preCloseCount,
			COUNT( DISTINCT CASE WHEN  a.LIFE_CYCLE = 'STOP' THEN a.msisdn
			    ELSE NULL END ) AS stopCount,
			 COUNT( DISTINCT CASE when  a.LIFE_CYCLE = 'TEST' THEN a.msisdn
			    ELSE NULL END ) AS testCount,
		COUNT( DISTINCT CASE when  a.LIFE_CYCLE = 'FREEZING' THEN a.msisdn
			    ELSE NULL END ) AS freezingCount
			FROM IOV_CARD a WHERE a.EC_CODE = #ecCode# AND a.STATE='ENABLED'
			 UNION SELECT 
			COUNT( DISTINCT CASE WHEN a.STATE = 'ENABLED' THEN a.msisdn
			    ELSE NULL END ) AS totalCount,
			COUNT( DISTINCT CASE WHEN  a.LIFE_CYCLE = 'NORMAL' THEN a.msisdn
			    ELSE NULL END ) AS normalCount,
			COUNT( DISTINCT CASE WHEN a.LIFE_CYCLE = 'SILENT' THEN a.msisdn
			    ELSE NULL END ) AS silentCount,
			COUNT( DISTINCT CASE WHEN  a.LIFE_CYCLE = 'STOCK' THEN a.msisdn
			    ELSE NULL END ) AS inventoryCount,
			COUNT( DISTINCT CASE WHEN  a.LIFE_CYCLE = 'PRECLOSE' THEN a.msisdn
			    ELSE NULL END ) AS preCloseCount,
			COUNT( DISTINCT CASE WHEN  a.LIFE_CYCLE = 'STOP' THEN a.msisdn
			    ELSE NULL END ) AS stopCount,
			 COUNT( DISTINCT CASE when  a.LIFE_CYCLE = 'TEST' THEN a.msisdn
			    ELSE NULL END ) AS testCount,
		COUNT( DISTINCT CASE when  a.LIFE_CYCLE = 'FREEZING' THEN a.msisdn
			    ELSE NULL END ) AS freezingCount
			FROM WLW_CARD a WHERE a.EC_CODE = #ecCode# AND a.STATE='ENABLED'	
			)b
		UNION ALL 
		</isEqual>
		select stat_date as statMonth,
			   total_sim_count as totalCount,
			   normal_sim_count as normalCount,
			   silent_sim_count as silentCount,<!-- unActivateCount -->
			   nvl(STOCK_SIM_COUNT,0) as stockCount,
			   pcancel_sim_count as cancleCount,
			   stop_sim_count as stopCount,
			   test_sim_count as testCount,
       			freezing_sim_count as freezingCount
		from rpt_ec_mem_stat_mm 
			where 1=1 and ec_code = #ecCode# 
			and stat_date<![CDATA[<]]>to_char(sysdate, 'yyyy-MM')
			<isNotEmpty prepend="and" property="startMonth">
				stat_date<![CDATA[>=]]>#startMonth#
			</isNotEmpty>
			<isNotEmpty prepend="and" property="endMonth">
				stat_date<![CDATA[<=]]>#endMonth#
			</isNotEmpty>
			order by statMonth desc
	</sql>
	
	<select id="findCardStateCountMonthByEc1" resultClass="com.lenovo.iotpro3.vo.home.EcMemStatVo" resultSetType="SCROLL_INSENSITIVE">
	<include refid="pageSqlStart"/>
     <!-- select statMonth,
       totalCount,
       monthCancleCount,
       testCount,
       silentCount,
       normalCount,
       stopCount,
       cancleCount
    
    from(
          select to_char(sysdate, 'yyyy-MM') as statMonth,
		       t.ec_membercnt AS totalCount,
		       t.ec_cancel as monthCancleCount, 
		       t.ec_test AS testCount,
		       t.ec_silent AS silentCount,
		       t.ec_normal AS normalCount,
		       t.ec_stop as stopCount,
		       t.ec_preclose as cancleCount
		       t.ec_others as othersCount
		  FROM TMP_MEMBER_CRON_STAT t
		 where t.ec_code = #ecCode#
       UNION      
	   select c.stat_date as  statMonth,
       NVL(c.total_sim_count, 0) as totalCount,
       NVL(c.month_cancel_sim_count, 0) as monthCancleCount,
       NVL(c.test_sim_count, 0) as testCount,
       NVL(c.silent_sim_count, 0) as silentCount,
       NVL(c.normal_sim_count, 0) as normalCount,
       NVL(c.stop_sim_count, 0) as stopCount,
       NVL(c.pcancel_sim_count, 0) as cancleCount
  		from RPT_EC_MEM_STAT_MM c where 1=1
     <isNotEmpty prepend="and" property="ecCode">
			c.ec_code=#ecCode#
		</isNotEmpty>
        and c.stat_date<![CDATA[<]]>to_char(sysdate, 'yyyy-MM')
        )sub where 1=1
		<isNotEmpty prepend="and" property="startMonth">
			statMonth<![CDATA[>=]]>#startMonth#
		</isNotEmpty>
		<isNotEmpty prepend="and" property="endMonth">
			statMonth<![CDATA[<=]]>#endMonth#
		</isNotEmpty>
		order by statMonth desc -->
			<include refid="MemberCount_MonthReport"/>
		<include refid="pageSqlEnd"/>
	</select>
	
	<select id="findCardStateCountMonthByEc1Count"  resultClass="java.lang.Long"
		resultSetType="SCROLL_INSENSITIVE">
		<!-- select count(1) from RPT_EC_MEM_STAT_MM c where 1=1
		 <isNotEmpty prepend="and" property="ecCode">
			c.ec_code=#ecCode#
		</isNotEmpty>
		<isNotEmpty prepend="and" property="startMonth">
			to_date(c.stat_date,'yyyy-mm')<![CDATA[>=]]>to_date(#startMonth#,'yyyy-mm')
		</isNotEmpty>
		<isNotEmpty prepend="and" property="endMonth">
			to_date(c.stat_date,'yyyy-mm')<![CDATA[<=]]>to_date(#endMonth#,'yyyy-mm')
		</isNotEmpty> -->
		SELECT COUNT(1) FROM (<include refid="MemberCount_MonthReport"/>)
	</select>
	
	
	<select id="findCardCountByEcExport" resultClass="com.lenovo.iotpro3.vo.home.EcMemStatDateVo" resultSetType="SCROLL_INSENSITIVE">
		  select c.stat_date as  statDate,
        NVL(c.total_sim_count, 0) as totalCount,
       NVL(c.day_cancel_sim_count, 0) as unActivateCount,
       NVL(c.test_sim_count, 0) as testCount,
       NVL(c.silent_sim_count, 0) as silentCount,
       NVL(c.normal_sim_count, 0) as normalCount,
       NVL(c.stop_sim_count, 0) as stopCount,
       NVL(c.pcancel_sim_count, 0) as cancleCount,
       NVL(c.freezing_sim_count, 0) as freezingCount
  		from RPT_EC_MEM_STAT_DD c where 1=1
     <isNotEmpty prepend="and" property="ecCode">
			c.ec_code=#ecCode#
		</isNotEmpty>
		<isNotEmpty prepend="and" property="startMonth">
			c.stat_date<![CDATA[>]]>#startMonth#
		</isNotEmpty>
		<isNotEmpty prepend="and" property="endMonth">
			c.stat_date<![CDATA[<=]]>#endMonth#
		</isNotEmpty>
		order by statDate desc
	</select>
	
	<select id="findCardCountByEc" resultClass="com.lenovo.iotpro3.vo.home.EcMemStatDateVo" resultSetType="SCROLL_INSENSITIVE">
		<include refid="pageSqlStart"/>
		  select c.stat_date as  statDate,
        NVL(c.total_sim_count, 0) as totalCount,
       NVL(c.day_cancel_sim_count, 0) as unActivateCount,
       NVL(c.test_sim_count, 0) as testCount,
       NVL(c.silent_sim_count, 0) as silentCount,
       NVL(c.normal_sim_count, 0) as normalCount,
       NVL(c.stop_sim_count, 0) as stopCount,
       NVL(c.pcancel_sim_count, 0) as cancleCount,
       NVL(c.freezing_sim_count, 0) as freezingCount
  		from RPT_EC_MEM_STAT_DD c where 1=1
     <isNotEmpty prepend="and" property="ecCode">
			c.ec_code=#ecCode#
		</isNotEmpty>
		<isNotEmpty prepend="and" property="startMonth">
			c.stat_date<![CDATA[>=]]>#startMonth#
		</isNotEmpty>
		<isNotEmpty prepend="and" property="endMonth">
			c.stat_date<![CDATA[<=]]>#endMonth#
		</isNotEmpty>
		order by statDate desc
		<include refid="pageSqlEnd"/>
	</select>
	
	<select id="findCardCountByEcCount"  resultClass="java.lang.Long"
		resultSetType="SCROLL_INSENSITIVE">
		select count(1) from RPT_EC_MEM_STAT_DD c where 1=1
		 <isNotEmpty prepend="and" property="ecCode">
			c.ec_code=#ecCode#
		</isNotEmpty>
		<isNotEmpty prepend="and" property="startMonth">
			c.stat_date<![CDATA[>=]]>#startMonth#
		</isNotEmpty>
		<isNotEmpty prepend="and" property="endMonth">
			c.stat_date<![CDATA[<=]]>#endMonth#
		</isNotEmpty>
	</select>
	
	<!-- 成员业务健康-->
	<select id="findCardStateCountAllByEc" resultClass="com.lenovo.iotpro3.vo.home.EcMemStatDateVo">
	 select nvl((SUBSTR(sum(c.normal_sim_count) / sum(c.total_sim_count), 1, 3)) * 100,0) as normalCount,
           nvl((1 -
            SUBSTR(sum(c.normal_sim_count) / sum(c.total_sim_count), 1, 3)) * 100,0) as testCount,
             nvl( (SUBSTR(sum(c.pcancel_sim_count) / sum(c.total_sim_count), 1, 3)) * 100,0) as cancleCount,
           nvl((1 -
            SUBSTR(sum(c.pcancel_sim_count) / sum(c.total_sim_count), 1, 3)) * 100,0) as silentCount,
              nvl((SUBSTR(sum(c.stop_sim_count) / sum(c.normal_sim_count), 1, 3)) * 100,0) as stopCount,
           nvl((1 -
            SUBSTR(sum(c.stop_sim_count) / sum(c.normal_sim_count), 1, 3)) * 100,0) as unActivateCount
       from RPT_EC_MEM_STAT_MM c
       where 1=1
        <isNotEmpty prepend="and" property="ecCode">
        c.ec_code=#ecCode#
       </isNotEmpty>
       <isNotEmpty prepend="and" property="statDate">
        c.stat_date = #statDate#
       </isNotEmpty>
	</select>
  
  <!-- 成员业务健康月份-->
  <select id="findCardStateCountMonth" resultClass="com.lenovo.iotpro3.vo.home.EcMemStatDateVo">
   select c.stat_date as statDate
       from RPT_EC_MEM_STAT_MM c
       where 1=1
        <isNotEmpty prepend="and" property="ecCode">
        c.ec_code=#ecCode#
       </isNotEmpty>      
  </select>
	
	<!-- 成员业务健康-->
	<select id="findCardStateCountPerByEc" resultClass="com.lenovo.iotpro3.vo.home.EcMemStatDateVo">
	select 
          nvl((SUBSTR(sum(c.normal_sim_count) / sum(c.total_sim_count), 1, 3)) * 100,0) as normalCount,
          nvl((SUBSTR(sum(c.test_sim_count) / sum(c.total_sim_count), 1, 3)) * 100,0) as testCount,
          nvl((SUBSTR(sum(c.pcancel_sim_count) / sum(c.total_sim_count), 1, 3)) * 100,0) as cancleCount,
          nvl((SUBSTR(sum(c.silent_sim_count) / sum(c.total_sim_count), 1, 3)) * 100,0) as silentCount,
          nvl((SUBSTR(sum(c.stop_sim_count) / sum(c.total_sim_count), 1, 3)) * 100,0) as stopCount,
          nvl((SUBSTR(sum(c.freezing_sim_count) / sum(c.total_sim_count), 1, 3)) * 100,0) as freezingCount
     from  RPT_EC_MEM_STAT_MM c
     where 1=1
      <isNotEmpty prepend="and" property="ecCode">
      c.ec_code=#ecCode#
     </isNotEmpty>
     <isNotEmpty prepend="and" property="statDate">
      c.stat_date = #statDate#
     </isNotEmpty>
	</select>
	
	
	<!-- 统计报表按日-->
	<select id="findCardStateCountDayByEc" resultClass="com.lenovo.iotpro3.vo.home.EcMemStatDateVo">
		 select substr(#nowDate6#,9,9) as statDate,
       NVL(c.total_sim_count,0)      as totalCount,
        NVL(c.day_cancel_sim_count,0) as unActivateCount,
       NVL( c.test_sim_count ,0 )     as testCount,
       NVL( c.silent_sim_count,0)     as silentCount,
       NVL(c.normal_sim_count,0)     as normalCount,
       NVL( c.stop_sim_count  ,0 )    as stopCount,
       NVL( c.pcancel_sim_count,0)    as cancleCount,
       NVL(c.freezing_sim_count, 0) as freezingCount
     from  RPT_EC_MEM_STAT_DD c where stat_Date=#nowDate6#
     <isNotEmpty prepend="and" property="ecCode">
			ec_code=#ecCode#
		</isNotEmpty>
     UNION all
       select substr(#nowDate5#,9,9) as statDate,
        NVL(c.total_sim_count,0)      as totalCount,
        NVL(c.day_cancel_sim_count,0) as unActivateCount,
       NVL( c.test_sim_count ,0 )     as testCount,
       NVL( c.silent_sim_count,0)     as silentCount,
       NVL(c.normal_sim_count,0)     as normalCount,
       NVL( c.stop_sim_count  ,0 )    as stopCount,
       NVL( c.pcancel_sim_count,0)    as cancleCount,
       NVL(c.freezing_sim_count, 0) as freezingCount
     from  RPT_EC_MEM_STAT_DD c where stat_Date=#nowDate5#
     <isNotEmpty prepend="and" property="ecCode">
			ec_code=#ecCode#
		</isNotEmpty>
     UNION all
      select substr(#nowDate4#,9,9) as statDate,
         NVL(c.total_sim_count,0)      as totalCount,
        NVL(c.day_cancel_sim_count,0) as unActivateCount,
       NVL( c.test_sim_count ,0 )     as testCount,
       NVL( c.silent_sim_count,0)     as silentCount,
       NVL(c.normal_sim_count,0)     as normalCount,
       NVL( c.stop_sim_count  ,0 )    as stopCount,
       NVL( c.pcancel_sim_count,0)    as cancleCount,
       NVL(c.freezing_sim_count, 0) as freezingCount
     from  RPT_EC_MEM_STAT_DD c where stat_Date=#nowDate4#  
     <isNotEmpty prepend="and" property="ecCode">
			ec_code=#ecCode#
		</isNotEmpty>    
     UNION all
     select substr(#nowDate3#,9,9) as statDate,
         NVL(c.total_sim_count,0)      as totalCount,
        NVL(c.day_cancel_sim_count,0) as unActivateCount,
       NVL( c.test_sim_count ,0 )     as testCount,
       NVL( c.silent_sim_count,0)     as silentCount,
       NVL(c.normal_sim_count,0)     as normalCount,
       NVL( c.stop_sim_count  ,0 )    as stopCount,
       NVL( c.pcancel_sim_count,0)    as cancleCount,
       NVL(c.freezing_sim_count, 0) as freezingCount
     from  RPT_EC_MEM_STAT_DD c where stat_Date=#nowDate3#
     <isNotEmpty prepend="and" property="ecCode">
			ec_code=#ecCode#
		</isNotEmpty>
     UNION all
      select substr(#nowDate2#,9,9) as statDate,
        NVL(c.total_sim_count,0)      as totalCount,
        NVL(c.day_cancel_sim_count,0) as unActivateCount,
       NVL( c.test_sim_count ,0 )     as testCount,
       NVL( c.silent_sim_count,0)     as silentCount,
       NVL(c.normal_sim_count,0)     as normalCount,
       NVL( c.stop_sim_count  ,0 )    as stopCount,
       NVL( c.pcancel_sim_count,0)    as cancleCount,
       NVL(c.freezing_sim_count, 0) as freezingCount
     from  RPT_EC_MEM_STAT_DD c where stat_Date=#nowDate2#
     <isNotEmpty prepend="and" property="ecCode">
			ec_code=#ecCode#
		</isNotEmpty>
      UNION all
     select substr(#nowDate1#,9,9) as statDate,
        NVL(c.total_sim_count,0)      as totalCount,
        NVL(c.day_cancel_sim_count,0) as unActivateCount,
       NVL( c.test_sim_count ,0 )     as testCount,
       NVL( c.silent_sim_count,0)     as silentCount,
       NVL(c.normal_sim_count,0)     as normalCount,
       NVL( c.stop_sim_count  ,0 )    as stopCount,
       NVL( c.pcancel_sim_count,0)    as cancleCount,
       NVL(c.freezing_sim_count, 0) as freezingCount
     from  RPT_EC_MEM_STAT_DD c where stat_Date=#nowDate1#
     <isNotEmpty prepend="and" property="ecCode">
			ec_code=#ecCode#
		</isNotEmpty>
      UNION all
   select substr(#nowDate#,9,9) as statDate,
       NVL(c.total_sim_count,0)      as totalCount,
        NVL(c.day_cancel_sim_count,0) as unActivateCount,
       NVL( c.test_sim_count ,0 )     as testCount,
       NVL( c.silent_sim_count,0)     as silentCount,
       NVL(c.normal_sim_count,0)     as normalCount,
       NVL( c.stop_sim_count  ,0 )    as stopCount,
       NVL( c.pcancel_sim_count,0)    as cancleCount,
       NVL(c.freezing_sim_count, 0) as freezingCount
     from  RPT_EC_MEM_STAT_DD c where stat_Date=#nowDate#
     <isNotEmpty prepend="and" property="ecCode">
			ec_code=#ecCode#
		</isNotEmpty>
	</select>
	
	<!-- 统计日报表按日-->
	<select id="findCardStateCountDayByEc1" resultClass="com.lenovo.iotpro3.vo.home.EcMemStatDateVo">
		 select #nowDate6# as statDate,
       NVL(c.total_sim_count,0)      as totalCount,
        NVL(c.day_cancel_sim_count,0) as unActivateCount,
       NVL(c.test_sim_count,0)     as testCount,
       NVL(c.silent_sim_count,0)     as silentCount,
       NVL(c.normal_sim_count,0)     as normalCount,
       NVL(c.stop_sim_count,0)    as stopCount,
      NVL(c.pcancel_sim_count,0)    as cancleCount,
       NVL(c.freezing_sim_count, 0) as freezingCount
     from  RPT_EC_MEM_STAT_DD c where stat_Date=#nowDate6#
      <isNotEmpty prepend="and" property="ecCode">
			ec_code=#ecCode#
		</isNotEmpty>
     UNION
       select #nowDate5# as statDate,
        NVL(c.total_sim_count,0)      as totalCount,
        NVL(c.day_cancel_sim_count,0) as unActivateCount,
       NVL(c.test_sim_count,0)     as testCount,
       NVL(c.silent_sim_count,0)     as silentCount,
       NVL(c.normal_sim_count,0)     as normalCount,
       NVL(c.stop_sim_count,0)    as stopCount,
      NVL(c.pcancel_sim_count,0)    as cancleCount,
       NVL(c.freezing_sim_count, 0) as freezingCount
     from  RPT_EC_MEM_STAT_DD c where stat_Date=#nowDate5#
      <isNotEmpty prepend="and" property="ecCode">
			ec_code=#ecCode#
		</isNotEmpty>
     UNION
      select #nowDate4# as statDate,
         NVL(c.total_sim_count,0)      as totalCount,
        NVL(c.day_cancel_sim_count,0) as unActivateCount,
       NVL(c.test_sim_count,0)     as testCount,
       NVL(c.silent_sim_count,0)     as silentCount,
       NVL(c.normal_sim_count,0)     as normalCount,
       NVL(c.stop_sim_count,0)    as stopCount,
      NVL(c.pcancel_sim_count,0)    as cancleCount,
       NVL(c.freezing_sim_count, 0) as freezingCount
     from  RPT_EC_MEM_STAT_DD c where stat_Date=#nowDate4#  
      <isNotEmpty prepend="and" property="ecCode">
			ec_code=#ecCode#
		</isNotEmpty>    
     UNION
     select #nowDate3# as statDate,
        NVL(c.total_sim_count,0)      as totalCount,
        NVL(c.day_cancel_sim_count,0) as unActivateCount,
       NVL(c.test_sim_count,0)     as testCount,
       NVL(c.silent_sim_count,0)     as silentCount,
       NVL(c.normal_sim_count,0)     as normalCount,
       NVL(c.stop_sim_count,0)    as stopCount,
      NVL(c.pcancel_sim_count,0)    as cancleCount,
       NVL(c.freezing_sim_count, 0) as freezingCount
     from  RPT_EC_MEM_STAT_DD c where stat_Date=#nowDate3#
      <isNotEmpty prepend="and" property="ecCode">
			ec_code=#ecCode#
		</isNotEmpty>
      UNION
      select #nowDate2# as statDate,
       NVL(c.total_sim_count,0)      as totalCount,
        NVL(c.day_cancel_sim_count,0) as unActivateCount,
       NVL(c.test_sim_count,0)     as testCount,
       NVL(c.silent_sim_count,0)     as silentCount,
       NVL(c.normal_sim_count,0)     as normalCount,
       NVL(c.stop_sim_count,0)    as stopCount,
      NVL(c.pcancel_sim_count,0)    as cancleCount,
       NVL(c.freezing_sim_count, 0) as freezingCount
     from  RPT_EC_MEM_STAT_DD c where stat_Date=#nowDate2#
      <isNotEmpty prepend="and" property="ecCode">
			ec_code=#ecCode#
		</isNotEmpty>
      UNION
     select #nowDate1# as statDate,
       NVL(c.total_sim_count,0)      as totalCount,
        NVL(c.day_cancel_sim_count,0) as unActivateCount,
       NVL(c.test_sim_count,0)     as testCount,
       NVL(c.silent_sim_count,0)     as silentCount,
       NVL(c.normal_sim_count,0)     as normalCount,
       NVL(c.stop_sim_count,0)    as stopCount,
      NVL(c.pcancel_sim_count,0)    as cancleCount,
       NVL(c.freezing_sim_count, 0) as freezingCount
     from  RPT_EC_MEM_STAT_DD c where stat_Date=#nowDate1#
      <isNotEmpty prepend="and" property="ecCode">
			ec_code=#ecCode#
		</isNotEmpty>
      UNION
   select #nowDate# as statDate,
       NVL(c.total_sim_count,0)      as totalCount,
        NVL(c.day_cancel_sim_count,0) as unActivateCount,
       NVL(c.test_sim_count,0)     as testCount,
       NVL(c.silent_sim_count,0)     as silentCount,
       NVL(c.normal_sim_count,0)     as normalCount,
       NVL(c.stop_sim_count,0)    as stopCount,
      NVL(c.pcancel_sim_count,0)    as cancleCount,
       NVL(c.freezing_sim_count, 0) as freezingCount
     from  RPT_EC_MEM_STAT_DD c where stat_Date=#nowDate#
      <isNotEmpty prepend="and" property="ecCode">
			ec_code=#ecCode#
		</isNotEmpty>
	</select>

    <!-- 统计日报表按日，七天时间-->
    <select id="findCardStateCountSevenDayByEc" resultClass="com.lenovo.iotpro3.vo.home.EcMemStatDateVo">

        SELECT
        c.STAT_DATE                     AS statDate,
        NVL(c.total_sim_count, 0)      AS totalCount,
        NVL(c.day_cancel_sim_count, 0) AS unActivateCount,
        NVL(c.test_sim_count, 0)       AS testCount,
        NVL(c.silent_sim_count, 0)     AS silentCount,
        NVL(c.normal_sim_count, 0)     AS normalCount,
        NVL(c.stop_sim_count, 0)       AS stopCount,
        NVL(c.pcancel_sim_count, 0)    AS cancleCount,
       NVL(c.freezing_sim_count, 0) as freezingCount
        FROM RPT_EC_MEM_STAT_DD c
        WHERE
        stat_Date >= to_char(sysdate-7,'yyyy-MM-dd') AND
        stat_Date <![CDATA[ < ]]> to_char(sysdate,'yyyy-MM-dd') AND
        ec_code = #ecCode#
        order by STAT_DATE ASC

    </select>

	
	<!-- 查询未处理告警数 -->
	<select id="alarmSum"  resultClass="java.lang.Long">
		select count(1) from  pre_alarm_list p
        left join pre_alarm_rule r on r.id = p.rule_id
		where p.HANDLE_STATE = '0' and p.RANG_TYPE = 'personnal' and r.PRE_ALARM_NAME is not null
		 <include refid="whereForMainType"/>
			<isNotEmpty prepend="and" property="ecCode">
	           p.ec_code = #ecCode#
	        </isNotEmpty>
	</select>
	
    <!-- 查询告警列表 -->
	<select id="queryPreAlarmList" resultClass="com.lenovo.iotpro.entity.PreAlarmList" resultSetType="SCROLL_INSENSITIVE">
		
		select a.*,
		        (case when a.ruleType = 'PKG'
		              then (case when a.rate = 'FIXED'
		                          then '当物联卡流量使用到'||a.unitValue||'M时'
		                          when a.rate = 'PERCENTAGE'
		                          then '当物联卡流量使用到'||a.unitValue||'%时'
		                          when a.rate = 'STEPSIZE'
		                          then '每当物联卡流量使用'||a.unitValue||'M时'
		                          
		                    end)
		              when a.ruleType = 'MONTH'
		              then (case when a.rate = 'FIXED'
		                          then '物联卡月流量使用到'||a.unitValue||'M时'
		                          when a.rate = 'STEPSIZE'
		                          then '每当物联卡月流量使用'||a.unitValue||'M时'
		                          
		                    end)
		              when a.ruleType = 'DAY'
		              then (case when a.rate = 'FIXED'
		                          then '当物联卡日流量使用到'||a.unitValue||'M时'
		                          when a.ruleType = 'STEPSIZE'
		                          then '每当物联卡日流量使用'||a.unitValue||'M时'
		                          
		                    end)
		              when a.ruleType = 'CYCLE'
		              then (case when a.cycleChg like '%'||0||'%'
		                          then (case when a.cycleChg like '%'||1||'%'
		                                                 then (case when a.cycleChg like '%'||2||'%'
		                                                                        then '测试期变更沉默期  沉默期变更正使用  状态变更为停机'
		                                                                        else '测试期变更沉默期  沉默期变更正使用'
		                                                           end)
		                                                 else '测试期变更沉默期  '
		                                        end)
		                          when a.cycleChg like '%'||1||'%'
		                          then (case when a.cycleChg like '%'||2||'%'
		                                                 then '沉默期变更正使用  状态变更为停机'
		                                                 else '测试期变更沉默期  '
		                                        end)
		                          when a.cycleChg like '%'||2||'%'
		                          then '状态变更为停机'
		                    end)
		              when a.ruleType = 'FUN'
		              then (case when a.funChg like '%'||0||'%'
		                          then (case when a.funChg like '%'||1||'%'
		                                                 then (case when a.funChg like '%'||2||'%'
		                                                                        then (case when a.funChg like '%'||3||'%'
		                                                                                           then '专用APN开关由开变更为关  专用APN开关由关变更为开  通用APN开关由开变更为关  通用APN开关由关变更为开'
		                                                                                           else '专用APN开关由开变更为关  专用APN开关由关变更为开  通用APN开关由开变更为关'
		                                                                                   end)
		                                                                        else '专用APN开关由开变更为关  专用APN开关由关变更为开'
		                                                           end)
		                                                 else '专用APN开关由开变更为关'
		                                        end)
		                          when a.funChg like '%'||1||'%'
		                          then (case when a.funChg like '%'||2||'%'
		                                                 then (case when a.funChg like '%'||3||'%'
		                                                            then '专用APN开关由关变更为开  通用APN开关由开变更为关  通用APN开关由关变更为开'
		                                                            else '专用APN开关由关变更为开  通用APN开关由开变更为关'
		                                                   end)
		                                                else '专用APN开关由关变更为开'
		                                    end)
		                          when a.funChg like '%'||2||'%'
		                          then (case when a.funChg like '%'||3||'%'
		                                                 then '通用APN开关由开变更为关  通用APN开关由关变更为开'
		                                                 else '通用APN开关由开变更为关'
		                                    end)
		                          when a.funChg like '%'||3||'%'
		                          then '通用APN开关由关变更为开'
		                    end)
		              when a.ruleType = 'BOOT'
		              then (case when a.bootChg like '%'||0||'%'
		                          then (case when a.bootChg like '%'||1||'%'
		                                                 then '开机变更为停机  停机变更为开机'
		                                                 else '开机变更为停机'
		                                        end)
		                          when a.bootChg like '%'||1||'%'
		                          then '停机变更为开机   '
		                    end)
		              when a.ruleType = 'CARDTIME'
		              then '当付费套餐到期时间不足'||a.unitValue||'时，触发预警。'
		        
		        end) as preRule
		from(
			select * from
			(
			 select a.*, rownum rn from 
				(
		        select
		                p.id  		AS	id,  				
		                p.ec_code     	AS	ecCode ,    
		                p.msisdn      	AS	msisdn,    
		                to_date(p.warning_time,'yyyy-mm-dd hh24:mi:ss') AS	warningTime,
		                p.rule_id     	AS	ruleId,
		                r.RATE          AS      rate,
		                r.UNIT_VALUE    AS      unitValue,
		                r.RULE_TYPE     AS      ruleType,
		                r.PKG_CHG       AS      pkgChg,
		                r.CYCLE_CHG     AS      cycleChg,
		                r.FUN_CHG       AS      funChg,
		                r.BOOT_CHG      AS      bootChg,
		                r.PRE_ALARM_NAME        AS	preAlarmName,
		                n.ICCID AS iccid
		        from pre_alarm_list p 
		        left join pre_alarm_rule r
		        on r.id = p.rule_id
				left join NUM_ROUTE n
				on n.msisdn=p.msisdn
		        where p.RANG_TYPE = 'personnal' and p.HANDLE_STATE = 0
		        <include refid="whereForMainType"/>
		        <isNotEmpty prepend="and" property="ecCode">
		           p.ec_code = #ecCode#
		        </isNotEmpty>
		        and r.PRE_ALARM_NAME is not null
		     ) a
			 where rownum <![CDATA[<=]]> 1*10
			)
		where rn > (1-1)*10
		)a
		order by a.warningTime desc
	</select>
	
	
	<!-- 停机告警 ，最新两条数据 -->
	<select id="queryAlarmHaltInHome" resultSetType="SCROLL_INSENSITIVE" resultClass="com.lenovo.iotpro3.vo.home.AlarmHaltOrStreamVo">
		  	select b.id id, 
		  	       (select name
				   from pro_dictionary_data
				  where value = b.alarm_type
				    and type_id =
				        (select id from pro_dictionary_type where code = 'ALARM_HALT')) as alarmType,
			       b.content content,
			       b.msisdn msisdn,
			       b.ec_id ecId,
			       to_char(b.alarm_time,'yyyy-MM-dd HH24:mm:ss') alarmTime,
		           b.iccid sim
			    from (select distinct p.id, 
					  		 p.alarm_type,
						     p.content,
						     p.msisdn,
						     p.ec_id,
						     p.alarm_time,
						     u.iccid 
						     from pro_alarm_halt p,M2M_PERSON PARTITION(M2M_PERSON_PARTITION$part$) u where p.msisdn=u.msisdn 
				  <isNotEmpty prepend="and" property="ecId">
			        	p.ec_id=#ecId#
			      </isNotEmpty>
			       order by p.alarm_time desc
				  ) b
				  where rownum <![CDATA[<=]]>2
			     
	  </select>
	  
	  <!-- 流量告警，最新两条数据 -->
	  <select id="queryAlarmStreamInHome" resultSetType="SCROLL_INSENSITIVE" resultClass="com.lenovo.iotpro3.vo.home.AlarmHaltOrStreamVo">
		  	select b.id id, 
		  		   case b.alarm_type
                   when 'PREINSTALL' then
                    '流量预警'
                   when 'DEPLETE' then
                    '流量耗尽'
                   else
                    '流量告警'
                 end as alarmType,
			       b.content content,
			       b.msisdn msisdn,
			       b.ec_id ecId,
			       to_char(b.alarm_time,'yyyy-MM-dd HH24:mm:ss') alarmTime,
			      <!--  b.stream stream,
		           b.run_code runCode, -->
		           b.iccid sim
			    from (select distinct p.id, 
					  		 p.alarm_type,
						     p.content,
						     p.msisdn,
						     p.ec_id,
						     p.alarm_time,
						    <!--  p.stream,
						     u.run_Code, -->
						     u.iccid
			      from pro_alarm_stream p,M2M_PERSON partition (M2M_PERSON_PARTITION$part$) u where p.msisdn=u.msisdn 
			      
			      <isNotEmpty prepend="and" property="ecId">
			        	p.ec_id=#ecId#
			      </isNotEmpty>
			     order by p.alarm_time desc
				  ) b
				  
				   where rownum <![CDATA[<=]]>2
	  </select>
	  
	  <!-- 最新4条有效系统公告 -->
	  <select id="queryIotPlatformNotice" resultSetType="SCROLL_INSENSITIVE" resultClass="com.lenovo.iotpro3.vo.home.IotPlatformNoticeVo">
  		select title,
	       notice_person as noticePerson,
	       to_char(notice_time, 'yyyy-MM-dd') as noticeTime,
	       notice_detail as noticeDetail,
	       to_char(end_time, 'yyyy-MM-dd') as endTime 
  		from iot_platform_notice
		where to_char(end_time, 'yyyy-MM-dd') <![CDATA[ >= ]]>to_char(sysdate, 'yyyy-MM-dd')
		and rownum <![CDATA[ <= ]]> 4
		and (platform='1' or platform='4')<!-- 平台:1企业门户 2运营门户 4企业和运营门户 -->
		order by notice_time desc
	  </select>

	  <select id="queryIotFaultOrder" resultSetType="SCROLL_INSENSITIVE" resultClass="com.lenovo.iotpro3.vo.order.FaultOrderVo">
	  	<include refid="pageSqlStart"/>
			select
				a.id,
	    	a.order_no as orderNo,
	    	a.commit_date AS commitDate,
	    	a.ec_id AS ecId,
	    	a.ec_name AS ecName,
	    	a.area_id AS areaId,
	    	a.area_name AS areaName,
	    	a.customer_level AS customerLevel,
	    	a.order_type AS orderType,
	    	a.order_name AS orderName,
	    	a.fault_type as faultType,
	    	a.fault_time as faultTime,
	    	a.fault_desc as faultDesc,
	    	a.fault_level as faultLevel,
	    	a.attach_ids as attachIds,
	    	a.attach_names as attachNames,
 	    	u.id AS "commitBy.id", 
	    	u.real_name AS "commitBy.realName",
	    	a.cur_node_code as curNodeCode,
	    	a.cur_node_name as curNodeName,
	    	nvl(d.name,a.deal_person_name) as dealPersonName,
	    	a.order_state as orderState,
	    	a.finish_time as finishTime
			from
				F_FAULT_ORDER a left join pro_users u on a.commit_by = u.id
				left join sys_user d on a.deal_person_id = d.id
			where a.commit_by = #commitBy.id#
			order by a.commit_date desc
			<include refid="pageSqlEnd"/>
	  </select>
      
      <select id="queryHomeNotice" resultSetType="SCROLL_INSENSITIVE" resultClass="com.lenovo.iotpro3.vo.home.IotPlatformNoticeVo">
      select 
      id,
      title,
           notice_person as noticePerson,
           to_char(notice_time, 'yyyy-MM-dd') as noticeTime,
           notice_detail as noticeDetail,
           to_char(end_time, 'yyyy-MM-dd') as endTime 
        from iot_platform_notice
        where to_char(end_time, 'yyyy-MM-dd') <![CDATA[ >= ]]>to_char(sysdate, 'yyyy-MM-dd')
        and (platform='1' or platform='4')<!-- 平台:1企业门户 2运营门户 4企业和运营门户 -->
        and ISFORCE=1
        order by notice_time desc      
      
      </select>
      <select id="userNoticeShow"  resultClass="java.lang.Integer">
          select count(1) from USER_NOTICE_INFO
          where user_id=#userId#
          and notice_id=#noticeId#     
      </select>
      
      <insert id="userNoticeInsert">
          insert into USER_NOTICE_INFO(user_id,notice_id,show)
          values(#userId#,#noticeId#,#show#)
      </insert>
      
      
      <select id="isIov"  resultClass="java.lang.Long">
          select count(1) from ENTERPRISE_CUSTOMER
          where ec_code = #ecCode#  
          and APPLY_ID = '1' 
      </select>
      
      
      <select id="querySatisfiedSurvey" resultSetType="SCROLL_INSENSITIVE" resultClass="com.lenovo.iotpro3.vo.home.SatisfiedSurvey">
		select id,
		       ec_code ecCode,
		       login_name loginName,
		       user_role userRole,
		       opt_date optDate,
		       q1_score q1Score,
		       q1_remark q1Remark,
		       q2_score q2Score,
		       q2_remark q2Remark,
		       q3_score q3Score,
		       q3_remark q3Remark,
		       q4_score q4Score,
		       q4_remark q4Remark,
		       q5_score q5Score,
		       q5_remark q5Remark,
		       q6_score q6Score,
		       q6_remark q6Remark,
		       q7_score q7Score,
		       q7_remark q7Remark,
		       q8_type q8Type,
		       q9_type q9Type,
		       q10_score q10Score,
		       q10_remark q10Remark,
		       q11_score q11Score,
		       q11_remark q11Remark,
		       q12_score q12Score,
		       q12_remark q12Remark,
		       q13_type q13Type,
		       q13_remark q13Remark,
		       q14_type q14Type,
		       q14_remark q14Remark,
		       other_remark otherRemark,
		       is_feedback isFeedback,
		       is_remind isRemind,
		       year,
		       batch,
			   total_score totalScore,
			   is_remark isRemark,
		       create_date createDate
		  from satisfied_survey
		  where 1=1
	      <isNotEmpty prepend="and" property="id">
	        	id=#id#
	      </isNotEmpty>		  
	      <isNotEmpty prepend="and" property="ecCode">
	        	ec_code=#ecCode#
	      </isNotEmpty>
	      <isNotEmpty prepend="and" property="loginName">
	        	login_name=#loginName#
	      </isNotEmpty>	      
	      <isNotEmpty prepend="and" property="isFeedback">
	        	is_feedback=#isFeedback#
	      </isNotEmpty>  
	      <isNotEmpty prepend="and" property="isRemind">
	        	is_remind=#isRemind#
	      </isNotEmpty>  
	      <isNotEmpty prepend="and" property="beginDate">
	        	create_date  <![CDATA[ >= ]]>  to_date(#beginDate#,'yyyy-mm-dd')
	      </isNotEmpty>  	      
	      <isNotEmpty prepend="and" property="endDate">
	        	create_date  <![CDATA[ < ]]>  to_date(#endDate#,'yyyy-mm-dd') + 1
	      </isNotEmpty>  		      
	          order by  create_date desc 
      </select>
      
      <insert id="insertSatisfiedSurvey">
		insert into satisfied_survey
		  (id, ec_code, login_name, user_role, opt_date, 
		  q1_score, q1_remark, q2_score, q2_remark, 
		  q3_score, q3_remark, q4_score, q4_remark, 
		  q5_score, q5_remark, q6_score, q6_remark, 
		  q7_score, q7_remark, q8_type, q9_type, q10_score, 
		  q10_remark, q11_score, q11_remark, q12_score, 
		  q12_remark, q13_type, q13_remark, q14_type, 
		  q14_remark, other_remark, is_feedback, is_remind, create_date,
		  year, batch, total_score, is_remark)
		values
		  (#id#, #ecCode#, #loginName#, #userRole#,
		   #optDate#, #q1Score#, #q1Remark#, 
		   #q2Score#, #q2Remark#, #q3Score#, 
		   #q3Remark#, #q4Score#, #q4Remark#, 
		   #q5Score#, #q5Remark#, #q6Score#, 
		   #q6Remark#, #q7Score#, #q7Remark#, 
		   #q8Type#, #q9Type#, #q10Score#, 
		   #q10Remark#, #q11Score#, #q11Remark#, 
		   #q12Score#, #q12Remark#, #q13Type#, 
		   #q13Remark#, #q14Type#, #q14Remark#,
		   #otherRemark#, #isFeedback#, 
		   #isRemind#, #createDate#,#year#,
		   #batch#, #totalScore#, #isRemark#)
      </insert>
      
    <update id="updateSatisfiedSurvey" parameterClass="com.lenovo.iotpro3.vo.home.SatisfiedSurvey">
		update satisfied_survey
		   set	
		   	   ec_code = #ecCode#,
		       login_name = #loginName#,
		       user_role = #userRole#,
		       opt_date = #optDate#,
		       q1_score = #q1Score#,
		       q1_remark = #q1Remark#,
		       q2_score = #q2Score#,
		       q2_remark = #q2Remark#,
		       q3_score = #q3Score#,
		       q3_remark = #q3Remark#,
		       q4_score = #q4Score#,
		       q4_remark = #q4Remark#,
		       q5_score = #q5Score#,
		       q5_remark = #q5Remark#,
		       q6_score = #q6Score#,
		       q6_remark = #q6Remark#,
		       q7_score = #q7Score#,
		       q7_remark = #q7Remark#,
		       q8_type = #q8Type#,
		       q9_type = #q9Type#,
		       q10_score = #q10Score#,
		       q10_remark = #q10Remark#,
		       q11_score = #q11Score#,
		       q11_remark = #q11Remark#,
		       q12_score = #q12Score#,
		       q12_remark = #q12Remark#,
		       q13_type = #q13Type#,
		       q13_remark = #q13Remark#,
		       q14_type = #q14Type#,
		       q14_remark = #q14Remark#,
		       other_remark = #otherRemark#,
		       is_feedback = #isFeedback#,
		       is_remind = #isRemind#,
		       total_score = #totalScore#,
		       is_remark = #isRemark#
		 where id = #id#    
    </update>
      
	<update id="updateSatisfiedSurveyByIsRemind">
		update satisfied_survey
			   set	
			       is_remind = #isRemind# 
		 where id = #id# 
	</update> 


	<select id="queryDicSatisfiedSurvey" resultClass="com.lenovo.iotpro.entity.DictionaryData">
		select 
			  t.value as value,
			  t.label as name 
		from SYS_DICT t 
		where t.type = 'satisfied_survey' 
		and t.del_flag = '0'
	</select>
			 
     <select id="querySatisfiedConfig" resultSetType="SCROLL_INSENSITIVE" resultClass="com.lenovo.iotpro3.vo.home.SatisfiedConfig">
		select 
			to_char(m.start_time,'yyyy-mm-dd') startTime,
			to_char(m.end_time,'yyyy-mm-dd') endTime, 
			m.batch,
			m.remind
		 from satisfied_config m
		  where  m.start_time <![CDATA[ <= ]]> sysdate
			 and m.end_time + 1  <![CDATA[ > ]]> sysdate
			order by m.id desc      
      </select>
      			 
			 
			 
</sqlMap>