<?xml version="1.0" encoding="UTF-8"?>

<!DOCTYPE sqlMap
 PUBLIC "-//ibatis.apache.org//DTD SQL Map 2.0//EN"
 "http://ibatis.apache.org/dtd/sql-map-2.dtd">

<sqlMap>
	
	<!-- 分表分库查询上网功能策略-->
	<sql id="findApnInfoByTables">
		<isNotEmpty property="mainType">
			<isEqual property="mainType" compareValue="0"><!-- 全部产品 -->
				 m2m_apn_info
			</isEqual>
			<isEqual property="mainType" compareValue="1"><!-- 车联网主体产品 -->
				IOV_CONNECT_INFO
			</isEqual>
			<isEqual property="mainType" compareValue="2"><!-- 机器卡主体产品 -->
				 MAC_CONNECT_INFO
			</isEqual>
			
			<isEqual property="mainType" compareValue="3"><!-- NB-IOT主体产品 -->
				 NB_CONNECT_INFO
			</isEqual>
			<isEqual property="mainType" compareValue="4"><!-- 和对讲主体产品HDJ -->
				 WLW_CONNECT_INFO 
			</isEqual>
			<isEqual property="mainType" compareValue="6"><!-- 9105 -->
				 SELECT APN_NAME FROM PRI_PKG_9105 WHERE EC_CODE = #ecCode# GROUP BY APN_NAME
				UNION
				SELECT APN_NAME FROM FUNC_PKG_9105 WHERE EC_CODE = #ecCode# GROUP BY APN_NAME
				UNION
				SELECT APN_NAME FROM OTH_PKG_9105 WHERE EC_CODE = #ecCode# GROUP BY APN_NAME
			</isEqual>
		</isNotEmpty>	
		<isEmpty property="mainType">
				 m2m_apn_info
		</isEmpty>
	</sql>
	
	<!-- 分表分库查询成员表-->
	<sql id="findCardInfoByTables">
		<isNotEmpty property="mainType">
			<isEqual property="mainType" compareValue="0"><!-- 全部产品 -->
				M2M_PERSON partition(M2M_PERSON_PARTITION$part$)
			</isEqual>
			<isEqual property="mainType" compareValue="1"><!-- 车联网主体产品 -->
				 IOV_CARD
			</isEqual>
			<isEqual property="mainType" compareValue="2"><!-- 机器卡主体产品 -->
				 MAC_CARD
			</isEqual>
			
			<isEqual property="mainType" compareValue="3"><!-- NB-IOT主体产品 -->
				 NB_CARD
			</isEqual>
			<isEqual property="mainType" compareValue="4"><!-- 和对讲主体产品HDJ -->
				WLW_CARD
			</isEqual>
			<isEqual property="mainType" compareValue="6"><!-- 9105 -->
				 CARD_9105
			</isEqual>
		</isNotEmpty>
		<isEmpty property="mainType">
				M2M_PERSON partition(M2M_PERSON_PARTITION$part$)
		</isEmpty>
	</sql>
	
	
	
	<!-- 车联网-流量白名单状态管理基础信息 -->
	<select id="findServiceList" resultClass="com.lenovo.iovpro.entity.flowManager.FlowWhiteEntity">
		<include refid="pageSqlStart" />
		select 	a.msisdn,
				a.iccid,
                IOT_AES_CRYPT(a.msisdn, 1) as encryptData,
				a.iov_msg as iovMsg,
				a.remark,
				b.subsprodid as subsprodId,
				c.property_name as propertyName,
				c.property_value as serviceCode,
				b.apn_name as apnName 
		from 
			<include refid="findApnInfoByTables" /> b
		left join 
			<include refid="findCardInfoByTables" /> a 
		on a.msisdn = b.msisdn
		left join M2M_STRATEGYPROPERTY c on b.msisdn=c.msisdn and c.subsprodid=b.subsprodid
		where c.property_name like 'ServiceCode%' and b.state = 'ENABLED'
		and a.STATE = 'ENABLED'
		<isNotEmpty property="ecCode">
		 	and	a.ec_code = #ecCode# 
		 	and exists(select 1 from STRATEGY_LIST s where s.pcrf_service_code = c.property_value and s.ec_code =#ecCode#)
		 </isNotEmpty>
		 <isNotEmpty property="apnName">
		 	and	b.apn_name = #apnName# 
		 </isNotEmpty>
		  <isNotEmpty property="msisdn">
		 	and	(a.msisdn like '%'||#msisdn#||'%' 
		 		or a.ICCID like '%'||#msisdn#||'%' 
		 		or a.IMEI like '%'||#msisdn#||'%' 
		 		or a.IMSI like '%'||#msisdn#||'%' 
		 		)
		 </isNotEmpty>
		 <isNotEmpty property="iovMsg">
		 	and	a.iov_msg like '%'||#iovMsg#||'%' 
		 </isNotEmpty>
		 <isNotEmpty property="remark">
		 	and	a.remark like '%'||#remark#||'%' 
		 </isNotEmpty>
		 <isNotEmpty property="serviceName">
		 	and c.property_value in (select pcrf_service_code from STRATEGY_LIST where service_name like '%'||#serviceName#||'%')
		 </isNotEmpty>
		 <isNotEmpty property="serviceId">
		 	and c.property_value in (select pcrf_service_code from STRATEGY_LIST where service_code like '%'||#serviceId#||'%')
		 </isNotEmpty>
		 <include refid="pageSqlEnd" />
	</select>
	
	<select id="findServiceListCount" resultClass="java.lang.Long">
		select 	
			count(a.msisdn)
		from 
			<include refid="findApnInfoByTables" /> b
		left join 
			<include refid="findCardInfoByTables" /> a 
		on a.msisdn = b.msisdn
		left join M2M_STRATEGYPROPERTY c on b.msisdn=c.msisdn and c.subsprodid=b.subsprodid
		where c.property_name like 'ServiceCode%' and b.state = 'ENABLED'
		and a.STATE = 'ENABLED'
		<isNotEmpty property="ecCode">
		 	and	a.ec_code = #ecCode# 
		 	and exists(select 1 from STRATEGY_LIST s where s.pcrf_service_code = c.property_value and s.ec_code =#ecCode#)
		</isNotEmpty>
		<isNotEmpty property="apnName">
		 	and	b.apn_name = #apnName# 
		 </isNotEmpty>
		 <isNotEmpty property="msisdn">
		 	and	(a.msisdn like '%'||#msisdn#||'%' 
		 		or a.ICCID like '%'||#msisdn#||'%' 
		 		or a.IMEI like '%'||#msisdn#||'%' 
		 		or a.IMSI like '%'||#msisdn#||'%' 
		 		)
		 </isNotEmpty>
		 <isNotEmpty property="iovMsg">
		 	and	a.iov_msg like '%'||#iovMsg#||'%' 
		 </isNotEmpty>
		 <isNotEmpty property="remark">
		 	and	a.remark like '%'||#remark#||'%' 
		 </isNotEmpty>
		 <isNotEmpty property="serviceName">
		 	and c.property_value in (select pcrf_service_code from STRATEGY_LIST where service_name like '%'||#serviceName#||'%')
		 </isNotEmpty>
		 <isNotEmpty property="serviceId">
		 	and c.property_value in (select pcrf_service_code from STRATEGY_LIST where service_code like '%'||#serviceId#||'%')
		 </isNotEmpty>
		 
	</select>
	
	<!-- 根据serviceCode查询serviceId and name -->
	<select id="findServiceIdAndName" resultClass="com.lenovo.iovpro.entity.flowManager.FlowWhiteEntity">
		select  s.service_code as serviceId,
				s.service_name as serviceName 
		from  STRATEGY_LIST s 
		where s.pcrf_service_code=#serviceCode#
		<isNotEmpty property="ecCode">
		 	and	s.ec_code = #ecCode# 
		</isNotEmpty>
		and rownum = 1
	</select>
	
	<!-- 查询策略状态 -->
	<select id="findServiceState" resultClass="java.lang.String">
		select PROPERTY_VALUE from M2M_STRATEGYPROPERTY 
		where 1=1
		<isNotEmpty property="msisdn">
		 	and	msisdn = #msisdn# 
		 </isNotEmpty>
		 <isNotEmpty property="subsprodId">
		 	and	SUBSPRODID = #subsprodId# 
		 </isNotEmpty>
		 <isNotEmpty property="propertyName">
		 	and	PROPERTY_NAME = #propertyName# 
		 </isNotEmpty>
		and rownum = 1
	</select>
	
	<!-- 查询企业的策略配置 -->
	<select id="findServiceStrategy" resultClass="com.lenovo.iovpro.entity.flowManager.FlowWhiteEntity">
		<include refid="pageSqlStart" />
		select 	APN_NAME as apnName,
				SERVICE_NAME as serviceName,
				SERVICE_CODE as serviceId,
				PCRF_SERVICE_CODE as serviceCode,
				URL,
				to_char(START_DATE,'yyyy-MM-dd HH24:mi:ss') as openDate 
		from STRATEGY_LIST
		where 1=1
		<isNotEmpty property="url">
		 	and	URL like '%'||#url#||'%' 
		 </isNotEmpty>
		<isNotEmpty property="ecCode">
		 	and	EC_CODE = #ecCode# 
		 </isNotEmpty>
		 <isNotEmpty property="apnName">
		 	and	APN_NAME = #apnName# 
		 </isNotEmpty>
		 <isNotEmpty property="serviceName">
		 	and	SERVICE_NAME like '%'||#serviceName#||'%' 
		 </isNotEmpty>
		 <isNotEmpty property="serviceId">
		 	and	SERVICE_CODE like '%'||#serviceId#||'%' 
		 </isNotEmpty>
		 <isNotEmpty property="openDateStart">
		 	and	to_char(START_DATE,'yyyy-MM-dd')  <![CDATA[ >= ]]> #openDateStart#
		 </isNotEmpty>
		 <isNotEmpty property="openDateEnd">
		 	and	to_char(START_DATE,'yyyy-MM-dd')  <![CDATA[ <= ]]> #openDateEnd#
		 </isNotEmpty>
		 <include refid="pageSqlEnd" />
	</select>
	
	<!-- 查询企业的策略配置Count -->
	<select id="findServiceStrategyCount" resultClass="java.lang.Long">
		select 	count(1)
		from STRATEGY_LIST
		where 1=1
		<isNotEmpty property="url">
		 	and	URL like '%'||#url#||'%' 
		 </isNotEmpty>
		<isNotEmpty property="apnName">
		 	and	APN_NAME = #apnName# 
		 </isNotEmpty>
		<isNotEmpty property="ecCode">
		 	and	EC_CODE = #ecCode# 
		 </isNotEmpty>
		 <isNotEmpty property="serviceName">
		 	and	SERVICE_NAME like '%'||#serviceName#||'%' 
		 </isNotEmpty>
		 <isNotEmpty property="serviceId">
		 	and	SERVICE_CODE like '%'||#serviceId#||'%' 
		 </isNotEmpty>
		 <isNotEmpty property="openDateStart">
		 	and	to_char(START_DATE,'yyyy-MM-dd')  <![CDATA[ >= ]]> #openDateStart#
		 </isNotEmpty>
		 <isNotEmpty property="openDateEnd">
		 	and	to_char(START_DATE,'yyyy-MM-dd')  <![CDATA[ <= ]]> #openDateEnd#
		 </isNotEmpty>
	</select>
	
	
	
	
	
</sqlMap>