<?xml version="1.0" encoding="UTF-8"?>

<!DOCTYPE sqlMap
 PUBLIC "-//ibatis.apache.org//DTD SQL Map 2.0//EN"
 "http://ibatis.apache.org/dtd/sql-map-2.dtd">

<sqlMap namespace="iovFlowPool">

	<sql id="queryMainProd_Sql3">
		<isNotEmpty prepend="and" property="mainType">
			<isEqual property="mainType" compareValue="1"><!-- 车联网主体产品 -->
				mp.msisdn in (
				select MSISDN from m2m_person where MAIN_PROD_CODE in
				('AppendAttr.I00010800001','I00010800001')
				and STATE = 'ENABLED'
				<isNotEmpty prepend="and" property="ecCode">
					ec_code = #ecCode#
				</isNotEmpty>
				)
			</isEqual>
			<isEqual property="mainType" compareValue="2"><!-- 机器卡主体产品 -->
				mp.msisdn in (
				select MSISDN from m2m_person where MAIN_PROD_CODE in
				('AppendAttr.I00010300001','I00010300001')
				and STATE = 'ENABLED'
				<isNotEmpty prepend="and" property="ecCode">
					ec_code = #ecCode#
				</isNotEmpty>
				)
			</isEqual>
			<isEqual property="mainType" compareValue="3"><!-- NB-IOT主体产品 -->
				mp.msisdn in (
				select MSISDN from m2m_person where MAIN_PROD_CODE in
				('AppendAttr.I00011200001','I00011200001')
				and STATE = 'ENABLED'
				<isNotEmpty prepend="and" property="ecCode">
					ec_code = #ecCode#
				</isNotEmpty>
				)
			</isEqual>
			<isEqual property="mainType" compareValue="4"><!-- 和对讲 -->
				mp.msisdn in (
				select MSISDN from m2m_person where MAIN_PROD_CODE in
				('AppendAttr.I00011000001','I00011000001')
				and STATE = 'ENABLED'
				<isNotEmpty prepend="and" property="ecCode">
					ec_code = #ecCode#
				</isNotEmpty>
				)
			</isEqual>
			<isEqual property="mainType" compareValue="5"><!-- 行车卫士 -->
				mp.msisdn in (
				select MSISDN from m2m_person where MAIN_PROD_CODE in
				('AppendAttr.I00011000001','I00011000001')
				and STATE = 'ENABLED'
				<isNotEmpty prepend="and" property="ecCode">
					ec_code = #ecCode#
				</isNotEmpty>
				)
			</isEqual>
			<isEqual property="mainType" compareValue="6"><!-- 9105 -->
				mp.msisdn in (
				select MSISDN from m2m_person where MAIN_PROD_CODE in
				('AppendAttr.9105','9105')
				and STATE = 'ENABLED'
				<isNotEmpty prepend="and" property="ecCode">
					ec_code = #ecCode#
				</isNotEmpty>
				)
			</isEqual>
		</isNotEmpty>
	</sql>


	<select id="queryFlowPoolByEc" resultClass="com.lenovo.iovpro.vo.flowManage.FlowPoolVo">

		select distinct t.product_code as prdCode from pro_member_optional_pkg t
		where t.ec_code = #ecCode# 
		and t.package_code in ('I00010300045','I00010300046','I00010300048', 'I00010111843', 'I00010111844')
		and t.state = 'ENABLED'
		and t.start_date <![CDATA[<=]]> sysdate and t.end_date <![CDATA[>]]> sysdate

		<!-- select fm.product_code as prdCode
		from FLUX_POOL_MEM fm,
		<include refid="findMsisdnByTablePartion" />
		mp
		where
		fm.msisdn = mp.msisdn
		and mp.state='ENABLED'
		and fm.EFF_TYPE=0
		and (fm.POOL_PACKAGE ='I00010300045'or fm.POOL_PACKAGE ='I00010300046' or
		fm.POOL_PACKAGE ='I00010300048')
		<isNotEmpty prepend="and" property="ecCode">
			fm.ec_code = #ecCode#
		</isNotEmpty>
		<isNotEmpty prepend="and" property="rightType"> <isEqual property="rightType" 
			compareValue="2">0：超级管理员 1：企业管理员 2：部门管理员 fm.msisdn in (select msisdn from 
			pro_asset where dept_id in (<include refid="findDeptIdsByUserRights"/>)) 
			</isEqual> </isNotEmpty>
		group by fm.product_code -->
	</select>

	<select id="queryFlowPoolDetailByEc" resultClass="com.lenovo.iovpro.vo.flowManage.FlowPoolVo">

		select
		fm.product_code as prdCode,
		max(fm.PACKAGE_CHANNEL) as channel,
		count(fm.msisdn) as memCount
		from
		FLUX_POOL_MEM fm,
		<include refid="findMsisdnByTablePartion" />
		mp
		where
		fm.msisdn = mp.msisdn
		and mp.state='ENABLED'
		and fm.EFF_TYPE=0
		and fm.POOL_PACKAGE in ('I00010300045','I00010300046','I00010300048', 'I00010111843', 'I00010111844')
		<!-- <isNotEmpty prepend="and" property="rightType"> <isEqual property="rightType" 
			compareValue="2">0：超级管理员 1：企业管理员 2：部门管理员 fm.msisdn in (select msisdn from 
			pro_asset where dept_id in (<include refid="findDeptIdsByUserRights"/>)) 
			</isEqual> </isNotEmpty> -->
		<isNotEmpty prepend="and" property="ecCode">
			fm.ec_code = #ecCode#
		</isNotEmpty>
		<isNotEmpty prepend="and" property="prdCode">
			fm.product_code = #prdCode#
		</isNotEmpty>
		group by fm.product_code
	</select>

	<select id="findPoolApnByInfo" resultClass="String">

		SELECT
		MP.APN_NAME apn_name
		FROM
		<include refid="queryAPNTableName" />
		MP
		WHERE 1=1  <!--and MP.START_TIME <![CDATA[<= ]]>SYSDATE -->
		<!-- AND MP.END_TIME >= SYSDATE -->
		AND MP.STATE = 'ENABLED'
		and MP.APN_NAME is not null
		and rownum=1
		and mp.msisdn=(
		select fpms.msisdn from FLUX_POOL_MEM fpms
		where fpms.EFF_TYPE=0
		<isNotEmpty prepend="and" property="prdCode">
			 fpms.product_code=#prdCode#
		</isNotEmpty>

		and fpms.ec_code = #ecCode#
		and rownum=1
		)
		<isEqual property="channel" compareValue="2">
			and mp.package_code in('I00010100035','I00010100085')
		</isEqual>
		<isEqual property="channel" compareValue="1">
			and mp.package_code in('I00010100092','I00010100093')
		</isEqual>


	</select>

	<select id="queryFlowPoolMember" resultClass="com.lenovo.iovpro.vo.flowManage.FlowPoolMsisdnVo">
		select
		sub.msisdn,sub.effDate startDate ,sub.prdCode,
		(case sub.runCode
		when 'TEST' then
		'测试期'
		when 'SILENT' then
		'沉默期'
		when 'STOCK' then
		'库存期'
		when 'NORMAL' then
		'正使用'
		when 'STOP' then
		'停机'
		when 'PRECLOSE' then
		'预约销户'
		when 'CANCEL' then
		'销户'
		when 'OTHERS' then
		'其他'
		else
		'-'
		end) as runCode

		from(
		<include refid="pageSqlStart" />
		select
		distinct(fm.msisdn),fm.EFF_DATE effDate,fm.product_code prdCode,mp.life_cycle runCode
		from
		FLUX_POOL_MEM fm,
		<include refid="findMsisdnByTablePartion" />
		mp
		where
		fm.msisdn = mp.msisdn
		and mp.state='ENABLED'
		and fm.EFF_TYPE=0
		and fm.POOL_PACKAGE in ('I00010300045','I00010300046','I00010300048', 'I00010111843', 'I00010111844')
		<include refid="queryMainProd_Sql3" />
		<isNotEmpty prepend="and" property="ecCode">
			fm.ec_code = #ecCode#
		</isNotEmpty>
		<isNotEmpty prepend="and" property="prdCode">
			fm.product_code = #prdCode#
		</isNotEmpty>
		<isNotEmpty prepend="and" property="msisdn">
			fm.msisdn = #msisdn#
		</isNotEmpty>
		order by fm.msisdn
		<include refid="pageSqlEnd" />
		)sub
	</select>


	<select id="queryFlowPoolMemberCount" resultClass="java.lang.Long">

		select
		count(fm.msisdn)
		from
		FLUX_POOL_MEM fm,
		<include refid="findMsisdnByTablePartion" />
		mp
		where
		fm.msisdn = mp.msisdn
		and mp.state='ENABLED'
		and fm.EFF_TYPE=0
		and fm.POOL_PACKAGE in ('I00010300045','I00010300046','I00010300048', 'I00010111843', 'I00010111844')
		<include refid="queryMainProd_Sql3" />
		<isNotEmpty prepend="and" property="ecCode">
			fm.ec_code = #ecCode#
		</isNotEmpty>
		<isNotEmpty prepend="and" property="prdCode">
			fm.product_code = #prdCode#
		</isNotEmpty>
		<isNotEmpty prepend="and" property="msisdn">
			fm.msisdn = #msisdn#
		</isNotEmpty>
	</select>

</sqlMap>