<?xml version="1.0" encoding="UTF-8"?>
<!DOCTYPE mapper PUBLIC "-//mybatis.org//DTD Mapper 3.0//EN" "http://mybatis.org/dtd/mybatis-3-mapper.dtd">
<mapper namespace="com.hvgroup.modules.sys.dao.AstTaskDao">


    <insert id="insert" parameterType="com.hvgroup.modules.sys.entity.AstTask">
    insert into AST_TASK ( ID,TASK_APPLICATION, TASK_HANDLER,
		TASK_PARAMS, CREATE_DATE,
		EXECUTE_DATE, STEP)
		values ( S_AST_TASK.NEXTVAL, #{taskApplication}, #{taskHandler},
		#{taskParams}, sysdate,
		sysdate,#{step})
	</insert>
	
	<insert id="insertHist" parameterType="com.hvgroup.modules.sys.entity.AstTask">
    <!-- insert into AST_TASK ( ID,TASK_APPLICATION, TASK_HANDLER,
		TASK_PARAMS, CREATE_DATE,
		EXECUTE_DATE, STEP)
		values ( S_AST_TASK.NEXTVAL, #{taskApplication}, #{taskHandler},
		#{taskParams}, #{createDate},
		#{executeDate},#{step}) -->
	insert into ast_hist_task (id,task_application,task_handler,task_params,create_date,execute_date,step,state,org_id)
		select S_AST_HIST_TASK.Nextval,task_application,task_handler,task_params,create_date,execute_date,step,'success',id 
		from ast_task 
	where task_handler = #{taskHandler}
	and task_params = #{taskParams}
	and task_application = #{taskApplication}	
	
	</insert>
	

    <select id="findList" resultType="AstTask">
        SELECT
        *
        FROM AST_TASK
        where 1=1
        <if test="id != null and id != ''">
            AND id = #{id}
        </if>
        <if test="taskApplication != null and taskApplication != ''">
            AND TASK_APPLICATION like '%'||#{taskApplication}||'%'
        </if>
        <if test="taskHandler != null and taskHandler != ''">
            AND TASK_HANDLER like '%'||#{taskHandler}||'%'
        </if>
        <if test="taskParams != null and taskParams != ''">
            AND TASK_PARAMS like '%'||#{taskParams}||'%'
        </if>
        <if test="retryCount != null and retryCount != ''">
            AND RETRY_COUNT = #{retryCount}
        </if>
        <if test="reason != null and reason != ''">
            AND REASON like '%'||#{reason}||'%'
        </if>
        <if test="step != null and step != ''">
            AND STEP like '%'||#{step}||'%'
        </if>
        order by CREATE_DATE desc
    </select>
    
    <select id="findHistList"  resultType="AstTask">
        SELECT
        *
        FROM ast_hist_task
        where 1=1
        <if test="id != null and id != ''">
            AND id = #{id}
        </if>
        <if test="taskApplication != null and taskApplication != ''">
            AND TASK_APPLICATION like '%'||#{taskApplication}||'%'
        </if>
        <if test="taskHandler != null and taskHandler != ''">
            AND TASK_HANDLER like '%'||#{taskHandler}||'%'
        </if>
        <if test="taskParams != null and taskParams != ''">
            AND TASK_PARAMS like '%'||#{taskParams}||'%'
        </if>
        <if test="retryCount != null and retryCount != ''">
            AND RETRY_COUNT = #{retryCount}
        </if>
        <if test="reason != null and reason != ''">
            AND REASON like '%'||#{reason}||'%'
        </if>
        <if test="state != null and state != ''">
            AND STATE like '%'||#{state}||'%'
        </if>
        <if test="step != null and step != ''">
            AND STEP like '%'||#{step}||'%'
        </if>
        <if test="createDate != null and createDate != ''">
            AND to_char(CREATE_DATE,'YYYY-mm-DD') = to_char(#{createDate},'YYYY-mm-DD')
        </if>
        order by CREATE_DATE desc
    </select>
    
    <select id="findHistGroup"  resultType="AstTask">
        SELECT ID,TASK_APPLICATION,TASK_HANDLER,TASK_PARAMS
		FROM ast_hist_task
		WHERE 1 = 1
        <if test="taskApplication != null and taskApplication != ''">
            AND TASK_APPLICATION = #{taskApplication}
        </if>
        <if test="taskHandler != null and taskHandler != ''">
            AND TASK_HANDLER = #{taskHandler}
        </if>
        <if test="createDate != null and createDate != ''">
            AND to_char(CREATE_DATE,'YYYY-mm-DD') = to_char(#{createDate},'YYYY-mm-DD')
        </if>
        <!-- GROUP BY
		    TASK_APPLICATION,TASK_HANDLER -->
    </select>
    
    <select id="findMailList" resultType="com.hvgroup.modules.sys.entity.AstTaskVoMail">
        SELECT
        *
        FROM ast_mail_task
        where 1=1
        <if test="id != null and id != ''">
            AND id = #{id}
        </if>
        <if test="taskApplication != null and taskApplication != ''">
            AND TASK_APPLICATION like '%'||#{taskApplication}||'%'
        </if>
        <if test="taskHandler != null and taskHandler != ''">
            AND TASK_HANDLER like '%'||#{taskHandler}||'%'
        </if>
        <if test="period != null and period != ''">
            AND PERIOD = #{period}
        </if>
        <if test="createDate != null and createDate != ''">
			AND to_char(CREATE_DATE,'YYYY-mm-DD') = to_char(#{createDate},'YYYY-mm-DD')
        </if>
        order by CREATE_DATE desc
    </select>
    
    <insert id="insertMail" parameterType="com.hvgroup.modules.sys.entity.AstTaskVoMail">
		insert into ast_mail_task (
			id,
			task_application,
			task_handler,
			mail,
			state,
			period,
			create_date
		)values(
			S_AST_TASK.NEXTVAL,
			#{taskApplication},
			#{taskHandler},
			#{mail},
			#{state},
			#{period},
			sysdate
		)
	</insert>
    
    <update id="updateMail">
		update ast_mail_task set
	        TASK_APPLICATION = #{taskApplication},
	        TASK_HANDLER = #{taskHandler},
	        MAIL = #{mail},
	        STATE = #{state},
	        PERIOD = #{period},
	        CREATE_DATE = sysdate
	    where id = #{id}
	</update>
	
	<delete id="deleteMail" parameterType="com.hvgroup.modules.sys.entity.AstTaskVoMail">
		delete from ast_mail_task where id = #{id}
	</delete>
    
    <delete id="delete" parameterType="com.hvgroup.modules.sys.entity.AstTask">
		delete from AST_TASK where id = #{id}
	</delete>
	
	<delete id="deleteHist" parameterType="com.hvgroup.modules.sys.entity.AstTask">
		delete from ast_hist_task where org_id = #{id}
	</delete>
	
	<delete id="deleteOneHist" parameterType="com.hvgroup.modules.sys.entity.AstTask">
		delete from ast_hist_task where id = #{id}
	</delete>
	
	<delete id="deleteOne" parameterType="com.hvgroup.modules.sys.entity.AstTask">
		delete from ast_task a 
		WHERE EXISTS (SELECT * FROM ast_hist_task t
		WHERE a.id = t.org_id and t.id = #{id})
	</delete>
	
    <update id="update">
		update AST_TASK set
        TASK_APPLICATION = #{taskApplication},
        TASK_HANDLER = #{taskHandler},
        TASK_PARAMS = #{taskParams},
        STEP = #{step}
		WHERE id = #{id}
	</update>
	
	<update id="updateHist">
		update ast_hist_task set
        TASK_APPLICATION = #{taskApplication},
        TASK_HANDLER = #{taskHandler},
        TASK_PARAMS = #{taskParams},
        STEP = #{step}
		WHERE org_id = #{id}
	</update>


	<select id="findStormLogWarmList" resultType="com.hvgroup.modules.sys.entity.StormLogWarm">
       SELECT
       *
       FROM MONITOR_STORM_LOG_WARM_OUTDATA
       where SIDE='FLOW_STORM_LOG'
       <if test="area != null and area != ''">
           AND AREA like '%'||#{area}||'%'
       </if>
       <if test="statVersion != null and statVersion != ''">
           AND STAT_VERSION like '%'||#{statVersion}||'%'
       </if>
       <if test="side != null and side != ''">
           AND SIDE = #{side}
       </if>
       <if test="editTime != null and editTime != ''">
           AND to_char(EDIT_TIME,'YYYY-mm-DD') = #{editTime}
       </if>
       order by EDIT_TIME desc
   </select>
   
   <select id="findStormLogWarmCycleList" resultType="com.hvgroup.modules.sys.entity.StormLogWarmCycle">
       SELECT
       *
       FROM MONITOR_STORM_LOG_WARM_CYCLE
       where SIDE='FLOW_STORM_LOG' and ID not in ('1','2')
       <if test="area != null and area != ''">
           AND AREA like '%'||#{area}||'%'
       </if>
       order by BOSS_LAZY desc
   </select>
   
   <delete id="deleteStormLogWarmCycle">
		delete from MONITOR_STORM_LOG_WARM_CYCLE where AREA in (${_parameter}) and SIDE='FLOW_STORM_LOG' 
	</delete>
	
	<select id="getStormLogWarmCycle" resultType="com.hvgroup.modules.sys.entity.StormLogWarmCycle">
       SELECT * FROM MONITOR_STORM_LOG_WARM_CYCLE where SIDE='FLOW_STORM_LOG' AND area=#{area}
   </select>
   
	<update id="updateStormLogWarmCycle">
		UPDATE MONITOR_STORM_LOG_WARM_CYCLE SET 
			BOSS_LAZY = #{bossLazy},
			RUN_LAZY = #{runLazy}
		WHERE ID = #{id}
	</update>
	
	<select id="findCommonStormLogWarmCycleList" resultType="com.hvgroup.modules.sys.entity.StormLogWarmCycle">
       SELECT
       *
       FROM MONITOR_STORM_LOG_WARM_CYCLE
       where ID in ('1','2')
   </select>
   
   <insert id="updateOrInsertStormLogWarmCycle">
	   merge into MONITOR_STORM_LOG_WARM_CYCLE mp1
			using (
			select
			#{bossLazy} as BOSS_LAZY,
			#{runLazy} as RUN_LAZY,
			'FLOW_STORM_LOG' as SIDE,
			#{area} as AREA,
			#{id} as ID
			from dual
			) mp2 on (mp1.SIDE =mp2.SIDE and mp1.AREA=mp2.AREA)
			when matched then
			update set BOSS_LAZY = mp2.BOSS_LAZY,RUN_LAZY = mp2.RUN_LAZY
			when not matched then
			INSERT (AREA,BOSS_LAZY,RUN_LAZY,SIDE,STATE,ID)
			VALUES(mp2.AREA,mp2.BOSS_LAZY,mp2.RUN_LAZY,'FLOW_STORM_LOG','1',mp2.ID)
	</insert>
</mapper>