<?xml version="1.0" encoding="UTF-8" ?>
<!DOCTYPE mapper PUBLIC "-//mybatis.org//DTD Mapper 3.0//EN" "http://mybatis.org/dtd/mybatis-3-mapper.dtd">
<mapper namespace="com.hvgroup.modules.sys.dao.NoticeDao">
	
	<sql id="showColumns">
		a.id,
		a.TITLE,
		a.NOTICE_DETAIL as "NOTICEDETAIL",
		a.NOTICE_PERSON as "NOTICEPERSON",
		to_char(a.NOTICE_TIME,'yyyy-mm-dd') as "NOTICETIME",
		to_char(a.END_TIME,'yyyy-mm-dd') as "ENDTIME",
		a.ISFORCE,
		a.PLATFORM
	</sql>
	
	<select id="get" resultType="Notice">
		SELECT
			<include refid="showColumns"/>
		FROM IOT_PLATFORM_NOTICE a
		WHERE a.id = #{id}
	</select>
	
	<select id="findList" resultType="Notice">
		SELECT
			<include refid="showColumns"/>
		FROM IOT_PLATFORM_NOTICE a
		where 1=1
		<if test="title != null and title != ''">
	        AND a.title LIKE '%'||#{title}||'%'
        </if>
	</select>
	<select id="findSysNotice" resultType="Notice">
	  SELECT
	       *
	   FROM
	     IOT_PLATFORM_NOTICE
	   ORDER BY NOTICE_TIME DESC
	
	</select>
	
	<insert id="insert">
		INSERT INTO IOT_PLATFORM_NOTICE(
			id, 
			TITLE,
			NOTICE_TIME,
			NOTICE_PERSON,
			NOTICE_DETAIL,
			END_TIME,
			PLATFORM,
			ISFORCE

		) VALUES (
			#{objId}, 
			#{title}, 
			sysdate, 
			#{noticePerson}, 
			#{noticeDetail}, 
			to_date(#{endTime},'yyyy-mm-dd'), 
			#{platform},
			#{isForce}
		)
		<selectKey resultType="java.lang.Integer" keyProperty="objId" order="BEFORE">  
			SELECT SEQ_NOTICE.nextval AS objId FROM DUAL  
		</selectKey>  
	</insert>
	
	<update id="update">
		UPDATE IOT_PLATFORM_NOTICE SET 
			title=#{title}, 
			notice_Person=#{noticePerson}, 
			notice_Detail=#{noticeDetail}, 
			end_Time=to_date(#{endTime},'yyyy-mm-dd'), 
			platform=#{platform},
			ISFORCE=#{isForce}
		WHERE id = #{id}
	</update>
	
	<update id="delete">
		DELETE IOT_PLATFORM_NOTICE WHERE id = #{id} 
	</update>
	
</mapper>