<?xml version="1.0" encoding="UTF-8" ?>
<!DOCTYPE mapper PUBLIC "-//mybatis.org//DTD Mapper 3.0//EN" "http://mybatis.org/dtd/mybatis-3-mapper.dtd">
<mapper namespace="com.hvgroup.modules.sys.dao.SatisfiedConfigDao">

	<sql id="pageSqlStart">
        <if test="pageInfo.pageNo != null and pageInfo.pageNo != ''">
        
        select * from
            (
             select a.*, rownum rn from 
                (
        </if>
    </sql>
    
    <!-- 分页SQL语句结尾语句 -->
    <sql id="pageSqlEnd">
        <if test="pageInfo.pageSize != null and pageInfo.pageSize !=''">
                ) a
             where rownum <![CDATA[<=]]> #{pageInfo.pageNo}*#{pageInfo.pageSize}
            )
        where rn > (#{pageInfo.pageNo}-1)*#{pageInfo.pageSize}
        </if>
    </sql>	
    	
	<sql id="showColumns">
		r.id,
		r.title,
		to_char(r.start_time,'yyyy-mm-dd') startTime,
		to_char(r.end_time,'yyyy-mm-dd') endTime, 
		r.remind,
		r.batch,
		r.operator,
		r.oper_date operDate,
		r.content
	</sql>
	
	<select id="get" resultType="SatisfiedConfig">
		SELECT
			<include refid="showColumns"/>
		FROM satisfied_config r
		WHERE r.id = #{id}
	</select>

	<select id="lastSatisfiedConfig" resultType="com.hvgroup.modules.sys.entity.SatisfiedConfig">
		SELECT
			<include refid="showColumns"/>
		FROM satisfied_config r
	    WHERE r.id = (select max(id) from satisfied_config)
	</select>	
	
	<select id="findList" resultType="SatisfiedConfig">
		SELECT
			<include refid="showColumns"/>
		from satisfied_config r
		where 1=1
		<if test="operator != null and operator != ''">
	        AND r.operator LIKE '%'||#{operator}||'%'
        </if>
   		<if test="beginDate != null and beginDate != ''">
			and r.start_time  <![CDATA[ >= ]]>  to_date(#{beginDate},'yyyy-mm-dd')
		</if>		  
		<if test="endDate != null and endDate != ''">
			and r.start_time  <![CDATA[ < ]]> to_date(#{endDate},'yyyy-mm-dd') + 1
		</if>
        
        order by r.id desc
	</select>
	
	 
	<insert id="insert">
		insert into satisfied_config(
			id, 
			title, 
			start_time, 
			end_time, 
			remind, 
			batch, 
			operator, 
			oper_date, 
			content)
		values (
		   SEQ_SATISFIED_CONFIG.nextval, 
		   #{title}, 
		   to_date(#{startTime},'yyyy-mm-dd'), 
		   to_date(#{endTime},'yyyy-mm-dd'), 
		   #{remind}, 
		   #{batch}, 	   
	 	   #{operator}, 	   	  
	 	   sysdate, 
		   #{content}	
	   )
	</insert>
	
	<update id="update">
	  update satisfied_config
	     set  
	         title = #{title}, 
	         start_time = to_date(#{startTime},'yyyy-mm-dd'), 
	         end_time = to_date(#{endTime},'yyyy-mm-dd'), 
	         remind = #{remind},
	         batch = #{batch}, 
	         operator = #{operator},
 	         content =  #{content}	
	   where id = #{id}
	</update>
	
	<update id="delete">
		DELETE satisfied_config WHERE id = #{id} 
	</update>


	<select id="effectiveConfigCount" resultType="java.lang.Long">
	   select 
	   		count(1) 
	   from satisfied_config r 
	   where r.end_time  <![CDATA[ >= ]]> to_date(#{startTime},'yyyy-mm-dd')
		<if test="id != null and id != ''">
	        and r.id != #{id}
        </if>	   
	</select>


	<select id="querySatisfiedSurveyPageCount" resultType="java.lang.Long">
			select count(1) from (
			 	select s.year,
			        s.batch,
			        s.ec_code,
			        e.ec_name,
			        s.login_name,
			        s.user_role,
			        s.opt_date,
			        s.is_feedback,
			        s.create_date createTime
			   from satisfied_survey s
			   left join enterprise_customer e
			     on s.ec_code = e.ec_code
			   left join areas a
			     on e.area_id = a.area_id
			  where 1=1
				<if test="ecCode != null and ecCode != ''">
					and e.ec_code = #{ecCode}
				</if>		  
				<if test="areaId != null and areaId != ''">
					and e.area_id = #{areaId}
				</if>			  
				<if test="beginDate != null and beginDate != ''">
					and s.create_date  <![CDATA[ >= ]]> to_date(#{beginDate},'yyyy-mm-dd')
				</if>		  
				<if test="endDate != null and endDate != ''">
					and s.create_date  <![CDATA[ < ]]> to_date(#{endDate},'yyyy-mm-dd') + 1
				</if>
				<if test="isFeedback != null and isFeedback != ''">
					and s.is_feedback = #{isFeedback}
				</if>		  
			  )
	</select>
		
	<select id="querySatisfiedSurveyPage" resultType="SatisfiedSurvey">
		<include refid="pageSqlStart"/>
		 	select s.year,
		        s.batch,
		        s.ec_code ecCode,
		        e.ec_name ecName,
		        iot_aes_crypt(s.login_name,2) loginName,
		        s.user_role userRole,
		        s.opt_date optDate,
		        s.is_feedback isFeedback,
		        a.area_name areaName,
		        to_char(s.create_date,'yyyy-mm-dd') createTime
		   from satisfied_survey s
		   left join enterprise_customer e
		     on s.ec_code = e.ec_code
		   left join areas a
		     on e.area_id = a.area_id
		  where 1=1
			<if test="ecCode != null and ecCode != ''">
				and e.ec_code = #{ecCode}
			</if>		  
			<if test="areaId != null and areaId != ''">
				and e.area_id = #{areaId}
			</if>			  
			<if test="beginDate != null and beginDate != ''">
				and s.create_date  <![CDATA[ >= ]]>  to_date(#{beginDate},'yyyy-mm-dd')
			</if>		  
			<if test="endDate != null and endDate != ''">
				and s.create_date  <![CDATA[ < ]]> to_date(#{endDate},'yyyy-mm-dd') + 1
			</if>
			<if test="isFeedback != null and isFeedback != ''">
				and s.is_feedback = #{isFeedback}
			</if>		  
			order by s.create_date desc
		<include refid="pageSqlEnd"/>
		
	</select>
		
	<select id="querySatisfiedSurveyList" resultType="SatisfiedSurvey">
		 	select s.year,
		        s.batch,
		        s.ec_code ecCode,
		        e.ec_name ecName,
		        iot_aes_crypt(s.login_name,2) loginName,
		        s.user_role userRole,
		        s.opt_date optDate,
		        s.is_feedback isFeedback,
		        a.area_name areaName,
		        to_char(s.create_date,'yyyy-mm-dd') createTime
		   from satisfied_survey s
		   left join enterprise_customer e
		     on s.ec_code = e.ec_code
		   left join areas a
		     on e.area_id = a.area_id
		  where 1=1
			<if test="ecCode != null and ecCode != ''">
				and e.ec_code = #{ecCode}
			</if>		  
			<if test="areaId != null and areaId != ''">
				and e.area_id = #{areaId}
			</if>			  
			<if test="beginDate != null and beginDate != ''">
				and s.create_date  <![CDATA[ >= ]]>  to_date(#{beginDate},'yyyy-mm-dd')
			</if>		  
			<if test="endDate != null and endDate != ''">
				and s.create_date  <![CDATA[ < ]]> to_date(#{endDate},'yyyy-mm-dd') + 1
			</if>
			<if test="isFeedback != null and isFeedback != ''">
				and s.is_feedback = #{isFeedback}
			</if>		  
			order by s.create_date desc
	</select>		
		
		
</mapper>