<?xml version="1.0" encoding="UTF-8" ?>
<!DOCTYPE mapper PUBLIC "-//mybatis.org//DTD Mapper 3.0//EN" "http://mybatis.org/dtd/mybatis-3-mapper.dtd">
<mapper namespace="com.hvgroup.modules.sys.dao.SitestatsLogDao">
	<select id="checkExist" resultType="SitestatsLog">
		select * from sys_fun_managen where EC_ID = #{wholeConfigId} 
	</select>
	
	<select id="fillWhole" resultType="SitestatsLog">
		select DOWLOAD_API_INTERFACE as dowloadApiInterface,
			   OPERATION_MANUAL as operationManual,
		       EXPORT_NUMBER_DATA as exportNumberData
		 from sys_fun_managen where EC_ID = #{wholeConfigId} 
	</select>
	
    <select id="findEcId1" resultType="String">
		select EC_ID 
		from sys_fun_managen 
		where DOWLOAD_API_INTERFACE  <![CDATA[ < ]]> #{dowloadApiInterface}
		group by EC_ID
	</select>
	
	<select id="findEcId2" resultType="String">
		select EC_ID 
		from sys_fun_managen 
		where operation_Manual  <![CDATA[ < ]]> #{operationManual}
		group by EC_ID
	</select>
	
	<select id="findEcId3" resultType="String">
		select EC_ID 
		from sys_fun_managen 
		where export_Number_Data  <![CDATA[ < ]]> #{exportNumberData}
		group by EC_ID
	</select>
    
    <update id="batchUpdate">
			UPDATE SYS_FUN_MANAGEN SET 
				 <if test="type==1">	
	       		     DOWLOAD_API_INTERFACE=#{entity.dowloadApiInterface}
       			 </if>
				  <if test="type==2">
	       		     OPERATION_MANUAL=#{entity.operationManual}
       			 </if>
       			 <if test="type==3">
	       		     EXPORT_NUMBER_DATA=#{entity.exportNumberData}
       			 </if>
				WHERE ec_id in
			 <foreach collection="list" item="item" index="index" open="(" separator="," close=")" >  
       				 #{item}  
    		</foreach>  
	</update>
    
	<select id="findList" resultType="SitestatsLog">
		select a.dowload_api_interface as
		dowloadApiInterface,a.operation_manual as operationManual,
		a.export_number_data as exportNumberData,a.ec_id as ecId,
		b.ec_name AS  ecName,  
		 b.ec_code as ecCode,
		c.area_name as areaName
		from sys_fun_managen a left join ENTERPRISE_CUSTOMER b on b.ec_id=a.ec_id
		join areas c on c.area_id = b.area_id
		where 1=1
		<if test="ecName != null and ecName != ''">
	        AND b.ec_name = #{ecName}
        </if>
         <if test="areaName != null and areaName != ''">
        	AND c.AREA_NAME = #{areaName}
        </if>
        <if test="ecCode != null and ecCode != ''">
        	AND b.ec_code = #{ecCode}
        </if>
             <if test="ecId != null and ecId != ''">
        	AND a.ec_id = #{ecId}
        </if>
	</select>
	
		<update id="updateTimes">
			UPDATE SYS_FUN_MANAGEN SET 
				 DOWLOAD_API_INTERFACE=#{dowloadApiInterface},
				 OPERATION_MANUAL=#{operationManual},
				 EXPORT_NUMBER_DATA=#{exportNumberData}
				WHERE ec_id = #{ecId}
	</update>
	
	
	
	<select id="getAllEnterpriseCustomerEcId" resultType="String">
		select distinct(ec.ec_id) as ecId from ENTERPRISE_CUSTOMER ec where  not EXISTS
		(select sf.ec_id from sys_fun_managen sf where ec.ec_id = sf.ec_id)
	</select>
	
	<insert id="insert">
		INSERT INTO sys_fun_managen (
		ec_id,
		DOWLOAD_API_INTERFACE,
		OPERATION_MANUAL,
		EXPORT_NUMBER_DATA
		)VALUES(
		#{ecId},
		#{dowloadApiInterface},
		#{operationManual},
		#{exportNumberData}
		)
	</insert>
</mapper>