<?xml version="1.0" encoding="UTF-8"?>

<!DOCTYPE sqlMap
 PUBLIC "-//ibatis.apache.org//DTD SQL Map 2.0//EN"
 "http://ibatis.apache.org/dtd/sql-map-2.dtd">

<sqlMap>
 
    
    <select id="queryFlowShareForMonthOrDay" resultClass="com.lenovo.iotpro3.vo.stat.FlowShareStatVo">

        select DISTINCT prdCode,channel from

        (select

         fm.product_code as prdCode,
         fm.PACKAGE_CODE as pkgCode,
         (case when  max(fm.PACKAGE_CHANNEL)=1 then 'SPECIAL' else 'DEFAULT' end) as channel
          from
          FLUX_POOL_MEM fm
          where 1=1
          and ((fm.quit_date is null and fm.eff_type=0) or (fm.quit_date is not null and fm.eff_type=1
          	<isNotEmpty property="dataType">
              <isEqual  property="dataType" compareValue="month">
              	and fm.quit_date >= add_months(trunc(sysdate, 'mm'),-$flag$)
              </isEqual>
              <isEqual  property="dataType" compareValue="day">
              	and fm.quit_date >= trunc(sysdate-$flag$, 'dd') 
              </isEqual>
            </isNotEmpty>
          ))
          and fm.POOL_PACKAGE in('I00010300040')  
          <isNotEmpty property="dataType">
              <isEqual  property="dataType" compareValue="month">
              	and fm.END_DATE >= add_months(trunc(sysdate, 'mm'),-$flag$) 
              </isEqual>
              <isEqual  property="dataType" compareValue="day">
              	and fm.END_DATE >= trunc(sysdate-$flag$, 'dd') 
              </isEqual>
          </isNotEmpty>       
          <isNotEmpty prepend="and" property="ecCode">
              fm.ec_code = #ecCode# 
          </isNotEmpty> 
          group by  fm.product_code,fm.PACKAGE_CODE
          order by fm.product_code
        )

  </select>
  
 <select id="queryFlowShareCount" resultClass="Long">
  
    select         
         count(1)        
          from 
          FLUX_POOL_MEM fm
          where 1=1
          and ((fm.quit_date is null and fm.eff_type=0) or (fm.quit_date is not null and fm.eff_type=1 and fm.quit_date >= trunc(sysdate, 'mm') ))
          and fm.POOL_PACKAGE in('I00010300040')  
          and fm.END_DATE >= trunc(sysdate, 'mm') 
          <isNotEmpty prepend="and" property="ecCode">
            fm.ec_code = #ecCode# 
          </isNotEmpty> 
          <isNotEmpty prepend="and" property="prdCode">
            fm.product_code = #prdCode# 
          </isNotEmpty> 
          
  </select>
  
   <select id="queryMonthFlowShare" resultClass="com.lenovo.iotpro3.vo.stat.FlowShareStatVo">
      
      <include refid="pageSqlStart"/>
         select      
         fm.stat_month as statMonth,   
         fm.product_code as prdCode, 
         fm.COMMON_PACKAGE_CODE as pkgCode,
         '通用' as channel,
         fm.COMMON_COMP_MEMBER_COUNT+(
            select count(1) from
            FLUX_POOL_MEM fpm where
                fpm.product_code = fm.product_code and
                fpm.PACKAGE_CODE=fm.COMMON_PACKAGE_CODE AND
                fpm.ec_code = fm.ec_code and
                to_char(fpm.eff_date,'yyyy-mm')=fm.stat_month and
                fpm.pool_package='I00010300040')
            as usedCount,
         fm.COMMON_COMP_MEMBER_COUNT as count,          
         NVL(fm.COMMON_TOTAL_STREAM,0) as totalFlow, 
         (select
            case when count(1)>0 then '是' else '否' end
       from
       PRO_MEMBER_OPTIONAL_PKG pmop
       where pmop.state='ENABLED' and
       pmop.product_code=fm.product_code and
       pmop.ec_code=#ecCode# and
       pmop.start_date <![CDATA[<= ]]> sysdate and
       pmop.end_date <![CDATA[>= ]]> sysdate and
       pmop.package_code in ('prod.10086000006571','prod.10086000007981')) as isOptionalPkg
         
         from 
         FLUX_POOL_MEM_SHARE fm
          where 1=1          
          and fm.COMMON_PACKAGE_CODE is not null 
          <isNotEmpty prepend="and" property="ecCode">
              fm.ec_code = #ecCode# 
          </isNotEmpty>
          <isNotEmpty prepend="and" property="prdCode">
              fm.product_code = #prdCode# 
          </isNotEmpty>
          <isNotEmpty prepend="and" property="startMonth">
              fm.stat_month<![CDATA[>=]]> #startMonth#
          </isNotEmpty>
          <isNotEmpty prepend="and" property="endMonth">
              fm.stat_month<![CDATA[<=]]>  #endMonth#
          </isNotEmpty>
          <isNotEmpty  prepend="and" property="channel">
            <isEqual  property="channel" compareValue="SPECIAL">
                1=2 
            </isEqual>
          </isNotEmpty>
         union all 
         select      
         fm.stat_month as statMonth,   
         fm.product_code as prdCode,
         fm.SPECIAL_PACKAGE_CODE as pkgCode,
         '定向' as channel,
         fm.SPECIAL_COMP_MEMBER_COUNT+(
              select count(1) from FLUX_POOL_MEM fpm where
              fpm.product_code = fm.product_code and
              fpm.PACKAGE_CODE=fm.SPECIAL_PACKAGE_CODE AND
              fpm.ec_code = fm.ec_code and
              to_char(fpm.eff_date,'yyyy-mm')=fm.stat_month and
              fpm.pool_package='I00010300040') as usedCount,
         fm.SPECIAL_COMP_MEMBER_COUNT as count,          
         fm.SPECIAL_TOTAL_STREAM as totalFlow, 
         (select case when count(1)>0 then '是' else '否' end from PRO_MEMBER_OPTIONAL_PKG pmop where pmop.state='ENABLED' and pmop.product_code=fm.product_code and pmop.ec_code=#ecCode# and pmop.start_date <![CDATA[<= ]]> sysdate and pmop.end_date <![CDATA[>= ]]> sysdate and pmop.package_code='prod.10086000006570') as isOptionalPkg       
         from 
         FLUX_POOL_MEM_SHARE fm
          where 1=1 
          and fm.SPECIAL_PACKAGE_CODE is not null        
          <isNotEmpty prepend="and" property="ecCode">
              fm.ec_code = #ecCode# 
          </isNotEmpty>
          <isNotEmpty prepend="and" property="prdCode">
              fm.product_code = #prdCode# 
          </isNotEmpty> 
          <isNotEmpty prepend="and" property="pkgCode">
              fm.SPECIAL_PACKAGE_CODE = #pkgCode#
          </isNotEmpty> 
          <isNotEmpty prepend="and" property="startMonth">
              fm.stat_month<![CDATA[>=]]> #startMonth#
          </isNotEmpty>
          <isNotEmpty prepend="and" property="endMonth">
              fm.stat_month<![CDATA[<=]]>  #endMonth#
          </isNotEmpty>
          <isNotEmpty  prepend="and" property="channel">
            <isEqual  property="channel" compareValue="DEFAULT">
                1=2 
            </isEqual>  
          </isNotEmpty>
          order by statMonth desc
       <include refid="pageSqlEnd"/>
          
  </select>
  
   <select id="queryMonthFlowShareCount" resultClass="Long">
  		select sum(num) from 
  		(
	         select      
	         count(1) num          
	         from 
	         FLUX_POOL_MEM_SHARE fm
	          where 1=1          
	          and fm.COMMON_PACKAGE_CODE is not null 
	          <isNotEmpty prepend="and" property="ecCode">
	              fm.ec_code = #ecCode# 
	          </isNotEmpty>
	          <isNotEmpty prepend="and" property="prdCode">
	              fm.product_code = #prdCode# 
	          </isNotEmpty> 
	          <isNotEmpty prepend="and" property="pkgCode">
	              fm.COMMON_PACKAGE_CODE = #pkgCode#
	          </isNotEmpty> 
	          <isNotEmpty prepend="and" property="startMonth">
	              fm.stat_month<![CDATA[>=]]> #startMonth#
	          </isNotEmpty>
	          <isNotEmpty prepend="and" property="endMonth">
	              fm.stat_month<![CDATA[<=]]>  #endMonth#
	          </isNotEmpty>
	          <isNotEmpty  prepend="and" property="channel">
	            <isEqual  property="channel" compareValue="SPECIAL">
	                1=2 
	            </isEqual>
	          </isNotEmpty>
	         union all 
	         select      
	         count(1) num       
	         from 
	         FLUX_POOL_MEM_SHARE fm
	          where 1=1 
	          and fm.SPECIAL_PACKAGE_CODE is not null        
	          <isNotEmpty prepend="and" property="ecCode">
	              fm.ec_code = #ecCode# 
	          </isNotEmpty>
	          <isNotEmpty prepend="and" property="prdCode">
	              fm.product_code = #prdCode# 
	          </isNotEmpty>
	          <isNotEmpty prepend="and" property="startMonth">
	              fm.stat_month<![CDATA[>=]]> #startMonth#
	          </isNotEmpty>
	          <isNotEmpty prepend="and" property="endMonth">
	              fm.stat_month<![CDATA[<=]]>  #endMonth#
	          </isNotEmpty>
	          <isNotEmpty  prepend="and" property="channel">
	            <isEqual  property="channel" compareValue="DEFAULT">
	                1=2 
	            </isEqual>  
	          </isNotEmpty>
          )
  </select>
  
  
   <select id="queryMonthFlowShareSelect" resultClass="com.lenovo.iotpro3.vo.stat.FlowShareStatVo"> 
   		select distinct prdCode from
   		(    
	         select      
	          fm.PRODUCT_CODE as prdCode
	         from 
	         FLUX_POOL_MEM_SHARE fm
	         where 1=1 
	         and COMMON_PACKAGE_CODE is not null
	          <isNotEmpty prepend="and" property="ecCode">
	              fm.ec_code = #ecCode# 
	          </isNotEmpty> 
	         union 
	         select
        fm.PRODUCT_CODE as prdCode
	         from 
	         FLUX_POOL_MEM_SHARE fm
	         where 1=1 
	         and SPECIAL_PACKAGE_CODE is not null
	          <isNotEmpty prepend="and" property="ecCode">
	              fm.ec_code = #ecCode# 
	          </isNotEmpty>
         )          
  </select>
  
  
   <select id="queryDayFlowShareSelect" resultClass="com.lenovo.iotpro3.vo.stat.FlowShareStatVo"> 
         select      
         distinct fpm.PRODUCT_CODE as prdCode
         from 
         FLUX_POOL_MEM fpm
         where 1=1 
          <isNotEmpty prepend="and" property="ecCode">
              fpm.ec_code = #ecCode# 
          </isNotEmpty>
  </select>
  
  
  
  <select id="queryMonthFlowShareExport" resultClass="com.lenovo.iotpro3.vo.stat.FlowShareStatVo">
      select      
         fm.stat_month as statMonth,   
         fm.product_code as prdCode, 
         fm.COMMON_PACKAGE_CODE as pkgCode,
         '通用' as channel,
         fm.COMMON_COMP_MEMBER_COUNT+(select count(1) from FLUX_POOL_MEM fpm where fpm.product_code = fm.product_code and fpm.ec_code = fm.ec_code and to_char(fpm.eff_date,'yyyy-mm')=fm.stat_month and fpm.pool_package='I00010300040') as usedCount, 
         fm.COMMON_COMP_MEMBER_COUNT as count,          
         fm.COMMON_TOTAL_STREAM as totalFlow, 
         (select case when count(1)>0 then '是' else '否' end from PRO_MEMBER_OPTIONAL_PKG pmop where pmop.state='ENABLED' and pmop.product_code=fm.product_code and pmop.ec_code=#ecCode# and pmop.start_date <![CDATA[<= ]]> sysdate and pmop.end_date <![CDATA[>= ]]> sysdate and pmop.package_code in ('prod.10086000006571','prod.10086000007981')) as isOptionalPkg
         
         from 
         FLUX_POOL_MEM_SHARE fm
          where 1=1          
          and fm.COMMON_PACKAGE_CODE is not null 
          <isNotEmpty prepend="and" property="ecCode">
              fm.ec_code = #ecCode# 
          </isNotEmpty>
          <isNotEmpty prepend="and" property="prdCode">
              fm.product_code = #prdCode# 
          </isNotEmpty> 
          <isNotEmpty prepend="and" property="pkgCode">
              fm.COMMON_PACKAGE_CODE = #pkgCode#
          </isNotEmpty> 
          <isNotEmpty prepend="and" property="startMonth">
              fm.stat_month<![CDATA[>=]]> #startMonth#
          </isNotEmpty>
          <isNotEmpty prepend="and" property="endMonth">
              fm.stat_month<![CDATA[<=]]>  #endMonth#
          </isNotEmpty>
          <isNotEmpty  prepend="and" property="channel">
            <isEqual  property="channel" compareValue="SPECIAL">
                1=2 
            </isEqual>
          </isNotEmpty>
         union all 
         select      
         fm.stat_month as statMonth,   
         fm.product_code as prdCode,
         fm.SPECIAL_PACKAGE_CODE as pkgCode,
         '定向' as channel,
         fm.SPECIAL_COMP_MEMBER_COUNT+(select count(1) from FLUX_POOL_MEM fpm where fpm.product_code = fm.product_code and fpm.ec_code = fm.ec_code and to_char(fpm.eff_date,'yyyy-mm')=fm.stat_month and fpm.pool_package='I00010300040') as usedCount, 
         fm.SPECIAL_COMP_MEMBER_COUNT as count,          
         fm.SPECIAL_TOTAL_STREAM as totalFlow, 
         (select case when count(1)>0 then '是' else '否' end from PRO_MEMBER_OPTIONAL_PKG pmop where pmop.state='ENABLED' and pmop.product_code=fm.product_code and pmop.ec_code=#ecCode# and pmop.start_date <![CDATA[<= ]]> sysdate and pmop.end_date <![CDATA[>= ]]> sysdate and pmop.package_code='prod.10086000006570') as isOptionalPkg       
         from 
         FLUX_POOL_MEM_SHARE fm
          where 1=1 
          and fm.SPECIAL_PACKAGE_CODE is not null        
          <isNotEmpty prepend="and" property="ecCode">
              fm.ec_code = #ecCode# 
          </isNotEmpty>
          <isNotEmpty prepend="and" property="prdCode">
              fm.product_code = #prdCode# 
          </isNotEmpty> 
          <isNotEmpty prepend="and" property="pkgCode">
              fm.SPECIAL_PACKAGE_CODE = #pkgCode#
          </isNotEmpty> 
          <isNotEmpty prepend="and" property="startMonth">
              fm.stat_month<![CDATA[>=]]> #startMonth#
          </isNotEmpty>
          <isNotEmpty prepend="and" property="endMonth">
              fm.stat_month<![CDATA[<=]]>  #endMonth#
          </isNotEmpty>
          <isNotEmpty  prepend="and" property="channel">
            <isEqual  property="channel" compareValue="DEFAULT">
                1=2 
            </isEqual>  
          </isNotEmpty>
          order by statMonth desc
  </select>
  
     <select id="queryDayFlowShare" resultClass="com.lenovo.iotpro3.vo.stat.FlowShareStatVo">
      <include refid="pageSqlStart"/>
         select      
         fm.stat_day as startDate,   
         fm.COMMON_PACKAGE_CODE as pkgCode,
         fm.PRODUCT_CODE as prdCode,
         '通用' as channel,
         fm.COMMON_COMP_MEMBER_COUNT+(select count(1) from FLUX_POOL_MEM fpm where fpm.product_code = fm.product_code and fpm.ec_code = fm.ec_code and fpm.eff_date <![CDATA[>= ]]> trunc(sysdate, 'mm') and fpm.eff_date <![CDATA[<= ]]> to_date(fm.stat_day,'yyyy-MM-dd') and fpm.pool_package='I00010300040') as usedCount, 
         fm.COMMON_COMP_MEMBER_COUNT as count,          
         fm.COMMON_TOTAL_STREAM as totalFlow, 
         (select case when count(1)>0 then '是' else '否' end from PRO_MEMBER_OPTIONAL_PKG pmop where pmop.state='ENABLED' and pmop.product_code=fm.product_code and pmop.ec_code=#ecCode# and pmop.start_date <![CDATA[<= ]]> sysdate and pmop.end_date <![CDATA[>= ]]> sysdate and pmop.package_code in ('prod.10086000006571','prod.10086000007981')) as isOptionalPkg
         
         from 
         FLUX_POOL_MEM_SHARE_DD fm
          where 1=1          
          and fm.COMMON_PACKAGE_CODE is not null 
          <isNotEmpty prepend="and" property="ecCode">
              fm.ec_code = #ecCode# 
          </isNotEmpty>
          <isNotEmpty prepend="and" property="prdCode">
              fm.product_code = #prdCode# 
          </isNotEmpty> 
          <isNotEmpty prepend="and" property="pkgCode">
              fm.COMMON_PACKAGE_CODE = #pkgCode#
          </isNotEmpty> 
          <isNotEmpty prepend="and" property="startDate">
              fm.stat_day<![CDATA[>=]]> #startDate#
          </isNotEmpty>
          <isNotEmpty prepend="and" property="endDate">
              fm.stat_day<![CDATA[<=]]>  #endDate#
          </isNotEmpty>
          <isNotEmpty  prepend="and" property="channel">
            <isEqual  property="channel" compareValue="SPECIAL">
                1=2 
            </isEqual>
          </isNotEmpty>
         union all 
         select      
         fm.stat_day as startDate, 
         fm.SPECIAL_PACKAGE_CODE as pkgCode,
         fm.PRODUCT_CODE as prdCode,
         '定向' as channel,
         fm.SPECIAL_COMP_MEMBER_COUNT+(select count(1) from FLUX_POOL_MEM fpm where fpm.product_code = fm.product_code and fpm.ec_code = fm.ec_code and fpm.eff_date <![CDATA[>= ]]> trunc(sysdate, 'mm') and fpm.eff_date <![CDATA[<= ]]> to_date(fm.stat_day,'yyyy-MM-dd') and fpm.pool_package='I00010300040') as usedCount, 
         fm.SPECIAL_COMP_MEMBER_COUNT as count,          
         fm.SPECIAL_TOTAL_STREAM as totalFlow, 
         (select case when count(1)>0 then '是' else '否' end from PRO_MEMBER_OPTIONAL_PKG pmop where pmop.state='ENABLED' and pmop.product_code=fm.product_code and pmop.ec_code=#ecCode# and pmop.start_date <![CDATA[<= ]]> sysdate and pmop.end_date <![CDATA[>= ]]> sysdate and pmop.package_code='prod.10086000006570') as isOptionalPkg       
         from 
         FLUX_POOL_MEM_SHARE_DD fm
          where 1=1 
          and fm.SPECIAL_PACKAGE_CODE is not null        
          <isNotEmpty prepend="and" property="ecCode">
              fm.ec_code = #ecCode# 
          </isNotEmpty>
          <isNotEmpty prepend="and" property="prdCode">
              fm.product_code = #prdCode# 
          </isNotEmpty> 
          <isNotEmpty prepend="and" property="pkgCode">
              fm.SPECIAL_PACKAGE_CODE = #pkgCode#
          </isNotEmpty> 
          <isNotEmpty prepend="and" property="startDate">
              fm.stat_day<![CDATA[>=]]> #startDate#
          </isNotEmpty>
          <isNotEmpty prepend="and" property="endDate">
              fm.stat_day<![CDATA[<=]]>  #endDate#
          </isNotEmpty>
          <isNotEmpty  prepend="and" property="channel">
            <isEqual  property="channel" compareValue="DEFAULT">
                1=2 
            </isEqual>  
          </isNotEmpty>
          order by startDate desc
       <include refid="pageSqlEnd"/>
  </select>
  
  <select id="queryDayFlowShareCount" resultClass="Long">
  		select sum(num) from 
  		(
	         select      
	         count(1) num          
	         from 
	         FLUX_POOL_MEM_SHARE_DD fm
	          where 1=1          
	          and fm.COMMON_PACKAGE_CODE is not null 
	          <isNotEmpty prepend="and" property="ecCode">
	              fm.ec_code = #ecCode# 
	          </isNotEmpty>
	          <isNotEmpty prepend="and" property="prdCode">
	              fm.product_code = #prdCode# 
	          </isNotEmpty> 
	          <isNotEmpty prepend="and" property="pkgCode">
	              fm.COMMON_PACKAGE_CODE = #pkgCode#
	          </isNotEmpty> 
	          <isNotEmpty prepend="and" property="startDate">
	              fm.stat_day<![CDATA[>=]]> #startDate#
	          </isNotEmpty>
	          <isNotEmpty prepend="and" property="endDate">
	              fm.stat_day<![CDATA[<=]]>  #endDate#
	          </isNotEmpty>
	          <isNotEmpty  prepend="and" property="channel">
	            <isEqual  property="channel" compareValue="SPECIAL">
	                1=2 
	            </isEqual>
	          </isNotEmpty>
	         union all 
	         select      
	         count(1) num       
	         from 
	         	FLUX_POOL_MEM_SHARE_DD fm
	          where 1=1 
	          and fm.SPECIAL_PACKAGE_CODE is not null        
	          <isNotEmpty prepend="and" property="ecCode">
	              fm.ec_code = #ecCode# 
	          </isNotEmpty>
	          <isNotEmpty prepend="and" property="prdCode">
	              fm.product_code = #prdCode# 
	          </isNotEmpty> 
	          <isNotEmpty prepend="and" property="pkgCode">
	              fm.SPECIAL_PACKAGE_CODE = #pkgCode#
	          </isNotEmpty> 
	          <isNotEmpty prepend="and" property="startDate">
	              fm.stat_day<![CDATA[>=]]> #startDate#
	          </isNotEmpty>
	          <isNotEmpty prepend="and" property="endDate">
	              fm.stat_day<![CDATA[<=]]>  #endDate#
	          </isNotEmpty>
	          <isNotEmpty  prepend="and" property="channel">
	            <isEqual  property="channel" compareValue="DEFAULT">
	                1=2 
	            </isEqual>  
	          </isNotEmpty>
          )
  </select>
  
  
  
  <select id="queryDayFlowShareExport" resultClass="com.lenovo.iotpro3.vo.stat.FlowShareStatVo">
      select      
         fm.stat_day as startDate,
         fm.PRODUCT_CODE prdCode,
         fm.COMMON_PACKAGE_CODE as pkgCode,
         '通用' as channel,
         fm.COMMON_COMP_MEMBER_COUNT+(select count(1) from FLUX_POOL_MEM fpm where fpm.product_code = fm.product_code and fpm.ec_code = fm.ec_code and fpm.eff_date <![CDATA[>= ]]> trunc(sysdate, 'mm') and fpm.eff_date <![CDATA[<= ]]> to_date(fm.stat_day,'yyyy-MM-dd') and fpm.pool_package='I00010300040') as usedCount, 
         fm.COMMON_COMP_MEMBER_COUNT as count,          
         fm.COMMON_TOTAL_STREAM as totalFlow, 
         (select case when count(1)>0 then '是' else '否' end from PRO_MEMBER_OPTIONAL_PKG pmop where pmop.state='ENABLED' and pmop.product_code=fm.product_code and pmop.ec_code=#ecCode# and pmop.start_date <![CDATA[<= ]]> sysdate and pmop.end_date <![CDATA[>= ]]> sysdate and pmop.package_code in ('prod.10086000006571','prod.10086000007981')) as isOptionalPkg
         
         from 
         FLUX_POOL_MEM_SHARE_DD fm
          where 1=1          
          and fm.COMMON_PACKAGE_CODE is not null 
          <isNotEmpty prepend="and" property="ecCode">
              fm.ec_code = #ecCode# 
          </isNotEmpty>
          <isNotEmpty prepend="and" property="prdCode">
              fm.product_code = #prdCode# 
          </isNotEmpty> 
          <isNotEmpty prepend="and" property="pkgCode">
              fm.COMMON_PACKAGE_CODE = #pkgCode#
          </isNotEmpty> 
          <isNotEmpty prepend="and" property="startDate">
              fm.stat_day<![CDATA[>=]]> #startDate#
          </isNotEmpty>
          <isNotEmpty prepend="and" property="endDate">
              fm.stat_day<![CDATA[<=]]>  #endDate#
          </isNotEmpty>
          <isNotEmpty  prepend="and" property="channel">
            <isEqual  property="channel" compareValue="SPECIAL">
                1=2 
            </isEqual>
          </isNotEmpty>
         union all 
         select      
         fm.stat_day as startDate,
         fm.PRODUCT_CODE prdCode,
         fm.SPECIAL_PACKAGE_CODE as pkgCode,
         '定向' as channel,
         fm.SPECIAL_COMP_MEMBER_COUNT+(select count(1) from FLUX_POOL_MEM fpm where fpm.product_code = fm.product_code and fpm.ec_code = fm.ec_code and fpm.eff_date <![CDATA[>= ]]> trunc(sysdate, 'mm') and fpm.eff_date <![CDATA[<= ]]> to_date(fm.stat_day,'yyyy-MM-dd') and fpm.pool_package='I00010300040') as usedCount, 
         fm.SPECIAL_COMP_MEMBER_COUNT as count,          
         fm.SPECIAL_TOTAL_STREAM as totalFlow, 
         (select case when count(1)>0 then '是' else '否' end from PRO_MEMBER_OPTIONAL_PKG pmop where pmop.state='ENABLED' and pmop.product_code=fm.product_code and pmop.ec_code=#ecCode# and pmop.start_date <![CDATA[<= ]]> sysdate and pmop.end_date <![CDATA[>= ]]> sysdate and pmop.package_code='prod.10086000006570') as isOptionalPkg       
         from 
         FLUX_POOL_MEM_SHARE_DD fm
          where 1=1 
          and fm.SPECIAL_PACKAGE_CODE is not null        
          <isNotEmpty prepend="and" property="ecCode">
              fm.ec_code = #ecCode# 
          </isNotEmpty>
          <isNotEmpty prepend="and" property="prdCode">
              fm.product_code = #prdCode# 
          </isNotEmpty> 
          <isNotEmpty prepend="and" property="pkgCode">
              fm.SPECIAL_PACKAGE_CODE = #pkgCode#
          </isNotEmpty> 
          <isNotEmpty prepend="and" property="startDate">
              fm.stat_day<![CDATA[>=]]> #startDate#
          </isNotEmpty>
          <isNotEmpty prepend="and" property="endDate">
              fm.stat_day<![CDATA[<=]]>  #endDate#
          </isNotEmpty>
          <isNotEmpty  prepend="and" property="channel">
            <isEqual  property="channel" compareValue="DEFAULT">
                1=2 
            </isEqual>  
          </isNotEmpty>
          order by startDate desc
  </select>

</sqlMap>