<?xml version="1.0" encoding="UTF-8"?>

<!DOCTYPE sqlMap
 PUBLIC "-//ibatis.apache.org//DTD SQL Map 2.0//EN"
 "http://ibatis.apache.org/dtd/sql-map-2.dtd">

<sqlMap>

<select id="queryPkgInfo" parameterClass="java.util.HashMap" resultClass="com.lenovo.iotpro3.vo.state.PackageStatVo">
 <include refid="pageSqlStart"/>
 (SELECT
       (case when  max(PP.PACKAGE_CHANNEL)='1' then '专用' when  max(PP.PACKAGE_CHANNEL)='2' then '通用' else '' end) apnType,
       (case when  max(PP.FLOWPACKAGETYPE)='1' then '月套餐' when  max(PP.FLOWPACKAGETYPE)='2' then '跨月套餐' else '叠加包' end) pkgType,
        count(distinct  case when  MP.STATE = 'ENABLED' then mp.msisdn else null end) totalMem,
        count(distinct case when MP.START_DATE >= add_months(last_day(SYSDATE)+1,-1) and MP.STATE = 'ENABLED' then  mp.msisdn else null end) increaseMem,
        count(distinct case when MP.STATE_TIME >= add_months(last_day(SYSDATE)+1,-1) and MP.STATE = 'DISABLED'  then  mp.msisdn else null end) decreaseMem,              
        max(PP.PACKAGE_NAME) as pkgName ,
        MP.PACKAGE_CODE as pkgCode,
        max(PP.DETAIL) detail 
        FROM M2M_GRPMEM PARTITION(M2M_GRPMEM_PARTITION$part$) 
        MP ,PERSONAL_PACKAGE PP
        WHERE MP.PACKAGE_CODE=PP.PACKAGE_CODE
        AND MP.START_DATE <![CDATA[<= ]]>SYSDATE
        AND MP.END_DATE > SYSDATE
        <!-- AND MP.STATE = 'ENABLED' -->
        AND PP.STATE = '0'
        AND PP.VISIBLE='0'
        AND PP.PACKAGE_TYPE='1' 
        AND PP.BUSINESSTYPE='1'
         <isNotEmpty prepend="and" property="ecCode">
            MP.ec_code = #ecCode#
        </isNotEmpty>
        <isNotEmpty prepend="and" property="pkgCode">
            MP.PACKAGE_CODE like '%'||#pkgCode#||'%'
        </isNotEmpty>
        <isNotEmpty prepend="and" property="pkgName">
            MP.PACKAGE_NAME = #pkgName#
        </isNotEmpty>      
         group by MP.PACKAGE_CODE
        )
        union
        (SELECT
        (case when  max(PP.PACKAGE_CHANNEL)='1' then '专用' when  max(PP.PACKAGE_CHANNEL)='2' then '通用' else '' end) apnType,
        (case when  max(PP.FLOWPACKAGETYPE)='1' then '月套餐' when  max(PP.FLOWPACKAGETYPE)='2' then '跨月套餐' else '叠加包' end) pkgType,
        count(distinct  case when  MP.STATE = 'ENABLED' then mp.msisdn else null end) totalMem,
        count(distinct case when MP.START_DATE >= add_months(last_day(SYSDATE)+1,-1) and MP.STATE = 'ENABLED'  then  mp.msisdn else null end) increaseMem,
        count(distinct case when MP.STATE_TIME >= add_months(last_day(SYSDATE)+1,-1) and MP.STATE = 'DISABLED'  then  mp.msisdn else null end) decreaseMem,       
        max(PP.PACKAGE_NAME) as pkgName,
        MP.PACKAGE_CODE as pkgCode,
        max(PP.DETAIL) detail    
        FROM M2M_PER_PKG MP ,M2M_PERSON PARTITION(M2M_PERSON_PARTITION$part$) MI,
        PERSONAL_PACKAGE PP
        WHERE MP.PACKAGE_CODE=PP.PACKAGE_CODE
        AND MP.MSISDN=MI.MSISDN
        AND MP.START_DATE <![CDATA[<= ]]>SYSDATE
        AND MP.END_DATE > SYSDATE
        <!-- AND MP.STATE = 'ENABLED' -->
        AND PP.STATE = '0'
        AND PP.VISIBLE='0'
        AND PP.PACKAGE_TYPE='1'
        AND PP.BUSINESSTYPE='1'
        <isNotEmpty prepend="and" property="ecCode">
            MI.EC_CODE = #ecCode#
        </isNotEmpty>
          <isNotEmpty prepend="and" property="pkgCode">
              MP.PACKAGE_CODE like '%'||#pkgCode#||'%'
          </isNotEmpty>
          <isNotEmpty prepend="and" property="pkgName">
              MP.PACKAGE_NAME = #pkgName#
          </isNotEmpty>
           
        group by  MP.PACKAGE_CODE
        )
     <include refid="pageSqlEnd"/>

</select>

<select id="findPkgMonthExport" parameterClass="java.util.HashMap" resultClass="com.lenovo.iotpro3.vo.state.PackageMonthAndDayVo">
	select e.stat_month as statMonth,
	e.package_code as pkgCode, 
	p.package_name as pkgName,
	DECODE(p.PKG_TYPE,'PKG_TYPE_TEST','测试期套餐','PKG_TYPE_MONTH','月套餐','PKG_TYPE_PEACE','安心包','PKG_TYPE_REFUEL','加油包','PKG_TYPE_QUARTER','季包','PKG_TYPE_HALF_YEAR','半年包','PKG_TYPE_YEAR','年包','PKG_TYPE_IDLE','闲时流量套餐','--') as pkgType,
	NVL( e.order_total,0) as orderTotal,
	NVL( e.order_add ,0) as orderAdd,
	NVL( e.unsub_count,0) as unsubCount,
	NVL( e.effe_total,0) as effeTotal,
	NVL( e.effe_add,0) as effeAdd,
	NVL( e.invalid_count,0) as invalidCount
	from EC_PACKAGE_MONTH_STAT e 
	LEFT JOIN ATOMIC_PRODUCTS p on e.PACKAGE_CODE = p.PACKAGE_CODE
	where 1=1
	<isNotEmpty prepend="and" property="ecCode">
           e.EC_CODE = #ecCode#
    </isNotEmpty>
    <isNotEmpty prepend="and" property="pkgCode">
       e.package_code like '%'||#pkgCode#||'%'
    </isNotEmpty>
    <isNotEmpty prepend="and" property="startMonth">
		e.stat_month<![CDATA[>=]]>replace(#startMonth#, '-', '')
	</isNotEmpty>
	<isNotEmpty prepend="and" property="endMonth">
		e.stat_month<![CDATA[<]]>replace(#endMonth#, '-', '')
	</isNotEmpty>
       order by statMonth desc
</select>

<select id="findPkgMonth" parameterClass="java.util.HashMap" resultClass="com.lenovo.iotpro3.vo.state.PackageMonthAndDayVo">
	<include refid="pageSqlStart"/>
	select e.stat_month as statMonth,
	e.package_code as pkgCode, 
	p.package_name as pkgName,
	DECODE(p.PKG_TYPE,'PKG_TYPE_TEST','测试期套餐','PKG_TYPE_MONTH','月套餐','PKG_TYPE_PEACE','安心包','PKG_TYPE_REFUEL','加油包','PKG_TYPE_QUARTER','季包','PKG_TYPE_HALF_YEAR','半年包','PKG_TYPE_YEAR','年包','PKG_TYPE_IDLE','闲时流量套餐','--') as pkgType,
	NVL( e.order_total,0) as orderTotal,
	NVL( e.order_add ,0) as orderAdd,
	NVL( e.unsub_count,0) as unsubCount,
	NVL( e.effe_total,0) as effeTotal,
	NVL( e.effe_add,0) as effeAdd,
	NVL( e.invalid_count,0) as invalidCount
	from EC_PACKAGE_MONTH_STAT e 
	LEFT JOIN ATOMIC_PRODUCTS p on e.PACKAGE_CODE = p.PACKAGE_CODE
	LEFT JOIN SERVICE_PKG s on s.PACKAGE_CODE = p.PACKAGE_CODE
	where 1=1
	<isNotEmpty prepend="and" property="ecCode">
       e.EC_CODE = #ecCode#
    </isNotEmpty>
    <isNotEmpty prepend="and" property="pkgCode">
       e.package_code like '%'||#pkgCode#||'%'
    </isNotEmpty>
    <isNotEmpty prepend="and" property="startMonth">
		e.stat_month<![CDATA[>=]]>replace(#startMonth#, '-', '')
	</isNotEmpty>
	<isNotEmpty prepend="and" property="endMonth">
		e.stat_month<![CDATA[<=]]>replace(#endMonth#, '-', '')
	</isNotEmpty>
	<isNotEmpty prepend="and" property="productCode">
		s.product_code in ($productCode$)
	</isNotEmpty>
        order by statMonth desc
    <include refid="pageSqlEnd"/>
</select>

<select id="queryMonthPkg" parameterClass="java.util.HashMap" resultClass="com.lenovo.iotpro3.vo.state.PackageMonthAndDayVo">
		select distinct substr(c.stat_month, 5, 6) as statMonth, 
        nvl(sum(c.order_total),0) as orderTotal,
        nvl(sum(c.order_add)/sum(order_total),0)*100 as orderAdd,
        c.stat_month
 		 from EC_PACKAGE_MONTH_STAT c where 1=1
 		  <isNotEmpty prepend="and" property="ecCode">
           c.EC_CODE = #ecCode#
        </isNotEmpty>
         <isNotEmpty prepend="and" property="pkgCode">
           c.package_code = #pkgCode#
        </isNotEmpty>
       <isNotEmpty prepend="and" property="startMonth">
			c.stat_month<![CDATA[>]]>replace(#startMonth#, '-', '')
		</isNotEmpty>
		<isNotEmpty prepend="and" property="endMonth">
			c.stat_month<![CDATA[<=]]>replace(#endMonth#, '-', '')
		</isNotEmpty>
		<isNotEmpty prepend="and" property="">
			c.stat_month<![CDATA[<=]]>replace(#endMonth#, '-', '')
		</isNotEmpty>
		 group by c.stat_month 
		order by c.stat_month asc
</select>

<select id="queryDayPkg" parameterClass="java.util.HashMap" resultClass="com.lenovo.iotpro3.vo.state.PackageMonthAndDayVo">
		select distinct substr(c.stat_day,5,9) as statDay,
      NVL(sum(c.order_total),0) as orderTotal from EC_PACKAGE_DAY_STAT c
      where 1=1
      <isNotEmpty prepend="and" property="pkgCode">
           c.package_code = #pkgCode#
        </isNotEmpty>
      <isNotEmpty prepend="and" property="ecCode">
           c.EC_CODE = #ecCode#
        </isNotEmpty>
       <isNotEmpty prepend="and" property="startDay">
			c.stat_day<![CDATA[>]]>replace(#startDay#, '-', '')
		</isNotEmpty>
		<isNotEmpty prepend="and" property="endDay">
			c.stat_day<![CDATA[<=]]>replace(#endDay#, '-', '')
		</isNotEmpty>
		 group by c.stat_day 
		 order by statDay desc
</select>

<!-- 根据ecCode获取套餐 -->
<select id="queryPkgDay" parameterClass="java.util.HashMap" resultClass="com.lenovo.iotpro3.vo.state.PackageMonthAndDayVo">
		select distinct c.package_code as pkgCode,
       p.package_name as pkgName,
       p.PKG_TYPE as pkgType
 		from 
		EC_PACKAGE_MONTH_STAT c
		LEFT JOIN ATOMIC_PRODUCTS p on c.PACKAGE_CODE = p.PACKAGE_CODE
		LEFT JOIN SERVICE_PKG s on s.PACKAGE_CODE = p.PACKAGE_CODE
		where 1=1
      	<isNotEmpty prepend="and" property="ecCode">
           c.EC_CODE = #ecCode#
        </isNotEmpty>
        <isNotEmpty prepend="and" property="productCode">
			s.product_code in ($productCode$)
		</isNotEmpty>
</select>

<!-- 根据ecCode获取日套餐 -->
<select id="queryPkgMonth" parameterClass="java.util.HashMap" resultClass="com.lenovo.iotpro3.vo.state.PackageMonthAndDayVo">
		select distinct c.package_code as pkgCode,
       	p.package_name as pkgName,
       	p.PKG_TYPE as pkgType
 		from 
		EC_PACKAGE_DAY_STAT c
		LEFT JOIN ATOMIC_PRODUCTS p on c.PACKAGE_CODE = p.PACKAGE_CODE
		LEFT JOIN SERVICE_PKG s on s.PACKAGE_CODE = p.PACKAGE_CODE
		where 1=1
     	<isNotEmpty prepend="and" property="ecCode">
           	c.EC_CODE = #ecCode#
        </isNotEmpty>
        <isNotEmpty prepend="and" property="productCode">
			s.product_code in ($productCode$)
		</isNotEmpty>
</select>

<!-- 根据日期进行查询获取日套餐 -->
<select id="queryPkgMonthUse" parameterClass="java.util.HashMap" resultClass="com.lenovo.iotpro3.vo.state.PackageMonthAndDayVo">
		    select nvl(sum(ec.order_add),0) as orderAdd,
           nvl(sum(ec.unsub_count),0) as unsubCount,
           nvl(sum(ec.effe_add),0) as effeAdd,
           nvl(sum(ec.invalid_count),0) as invalidCount,
           nvl(sum(ec.order_total),0) as orderTotal,
           nvl(sum(ec.effe_total),0) as effeTotal
   		from EC_PACKAGE_MONTH_STAT ec where 1=1
      <isNotEmpty prepend="and" property="ecCode">
           ec.EC_CODE = #ecCode#
        </isNotEmpty>
         <isNotEmpty prepend="and" property="statMonth">
           ec.stat_month = #statMonth#
        </isNotEmpty>
</select>

<!-- 根据startTime获取 -->
<select id="queryMonth" parameterClass="java.util.HashMap" resultClass="com.lenovo.iotpro3.vo.state.PackageMonthAndDayVo">
	select * from 
		(select distinct c.stat_month as statMonth
     from 
    EC_PACKAGE_MONTH_STAT c
    LEFT JOIN ATOMIC_PRODUCTS p on c.PACKAGE_CODE = p.PACKAGE_CODE
	LEFT JOIN SERVICE_PKG s on s.PACKAGE_CODE = p.PACKAGE_CODE
    where 1=1
    <isNotEmpty prepend="and" property="ecCode">
        c.EC_CODE = #ecCode#
    </isNotEmpty>
    <isNotEmpty prepend="and" property="productCode">
		s.product_code in ($productCode$)
	</isNotEmpty>
	    order by statMonth desc) 
	    where rownum <![CDATA[<]]> 7
</select>

<select id="findPkgMonthCount"  parameterClass="java.util.HashMap" resultClass="Long">
	select count(*)
	from EC_PACKAGE_MONTH_STAT e 
	LEFT JOIN ATOMIC_PRODUCTS p on e.PACKAGE_CODE = p.PACKAGE_CODE
	LEFT JOIN SERVICE_PKG s on s.PACKAGE_CODE = p.PACKAGE_CODE
	where 1=1
	<isNotEmpty prepend="and" property="ecCode">
           e.EC_CODE = #ecCode#
        </isNotEmpty>
        <isNotEmpty prepend="and" property="pkgCode">
           e.package_code like '%' || <![CDATA[']]>$pkgCode$<![CDATA[']]> || '%'
        </isNotEmpty>
        <isNotEmpty prepend="and" property="startMonth">
			e.stat_month<![CDATA[>=]]>replace(#startMonth#, '-', '')
		</isNotEmpty>
		<isNotEmpty prepend="and" property="endMonth">
			e.stat_month<![CDATA[<=]]>replace(#endMonth#, '-', '')
		</isNotEmpty>
		<isNotEmpty prepend="and" property="productCode">
			s.product_code in ($productCode$)
		</isNotEmpty>
</select>

<select id="findPkgDayExport" parameterClass="java.util.HashMap" resultClass="com.lenovo.iotpro3.vo.state.PackageMonthAndDayVo">
	select e.stat_day as statMonth,
	e.package_code as pkgCode,
	p.package_name as pkgName,
	DECODE(p.PKG_TYPE,'PKG_TYPE_TEST','测试期套餐','PKG_TYPE_MONTH','月套餐','PKG_TYPE_PEACE','安心包','PKG_TYPE_REFUEL','加油包','PKG_TYPE_QUARTER','季包','PKG_TYPE_HALF_YEAR','半年包','PKG_TYPE_YEAR','年包','PKG_TYPE_IDLE','闲时流量套餐','--') as pkgType,
	NVL( e.order_total,0) as orderTotal,
	NVL( e.order_add ,0) as orderAdd,
	NVL( e.unsub_count,0) as unsubCount,
	NVL( e.effe_total,0) as effeTotal,
	NVL( e.effe_add,0) as effeAdd,
	NVL( e.invalid_count,0) as invalidCount
	from EC_PACKAGE_DAY_STAT e 
	LEFT JOIN ATOMIC_PRODUCTS p on e.PACKAGE_CODE = p.PACKAGE_CODE
	where 1=1
	<isNotEmpty prepend="and" property="ecCode">
       e.EC_CODE = #ecCode#
    </isNotEmpty>
     <isNotEmpty prepend="and" property="pkgCode">
       e.package_code like '%'||#pkgCode#||'%'
    </isNotEmpty>
    <isNotEmpty prepend="and" property="startDay">
		e.stat_day<![CDATA[>=]]>replace(#startDay#, '-', '')
	</isNotEmpty>
	<isNotEmpty prepend="and" property="endDay">
		e.stat_day<![CDATA[<]]>replace(#endDay#, '-', '')
	</isNotEmpty>
       order by statMonth desc
</select>

<select id="findPkgDay" parameterClass="java.util.HashMap" resultClass="com.lenovo.iotpro3.vo.state.PackageMonthAndDayVo">
	<include refid="pageSqlStart"/>
	select e.stat_day as statMonth,
	e.package_code as pkgCode,
	p.package_name as pkgName,
	DECODE(p.PKG_TYPE,'PKG_TYPE_TEST','测试期套餐','PKG_TYPE_MONTH','月套餐','PKG_TYPE_PEACE','安心包','PKG_TYPE_REFUEL','加油包','PKG_TYPE_QUARTER','季包','PKG_TYPE_HALF_YEAR','半年包','PKG_TYPE_YEAR','年包','PKG_TYPE_IDLE','闲时流量套餐','--') as pkgType,
	NVL( e.order_total,0) as orderTotal,
	NVL( e.order_add ,0) as orderAdd,
	NVL( e.unsub_count,0) as unsubCount,
	NVL( e.effe_total,0) as effeTotal,
	NVL( e.effe_add,0) as effeAdd,
	NVL( e.invalid_count,0) as invalidCount
	from EC_PACKAGE_DAY_STAT e 
	LEFT JOIN ATOMIC_PRODUCTS p on e.PACKAGE_CODE = p.PACKAGE_CODE
	LEFT JOIN SERVICE_PKG s on s.PACKAGE_CODE = p.PACKAGE_CODE
	where 1=1
	<isNotEmpty prepend="and" property="ecCode">
           e.EC_CODE = #ecCode#
        </isNotEmpty>
         <isNotEmpty prepend="and" property="pkgCode">
           e.package_code like '%'||#pkgCode#||'%'
        </isNotEmpty>
        <isNotEmpty prepend="and" property="startMonth">
			e.stat_day<![CDATA[>=]]>replace(#startMonth#, '-', '')
		</isNotEmpty>
		<isNotEmpty prepend="and" property="endMonth">
			e.stat_day<![CDATA[<=]]>replace(#endMonth#, '-', '')
		</isNotEmpty>
		<isNotEmpty prepend="and" property="productCode">
			s.product_code in ($productCode$)
		</isNotEmpty>
		<isNotEmpty prepend="and" property="startDay">
			to_date(E.STAT_DAY,'yyyyMMdd')<![CDATA[>=]]>to_date(REPLACE (#startDay#, '-', ''),'yyyyMMdd')
		</isNotEmpty>
		<isNotEmpty prepend="and" property="endDay">
			to_date(E.STAT_DAY,'yyyyMMdd')<![CDATA[<=]]>to_date(REPLACE (#endDay#, '-', ''),'yyyyMMdd')
		</isNotEmpty>
        	order by statMonth desc
        <include refid="pageSqlEnd"/>
</select>

<select id="findPkgDayCount" parameterClass="java.util.HashMap" resultClass="Long">
	select count(*)
  	from EC_PACKAGE_DAY_STAT e
  	LEFT JOIN ATOMIC_PRODUCTS p on e.PACKAGE_CODE = p.PACKAGE_CODE
  	LEFT JOIN SERVICE_PKG s on s.PACKAGE_CODE = p.PACKAGE_CODE
 	where 1 = 1
	<isNotEmpty prepend="and" property="ecCode">
           e.EC_CODE = #ecCode#
        </isNotEmpty>
         <isNotEmpty prepend="and" property="pkgCode">
           e.package_code like '%'||#pkgCode#||'%'
        </isNotEmpty>
        <isNotEmpty prepend="and" property="startMonth">
			e.stat_day<![CDATA[>=]]>replace(#startMonth#, '-', '')
		</isNotEmpty>
		<isNotEmpty prepend="and" property="endMonth">
			e.stat_day<![CDATA[<=]]>replace(#endMonth#, '-', '')
		</isNotEmpty>
		<isNotEmpty prepend="and" property="productCode">
			s.product_code in ($productCode$)
		</isNotEmpty>
		<isNotEmpty prepend="and" property="startDay">
			to_date(E.STAT_DAY,'yyyyMMdd')<![CDATA[>=]]>to_date(REPLACE (#startDay#, '-', ''),'yyyyMMdd')
		</isNotEmpty>
		<isNotEmpty prepend="and" property="endDay">
			to_date(E.STAT_DAY,'yyyyMMdd')<![CDATA[<=]]>to_date(REPLACE (#endDay#, '-', ''),'yyyyMMdd')
		</isNotEmpty>
</select>

<select id="queryPkgInfoCount" parameterClass="java.util.HashMap" resultClass="Long">
select count(1) from (
 (SELECT       
        MP.PACKAGE_CODE as pkgCode
        FROM M2M_GRPMEM PARTITION(M2M_GRPMEM_PARTITION$part$) 
        MP ,PERSONAL_PACKAGE PP
        WHERE MP.PACKAGE_CODE=PP.PACKAGE_CODE
        AND MP.START_DATE <![CDATA[<= ]]>SYSDATE
        AND MP.END_DATE > SYSDATE
       <!--  AND MP.STATE = 'ENABLED' -->
        AND PP.STATE = '0'
        AND PP.VISIBLE='0'
        AND PP.PACKAGE_TYPE='1' 
        AND PP.BUSINESSTYPE='1'
         <isNotEmpty prepend="and" property="ecCode">
            MP.ec_code = #ecCode#
        </isNotEmpty>
        <isNotEmpty prepend="and" property="pkgCode">
            MP.PACKAGE_CODE like '%'||#pkgCode#||'%'
        </isNotEmpty>
        <isNotEmpty prepend="and" property="pkgName">
            MP.PACKAGE_NAME = #pkgName#
        </isNotEmpty>      
         group by MP.PACKAGE_CODE
        )
        union
        (SELECT        
        MP.PACKAGE_CODE as pkgCode    
        FROM M2M_PER_PKG MP ,M2M_PERSON PARTITION(M2M_PERSON_PARTITION$part$) MI,
        PERSONAL_PACKAGE PP
        WHERE MP.PACKAGE_CODE=PP.PACKAGE_CODE
        AND MP.MSISDN=MI.MSISDN
        AND MP.START_DATE <![CDATA[<= ]]>SYSDATE
        AND MP.END_DATE > SYSDATE
        <!-- AND MP.STATE = 'ENABLED' -->
        AND PP.STATE = '0'
        AND PP.VISIBLE='0'
        AND PP.PACKAGE_TYPE='1'
        AND PP.BUSINESSTYPE='1'
        <isNotEmpty prepend="and" property="ecCode">
            MI.EC_CODE = #ecCode#
        </isNotEmpty>
          <isNotEmpty prepend="and" property="pkgCode">
              MP.PACKAGE_CODE like '%'||#pkgCode#||'%'
          </isNotEmpty>
          <isNotEmpty prepend="and" property="pkgName">
              MP.PACKAGE_NAME = #pkgName#
          </isNotEmpty>
           
        group by  MP.PACKAGE_CODE
        ))

</select>

<select id="queryPkgDetail" parameterClass="java.util.HashMap" resultClass="com.lenovo.iotpro3.vo.state.PackageStatDetailVo">
 <include refid="pageSqlStart"/>
 (SELECT       
        distinct mp.msisdn msisdn,
        to_char(MP.START_DATE,'yyyy-MM-dd hh24:mm:ss') startDate,
        to_char(MP.END_DATE,'yyyy-MM-dd hh24:mm:ss') endDate
        FROM M2M_GRPMEM PARTITION(M2M_GRPMEM_PARTITION$part$) 
        MP ,PERSONAL_PACKAGE PP
        WHERE MP.PACKAGE_CODE=PP.PACKAGE_CODE
        AND MP.START_DATE <![CDATA[<= ]]>SYSDATE
        AND MP.END_DATE > SYSDATE
        AND PP.STATE = '0'
        AND PP.VISIBLE='0'
        AND PP.PACKAGE_TYPE='1' 
        AND PP.BUSINESSTYPE='1'
         <isNotEmpty prepend="and" property="ecCode">
            MP.ec_code = #ecCode#
        </isNotEmpty>
        <isNotEmpty prepend="and" property="pkgCode">
            MP.PACKAGE_CODE like '%'||#pkgCode#||'%'
        </isNotEmpty>
             
        )
        union
        (SELECT        
        distinct mp.msisdn msisdn,
        to_char(MP.START_DATE,'yyyy-MM-dd hh24:mm:ss') startDate,
        to_char(MP.END_DATE,'yyyy-MM-dd hh24:mm:ss') endDate   
        FROM M2M_PER_PKG MP ,M2M_PERSON PARTITION(M2M_PERSON_PARTITION$part$) MI,
        PERSONAL_PACKAGE PP
        WHERE MP.PACKAGE_CODE=PP.PACKAGE_CODE
        AND MP.MSISDN=MI.MSISDN
        AND MP.START_DATE <![CDATA[<= ]]>SYSDATE
        AND MP.END_DATE > SYSDATE
        <!-- AND MP.STATE = 'ENABLED' -->
        AND PP.STATE = '0'
        AND PP.VISIBLE='0'
        AND PP.PACKAGE_TYPE='1'
        AND PP.BUSINESSTYPE='1'
        <isNotEmpty prepend="and" property="ecCode">
            MI.EC_CODE = #ecCode#
        </isNotEmpty>
          <isNotEmpty prepend="and" property="pkgCode">
              MP.PACKAGE_CODE like '%'||#pkgCode#||'%'
          </isNotEmpty>
         
        )
  <include refid="pageSqlEnd"/>
</select>

<select id="queryPkgDetailCount" parameterClass="java.util.HashMap" resultClass="Long">

 select count(1) from(
 (SELECT       
        distinct mp.msisdn msisdn,
        to_char(MP.START_DATE,'yyyy-MM-dd hh24:mm:ss') startDate,
        to_char(MP.END_DATE,'yyyy-MM-dd hh24:mm:ss') endDate
        FROM M2M_GRPMEM PARTITION(M2M_GRPMEM_PARTITION$part$) 
        MP ,PERSONAL_PACKAGE PP
        WHERE MP.PACKAGE_CODE=PP.PACKAGE_CODE
        AND MP.START_DATE <![CDATA[<= ]]>SYSDATE
        AND MP.END_DATE > SYSDATE
        AND PP.STATE = '0'
        AND PP.VISIBLE='0'
        AND PP.PACKAGE_TYPE='1' 
        AND PP.BUSINESSTYPE='1'
         <isNotEmpty prepend="and" property="ecCode">
            MP.ec_code = #ecCode#
        </isNotEmpty>
        <isNotEmpty prepend="and" property="pkgCode">
            MP.PACKAGE_CODE like '%'||#pkgCode#||'%'
        </isNotEmpty>
            
        )
        union
        (SELECT        
        distinct mp.msisdn msisdn,
        to_char(MP.START_DATE,'yyyy-MM-dd hh24:mm:ss') startDate,
        to_char(MP.END_DATE,'yyyy-MM-dd hh24:mm:ss') endDate   
        FROM M2M_PER_PKG MP ,M2M_PERSON PARTITION(M2M_PERSON_PARTITION$part$) MI,
        PERSONAL_PACKAGE PP
        WHERE MP.PACKAGE_CODE=PP.PACKAGE_CODE
        AND MP.MSISDN=MI.MSISDN
        AND MP.START_DATE <![CDATA[<= ]]>SYSDATE
        AND MP.END_DATE > SYSDATE
        <!-- AND MP.STATE = 'ENABLED' -->
        AND PP.STATE = '0'
        AND PP.VISIBLE='0'
        AND PP.PACKAGE_TYPE='1'
        AND PP.BUSINESSTYPE='1'
        <isNotEmpty prepend="and" property="ecCode">
            MI.EC_CODE = #ecCode#
        </isNotEmpty>
          <isNotEmpty prepend="and" property="pkgCode">
              MP.PACKAGE_CODE like '%'||#pkgCode#||'%'
          </isNotEmpty>
         
          ) 
        )

</select>


<select id="pkgInfoExport" parameterClass="java.util.HashMap" resultClass="com.lenovo.iotpro3.vo.state.PackageStatVo">

 (SELECT
       (case when  max(PP.PACKAGE_CHANNEL)='1' then '专用' when  max(PP.PACKAGE_CHANNEL)='2' then '通用' else '' end) apnType,
       (case when  max(PP.FLOWPACKAGETYPE)='1' then '月套餐' when  max(PP.FLOWPACKAGETYPE)='2' then '跨月套餐' else '叠加包' end) pkgType,
        count(distinct  case when  MP.STATE = 'ENABLED' then mp.msisdn else null end) totalMem,
        count(distinct case when MP.START_DATE >= add_months(last_day(SYSDATE)+1,-1) and MP.STATE = 'ENABLED' then  mp.msisdn else null end) increaseMem,
        count(distinct case when MP.STATE_TIME >= add_months(last_day(SYSDATE)+1,-1) and MP.STATE = 'DISABLED'  then  mp.msisdn else null end) decreaseMem,              
        max(PP.PACKAGE_NAME) as pkgName ,
        MP.PACKAGE_CODE as pkgCode,
        max(PP.DETAIL) detail 
        FROM M2M_GRPMEM PARTITION(M2M_GRPMEM_PARTITION$part$) 
        MP ,PERSONAL_PACKAGE PP
        WHERE MP.PACKAGE_CODE=PP.PACKAGE_CODE
        AND MP.START_DATE <![CDATA[<= ]]>SYSDATE
        AND MP.END_DATE > SYSDATE
        <!-- AND MP.STATE = 'ENABLED' -->
        AND PP.STATE = '0'
        AND PP.VISIBLE='0'
        AND PP.PACKAGE_TYPE='1' 
        AND PP.BUSINESSTYPE='1'
         <isNotEmpty prepend="and" property="ecCode">
            MP.ec_code = #ecCode#
        </isNotEmpty>
        <isNotEmpty prepend="and" property="pkgCode">
            MP.PACKAGE_CODE like '%'||#pkgCode#||'%'
        </isNotEmpty>
        <isNotEmpty prepend="and" property="pkgName">
            MP.PACKAGE_NAME = #pkgName#
        </isNotEmpty>      
         group by MP.PACKAGE_CODE
        )
        union
        (SELECT
        (case when  max(PP.PACKAGE_CHANNEL)='1' then '专用' when  max(PP.PACKAGE_CHANNEL)='2' then '通用' else '' end) apnType,
        (case when  max(PP.FLOWPACKAGETYPE)='1' then '月套餐' when  max(PP.FLOWPACKAGETYPE)='2' then '跨月套餐' else '叠加包' end) pkgType,
        count(distinct  case when  MP.STATE = 'ENABLED' then mp.msisdn else null end) totalMem,
        count(distinct case when MP.START_DATE >= add_months(last_day(SYSDATE)+1,-1) and MP.STATE = 'ENABLED'  then  mp.msisdn else null end) increaseMem,
        count(distinct case when MP.STATE_TIME >= add_months(last_day(SYSDATE)+1,-1) and MP.STATE = 'DISABLED'  then  mp.msisdn else null end) decreaseMem,       
        max(PP.PACKAGE_NAME) as pkgName,
        MP.PACKAGE_CODE as pkgCode,
        max(PP.DETAIL) detail    
        FROM M2M_PER_PKG MP ,M2M_PERSON PARTITION(M2M_PERSON_PARTITION$part$) MI,
        PERSONAL_PACKAGE PP
        WHERE MP.PACKAGE_CODE=PP.PACKAGE_CODE
        AND MP.MSISDN=MI.MSISDN
        AND MP.START_DATE <![CDATA[<= ]]>SYSDATE
        AND MP.END_DATE > SYSDATE
        <!-- AND MP.STATE = 'ENABLED' -->
        AND PP.STATE = '0'
        AND PP.VISIBLE='0'
        AND PP.PACKAGE_TYPE='1'
        AND PP.BUSINESSTYPE='1'
        <isNotEmpty prepend="and" property="ecCode">
            MI.EC_CODE = #ecCode#
        </isNotEmpty>
          <isNotEmpty prepend="and" property="pkgCode">
              MP.PACKAGE_CODE like '%'||#pkgCode#||'%'
          </isNotEmpty>
          <isNotEmpty prepend="and" property="pkgName">
              MP.PACKAGE_NAME = #pkgName#
          </isNotEmpty>
           
        group by  MP.PACKAGE_CODE
        )

</select>

<select id="pkgDetailExport" parameterClass="java.util.HashMap" resultClass="com.lenovo.iotpro3.vo.state.PackageStatDetailVo">
 (SELECT     
        distinct MP.PACKAGE_CODE pkgCode,
        MP.PACKAGE_NAME pkgName,  
        mp.msisdn msisdn,
        to_char(MP.START_DATE,'yyyy-MM-dd hh24:mm:ss') startDate,
        to_char(MP.END_DATE,'yyyy-MM-dd hh24:mm:ss') endDate
        FROM M2M_GRPMEM PARTITION(M2M_GRPMEM_PARTITION$part$) 
        MP ,PERSONAL_PACKAGE PP
        WHERE MP.PACKAGE_CODE=PP.PACKAGE_CODE
        AND MP.START_DATE <![CDATA[<= ]]>SYSDATE
        AND MP.END_DATE > SYSDATE
        AND PP.STATE = '0'
        AND PP.VISIBLE='0'
        AND PP.PACKAGE_TYPE='1' 
        AND PP.BUSINESSTYPE='1'
         <isNotEmpty prepend="and" property="ecCode">
            MP.ec_code = #ecCode#
        </isNotEmpty>
        <isNotEmpty prepend="and" property="pkgCode">
            MP.PACKAGE_CODE like '%'||#pkgCode#||'%'
        </isNotEmpty>
             
        )
        union
        (SELECT        
        distinct MP.PACKAGE_CODE pkgCode,
        MP.PACKAGE_NAME pkgName, 
        mp.msisdn msisdn,
        to_char(MP.START_DATE,'yyyy-MM-dd hh24:mm:ss') startDate,
        to_char(MP.END_DATE,'yyyy-MM-dd hh24:mm:ss') endDate   
        FROM M2M_PER_PKG MP ,M2M_PERSON PARTITION(M2M_PERSON_PARTITION$part$) MI,
        PERSONAL_PACKAGE PP
        WHERE MP.PACKAGE_CODE=PP.PACKAGE_CODE
        AND MP.MSISDN=MI.MSISDN
        AND MP.START_DATE <![CDATA[<= ]]>SYSDATE
        AND MP.END_DATE > SYSDATE
        <!-- AND MP.STATE = 'ENABLED' -->
        AND PP.STATE = '0'
        AND PP.VISIBLE='0'
        AND PP.PACKAGE_TYPE='1'
        AND PP.BUSINESSTYPE='1'
        <isNotEmpty prepend="and" property="ecCode">
            MI.EC_CODE = #ecCode#
        </isNotEmpty>
          <isNotEmpty prepend="and" property="pkgCode">
              MP.PACKAGE_CODE like '%'||#pkgCode#||'%'
          </isNotEmpty>
         
        )
</select>

<select id="pkginfocount" parameterClass="java.util.HashMap" resultClass="java.util.HashMap">
 (SELECT
       
        count(distinct mp.msisdn) totalmem                  
        FROM M2M_GRPMEM PARTITION(M2M_GRPMEM_PARTITION$part$) MP              
        AND MP.STATE = 'DISABLED'      
        <isNotEmpty prepend="and" property="ecCode">
            MP.ec_code = #ecCode#
        </isNotEmpty>
         <isNotEmpty prepend="and" property="pkgCode">
            MP.PACKAGE_CODE like '%'||#pkgCode#||'%'
        </isNotEmpty>
        )
        union
        
        FROM M2M_PER_PKG MP ,M2M_PERSON PARTITION(M2M_PERSON_PARTITION$part$) MI
       
        WHERE MP.MSISDN=MI.MSISDN
        AND MP.START_DATE <![CDATA[<= ]]>SYSDATE
        AND MP.END_DATE > SYSDATE
        
        <isNotEmpty prepend="and" property="ecCode">
            MI.EC_CODE = #ecCode#
        </isNotEmpty>
        <isNotEmpty prepend="and" property="pkgCode">
            MP.PACKAGE_CODE like '%'||#pkgCode#||'%'
        </isNotEmpty>
           
        )

</select>


<select id="queryPkgChart" parameterClass="java.util.HashMap" resultClass="com.lenovo.iotpro3.vo.state.PackageStatChart">
     select  
        count(distinct  case when  MP.STATE = 'ENABLED' then mp.msisdn else null end) totalMem,
        count(distinct case when MP.START_DATE >= add_months(last_day(SYSDATE)+1,$start$) and MP.STATE = 'ENABLED' then  mp.msisdn else null end) increaseMem,
        count(distinct case when MP.STATE_TIME >= add_months(last_day(SYSDATE)+1,$start$) and MP.STATE = 'DISABLED'  then  mp.msisdn else null end) decreaseMem                    
   from
   (SELECT     
        mp.msisdn,
        MP.START_DATE,
        MP.STATE_TIME,
        MP.STATE
        FROM M2M_GRPMEM PARTITION(M2M_GRPMEM_PARTITION$part$) 
        MP ,PERSONAL_PACKAGE PP
        WHERE MP.PACKAGE_CODE=PP.PACKAGE_CODE
        AND MP.START_DATE <![CDATA[<= ]]>SYSDATE
        AND MP.END_DATE > add_months(last_day(SYSDATE),$start$+1)
        <!-- AND MP.STATE = 'ENABLED' -->
        AND PP.STATE = '0'
        AND PP.VISIBLE='0'
        AND PP.PACKAGE_TYPE='1' 
        AND PP.BUSINESSTYPE='1'
         <isNotEmpty prepend="and" property="ecCode">
            MP.ec_code = #ecCode#
        </isNotEmpty>
        <isNotEmpty prepend="and" property="pkgCode">
            MP.PACKAGE_CODE like '%'||#pkgCode#||'%'
        </isNotEmpty>
        <isNotEmpty prepend="and" property="pkgName">
            MP.PACKAGE_NAME = #pkgName#
        </isNotEmpty>      
                
        union
        SELECT     
        mp.msisdn,
        MP.START_DATE,
        MP.STATE_TIME,
        MP.STATE
        FROM M2M_PER_PKG MP ,M2M_PERSON PARTITION(M2M_PERSON_PARTITION$part$) MI,
        PERSONAL_PACKAGE PP
        WHERE MP.PACKAGE_CODE=PP.PACKAGE_CODE
        AND MP.MSISDN=MI.MSISDN
        AND MP.START_DATE <![CDATA[<= ]]>SYSDATE
        AND MP.END_DATE > add_months(last_day(SYSDATE),$start$+1)
        <!-- AND MP.STATE = 'ENABLED' -->
        AND PP.STATE = '0'
        AND PP.VISIBLE='0'
        AND PP.PACKAGE_TYPE='1'
        AND PP.BUSINESSTYPE='1'
        <isNotEmpty prepend="and" property="ecCode">
            MI.EC_CODE = #ecCode#
        </isNotEmpty>
          <isNotEmpty prepend="and" property="pkgCode">
              MP.PACKAGE_CODE like '%'||#pkgCode#||'%'
          </isNotEmpty>
          <isNotEmpty prepend="and" property="pkgName">
              MP.PACKAGE_NAME = #pkgName#
          </isNotEmpty>
           
      
        )mp

</select>

<select id="queryPkgTotleByMonth" parameterClass="java.util.HashMap" resultClass="com.lenovo.iotpro3.vo.state.PackageMonthAndDayVo">
	select stat_date statMonth,package_code pkgCode,package_name pkgName,total_sim_count orderTotal 
	from RPT_EC_PKG_STAT_MM where 1=1 
	and ec_id=#ecId# 
	and stat_date=#month# 
</select>

</sqlMap>