<?xml version="1.0" encoding="UTF-8"?>
<!DOCTYPE sqlMap
 PUBLIC "-//ibatis.apache.org//DTD SQL Map 2.0//EN"
 "http://ibatis.apache.org/dtd/sql-map-2.dtd">
 
 <sqlMap>
 
 	<sql id="queryAllApn">
 		
 		select distinct p.apn_name,p.msisdn  from IOV_PRI_PKG p  where p.state = 'ENABLED' <!-- 资费套餐 -->
 		
 		union 
 		select distinct p.apn_name,p.msisdn  from IOV_FUNC_PKG p  where p.state = 'ENABLED' <!-- 功能套餐 -->	
 		
 		union 
 		select distinct p.apn_name,p.msisdn  from IOV_OTH_PKG p  where p.state = 'ENABLED' <!-- 其他套餐 -->
 	</sql>
 	
 	<sql id="findByIovApn">
		select 1
		from <include refid="queryFUNCTableName"/> mai ,<include refid="queryAPNTableName"/> m
		where mai.state='ENABLED'
		and m.state='ENABLED'
		AND mai.start_date <![CDATA[<= ]]>SYSDATE
		AND mai.end_date >= SYSDATE
		and mai.msisdn=p.msisdn
		and mai.msisdn=m.msisdn
		and mai.APN_NAME = #apnName#
	</sql>

	<sql id="findByIovPkg">
		<!-- 资费套餐 -->
		SELECT 1
		FROM <include refid="queryPKGTableName"/> MP
		where MP.STATE = 'ENABLED'
		and mp.msisdn=p.msisdn
		AND MP.START_DATE <![CDATA[<= ]]>SYSDATE
		AND MP.END_DATE >= SYSDATE
		<isNotEmpty prepend="and" property="pkgCode">
			MP.PACKAGE_CODE = #pkgCode#
		</isNotEmpty>
		union 
		<!-- 功能套餐 -->
		SELECT 1
		FROM <include refid="queryFUNCTableName"/> MP
		where MP.STATE = 'ENABLED'
		and mp.msisdn=p.msisdn
		AND MP.START_DATE <![CDATA[<= ]]>SYSDATE
		AND MP.END_DATE >= SYSDATE
		<isNotEmpty prepend="and" property="pkgCode">
			MP.PACKAGE_CODE = #pkgCode#
		</isNotEmpty>
		union 
		<!-- 其他套餐 -->
		SELECT 1
		FROM <include refid="queryOtherTableName"/> MP
		where MP.STATE = 'ENABLED'
		and mp.msisdn=p.msisdn
		AND MP.START_DATE <![CDATA[<= ]]>SYSDATE
		AND MP.END_DATE >= SYSDATE
		<isNotEmpty prepend="and" property="pkgCode">
			MP.PACKAGE_CODE = #pkgCode#
		</isNotEmpty>
	</sql>
 
 	<select id="findApnList" resultClass="com.lenovo.iovpro.vo.flowManage.PackageInfoVo">
 	
 		SELECT t.APN_NAME AS apnName
		FROM(
			<isNotEmpty property="mainType">
		          <isEqual property="mainType" compareValue="1"><!-- 车联网主体产品 -->
		                SELECT APN_NAME FROM IOV_PRI_PKG WHERE EC_CODE = #ecCode# GROUP BY APN_NAME
						UNION
						SELECT APN_NAME FROM IOV_FUNC_PKG WHERE EC_CODE = #ecCode# GROUP BY APN_NAME
						UNION
						SELECT APN_NAME FROM IOV_OTH_PKG WHERE EC_CODE = #ecCode# GROUP BY APN_NAME
		          </isEqual>
		          <isEqual property="mainType" compareValue="2"><!-- 机器卡主体产品 -->
		             	SELECT APN_NAME FROM MAC_PRI_PKG WHERE EC_CODE = #ecCode# GROUP BY APN_NAME
						UNION
						SELECT APN_NAME FROM MAC_FUNC_PKG WHERE EC_CODE = #ecCode# GROUP BY APN_NAME
						UNION
						SELECT APN_NAME FROM MAC_OTH_PKG WHERE EC_CODE = #ecCode# GROUP BY APN_NAME
		          </isEqual>
		          <isEqual property="mainType" compareValue="3"><!-- NB-IOT主体产品 -->
		                SELECT APN_NAME FROM NB_PRI_PKG WHERE EC_CODE = #ecCode# GROUP BY APN_NAME
						UNION
						SELECT APN_NAME FROM NB_FUNC_PKG WHERE EC_CODE = #ecCode# GROUP BY APN_NAME
						UNION
						SELECT APN_NAME FROM NB_OTH_PKG WHERE EC_CODE = #ecCode# GROUP BY APN_NAME
		          </isEqual>
		          <isEqual property="mainType" compareValue="4"><!-- 和对讲主体产品HDJ -->
						SELECT APN_NAME FROM WLW_PRI_PKG WHERE EC_CODE = #ecCode# GROUP BY APN_NAME
			            UNION
			            SELECT APN_NAME FROM WLW_FUNC_PKG WHERE EC_CODE = #ecCode# GROUP BY APN_NAME
			            UNION
			            SELECT APN_NAME FROM WLW_OTH_PKG WHERE EC_CODE = #ecCode# GROUP BY APN_NAME
				  </isEqual>
		          <isEqual property="mainType" compareValue="6"><!-- 9105 -->
		                SELECT APN_NAME FROM PRI_PKG_9105 WHERE EC_CODE = #ecCode# GROUP BY APN_NAME
						UNION
						SELECT APN_NAME FROM FUNC_PKG_9105 WHERE EC_CODE = #ecCode# GROUP BY APN_NAME
						UNION
						SELECT APN_NAME FROM OTH_PKG_9105 WHERE EC_CODE = #ecCode# GROUP BY APN_NAME
		          </isEqual>
		     </isNotEmpty>
		     <isEmpty property="mainType">
		                  <!--  m2m_grpmem -->
		     </isEmpty>
		) t 
		WHERE t.APN_NAME IS NOT NULL
 	
 		<!-- select distinct p.apn_name apnName from 
 		(<include refid="queryAllApn"/>) p,
 		IOV_CARD m
 		where m.msisdn = p.msisdn 
 		and m.ec_code = #ecCode#
 		and p.apn_name is not null -->
 		
 		<!-- SELECT
		MP.APN_NAME apnName
		FROM group_apn_info MP
		where EC_CODE=#ecCode# -->
 	</select>
 	
 	<select id="findEnabledIovPkgForAdd" resultClass="com.lenovo.iovpro.vo.flowManage.PackageInfoVo" resultSetType="SCROLL_INSENSITIVE">
 		select a.package_code as packageCode,
           a.package_name as packageName,
           (case when a.UNIT_VALUE is not null
           		 then a.UNIT_VALUE||a.UNIT
           		 else '0M'
           end) as freeSource,
           (case when a.amount is not null
           		 then a.amount
           		 else 0
           end)as amount,
           a.PKG_TYPE as packageType
      from EC_PACKAGE_REL pac
      join atomic_products a on pac.package_code=a.package_code
      where 1=1
      and a.BUS_CATEGORY='FLOW'
      and a.state='ENABLED'
	  and (a.is_default = '1' or a.CAN_HANDLE = '1')
	  and pac.ec_code = #ecCode#
      and a.package_code not in
       (select package_code from ec_package_rel where relationship = 'black' and ec_code = #ecCode#)
       <isEmpty property="count" prepend="and"><!-- 共享池 -->
       	 a.package_code not in ('IOT.SHARE.basislIMIT','IOT.SHARE.basislIMITDX','IOT.SHARE.addLIMIT','IOT.SHARE.addLIMITDX','IOT.CMPOOL.basislIMIT',
       	'IOT.CMPOOL.addLIMIT','IOT.DXPOOL.basislIMIT','IOT.DXPOOL.addLIMIT','IOT.EXCMPOOL.basislIMIT','IOT.EXCMPOOL.addlIMIT','IOT.EXDXPOOL.basislIMIT',
       	'IOT.EXDXPOOL.addLIMIT','iotprod.10086000015641','iotprod.10086000015642','iotprod.10086000015643','iotprod.10086000015644',
       	'iotprod.10086000015644','iotprod.10086000015646')
       </isEmpty>
        <isEmpty property="countIden" prepend="and"><!-- 内容计费 -->
       	 a.package_code not in ('iotprod.10086000016332','iotprod.10086000016333','iotprod.10086000016334','iotprod.10086000016335')
       </isEmpty>
   		<isNotEmpty property="packageType" prepend="and">
   			<isEqual property="packageType" compareValue="1" >
   				a.pkg_type='PKG_TYPE_MONTH' 
   			</isEqual>
   			<isEqual property="packageType" compareValue="2" >
   				a.pkg_type='PKG_TYPE_REFUEL' 
   			</isEqual>
   			<isEqual property="packageType" compareValue="3" >
   				a.pkg_type in ('PKG_TYPE_QUARTER','PKG_TYPE_HALF_YEAR','PKG_TYPE_YEAR') 
   			</isEqual>
   			<isEqual property="packageType" compareValue="4" >
   				a.pkg_type='PKG_TYPE_PEACE' 
   			</isEqual>
   			<isEqual property="packageType" compareValue="5" >
   				a.pkg_type='PKG_TYPE_MARKET' 
   			</isEqual>
   			<isEqual property="packageType" compareValue="6" >
   				a.pkg_type='PKG_TYPE_LIMIT' 
   			</isEqual>
   		</isNotEmpty>
   		<isNotEmpty property="inputPkg" prepend="and">
   			(a.package_code like '%'||#inputPkg#||'%' or
   			a.package_name like '%'||#inputPkg#||'%') 
   		</isNotEmpty>
 	</select>
 	
 	<select id="queryIovPkgMsisdnList" resultClass="com.lenovo.iotpro3.vo.asset.MsisdnManageVo">
	    select sub.msisdn,
	    		sub.iccid,
       			IOT_AES_CRYPT(sub.msisdn,1) as encryptData,
	           (case sub.run_code
	        when 'TEST' then
	             '测试期'
	        when 'SILENT' then
	             '沉默期'
	        when 'STOCK' then
	             '库存期'
	        when 'NORMAL' then
	             '正使用'
	        when 'STOP' then
	             '停机'
	        when 'PRECLOSE' then
	             '预约销户'
	        when 'CANCEL' then
	             '销户'
	        when 'OTHERS' then
	             '其他'
	        else
	             '-'
	        end) runCode,
	           to_char(sub.open_time,'yyyy-mm-dd hh24:mi:ss') as openTime ,
	           sub.IOV_MSG  iovMsg,<!-- 机车设备信息 -->
	           sub.REMARK remark
	           from (
	       <include refid="pageSqlStart"/>
	           select p.msisdn,max(p.iccid) iccid,max(p.life_cycle) run_code,max(p.open_time) open_time ,max(p.IOV_MSG) IOV_MSG, max(p.REMARK) REMARK
	           from <include refid="findMsisdnByTablePartion"/> p
	           where p.state='ENABLED' 
		   <isNotEmpty prepend="and" property="ecCode">
		       p.ec_code = #ecCode# 
		   </isNotEmpty>
		   <isNotEmpty prepend="and" property="content">
		   		<iterate property="content" open="(" close=")" conjunction="or">
					p.msisdn like '%'||#content[]#||'%' or p.IOV_MSG like '%'||#content[]#||'%' or p.REMARK like '%'||#content[]#||'%'
				</iterate>
		   </isNotEmpty>
		   <!-- <isNotEmpty property="rightType">
			    <isEqual property="rightType" compareValue="2">0：超级管理员 1：企业管理员 2：部门管理员
	    			and exists (select 1  from pro_asset b where p.msisdn=b.msisdn and b.dept_id in (<include refid="findDeptIdsByUserRights"/>))
				</isEqual>
		   </isNotEmpty> -->
		   <isNotEmpty prepend="and" property="lifecycle">
				p.life_cycle=#lifecycle#
	    	</isNotEmpty>
	     <isNotEmpty prepend="and" property="pkgCode">
	       exists (<include refid="findByPkg"/>) 
	    </isNotEmpty>
	    <isNotEmpty prepend="and" property="apnName">
	       exists (<include refid="findByIovApn"/>) 
	    </isNotEmpty>
	      group by p.msisdn  
	      order by p.msisdn  
	   <include refid="pageSqlEnd"/>
	   ) sub    
	</select>
	
	<select id="queryIovPkgMsisdnListCount" resultClass="java.lang.Long">
	    select  count(distinct p.msisdn)
	           from <include refid="findMsisdnByTablePartion"/> p
	           where p.state='ENABLED' 
		   <isNotEmpty prepend="and" property="ecCode">
		       p.ec_code = #ecCode# 
		   </isNotEmpty>
		   <isNotEmpty prepend="and" property="content">
		   		<iterate property="content" open="(" close=")" conjunction="or">
					p.msisdn like '%'||#content[]#||'%' or p.IOV_MSG like '%'||#content[]#||'%' or p.REMARK like '%'||#content[]#||'%'
				</iterate>
		   </isNotEmpty>
		  <!--  <isNotEmpty  property="rightType">
			    <isEqual property="rightType" compareValue="2">0：超级管理员 1：企业管理员 2：部门管理员
	    			and exists (select 1  from pro_asset b where p.msisdn=b.msisdn and b.dept_id in (<include refid="findDeptIdsByUserRights"/>))
				</isEqual>
		   </isNotEmpty> -->
		   <isNotEmpty prepend="and" property="lifecycle">
				p.life_cycle=#lifecycle#
	    	</isNotEmpty>
	    
	    <isNotEmpty prepend="and" property="pkgCode">
	       exists (<include refid="findByPkg"/>) 
	    </isNotEmpty>
	    <isNotEmpty prepend="and" property="apnName">
	       exists (<include refid="findByIovApn"/>) 
	    </isNotEmpty>
	</select>
	
	<!-- I00010300040 共享池 ,I00010300045/I00010300046 流量池 ,I00010300047/I00010300048 多APN  -->
    <select id="isIovFlowExist" resultClass="java.lang.Integer">
   		 select 1 from FLUX_POOL_MEM where POOL_PACKAGE in ('I00010300040','I00010300047','I00010101843','I00010101844','I00010111843','I00010111844','I00010700443','I00010700444','I00010100443','I00010100444')
   		 and ec_code = #ecCode#
 		 <isNotEmpty prepend="and" property="msisdn">
	       	msisdn = #msisdn#
	     </isNotEmpty>
    </select>
    
    <!-- 是否属于当前选择的APNNAME  -->
    <select id="isIovApnExist" resultClass="java.lang.Integer">
   		 <!-- select 1 from IOV_CONNECT_INFO where STATE = 'ENABLED'
   		 and APN_NAME = #apnName#
   		 and msisdn = #msisdn# -->
   		 
   		select 1
		from <include refid="queryFUNCTableName"/> mai ,<include refid="queryAPNTableName"/> m
		where mai.state='ENABLED'
		where m.state='ENABLED'
		AND mai.start_date <![CDATA[<= ]]>SYSDATE
		AND mai.end_date >= SYSDATE
		and mai.msisdn=m.msisdn
		and mai.msisdn=#msisdn#
		and mai.APN_NAME = #apnName#
    </select>
    
     <!-- 是否已订购基础限额产品 -->
   <select id="isIovExistLimit" resultClass="java.lang.Integer">
   select t1.count + t2.count + t3.count 
         from 
        (select count(1) as count  from 
        <include refid="queryPKGTableName"/>  m  <!-- 资费套餐 -->
        where m.package_code = #packageCode#
        and m.ec_code=#ecCode#
        and m.msisdn=#msisdn#) t1,
        (select count(1) as count  from 
        <include refid="queryFUNCTableName"/>  m   <!-- 功能套餐 -->
        where m.package_code = #packageCode#
        and m.ec_code=#ecCode#
        and m.msisdn=#msisdn#) t2,
        (select count(1) as count  from 
        <include refid="queryOtherTableName"/>  m   <!-- 其他套餐 -->
        where m.package_code = #packageCode#
        and m.ec_code=#ecCode#
        and m.msisdn=#msisdn#) t3
    </select>
    
    <select id="findIovCardPackageCount" resultClass="java.lang.Integer">
   select t1.count
         from 
        (select count(1) as count  from 
        <include refid="findPkgByTablePartion"/> m, atomic_products a
        where m.package_code = a.package_code
        and a.BUS_CATEGORY='FLOW'
        <!-- and m.ec_code=#ecCode# -->
        and m.msisdn=#msisdn#) t1           
    </select>
	
	<select id="shareIovCount"  resultClass="java.lang.Long">  
         select
       	 count(1)      
         from FLUX_POOL_MEM_SHARE
         where 1 = 1
           <isNotEmpty prepend="and" property="ecCode">
               ec_code=#ecCode#
           </isNotEmpty>
           and stat_month=to_char(sysdate,'yyyy-MM')
    </select>
    
    
    <select id="queryIovPkgForModifyByPage" resultClass="com.lenovo.iotpro3.vo.tariff.PackageInfoVo">
		   select 
		   sub.msisdn,
		   sub.iccid,
       	   sub.encryptData,
		   sub.apn_name,
		   sub.packageCode,
		   sub.packageName,
		   sub.startDate,
		   sub.endDate,
		  (case sub.runCode
		        when 'TEST' then
		             '测试期'
		        when 'SILENT' then
		             '沉默期'
		        when 'STOCK' then
		             '库存期'
		        when 'NORMAL' then
		             '正使用'
		        when 'STOP' then
		             '停机'
		        when 'PRECLOSE' then
		             '预约销户'
		        when 'CANCEL' then
		             '销户'
		        when 'OTHERS' then
		             '其他'
		        else
		             '-'
		        end) as status,
		   sub.packageType
		   from(
		    <include refid="pageSqlStart"/>
		   select /*+index(mg,<include refid="findByPriPkg"/>)*/ mg.msisdn,
		   mp.iccid,
           IOT_AES_CRYPT(mg.msisdn, 1) as encryptData,
		   mg.apn_name,
		   mg.package_code packageCode,
		   ap.package_name packageName,
		   mg.start_date startDate,
		   mg.end_date endDate,
		   mp.run_code runCode,
		    (case ap.CHANNEL when 'GENERAL' then '通用月套餐' when 'SPECIAL' then '专用月套餐' else '月套餐' end)as packageType      
		    from <include refid="findPkgByTablePartion"/> mg,
		   (select msisdn,max(iccid) as iccid, 
		        max(life_cycle) as run_code
		      from <include refid="findMsisdnByTablePartion"/> p
		    where 1=1
		    and p.state='ENABLED'
		    <isNotEmpty prepend="and" property="ecCode">
		      p.ec_code = #ecCode#
		    </isNotEmpty>
		    <!-- <isNotEmpty property="rightType">
			    <isEqual property="rightType" compareValue="2">0：超级管理员 1：企业管理员 2：部门管理员
	    			and exists (select 1  from pro_asset b where p.msisdn=b.msisdn and b.dept_id in (<include refid="findDeptIdsByUserRights"/>))
				</isEqual>
			</isNotEmpty> -->
		    <isNotEmpty prepend="and" property="runCode"> <!-- 生命周期 -->
					p.life_cycle=#runCode#
		    </isNotEmpty>
		    
		    group by msisdn) mp ,atomic_products ap
		     where 1=1
		   and mg.msisdn=mp.msisdn
		   and ap.package_code=mg.package_code
		   and mg.state = 'ENABLED'
		   and ap.visible='1' 
		   and ap.BUS_CATEGORY='FLOW'
		   and ap.pkg_type='PKG_TYPE_MONTH'
		   <isNotEmpty prepend="and" property="apnName">
		      mg.apn_name = #apnName#
		    </isNotEmpty>
		   <isNotEmpty prepend="and" property="packageCode">
		     mg.package_code like '%'||#packageCode#||'%'
		    </isNotEmpty>
		    <isNotEmpty prepend="and" property="packageName">
		     ap.package_name like '%'||#packageName#||'%'
		    </isNotEmpty>
		    <isNotEmpty prepend="and" property="msisdn">
		     mg.msisdn like '%'||#msisdn#||'%' 
		    </isNotEmpty>  
		   <isNotEmpty prepend="and" property="packageType">
		       ap.CHANNEL = #packageType#
		   </isNotEmpty>
		   <include refid="pageSqlEnd"/>
		    )sub
   </select>
   
   <!-- 查询总数 -->
        <select id="queryIovPkgForModifyCountAsOk" resultClass="java.lang.Long"> 
		   select 
		  count(*) 
		   from(
		   select mg.msisdn,
		   mg.package_code packageCode    
		    from  <include refid="findPkgByTablePartion"/>  mg,
		   (select msisdn
		      from <include refid="findMsisdnByTablePartion"/> p
		    where 1=1
		    and p.state='ENABLED'
		    <isNotEmpty prepend="and" property="ecCode">
		      p.ec_code = #ecCode#
		    </isNotEmpty>
		    <!-- <isNotEmpty property="rightType">
			    <isEqual property="rightType" compareValue="2">0：超级管理员 1：企业管理员 2：部门管理员
	    			and exists (select 1  from pro_asset b where p.msisdn=b.msisdn and b.dept_id in (<include refid="findDeptIdsByUserRights"/>))
				</isEqual>
			</isNotEmpty> -->
		    <isNotEmpty prepend="and" property="runCode">
					p.life_cycle=#runCode#
		    	</isNotEmpty>
		    group by msisdn) mp ,atomic_products ap
		     where 1=1
		   and mg.msisdn=mp.msisdn
		   and ap.package_code=mg.package_code
		   and mg.state = 'ENABLED'
		   and ap.visible='1' 
		   and ap.BUS_CATEGORY='FLOW'
		   and ap.pkg_type='PKG_TYPE_MONTH'
		   <isNotEmpty prepend="and" property="apnName">
		      mg.apn_name = #apnName#
		    </isNotEmpty>
		    <isNotEmpty prepend="and" property="packageCode">
		      mg.package_code like '%'||#packageCode#||'%'
		     </isNotEmpty>
		     <isNotEmpty prepend="and" property="packageName">
		      ap.package_name like '%'||#packageName#||'%'
		     </isNotEmpty>
		     <isNotEmpty prepend="and" property="msisdn">
		      mg.msisdn like '%'||#msisdn#||'%' 
		     </isNotEmpty>  
		    <isNotEmpty prepend="and" property="packageType">
		        ap.CHANNEL = #packageType#
		    </isNotEmpty>
		    )sub
		   			
   </select>
	
	<!-- 按内容计费修改-判断号码是否订购专网专号内容计费标识产品（iotprod.10086000016332） -->
 <select id="isIovIdenProd" resultClass="java.lang.Integer">
	select t1.count + t2.count + t3.count
         from 
        (select count(1) as count  from 
        <include refid="queryPKGTableName"/>  m   <!-- 资费套餐 -->
        where m.package_code = 'iotprod.10086000016332'
        <isNotEmpty property="ecCode">
			and ec_code = #ecCode#
		</isNotEmpty>
		<isNotEmpty property="msisdn">
			and m.msisdn=#msisdn#
		</isNotEmpty>
        ) t1,
        (select count(1) as count  from 
        <include refid="queryFUNCTableName"/>  m   <!-- 功能套餐 -->
        where m.package_code = 'iotprod.10086000016332'
        <isNotEmpty property="ecCode">
			and ec_code = #ecCode#
		</isNotEmpty>
		<isNotEmpty property="msisdn">
			and m.msisdn=#msisdn#
		</isNotEmpty>
        ) t2,
        (select count(1) as count  from 
        <include refid="queryOtherTableName"/>  m   <!-- 其他套餐 -->
        where m.package_code = 'iotprod.10086000016332'
        <isNotEmpty property="ecCode">
			and ec_code = #ecCode#
		</isNotEmpty>
		<isNotEmpty property="msisdn">
			and m.msisdn=#msisdn#
		</isNotEmpty>
        ) t3
 </select>
 
 <select id="findIovMemByMsisdns" resultClass="java.util.HashMap" resultSetType="SCROLL_INSENSITIVE">
   		select msisdn,case when open_time is not null then to_char(open_time,'yyyy-mm-dd hh24:mi:ss') else '无' end open_time,
   			(case run_code
		        when 'TEST' then
		             '测试期'
		        when 'SILENT' then
		             '沉默期'
		        when 'STOCK' then
		             '库存期'
		        when 'NORMAL' then
		             '正使用'
		        when 'STOP' then
		             '停机'
		        when 'PRECLOSE' then
		             '预约销户'
		        when 'CANCEL' then
		             '销户'
		        when 'OTHERS' then
		             '其他'
		        else
		             '-'
		        end) run_code
		  from (
   			   select sub.msisdn,max(sub.open_time) open_time,max(sub.life_cycle) run_code
	   			   from <include refid="queryMsisdnTableName"/> sub 
	   			   where sub.ec_code= #ecCode#
	   			   and sub.state='ENABLED'
	   			   and sub.msisdn in ($msisdns$)
				    <!-- <isNotEmpty property="rightType">
					    <isEqual property="rightType" compareValue="2">0：超级管理员 1：企业管理员 2：部门管理员
	    					and exists (select 1  from pro_asset b where sub.msisdn=b.msisdn and b.dept_id in (<include refid="findDeptIdsByUserRights"/>))
						</isEqual>
					</isNotEmpty>  -->
			  group by sub.msisdn
			)
   </select>
   
   <select id="queryIovFlowPoolByEc" resultClass="com.lenovo.iotpro3.vo.asset.FlowPoolVo">
		select    
	        fm.product_code as prdCode
	        from 
	        FLUX_POOL_MEM fm,<include refid="findMsisdnByTablePartion"/> mp
	        where
	        fm.msisdn = mp.msisdn
	        and mp.state='ENABLED'
	        and fm.EFF_TYPE=0
 	        and fm.POOL_PACKAGE in ('I00010300045','I00010300046','I00010300048','I00010101845','I00010101846','I00010111845','I00010111846','I00010100445','I00010100446','I00010700445','I00010700446')
	         <isNotEmpty prepend="and" property="ecCode">
	            fm.ec_code = #ecCode# 
	        </isNotEmpty> 
	        group by  fm.product_code
	</select>
	
	<select id="findIovEcInfoByMsisdns" resultClass="java.util.HashMap" resultSetType="SCROLL_INSENSITIVE">
		select distinct t.* from
		<include refid="findMsisdnByTablePartion" />
		t
		where 1=1
		<isNotEmpty prepend="and" property="ecCode">
			t.ec_code = #ecCode#
		</isNotEmpty>
		and t.msisdn in
		<iterate property="msisdns" open="(" close=")" conjunction=",">
			#msisdns[]#
		</iterate>
    </select>
    
    <select id="queryIovModifyPkgList" resultClass="java.util.HashMap" resultSetType="SCROLL_INSENSITIVE">
    select a.package_code,
           a.package_name,
           (case when a.UNIT_VALUE is not null
                then a.UNIT_VALUE
                else 0
           end) as unit_value,
           (case when a.amount is not null
                then a.amount
                else 0
           end)as amount,
           a.PKG_TYPE,
           a.release
      from EC_PACKAGE_REL pac
      join atomic_products a on pac.package_code=a.package_code
      where 1=1
      and a.PKG_CATEGORY='PKG_CAT_BUSINESS'  
      and a.BUS_CATEGORY='FLOW'
      and a.state='ENABLED'
    and (a.is_default = '1' or a.CAN_HANDLE = '1')
    and pac.ec_code = #ecCode#
    
   </select>
   
   <!-- 用量查询获取套餐列表，分为流量、语音、短信三种弄业务 -->
	<select id="FlowIovQueryfindEcBusPkgList" parameterClass="java.util.HashMap" resultClass="java.util.HashMap">
		select
		pro.package_code,
		pro.package_name
		from EC_PACKAGE_REL pac
		join atomic_products pro on
		pac.package_code=pro.package_code
		where pro.state='ENABLED' and
		pac.ec_code=#ecCode#
		<isNotEmpty prepend="and" property="busCategory">
			pro.bus_category = #busCategory#
		</isNotEmpty> 
			 
	</select>
	
	<select id="findIovSubscribedPackagesByPage" resultClass="com.lenovo.iotpro3.vo.tariff.PackageInfoVo">
		<include refid="pageSqlStart"/>
		select /*+index(mg,<include refid="findByPriPkg"/>)*/
			mg.msisdn,
			mp.iccid,
            IOT_AES_CRYPT(mg.msisdn, 1) as encryptData,
			mg.apn_name,
			mg.package_code packageCode,
			ap.package_name packageName,
			mg.start_date startDate,
			mg.end_date endDate,
	    (case mp.run_code
	        when 'TEST' then
	             '测试期'
	        when 'SILENT' then
	             '沉默期'
	        when 'STOCK' then
	             '库存期'
	        when 'NORMAL' then
	             '正使用'
	        when 'STOP' then
	             '停机'
	        when 'PRECLOSE' then
	             '预约销户'
	        when 'CANCEL' then
	             '销户'
	        when 'OTHERS' then
	             '其他'
	        else
	             '-'
	        end) as status,
	    (case ap.CHANNEL when 'GENERAL' then '通用月套餐' when 'SPECIAL' then '专用月套餐' else '月套餐' end)as packageType      
	    from <include refid="findPkgByTablePartion"/> mg,
	   (select msisdn,max(iccid) as iccid, 
	        max(life_cycle) as run_code
	      from <include refid="findMsisdnByTablePartion"/> p
	    where 1=1
	    and state='ENABLED'
	    <isNotEmpty prepend="and" property="ecCode">
	      ec_code = #ecCode#
	    </isNotEmpty>
	   <!--  <isNotEmpty property="rightType">
		    <isEqual property="rightType" compareValue="2">0：超级管理员 1：企业管理员 2：部门管理员
	    			and exists (select 1  from pro_asset b where p.msisdn=b.msisdn and b.dept_id in (<include refid="findDeptIdsByUserRights"/>))
			</isEqual>
		</isNotEmpty> -->
	    <isNotEmpty prepend="and" property="runCode">
				p.life_cycle=#runCode#
	    </isNotEmpty>
	    group by p.msisdn) mp ,atomic_products ap
	     where 1=1
	   and mg.msisdn=mp.msisdn
	   and ap.package_code=mg.package_code
	   and mg.state = 'ENABLED'
	   and ap.visible='1' 
	   and ap.BUS_CATEGORY='FLOW'
	   and ap.pkg_type='PKG_TYPE_MONTH'
	   and mg.end_date>=sysdate
	   <isNotEmpty prepend="and" property="apnName">
		      mg.apn_name = #apnName#
		    </isNotEmpty>
	   <isNotEmpty prepend="and" property="startTime">
	      to_char(mg.start_Date,'yyyy-MM-dd') <![CDATA[>= ]]>  #startTime#
	     </isNotEmpty>
	     <isNotEmpty prepend="and" property="endTime">
	       to_char(mg.end_Date,'yyyy-MM-dd') <![CDATA[<= ]]>  #endTime#
	     </isNotEmpty>
	    
	    <isNotEmpty prepend="and" property="packageCode">
	      mg.package_code like '%'||#packageCode#||'%'
	     </isNotEmpty>
	     <isNotEmpty prepend="and" property="packageName">
	      ap.package_name like '%'||#packageName#||'%'
	     </isNotEmpty>
	     <isNotEmpty prepend="and" property="msisdn">
	      mg.msisdn like '%'||#msisdn#||'%' 
	     </isNotEmpty>  
	    <isNotEmpty prepend="and" property="packageType">
	        ap.CHANNEL = #packageType#
	    </isNotEmpty>
	   order by mg.msisdn 
	    <include refid="pageSqlEnd"/>
	</select>
	
	<select id="findIovSubscribedPackagesCount3" resultClass="java.lang.Long">
			select count(1) from 
			(
				select 
					mg.msisdn
		    from <include refid="findPkgByTablePartion"/> mg,
		   (select msisdn, 
		        max(life_cycle) as run_code
		      from <include refid="findMsisdnByTablePartion"/> p
		    where 1=1
		    and state='ENABLED'
		    <isNotEmpty prepend="and" property="ecCode">
		      ec_code = #ecCode#
		    </isNotEmpty>
		    <!-- <isNotEmpty property="rightType">
			    <isEqual property="rightType" compareValue="2">0：超级管理员 1：企业管理员 2：部门管理员
	    			and exists (select 1  from pro_asset b where p.msisdn=b.msisdn and b.dept_id in (<include refid="findDeptIdsByUserRights"/>))
				</isEqual>
			</isNotEmpty> -->
		    <isNotEmpty prepend="and" property="runCode">
					p.life_cycle=#runCode#
		    </isNotEmpty>
		    group by p.msisdn) mp ,atomic_products ap
		     where 1=1
		   and mg.msisdn=mp.msisdn
		   and ap.package_code=mg.package_code
		   and mg.state = 'ENABLED'
		   and ap.visible='1' 
		   and ap.BUS_CATEGORY='FLOW'
		   and ap.pkg_type='PKG_TYPE_MONTH'
		   <isNotEmpty prepend="and" property="apnName">
		      mg.apn_name = #apnName#
		    </isNotEmpty>
		      <isNotEmpty prepend="and" property="startTime">
		      to_char(mg.start_Date,'yyyy-MM-dd') <![CDATA[>= ]]>  #startTime#
		     </isNotEmpty>
		     <isNotEmpty prepend="and" property="endTime">
		       to_char(mg.end_Date,'yyyy-MM-dd') <![CDATA[<= ]]>  #endTime#
		     </isNotEmpty>
		    
		    <isNotEmpty prepend="and" property="packageCode">
		      mg.package_code like '%'||#packageCode#||'%'
		     </isNotEmpty>
		     <isNotEmpty prepend="and" property="packageName">
		      ap.package_name like '%'||#packageName#||'%'
		     </isNotEmpty>
		     <isNotEmpty prepend="and" property="msisdn">
		      mg.msisdn like '%'||#msisdn#||'%' 
		     </isNotEmpty>  
		    <isNotEmpty prepend="and" property="packageType">
		        ap.CHANNEL = #packageType#
		    </isNotEmpty>
				)
	</select>
	
	<select id="findIovPackageInfoByCode" resultClass="HashMap" parameterClass="HashMap">
		select 
	    package_code,
	    package_name,
	    unit_value,
	    unit,
	    amount,
	    (
		    select count(1) from 
			(
				select  p.apn_name  from <include refid="queryPKGTableName"/> p  where p.state = 'ENABLED' <!-- 资费套餐 -->
		 		union 
		 		select  p.apn_name  from <include refid="queryFUNCTableName"/> p  where p.state = 'ENABLED' <!-- 功能套餐 -->	
		 		union 
		 		select  p.apn_name  from <include refid="queryOtherTableName"/> p  where p.state = 'ENABLED' <!-- 其他套餐 -->
			) ap where ap.apn_name is not null
	    ) apncount,
	    #status# status,
	    #msisdn# msisdn
	    from atomic_products 
	    where package_code = #packageCode#
	</select>
	
	<select id="findIccidByMsisdn2" resultClass="java.lang.String">
		SELECT iccid FROM NUM_ROUTE WHERE state = 'ENABLED' and msisdn = #msisdn#
	</select>
	
 
 
 </sqlMap>