<?xml version="1.0" encoding="UTF-8" ?>
<!DOCTYPE mapper PUBLIC "-//mybatis.org//DTD Mapper 3.0//EN" "http://mybatis.org/dtd/mybatis-3-mapper.dtd">
<mapper namespace="com.hvgroup.modules.risk.dao.EcPkgMonitorDao">
	
	<select id="findAllCities" resultType="java.util.HashMap">
		select 
		area_id areaId,
		area_name areaName 
		from areas where parent_area_id=1 order by area_id
	</select>

   <!--  <sql id="commonColumns">
    	a.*
    </sql>
    
    <sql id="commonJoins">
    </sql>
	    
	<select id="get" resultType="OrderPower">
		select
			<include refid="commonColumns"/>,
			e.EC_NAME
		from EC_PACKAGE_ORDER a 
		LEFT JOIN ENTERPRISE_CUSTOMER e ON a.EC_CODE=e.EC_CODE
		WHERE a.order_no = #{orderNo}
	</select> -->
	    
    <select id="findList" resultType="EcPkgMonitor">
    		select 
    			  t.msisdn,
    			  t.ec_code ecCode,
    			  cus.ec_name ecName,
       			  a.area_name areaName
    		from M2M_PERSON t
			left join ENTERPRISE_CUSTOMER cus on cus.ec_code = t.ec_code
			left join AREAS a on a.area_id = cus.area_id
			where t.state = 'ENABLED'
			and (exists(select 1 from ADC_SI905COMBOTRACK ad where ad.msisdn = t.msisdn) 
              	or exists(select 1 from ADC_SI906COMBOTRACK ad where ad.msisdn = t.msisdn)
              	)
			<if test="ecCode != null and ecCode != ''">
				and
				(
				t.ec_code = #{ecCode}
				)
			</if>
			<if test="msisdn != null and msisdn != ''">
				and
				(
				t.msisdn = #{msisdn}
				)
			</if>
			<if test="areaId != null and areaId != ''">
				and
				(
				cus.area_id = #{areaId}
				)
			</if>
			order by t.msisdn
   	</select>
   	
   	
   	<select id="findMsisdnPkg" resultType="EcPkgMonitor">
   		select  orderDate,
   				packageCode,
   				packagename,
   				amount
   		from (
		         select 
		               a.ORDER_DATE orderDate,
		               b.PACKAGE_CODE packageCode,
		               b.PACKAGE_NAME packagename,
		               NVL(b.AMOUNT,0) amount
		          from ADC_SI905COMBOTRACK a
		          LEFT JOIN atomic_products b on a.package_Code = b.package_code
		          where (a.opt_type = '0' or a.opt_type = '5')
		          and b.BUS_CATEGORY = 'FLOW'
		          and a.msisdn = #{msisdn}
		          <if test="ecCode != null and ecCode != ''">
					 and a.ec_code = #{ecCode}
				  </if>
		         
		        
		        UNION
		        
		        select 
		               c.order_time orderDate,
		               d.PACKAGE_CODE packageCode,
		               d.PACKAGE_NAME packagename,
		               NVL(d.AMOUNT,0) amount
		          from ADC_SI906COMBOTRACK c
		          LEFT JOIN atomic_products d on c.package_code = d.package_code
		          where (c.oper_type = 'I')
		          and d.BUS_CATEGORY = 'FLOW'
		          and c.msisdn = #{msisdn}
		 )
		 ORDER BY orderDate
   	</select>
    	
    <select id="finEcName" resultType="String">
    	select ec_name from ENTERPRISE_CUSTOMER where ec_code = #{ecCode}
    </select>
    
    
    <select id="findLastAmount" resultType="EcPkgMonitor">
    select * from (
   		select  orderDate,
   				amount,
   				rownum ro
   		from (
		         select 
		               a.ORDER_DATE orderDate,
		               NVL(b.AMOUNT,0) amount
		          from ADC_SI905COMBOTRACK a
		          LEFT JOIN atomic_products b on a.package_Code = b.package_code
		          where (a.opt_type = '0' or a.opt_type = '5')
		          and b.BUS_CATEGORY = 'FLOW'
		          and a.msisdn = #{msisdn}
		          <if test="ecCode != null and ecCode != ''">
					 and a.ec_code = #{ecCode}
				  </if>
		         
		        
		        UNION
		        
		        select 
		               c.order_time orderDate,
		               NVL(d.AMOUNT,0) amount
		          from ADC_SI906COMBOTRACK c
		          LEFT JOIN atomic_products d on c.package_code = d.package_code
		          where (c.oper_type = 'I')
		          and d.BUS_CATEGORY = 'FLOW'
		          and c.msisdn = #{msisdn}
		 )
		 ORDER BY orderDate
	)where ro = #{rownum}
   	</select>
    
</mapper>