<?xml version="1.0" encoding="UTF-8" ?>
<!DOCTYPE mapper PUBLIC "-//mybatis.org//DTD Mapper 3.0//EN" "http://mybatis.org/dtd/mybatis-3-mapper.dtd">
<mapper namespace="com.hvgroup.modules.risk.dao.IntelligentWearRealDao">
	<sql id="intelligentWearRealColumnsByArea">
		a.ID AS "id",
		a.AREA_CODE AS "areaCode",
		a.AREA_NAME AS "areaName",
		a.CARD_ALL_NUM AS "cardAllNum",
		a.LIFT_TEST_NUM AS "liftTestNum",
		a.LIFT_STOCK_NUM AS "liftStockNum",
		a.CARD_ACTIVITY_NUM AS "cardActivityNum",
		a.CARD_ACTIVITY_RATE AS "cardActivityRate",
		a.CARD_OFFNET_NUM AS "cardOffnetNum",
		a.CARD_OFFNET_RATE AS "cardOffnetRate",
		a.CARD_ACTIVATE_NUM AS "cardActivateNum",
		a.CARD_ACTIVATE_RATE AS "cardActivateRate",
		a.CARD_GROWTH_NUM AS "cardGrowthNum",
		a.CARD_GROWTH_RATE AS "cardGrowthRate",
		a.PKG_BOOK_NUM AS "pkgBookNum",
		a.PKG_BOOK_RATE AS "pkgBookRate",
		a.PKG_OUTSIDE_NUM AS "pkgOutsideNum",
		a.PKG_MATCH_RATE AS "pkgMatchRate",
		a.PKG_ALL_NUM AS "pkgAllNum",
		a.PKG_BIGUSED_RATE AS "pkgBigusedRate",
		a.PKG_FREFUEL_RATE AS "pkgFrefuelRate",
		a.PKG_VREFUEL_RATE AS "pkgVrefuelRate",
		a.ARPU_AVERAGE AS "arpuAverage",
		a.ARPU_HIGH_RATE AS "arpuHighRate",
		a.ARPU_MIDDLE_RATE AS "arpuMiddleRate",
		a.ARPU_LOW_RATE AS "arpuLowRate",
		a.CREATE_DATE AS "createDate"
	</sql>
	<sql id="intelligentWearRealColumnsByEc">
		a.ID AS "id",
		a.AREA_CODE AS "areaCode",
		a.AREA_NAME AS "areaName",
		a.EC_CODE AS "ecCode",
		a.EC_NAME AS "ecName",
		a.CARD_ALL_NUM AS "cardAllNum",
		a.LIFT_TEST_NUM AS "liftTestNum",
		a.LIFT_STOCK_NUM AS "liftStockNum",
		a.CARD_ACTIVITY_NUM AS "cardActivityNum",
		a.CARD_ACTIVITY_RATE AS "cardActivityRate",
		a.CARD_OFFNET_NUM AS "cardOffnetNum",
		a.CARD_OFFNET_RATE AS "cardOffnetRate",
		a.CARD_ACTIVATE_NUM AS "cardActivateNum",
		a.CARD_ACTIVATE_RATE AS "cardActivateRate",
		a.CARD_GROWTH_NUM AS "cardGrowthNum",
		a.CARD_GROWTH_RATE AS "cardGrowthRate",
		a.PKG_BOOK_NUM AS "pkgBookNum",
		a.PKG_BOOK_RATE AS "pkgBookRate",
		a.PKG_OUTSIDE_NUM AS "pkgOutsideNum",
		a.PKG_MATCH_RATE AS "pkgMatchRate",
		a.PKG_ALL_NUM AS "pkgAllNum",
		a.PKG_BIGUSED_RATE AS "pkgBigusedRate",
		a.PKG_FREFUEL_RATE AS "pkgFrefuelRate",
		a.PKG_VREFUEL_RATE AS "pkgVrefuelRate",
		a.ARPU_AVERAGE AS "arpuAverage",
		a.ARPU_HIGH_RATE AS "arpuHighRate",
		a.ARPU_MIDDLE_RATE AS "arpuMiddleRate",
		a.ARPU_LOW_RATE AS "arpuLowRate",
		a.CREATE_DATE AS "createDate"
	</sql>
	<sql id="intelligentWearRealJoinsByArea">
	 LEFT JOIN areas ar ON ar.area_code=a.area_code
	</sql>
	<sql id="intelligentWearRealJoinsByEc">
	LEFT JOIN areas ar ON ar.area_code=a.area_code
	</sql>
	
	<sql id="MainProductTableName">
		(
			SELECT MSISDN,EC_CODE,IMEI,ICCID,IMSI,RUN_CODE,OPEN_TIME,LIFE_CYCLE,'机器卡' as user_type FROM MAC_CARD WHERE STATE = 'ENABLED'
			UNION
			SELECT MSISDN,EC_CODE,IMEI,ICCID,IMSI,RUN_CODE,OPEN_TIME,LIFE_CYCLE,'9105卡' as user_type FROM CARD_9105 WHERE STATE = 'ENABLED'
			UNION
			SELECT MSISDN,EC_CODE,IMEI,ICCID,IMSI,RUN_CODE,OPEN_TIME,LIFE_CYCLE,'NB卡' as user_type FROM NB_CARD WHERE STATE = 'ENABLED'
			UNION
			SELECT MSISDN,EC_CODE,IMEI,ICCID,IMSI,RUN_CODE,OPEN_TIME,LIFE_CYCLE,'物联卡' as user_type FROM IOV_CARD WHERE STATE = 'ENABLED'
		)
	</sql>
	<select id="queryAreaHealthList" resultType="com.hvgroup.modules.risk.entity.IntelligentWearReal">
		SELECT 
		<include refid="intelligentWearRealColumnsByArea"/>
		FROM MONITOR_CT_HEALTH_AREA a
		<include refid="intelligentWearRealJoinsByArea"/>
		WHERE 1=1 
		AND a.create_date= (select max(b.create_date) from MONITOR_CT_HEALTH_AREA b where b.area_code=a.area_code)
		<!-- 按月统计 -->
		<if test="statisticsType != null and statisticsType==1">
			AND to_char(a.create_date,'yyyy-mm') = to_char(sysdate,'yyyy-mm')
		</if>
		<if test="areaId !=null and areaId !='' ">
			AND ar.area_id = #{areaId}
		</if>
	</select>
	<select id="queryAreaHealthAll" resultType="com.hvgroup.modules.risk.entity.IntelligentWearReal">
		SELECT 
		sum(a.CARD_ALL_NUM) AS "cardAllNum",
		sum(a.LIFT_TEST_NUM) AS "liftTestNum",
		sum(a.LIFT_STOCK_NUM) AS "liftStockNum",
		sum(a.CARD_ACTIVITY_NUM) AS "cardActivityNum",
		sum(a.CARD_ACTIVITY_RATE) AS "cardActivityRate",
		sum(a.CARD_OFFNET_NUM) AS "cardOffnetNum",
		sum(a.CARD_OFFNET_RATE) AS "cardOffnetRate",
		sum(a.CARD_ACTIVATE_NUM) AS "cardActivateNum",
		sum(a.CARD_ACTIVATE_RATE) AS "cardActivateRate",
		sum(a.CARD_GROWTH_NUM) AS "cardGrowthNum",
		sum(a.CARD_GROWTH_RATE) AS "cardGrowthRate",
		sum(a.PKG_BOOK_NUM) AS "pkgBookNum",
		sum(a.PKG_BOOK_RATE) AS "pkgBookRate",
		sum(a.PKG_OUTSIDE_NUM) AS "pkgOutsideNum",
		sum(a.PKG_MATCH_RATE) AS "pkgMatchRate",
		sum(a.PKG_ALL_NUM) AS "pkgAllNum",
		sum(a.PKG_BIGUSED_RATE) AS "pkgBigusedRate",
		sum(a.PKG_FREFUEL_RATE) AS "pkgFrefuelRate",
		sum(a.PKG_VREFUEL_RATE) AS "pkgVrefuelRate",
		sum(a.ARPU_AVERAGE) AS "arpuAverage",
		sum(a.ARPU_HIGH_RATE) AS "arpuHighRate",
		sum(a.ARPU_MIDDLE_RATE) AS "arpuMiddleRate",
		sum(a.ARPU_LOW_RATE) AS "arpuLowRate"
		FROM MONITOR_CT_HEALTH_AREA a
		<include refid="intelligentWearRealJoinsByArea"/>
		WHERE 1=1 
		AND a.create_date= (select max(b.create_date) from MONITOR_CT_HEALTH_AREA b where b.area_code=a.area_code)
		<!-- 按月统计 -->
		<if test="statisticsType != null and statisticsType==1">
			AND to_char(a.create_date,'yyyy-mm') = to_char(sysdate,'yyyy-mm')
		</if>
		<if test="areaId !=null and areaId !='' ">
			AND ar.area_id = #{areaId}
		</if>
	</select>
	<select id="queryEcHealthList" resultType="com.hvgroup.modules.risk.entity.IntelligentWearReal">
		SELECT 
		<include refid="intelligentWearRealColumnsByEc"/>
		FROM MONITOR_CT_HEALTH_EC a
		<include refid="intelligentWearRealJoinsByEc"/>
		WHERE 1=1 
		AND a.create_date= (select max(b.create_date) from MONITOR_CT_HEALTH_EC b where b.area_code=a.area_code)
		<!-- 按月统计 -->
		<if test="statisticsType != null and statisticsType==1">
			AND to_char(a.create_date,'yyyy-mm') = to_char(sysdate,'yyyy-mm')
		</if>
		<if test="areaId !=null and areaId !='' ">
			AND ar.area_id = #{areaId}
		</if>
		<if test="ecCode !=null and ecCode !='' ">
			and a.ec_code like '%'||#{ecCode}||'%'
		</if>
		<if test="ecName !=null and ecName !='' ">
			and a.ec_name =  #{ecName}	
		</if>
	</select>
	
	<select id="queryEcHealthAll" resultType="com.hvgroup.modules.risk.entity.IntelligentWearReal">
		SELECT 
		sum(a.CARD_ALL_NUM) AS "cardAllNum",
		sum(a.LIFT_TEST_NUM) AS "liftTestNum",
		sum(a.LIFT_STOCK_NUM) AS "liftStockNum",
		sum(a.CARD_ACTIVITY_NUM) AS "cardActivityNum",
		sum(a.CARD_ACTIVITY_RATE) AS "cardActivityRate",
		sum(a.CARD_OFFNET_NUM) AS "cardOffnetNum",
		sum(a.CARD_OFFNET_RATE) AS "cardOffnetRate",
		sum(a.CARD_ACTIVATE_NUM) AS "cardActivateNum",
		sum(a.CARD_ACTIVATE_RATE) AS "cardActivateRate",
		sum(a.CARD_GROWTH_NUM) AS "cardGrowthNum",
		sum(a.CARD_GROWTH_RATE) AS "cardGrowthRate",
		sum(a.PKG_BOOK_NUM) AS "pkgBookNum",
		sum(a.PKG_BOOK_RATE) AS "pkgBookRate",
		sum(a.PKG_OUTSIDE_NUM) AS "pkgOutsideNum",
		sum(a.PKG_MATCH_RATE) AS "pkgMatchRate",
		sum(a.PKG_ALL_NUM) AS "pkgAllNum",
		sum(a.PKG_BIGUSED_RATE) AS "pkgBigusedRate",
		sum(a.PKG_FREFUEL_RATE) AS "pkgFrefuelRate",
		sum(a.PKG_VREFUEL_RATE) AS "pkgVrefuelRate",
		sum(a.ARPU_AVERAGE) AS "arpuAverage",
		sum(a.ARPU_HIGH_RATE) AS "arpuHighRate",
		sum(a.ARPU_MIDDLE_RATE) AS "arpuMiddleRate",
		sum(a.ARPU_LOW_RATE) AS "arpuLowRate"
		
		
		FROM MONITOR_CT_HEALTH_EC a
		<include refid="intelligentWearRealJoinsByEc"/>
		WHERE 1=1 
		AND a.create_date= (select max(b.create_date) from MONITOR_CT_HEALTH_EC b where b.area_code=a.area_code)
		<!-- 按月统计 -->
		<if test="statisticsType != null and statisticsType==1">
			AND to_char(a.create_date,'yyyy-mm') = to_char(sysdate,'yyyy-mm')
		</if>
		<if test="areaId !=null and areaId !='' ">
			AND ar.area_id = #{areaId}
		</if>
		<if test="ecCode !=null and ecCode !='' ">
			and a.ec_code like '%'||#{ecCode}||'%'
		</if>
		<if test="ecName !=null and ecName !='' ">
			and a.ec_name like '%'||#{ecName}||'%'
		</if>
	</select>
	

</mapper>