<?xml version="1.0" encoding="UTF-8" ?>
<!DOCTYPE mapper PUBLIC "-//mybatis.org//DTD Mapper 3.0//EN" "http://mybatis.org/dtd/mybatis-3-mapper.dtd">
<mapper namespace="com.hvgroup.modules.risk.dao.IntelligentWearPkgDao">
	<sql id="intelligentWearPkgColumns">
		a.ID AS "id",
		a.AREA_CODE AS "areaCode",
		a.EC_CODE AS "ecCode",
		a.MSISDN AS "msisdn",
		a.PKG_TYPE AS "pkgType",
		a.PACKAGE_CODE AS "packageCode",
		a.PACKAGE_NAME AS "packageName",
		a.CREATE_DATE AS "createDate"
		
	</sql>
	
	<sql id="intelligentWearPkgJoins">
	 LEFT JOIN areas ar ON ar.area_code=a.area_code
	</sql>
	
	
	<select id="findList" resultType="com.hvgroup.modules.risk.entity.IntelligentWearPkg">
		SELECT 
		<include refid="intelligentWearPkgColumns"/>
		FROM MONITOR_CT_REFINE_PKG a
		<include refid="intelligentWearPkgJoins"/>
		WHERE 1=1 
	
		<if test="areaCode !=null and areaCode !='' ">
			AND a.AREA_CODE = #{areaCode}
		</if>
		<if test="ecCode !=null and ecCode !='' ">
			AND a.EC_CODE = #{ecCode}
		</if>
		<if test="pkgType !=null and pkgType !='' ">
			AND a.PKG_TYPE = #{pkgType}
		</if>
		<if test="packageCode !=null and packageCode !='' ">
			AND a.PACKAGE_CODE = #{packageCode}
		</if>
		<if test="msisdn !=null and msisdn !='' ">
			AND a.MSISDN like '%'||#{msisdn}||'%' 
		</if>
		<if test="packageName !=null and packageName !='' ">
			AND a.PACKAGE_NAME like '%'||#{packageName}||'%' 
		</if>
	</select>
	

</mapper>