<?xml version="1.0" encoding="UTF-8" ?>
<!DOCTYPE mapper PUBLIC "-//mybatis.org//DTD Mapper 3.0//EN" "http://mybatis.org/dtd/mybatis-3-mapper.dtd">
<mapper namespace="com.hvgroup.modules.risk.dao.MonitorIovHealthPersonDao">
	<sql id="monitorIovHealthPersonColumn">
		<if test="(statisticsType != null and statisticsType=='1'.toString()) and (ecStatType==null or ecStatType=='')">distinct </if>a.AREA_CODE AS "areaCode",
		a.EC_CODE AS "ecCode",
		a.CARD_TYPE AS "cardType",
		a.BILL_DATE AS "billDate",
		a.CARD_COUNT AS "cardCount",
		a.OPEN_COUNT AS "openCount",
		a.USING_COUNT AS "usingCount",
		a.TEST_CARD_COUNT AS "testCardCount",
		a.SILENCE_CARD_COUNT AS "silenceCardCount",
		a.STOCK_CARD_COUNT AS "stockCardCount",
		a.STOP_CARD_COUNT AS "stopCardCount",
		a.ACTIVE_CARD_COUNT AS "activeCardCount",
		a.ACTIVE_NUMBER AS "activeNumber",
		a.GROWTH_NUMBER AS "growthNumber",
		a.OFFLINE_NUMBER AS "offlineNumber",
		a.OFF_MAC_NUMBER AS "offMacNumber",
		a.ROAMING_NUMBER AS "roamingNumber",
		a.MONTH_ORDER AS "monthOrder",
		a.YEAR_ORDER AS "yearOrder",
		a.FLOW_ORDER AS "flowOrder",
		a.SHARE_ORDER AS "shareOrder",
		a.MSG_MONTH_ORDER AS "msgMonthOrder",
		a.MSG_YEAR_ORDER AS "msgYearOrder",
		a.MSG_ORDER AS "msgOrder",
		a.FLOW_INNER AS "flowInner",
		a.FLOW_OUTTER AS "flowOutter",
		a.FLOW_USER AS "flowUser",
		a.MSG_INNER AS "msgInner",
		a.MSG_OUTTER AS "msgOutter",
		a.MSG_USER AS "msgUser",
		a.LOW_POWER AS "lowPower",
		a.TIMMER_AVERAGE AS "timmerAverage",
		a.ARPU_AVERAGE AS "arpuAverage",
		a.CARETIME AS "caretime",
		a.REFUEL_ORDER AS "refuelOrder",
		a.PEACE_ORDER AS "peaceOrder",
		a.VOICE_MONTH_ORDER AS "voiceMonthOrder",
		a.VOICE_REFUEL_ORDER AS "voiceRefuelOrder",
		a.VOICE_PEACE_ORDER AS "voicePeaceOrder",
		a.VOICE_ORDER AS "voiceOrder",
		a.VOICE_INNER AS "voiceInner",
		a.VOICE_OUTTER AS "voiceOutter",
		a.VOICE_USER AS "voiceUser",
		a.ONCAR_NUMBER AS "oncarNumber",
		a.COM_FLOW_USE AS "comFlowUse",
		a.SPE_FLOW_USE AS "speFlowUse",
		a.COM_FLOW_NUMBER AS "comFlowNumber",
		a.SPE_FLOW_NUMBER AS "speFlowNumber",
		a.APN_NAME AS "apnName",
		a.APN_CHANNEL AS "apnChannel",
		a.SERICEID AS "sericeid",
		ar.AREA_NAME AS "areaName",
		ec.EC_NAME AS "ecName"
	</sql>
	
	<sql id="monitorIovHealthPersonJoins">
	 LEFT JOIN areas ar ON ar.area_code=a.area_code
	 LEFT JOIN ENTERPRISE_CUSTOMER ec ON ec.ec_code = a.ec_code
	</sql>
	
	<select id="findList" resultType="MonitorIovHealthPerson">
	
	select 
	<include refid="monitorIovHealthPersonColumn"/>
	from MONITOR_IOV_HEALTH_PERSON a
	<include refid="monitorIovHealthPersonJoins"/>
	where 1=1
	<if test="(statisticsType != null and statisticsType=='1'.toString()) and (ecStatType==null or ecStatType=='')">
		AND a.bill_date=(select max(b.bill_date) from monitor_iov_health_person b where b.area_code=a.area_code)
	</if>
	<if test="areaCode != null and areaCode != ''">
		AND a.AREA_CODE = #{areaCode}
	</if>
	<if test="areaName != null and areaName != ''">
		AND ar.AREA_NAME like '%'||#{areaName}||'%'
	</if>
	<if test="ecCode != null and ecCode != ''">
		AND a.EC_CODE like '%'||#{ecCode}||'%'
	</if>
	<if test="ecName != null and ecName != ''">
		AND ec.EC_NAME like =  #{ecName}
	</if>
	order by a.AREA_CODE asc,a.bill_date desc
	</select>
	<select id="findAllCityList" resultType="Area">
		SELECT AREA_ID as code,
		AREA_CODE as areaCode,
		AREA_NAME as name 
		FROM AREAS 
		where parent_area_id=1
	</select>
	

</mapper>