<?xml version="1.0" encoding="UTF-8" ?>
<!DOCTYPE mapper PUBLIC "-//mybatis.org//DTD Mapper 3.0//EN" "http://mybatis.org/dtd/mybatis-3-mapper.dtd">
<mapper namespace="com.hvgroup.modules.risk.dao.PkgABNormalFlowDao">
	
	<!-- 分页查询 -->
	<select id="findList" resultType="com.hvgroup.modules.risk.entity.PkgABNormalFlow">
		SELECT
			a.MSISDN AS "msisdn",
			a.PACKAGE_CODE AS "packageCode",
			a.PACKAGE_NAME AS "packageName",
			a.AMOUNT AS "amount",
			a.BEFORE_AMOUNT AS "beforeAmount",
			a.ORDER_DATE AS "createDate",
			a.EC_CODE AS "ecCode",
			a.EC_NAME AS "ecName",
			a.AREA_CODE AS "areaCode",
			a.AREA_NAME AS "areaName",
			a.RATE AS "rate"
		FROM
			PKG_ABNORMAL_FLOW<if test='dbConnectionMode =="1" '>@IOTLINK_ST</if> a
		<if test="remarks != null and remarks != ''">
			right join CITY_USER_EC c on c.ec_code = a.ec_code
		</if>
		WHERE 1=1
		<if test="remarks != null and remarks != ''">
			and
			c.login_name = #{remarks}
			and 
			a.area_name is not null
		</if>
			<if test="ecName != null and ecName != ''">
				AND a.EC_NAME LIKE '%' || #{ecName}||'%' 
			</if>
			<if test="msisdn != null and msisdn != ''">
				AND a.MSISDN LIKE '%' || #{msisdn}||'%' 
			</if>
			<if test="areaCode != null and areaCode != ''">
				AND a.AREA_CODE=#{areaCode} 
			</if>
			<if test="beginRate != null">
				AND <![CDATA[a.RATE>=#{beginRate} ]]>
			</if>
			<if test="endRate != null">
				AND <![CDATA[a.RATE<=#{endRate} ]]>
			</if>
			<if test="riseAmount != null">
				AND <![CDATA[ nvl(#{riseAmount},0) < (nvl(a.AMOUNT,0) - nvl(a.BEFORE_AMOUNT,0))]]>
			</if>
			<!-- ORDER BY a.CREATE_DATE desc -->
	</select>
	
	<select id="getList" resultType="java.util.Map" >
		SELECT
			ROWNUM AS COUNT,
			a.MSISDN AS "msisdn",
			a.PACKAGE_CODE AS "packageCode",
			a.PACKAGE_NAME AS "packageName",
			a.AMOUNT AS "amount",
			a.BEFORE_AMOUNT AS "beforeAmount",
			a.ORDER_DATE AS "createDate",
			a.EC_CODE AS "ecCode",
			a.EC_NAME AS "ecName",
			a.AREA_CODE AS "areaCode",
			a.AREA_NAME AS "areaName",
			a.RATE AS "rate",
			(a.AMOUNT-a.BEFORE_AMOUNT) AS newAmount
		FROM
			PKG_ABNORMAL_FLOW<if test='dbConnectionMode =="1" '>@IOTLINK_ST</if> a
		<if test="remarks != null and remarks != ''">
			right join CITY_USER_EC c on c.ec_code = a.ec_code
		</if>
		WHERE 1=1
		<if test="remarks != null and remarks != ''">
			and
			c.login_name = #{remarks}
			and 
			a.area_name is not null
		</if>
			<if test="ecName != null and ecName != ''">
				AND a.EC_NAME LIKE '%' || #{ecName}||'%' 
			</if>
			<if test="msisdn != null and msisdn != ''">
				AND a.MSISDN LIKE '%' || #{msisdn}||'%' 
			</if>
			<if test="areaCode != null and areaCode != ''">
				AND a.AREA_CODE=#{areaCode} 
			</if>
			<if test="beginRate != null">
				AND <![CDATA[a.RATE>=#{beginRate} ]]>
			</if>
			<if test="endRate != null">
				AND <![CDATA[a.RATE<=#{endRate} ]]>
			</if>
			<if test="riseAmount != null">
				AND <![CDATA[ nvl(#{riseAmount},0) < (nvl(a.AMOUNT,0) - nvl(a.BEFORE_AMOUNT,0))]]>
			</if>
			<!-- ORDER BY a.CREATE_DATE desc -->
	</select>
		
</mapper>