<?xml version="1.0" encoding="UTF-8" ?>
<!DOCTYPE mapper PUBLIC "-//mybatis.org//DTD Mapper 3.0//EN" "http://mybatis.org/dtd/mybatis-3-mapper.dtd">
<mapper namespace="com.hvgroup.modules.risk.dao.PkgABNormalDao">
	<!-- 插入数据 -->
	<insert id="insert">
		INSERT INTO PKG_ABNORMAL(
			MSISDN,
			EC_NAME,
			EC_CODE,
			AREA_CODE,
			CHANGE_NUM,
			DELETE_NUM,
			ADD_NUM,
			CREATE_TIME,
			AREA_NAME,
			TOTAL,
			GROUP_ID,
			STATUS
		)VALUES(
			#{msisdn},
			#{ecName},
			#{ecCode},
			#{areaCode},
			#{changeNum},
			#{deleteNum},
			#{addNum},
			#{createTime},
			#{areaName},
			#{total},
			#{pkgABNormalSet.groupId},
			#{status}
		)
	</insert>
	
	<!-- 分页查询 -->
	<select id="findList" resultType="com.hvgroup.modules.risk.entity.PkgABNormal">
		SELECT
			a.MSISDN AS "msisdn",
			a.EC_NAME AS "ecName",
			a.EC_CODE AS "ecCode",
			a.AREA_CODE AS "areaCode",
			a.CHANGE_NUM AS "changeNum",
			a.DELETE_NUM AS "deleteNum",
			a.ADD_NUM AS "addNum",
			a.CREATE_TIME AS "createTime",
			a.AREA_NAME AS "areaName",
			a.TOTAL AS "total",
			a.STATUS AS "status",
			a.GROUP_ID AS "pkgABNormalSet.groupId",
			b.PERIOD AS "pkgABNormalSet.period",
			b.ADD_LIMIT AS "pkgABNormalSet.addLimit",
			b.CHANGE_LIMIT AS "pkgABNormalSet.changeLimit",
			b.DELETE_LIMIT AS "pkgABNormalSet.deleteLimit",
			b.GROUP_NAME AS "pkgABNormalSet.groupName",
			b.EC_NAME AS "pkgABNormalSet.ecName",
			b.EC_CODE AS "pkgABNormalSet.ecCode",
			b.LOW_LIMIT AS "pkgABNormalSet.lowLimit",
			b.HIGH_LIMIT AS "pkgABNormalSet.highLimit"
		FROM
			PKG_ABNORMAL a
			LEFT JOIN PKG_ABNORMAL_SET b ON b.GROUP_ID=a.GROUP_ID
		WHERE 1=1
			<if test="areaCode != null and areaCode != ''">
				AND a.AREA_CODE = #{areaCode}
			</if>
			<if test="ecName != null and ecName != ''">
				AND a.EC_NAME LIKE '%'||#{ecName}||'%'
			</if>
			<if test="pkgABNormalSet != null and pkgABNormalSet.period != null">
				AND b.PERIOD = #{pkgABNormalSet.period}
			</if>
			<if test="status != null and status != ''">
				<if test='status=="A"'>
					AND (a.STATUS = #{status} OR a.STATUS is null)
				</if>
				<if test='status!="A"'>
					AND a.STATUS = #{status}
				</if>
			</if>
	</select>
		
	<delete id="delete">
		DELETE FROM PKG_ABNORMAL WHERE MSISDN=#{msisdn}
	</delete>
</mapper>