<?xml version="1.0" encoding="UTF-8" ?>
<!DOCTYPE mapper PUBLIC "-//mybatis.org//DTD Mapper 3.0//EN" "http://mybatis.org/dtd/mybatis-3-mapper.dtd">
<mapper namespace="com.hvgroup.modules.risk.dao.SmsMonitorDao">
	
	<select id="findAllCities" resultType="java.util.HashMap">
		select 
		area_id areaId,
		area_name areaName 
		from areas where parent_area_id=1 order by area_id
	</select>

   <!--  <sql id="commonColumns">
    	a.*
    </sql>
    
    <sql id="commonJoins">
    </sql>
	    
	<select id="get" resultType="OrderPower">
		select
			<include refid="commonColumns"/>,
			e.EC_NAME
		from EC_PACKAGE_ORDER a 
		LEFT JOIN ENTERPRISE_CUSTOMER e ON a.EC_CODE=e.EC_CODE
		WHERE a.order_no = #{orderNo}
	</select> -->
	    
    <select id="findList" resultType="SmsMonitor">
    		select 
				  a.area_name areaName,
				  s.ec_code ecCode,
				  cus.ec_name ecName,
				  cus.enterprise_level enterpriseLevel,
				  s.ec_column ecColumn,
				  s.product,
				  s.amount,
				  <!-- s.voice_status voiceStatus, -->
				  s.sms_status smsStatus,
				  s.busmode,
				  s.reason,
				  s.opinion,
				  s.explain,
				  TO_CHAR(s.reply_date,'yyyy-mm-dd') replyDate,
				  (case 
		             when s.type_num is not null then '1' 
		             else '2'                          
		          end) state,
				  s.type_num typeNum
			from SMS_VOICE_MONITOR<if test='dbConnectionMode =="1" '>@IOTLINK_ST</if> s
			left join ENTERPRISE_CUSTOMER cus on cus.ec_code = s.ec_code
			left join AREAS a on a.area_id = cus.area_id
			<if test="remarks != null and remarks != ''">
			right join CITY_USER_EC c on c.ec_code = s.ec_code
			</if>
			where 1=1
			<if test="remarks != null and remarks != ''">
				and
				c.login_name = #{remarks}
				and 
				a.area_name is not null
			</if>
			<if test="ecNameOrCode != null and ecNameOrCode != ''">
				and
				(
				cus.ec_name like '%' || #{ecNameOrCode} || '%'
				or
				cus.ec_Code like '%' || #{ecNameOrCode} || '%'
				)
			</if>
			<if test="ecCode != null and ecCode != ''">
				and
				(
				s.ec_code = #{ecCode}
				)
			</if>
			<if test="areaId != null and areaId != ''">
				and
				(
				cus.area_id = #{areaId}
				)
			</if>
			<if test="typeNum != null and typeNum != ''">
				and
				(
				s.TYPE_NUM  like '%' || #{typeNum} || '%'
				)
			</if>
			<if test="state != null and state == '1'.toString()">
				and
				(
				s.TYPE_NUM is not null
				)
			</if>
			<if test="state != null and state == '2'.toString()">
				and
				(
				s.TYPE_NUM is null
				)
			</if>
			<if test="startDate != null and startDate != ''">
				and s.reply_date <![CDATA[ >= ]]>
					to_date(#{startDate},'yyyy-MM-dd')
			</if>
			<if test="endDate != null and endDate != ''">
				and s.reply_date <![CDATA[ <= ]]>
					to_date(#{endDate},'yyyy-MM-dd')+1
			</if>
			order by state desc,s.reply_date desc,s.ec_code
   	</select>
   	
   	
   	<select id="findEcCodeByEcName" resultType="SmsMonitor">
   		<!-- select ec_code from ENTERPRISE_CUSTOMER where ec_name = #{ecName} -->
   		select ec_code ecCode,
		       a.area_name areaName
		from ENTERPRISE_CUSTOMER cus 
		left join AREAS a on a.area_id = cus.area_id
		where cus.ec_name = #{ecName}
		<if test="areaId != null and areaId != ''">
			and cus.area_id = #{areaId}
		</if>
   	</select>
    	
    <insert id="insertInfo">
    	merge into SMS_VOICE_MONITOR T1
		using(
		 select #{ecCode} as ecCode,
				#{ecColumn} as ecColumn,
				#{product} as product,
				#{amount} as amount,
				<!-- #{voiceStatus} as voiceStatus, -->
				#{smsStatus} as smsStatus,
				#{busmode} as busmode,
				#{reason} as reason, 
				#{opinion} as opinion, 
				#{explain} as explain,  
				#{replyDate} as replyDate,  
				#{typeNum} as typeNum 
		from dual) T2
		on(T1.ec_code=T2.ecCode)
		when matched then
		update set 
				T1.EC_COLUMN = T2.ecColumn,
				T1.PRODUCT = T2.product,
				T1.AMOUNT = T2.amount,
				<!-- T1.VOICE_STATUS = T2.voiceStatus, -->
				T1.SMS_STATUS = T2.smsStatus,
				T1.BUSMODE = T2.busmode,
				T1.REASON = T2.reason,
				T1.OPINION = T2.opinion,
				T1.EXPLAIN = T2.explain,
				T1.REPLY_DATE = TO_DATE(T2.replyDate,'yyyy-MM-dd'),
				T1.TYPE_NUM = T2.typeNum
		when not matched then 
		insert(EC_CODE,EC_COLUMN,PRODUCT,AMOUNT<!-- ,VOICE_STATUS -->,SMS_STATUS,BUSMODE,REASON,OPINION,EXPLAIN,REPLY_DATE,TYPE_NUM)
		values(T2.ecCode,T2.ecColumn,T2.product,T2.amount<!-- ,T2.voiceStatus -->,T2.smsStatus,T2.busmode,T2.reason,T2.opinion,T2.explain,TO_DATE(T2.replyDate,'yyyy-MM-dd'),T2.typeNum)
    </insert>	
    	
   <!--（定时任务在用）  -->
   <select id="findEc" resultType="String">
   		select distinct ec_code from SMS_VOICE_MONITOR<if test='dbConnectionMode =="1" '>@IOTLINK_ST</if>
   </select>
    	
   <!-- 查找已开通语音或短信功能的集团（定时任务在用） -->	
   <select id="smsEc" resultType="String">
   		select distinct t.ec_code 
   		from REP_BUS_CUS_DD<if test='dbConnectionMode =="1" '>@IOTLINK_ST</if> t 
   		<!-- where (t.voice_count >0 or t.sms_count >0)  -->
   		where t.sms_count >0
   		and t.start_day = (select max(start_day) from REP_BUS_CUS_DD<if test='dbConnectionMode =="1" '>@IOTLINK_ST</if>)
   		
   		<!-- select distinct ec_code 
   		from M2M_GRPMEM 
   		where state = 'ENABLED' 
   		and package_code in(
			 'prod.10086000006415',
			 'prod.10086000006416',
			 'prod.10086000006417',
			 'prod.10086000006418',
			 'prod.10086000006419',
			 'prod.10086000013080',
			 'prod.10086000013081',
			 'prod.10086000013082',
			 'prod.10086000013083',
			 'prod.10086000003770',
			 'prod.10086000003771',
			 'prod.10086000003772',
			 'prod.10086000003773',
			 'I00010100045',
			 'I00010100004',
			 'I00010100005',
			 'I00010100006',
			 'I00010100007',
			 'I00010100016',
			 'I00010100017',
			 'I00010100018',
			 'I00010100019'
		 ) -->
   </select>
   
    <!--定时任务用  -->
	<insert id="insertInfoTimer">
    	merge into SMS_VOICE_MONITOR T1
		using(
		 select #{ecCode} as ecCode<!-- ,
				#{ecColumn} as ecColumn,
				#{product} as product,
				#{amount} as amount,
				#{voiceStatus} as voiceStatus,
				#{smsStatus} as smsStatus,
				#{busmode} as busmode,
				#{reason} as reason, 
				#{opinion} as opinion, 
				#{explain} as explain,  
				#{replyDate} as replyDate,  
				#{typeNum} as typeNum  -->
		from dual) T2
		on(T1.ec_code=T2.ecCode)
		when not matched then 
		insert(EC_CODE<!-- ,EC_COLUMN,PRODUCT,AMOUNT,VOICE_STATUS,SMS_STATUS,BUSMODE,REASON,OPINION,EXPLAIN,REPLY_DATE,TYPE_NUM -->)
		values(T2.ecCode<!-- ,T2.ecColumn,T2.product,T2.amount,T2.voiceStatus,T2.smsStatus,T2.busmode,T2.reason,T2.opinion,T2.explain,TO_DATE(T2.replyDate,'yyyy-MM-dd'),T2.typeNum -->)
    </insert>	
	
    
</mapper>