<?xml version="1.0" encoding="UTF-8"?>

<!DOCTYPE sqlMap
 PUBLIC "-//ibatis.apache.org//DTD SQL Map 2.0//EN"
 "http://ibatis.apache.org/dtd/sql-map-2.dtd">

<sqlMap>

	<select id="queryEcName_gprsPositionLast" resultClass="java.lang.String">
		select ec_name from ENTERPRISE_CUSTOMER where ec_code = #ecCode#
	</select>
	
	<select id="queryMsisdn_gprsPositionLast" resultClass="com.lenovo.iotpro3.vo.security.card.PositionMapEntity">
		<isNotEmpty property="msisdnList">
			 with tt as (
				    <iterate property="msisdnList" conjunction="union all">   
						     select #msisdnList[]# msisdn from dual
					</iterate> 
			 )
		</isNotEmpty>
		<include refid="pageSqlStart"/>
		select m.msisdn 
		from <include refid="queryMsisdnTableName"/> m
		where m.STATE = 'ENABLED'
		<isEqual property="mainType" compareValue="4"><!-- 和对讲HDJ -->
			and m.card_type='HDJ'
		</isEqual>
		<!-- 无数据暂显示几个测试号码 -->
		and m.msisdn in('1064891575432','1064891575433','1064891575434','1064818015115',
		'1064891575435','1064891575436','1440057809514','1440057809515','1440057809520',
		'1440057809521','1440058246231','1440058246232','1440058246234','1440058246235',
		'1440045684039','1440045684005','1440045684008','1440045684016')
		<isNotEmpty prepend="and" property="ecCode">
			m.ec_code = #ecCode#
		</isNotEmpty>
		<isNotEmpty prepend="and" property="msisdn">
			m.msisdn = #msisdn#
		</isNotEmpty>
		<isNotEmpty prepend="and" property="msisdnList">
			exists(select 1 from tt where tt.msisdn = m.msisdn)
		</isNotEmpty>
		order by m.msisdn
		<include refid="pageSqlEnd"/>
	</select>
	
	<insert id="insertGlsLocationRecord_gprsPositionLast">
		insert into GLS_LOCATION_RECORD
		  (id,
		   msisdn,
		   ec_code,
		   location_date,
		   real_date,
		   lon,
		   lat,
		   date_type,
		   create_date)
		values
		  (#id#,
		   #msisdn#,
		   #ecCode#,
		   #locationDate#,
		   #realDate#,
		   #lng#,
		   #lat#,
		   #dateType#,
		   #createDate#)
	</insert>
	
</sqlMap>