<?xml version="1.0" encoding="UTF-8"?>

<!DOCTYPE sqlMap
 PUBLIC "-//ibatis.apache.org//DTD SQL Map 2.0//EN"
 "http://ibatis.apache.org/dtd/sql-map-2.dtd">

<sqlMap>

	<select id="queryEcName_LocationFence" resultClass="java.lang.String">
		select ec_name from ENTERPRISE_CUSTOMER where ec_code = #ecCode#
	</select>
	
	<select id="queryCode_fence" resultClass="com.lenovo.iotpro3.vo.security.card.LocationFenceEntity">
		select 
		      administrative_code administrativeCode,
		      province_name provinceName,
		      area_name areaName
		from NATIONWIDE_CODE
		where city_code = #cityCode#
	</select>
	
	<select id="queryLocationFence" resultClass="com.lenovo.iotpro3.vo.security.card.LocationFenceEntity">
	<include refid="pageSqlStart"/>
	select max(t.id)            as id,
          max(t.ec_code)       as ecCode,
          wm_concat(tr.msisdn)       as msisdn,
          max(t.fence_name)    as fenceName,
          max(t.region_type)   as regionType,
          max(t.map_rule_type) as mapRuleType,
          max(t.regions)       as regions,
          max(t.location_rule) as locationRule,
          max(t.waring_model)  as waringModel,
          max(t.start_date)    as startDate,
          max(t.end_date)      as endDate,
          max(t.state)         as state,
          max(t.is_notice)     as isNotice,
          max(t.notice_phone)  as noticePhone,
          max(t.create_date)   as createDate,
          max(t.product_code)  as productCode,
          max(t.remark)        as remark
  from gls_location_fence_task t
  left join gls_location_fence_task_rel tr
    on tr.fence_task_id = t.id 
    join <include refid="queryMsisdnTableName"/> p on p.msisdn = tr.msisdn
 	where 1=1 and t.state <![CDATA[ <> ]]> 'DEL'
 	<isNotEmpty prepend="and" property="ecCode">
			t.ec_code = #ecCode#
		</isNotEmpty>
		<isNotEmpty prepend="and" property="msisdnOrfenceName">
			(tr.msisdn like '%'||#msisdnOrfenceName#||'%'
			or t.fence_name like '%'||#msisdnOrfenceName#||'%')
		</isNotEmpty>
 		<isNotEmpty prepend="and" property="waringModel">
			t.waring_model = #waringModel#
		</isNotEmpty>
		<isNotEmpty prepend="and" property="id">
			t.id = #id#
		</isNotEmpty> group by t.id
		<include refid="pageSqlEnd"/>
	</select>
	
	<select id="queryLocationFenceCount" resultClass="java.lang.Long">
	select count(1) from gls_location_fence_task t
  	left join gls_location_fence_task_rel tr
    on tr.fence_task_id = t.id
    join <include refid="queryMsisdnTableName"/> p on p.msisdn = tr.msisdn
 	where 1=1 and t.state <![CDATA[ <> ]]> 'DEL'
 	<isNotEmpty prepend="and" property="ecCode">
			t.ec_code = #ecCode#
		</isNotEmpty>
		<!-- <isNotEmpty prepend="and" property="state">
			t.state = #state#
		</isNotEmpty> -->
		<isNotEmpty prepend="and" property="msisdnOrfenceName">
			(tr.msisdn like '%'||#msisdnOrfenceName#||'%'
			or t.fence_name like '%'||#msisdnOrfenceName#||'%')
		</isNotEmpty>
 		<isNotEmpty prepend="and" property="waringModel">
			t.waring_model = #waringModel#
		</isNotEmpty>
	</select>
	
	<insert id="insertFence">
		insert into gls_location_fence_task(ID,EC_CODE,
		FENCE_NAME,
		REGION_TYPE,
		MAP_RULE_TYPE,
		REGIONS,
		LOCATION_RULE,
		WARING_MODEL,
		START_DATE,
		END_DATE,
		STATE,
		IS_NOTICE,
		NOTICE_PHONE,
		CREATE_DATE,
		PRODUCT_CODE,
		REMARK,
		MAP_GRADE)
		values(#id#,
		#ecCode#,
		#fenceName#,
		#regionType#,
		#mapRuleType#,
		#regions#,
		#locationRule#,
		#waringModel#,
		#startDate#,
		#endDate#,
		#state#,
		#isNotice#,
		#noticePhone#,
		sysdate,
		#productCode#,
		#remark#,
		#mapGrade#)

	</insert>
	
	<update id="updateFence">
		update gls_location_fence_task
		set
			EC_CODE = #ecCode#,
			FENCE_NAME = #fenceName#,
			REGION_TYPE = #regionType#,
			MAP_RULE_TYPE = #mapRuleType#,
			REGIONS = #regions#,
			LOCATION_RULE = #locationRule#,
			WARING_MODEL = #waringModel#,
			START_DATE = #startDate#,
			END_DATE = #endDate#,
			STATE = #state#,
			IS_NOTICE = #isNotice#,
			NOTICE_PHONE = #noticePhone#,
			PRODUCT_CODE = #productCode#,
			REMARK = #remark#,
			MAP_GRADE = #mapGrade#
		where 
			id = #id#
	</update>
	
	<!-- <update id="updateFenceRel">
		update gls_location_fence_task_rel set msisdn = #msisdn# where FENCE_TASK_ID =#id#
	</update> -->
	
	<!-- <insert id="insertFenceRel">
		insert into gls_location_fence_task_rel(FENCE_TASK_ID,MSISDN) values(#id#,#msisdn#)
	</insert> -->
	
	<insert id="insertFenceRel" parameterClass ="java.util.List">
        insert all
    	<iterate conjunction =" ">
        	into gls_location_fence_task_rel
        	(FENCE_TASK_ID,MSISDN) 
        	values  
    		<![CDATA[   
            (#fenceList[].id#,
            #fenceList[].msisdn#)  
    		]]>    
    	</iterate> 
    	select * from dual
       
	</insert>
	
	<!-- <delete id="deleteFence">
		delete from gls_location_fence_task where id=#id#
	</delete> -->
	<delete id="deleteFenceRel">
		delete from gls_location_fence_task_rel where FENCE_TASK_ID =#id#
	</delete>
	<update id="updateFenceForDel">
		update gls_location_fence_task set state = 'DEL' where id =#id#
	</update>
	
	<!-- 查询号码产品编码 -->
	<select id="findMsisdnProductCode_fence" resultClass="java.lang.String">
		select 
      wm_concat(distinct u.product_code) productCode
      from <include refid="findMsisdnByTablePartionNew"/> u
      where u.ec_code = #ecCode#
      and u.msisdn = #msisdn#
      and u.state = 'ENABLED'
      <isEqual property="mainType" compareValue="4"><!-- 和对讲HDJ -->
	  	and u.card_type='HDJ'
	  </isEqual>
	</select>
	
	<update id="updateState" parameterClass="java.util.HashMap">
		update gls_location_fence_task set state = #state# where id =#id#
	</update>
	
	<update id="updateHandlerState" parameterClass="java.util.HashMap">
		update gls_alarm_record set handler_state = '1' where id =#id#
	</update>
	
	<select id="findLocationFenceById" resultClass="com.lenovo.iotpro3.vo.security.card.LocationFenceEntity">
	select max(t.id) as id,
       max(t.ec_code) as ecCode,
       wm_concat(tr.msisdn) as msisdn,
       max(t.fence_name) as fenceName,
       max(t.region_type) as regionType,
       max(t.map_rule_type) as mapRuleType,
       max(t.regions) as regions,
       max(t.location_rule) as locationRule,
       max(t.waring_model) as waringModel,
       max(t.start_date) as startDate,
       max(t.end_date) as endDate,
       max(t.state) as state,
       max(t.is_notice) as isNotice,
       max(t.notice_phone) as noticePhone,
       max(t.create_date) as createDate,
       max(t.product_code) as productCode,
       max(t.remark) as remark
  from gls_location_fence_task t
  left join gls_location_fence_task_rel tr
    on tr.fence_task_id = t.id
 	where 1=1
		<isNotEmpty prepend="and" property="id">
			t.id = #id#
		</isNotEmpty>
	</select>
	
	<select id="msisdnIsExist" parameterClass="java.util.HashMap" resultClass="java.lang.Integer">
		select count(tr.msisdn) from gls_location_fence_task_rel tr 
		join  gls_location_fence_task t  on tr.fence_task_id = t.id 
		where msisdn in 
       (SELECT REGEXP_SUBSTR(#msisdn#, '[^,]+', 1, LEVEL)
          FROM DUAL
        CONNECT BY REGEXP_SUBSTR(#msisdn#, '[^,]+', 1, LEVEL) IS NOT NULL) 
		and t.state <![CDATA[ <> ]]> 'DEL'
		<isNotEmpty prepend="and" property="id">
			tr.fence_task_id <![CDATA[ <> ]]>(#id#)
		</isNotEmpty>
		 
	</select>
	
	<select id="findLogLat" parameterClass="java.util.HashMap" resultClass="com.lenovo.iotpro3.vo.security.card.LocationFenceEntity">
		select a.lon log, a.lat lat from ENTERPRISE_CUSTOMER e left join NATIONWIDE_CODE a on e.area_id = a.area_id where e.ec_code = #ecCode#
	</select>
	
	<select id="queryAlarmRecord" resultClass="com.lenovo.iotpro3.vo.security.card.AlarmRecordEntity">
	<include refid="pageSqlStart"/>
		select gar.id            as id,
       gar.fence_task_id as fenceTaskId,
       glft.fence_name   as fenceName,
       gar.ec_code       as ecCode,
       gar.msisdn        as msisdn,
       (case when gar.alarm_model = '1' then '进入' else
                         '闯出' end) as alarmModel,
       gar.alarm_date    as alarmDate,
       gar.handler_state as handlerState
  from gls_alarm_record gar 
  join <include refid="queryMsisdnTableName"/> p on p.msisdn = gar.msisdn
  left join gls_location_fence_task glft
    on glft.id = gar.fence_task_id
 where 1=1 
 	<isNotEmpty prepend="and" property="ecCode">
			gar.ec_code = #ecCode#
	</isNotEmpty>
	<isNotEmpty prepend="and" property="msisdn">
			gar.msisdn = #msisdn#
	</isNotEmpty>
 	and gar.handler_state = '0'
 	order by gar.alarm_date desc
 	<include refid="pageSqlEnd"/>
	</select>
	
	<select id="queryAlarmRecordCount" resultClass="java.lang.Long">
	select count(*) 
  	from gls_alarm_record gar
  	join <include refid="queryMsisdnTableName"/> p on p.msisdn = gar.msisdn
  	left join gls_location_fence_task glft
    	on glft.id = gar.fence_task_id
 	where 1=1 
 	<isNotEmpty prepend="and" property="ecCode">
			gar.ec_code = #ecCode#
	</isNotEmpty>
	<isNotEmpty prepend="and" property="msisdn">
			gar.msisdn = #msisdn#
	</isNotEmpty>
 	and gar.handler_state = '0'
 	order by gar.alarm_date desc
	</select>
	
	<select id="queryAlarmRecordHist" resultClass="com.lenovo.iotpro3.vo.security.card.AlarmRecordEntity">
	<include refid="pageSqlStart"/>
		select gar.id            as id,
       gar.fence_task_id as fenceTaskId,
       glft.fence_name   as fenceName,
       gar.ec_code       as ecCode,
       gar.msisdn        as msisdn,
       (case 　　when gar.alarm_model = '1' then '进入' 　 else
                         '闯出' 　end) as alarmModel,
       gar.alarm_date    as alarmDate,
       gar.handler_state as handlerState
  from gls_alarm_record gar
  join <include refid="queryMsisdnTableName"/> p on p.msisdn = gar.msisdn
  join gls_location_record glr on glr.id = gar.id
  left join gls_location_fence_task glft
    on glft.id = gar.fence_task_id 
 where 1=1 
 	<isNotEmpty prepend="and" property="ecCode">
			gar.ec_code = #ecCode#
	</isNotEmpty>
	<isNotEmpty prepend="and" property="msisdn">
			gar.msisdn = #msisdn#
	</isNotEmpty>
	<isNotEmpty prepend="and" property="startDate">
			gar.alarm_date <![CDATA[ >= ]]> to_date(#startDate#,'yyyy-MM-dd HH24:mi:ss')
	</isNotEmpty>
	<isNotEmpty prepend="and" property="endDate">
			gar.alarm_date <![CDATA[ <= ]]> to_date(#endDate#,'yyyy-MM-dd HH24:mi:ss')
	</isNotEmpty>
	<isNotEmpty prepend="and" property="msisdnOrfenceName">
			(gar.msisdn = #msisdnOrfenceName#
			or gar.fence_name like '%'||#msisdnOrfenceName#||'%')
	</isNotEmpty>
 	order by gar.alarm_date desc
 	<include refid="pageSqlEnd"/>
	</select>
	
	<select id="queryAlarmRecordHistCount" resultClass="java.lang.Long">
	select count(*) 
  	from gls_alarm_record gar
  	join <include refid="queryMsisdnTableName"/> p on p.msisdn = gar.msisdn
  	join gls_location_record glr on glr.id = gar.id
  	left join gls_location_fence_task glft
    	on glft.id = gar.fence_task_id
 	where 1=1 
 	<isNotEmpty prepend="and" property="ecCode">
			gar.ec_code = #ecCode#
	</isNotEmpty>
	<isNotEmpty prepend="and" property="msisdn">
			gar.msisdn = #msisdn#
	</isNotEmpty>
	<isNotEmpty prepend="and" property="startDate">
			gar.alarm_date <![CDATA[ >= ]]> to_date(#startDate#,'yyyy-MM-dd HH24:mi:ss')
	</isNotEmpty>
	<isNotEmpty prepend="and" property="endDate">
			gar.alarm_date <![CDATA[ <= ]]> to_date(#endDate#,'yyyy-MM-dd HH24:mi:ss')
	</isNotEmpty>
 	order by gar.alarm_date desc
	</select>
	
	<select id="queryAlarmMsisdn" resultClass="java.lang.String">
		select distinct gar.msisdn from gls_alarm_record gar 
		join <include refid="queryMsisdnTableName"/> p on p.msisdn = gar.msisdn
		left join gls_location_fence_task ft on ft.id = gar.fence_task_id
		where 1=1 
		<isNotEmpty prepend="and" property="ecCode">
			gar.ec_code = #ecCode#
		</isNotEmpty>
		<isNotEmpty prepend="and" property="msisdnOrfenceName">
			(gar.msisdn = #msisdnOrfenceName#
			or gar.fence_name like '%'||#msisdnOrfenceName#||'%')
	</isNotEmpty>
		<isNotEmpty property="startTime">
			and gar.alarm_date <![CDATA[ >= ]]> #startTime#
		</isNotEmpty>
		<isNotEmpty property="endTime">
			and gar.alarm_date <![CDATA[ <= ]]> #endTime#
		</isNotEmpty>
	</select>
	
	<select id="findAlarmRecordById" resultClass="com.lenovo.iotpro3.vo.security.card.AlarmRecordEntity">
	
	select gar.id            as id,
       gar.fence_task_id as fenceTaskId,
       glft.fence_name   as fenceName,
       gar.ec_code       as ecCode,
       gar.msisdn        as msisdn,
       (case 　　when gar.alarm_model = '1' then '进入' 　 else
                         '闯出' 　end) as alarmModel,
       gar.alarm_date    as alarmDate,
       gar.handler_state as handlerState,
       glft.region_type as regionType,
       glft.map_rule_type as mapRuleType,
       glft.regions as regions,
       glr.lon as lon,
       glr.lat as lat,
       glft.map_grade
  from gls_alarm_record gar
  left join gls_location_fence_task glft
    on glft.id = gar.fence_task_id
    left join gls_location_record glr on glr.id = gar.id
  where 1=1 
	<isNotEmpty prepend="and" property="id">
			gar.id = #id#
	</isNotEmpty>
	</select>
	
	<select id="queryMsisdnList" parameterClass="java.util.HashMap" resultClass="com.lenovo.iotpro3.vo.security.card.LocationFenceEntity">
		<!-- select msisdn from(
			select msisdn from IOV_CARD where MSISDN like '%'||#msisdn#||'%' and EC_CODE = #ecCode# 
			and state = 'ENABLED'
			and msisdn in('1064891575432','1064891575433','1064891575434','1064818015115','1064891575435','1064891575436',
							'1440057809514','1440057809515','1440057809520','1440057809521','1440058246231','1440058246232',
							'1440058246234','1440058246235','1440045684039','1440045684005','1440045684008','1440045684016')
			UNION ALL
			select msisdn from MAC_CARD where MSISDN like '%'||#msisdn#||'%' and EC_CODE = #ecCode# 
			and state = 'ENABLED'
			and msisdn in('1064891575432','1064891575433','1064891575434','1064818015115','1064891575435','1064891575436',
							'1440057809514','1440057809515','1440057809520','1440057809521','1440058246231','1440058246232',
							'1440058246234','1440058246235','1440045684039','1440045684005','1440045684008','1440045684016')
			UNION ALL
			select msisdn from NB_CARD where MSISDN like '%'||#msisdn#||'%' and EC_CODE = #ecCode# 
			and state = 'ENABLED'
			and msisdn in('1064891575432','1064891575433','1064891575434','1064818015115','1064891575435','1064891575436',
							'1440057809514','1440057809515','1440057809520','1440057809521','1440058246231','1440058246232',
							'1440058246234','1440058246235','1440045684039','1440045684005','1440045684008','1440045684016')
			UNION ALL
			select msisdn from CARD_9105 where MSISDN like '%'||#msisdn#||'%' and EC_CODE = #ecCode# 
			and state = 'ENABLED'
			and msisdn in('1064891575432','1064891575433','1064891575434','1064818015115','1064891575435','1064891575436',
							'1440057809514','1440057809515','1440057809520','1440057809521','1440058246231','1440058246232',
							'1440058246234','1440058246235','1440045684039','1440045684005','1440045684008','1440045684016')
			UNION ALL
			select msisdn from WLW_CARD where MSISDN like '%'||#msisdn#||'%' and EC_CODE = #ecCode# 
			and card_type='HDJ' and state = 'ENABLED'
		) -->
		select msisdn from <include refid="findMsisdnByTablePartionNew"/>
        where ec_code = #ecCode#
        and state = 'ENABLED'
        and MSISDN like '%'||#msisdn#||'%'
        <isEqual property="mainType" compareValue="4"><!-- 和对讲HDJ -->
	  		and card_type = 'HDJ'
	    </isEqual>
	    <!-- 资产编码范围暂定死 -->
	    and msisdn in('1064891575432','1064891575433','1064891575434','1064818015115','1064891575435','1064891575436',
					  '1440057809514','1440057809515','1440057809520','1440057809521','1440058246231','1440058246232',
					  '1440058246234','1440058246235','1440045684039','1440045684005','1440045684008','1440045684016','1064855798077','1064818642787')
	</select>
	
	<!-- <select id="findLocationFenceRelById" resultClass="com.lenovo.iotpro3.vo.security.card.LocationFenceEntity">
		select FENCE_TASK_ID id, msisdn from GLS_LOCATION_FENCE_TASK_REL where FENCE_TASK_ID = #id#
	</select> -->
	
	<select id="getPersonCountLocationFence" resultClass="java.lang.Long" resultSetType="SCROLL_INSENSITIVE">
		<!--select count(1) from <include refid="queryMsisdn_1"/> where MSISDN = #msisdn# and EC_CODE = #ecCode#-->
		select sum(cou) from(
			select count(1) cou from IOV_CARD where MSISDN = #msisdn# and EC_CODE = #ecCode# and state='ENABLED'
			<!-- 暂定msisdn -->
			and msisdn in('1064891575432','1064891575433','1064891575434',
			'1064818015115','1064891575435','1064891575436',
			'1440057809514','1440057809515','1440057809520','1440057809521',
			'1440058246231','1440058246232','1440058246234','1440058246235',
			'1440045684039','1440045684005','1440045684008','1440045684016','1064855798077','1064818642787')
			UNION ALL
			select count(1) cou from MAC_CARD where MSISDN = #msisdn# and EC_CODE = #ecCode# and state='ENABLED'
			<!-- 暂定msisdn -->
			and msisdn in('1064891575432','1064891575433','1064891575434',
			'1064818015115','1064891575435','1064891575436',
			'1440057809514','1440057809515','1440057809520','1440057809521',
			'1440058246231','1440058246232','1440058246234','1440058246235',
			'1440045684039','1440045684005','1440045684008','1440045684016','1064855798077','1064818642787')
			UNION ALL
			select count(1) cou from NB_CARD where MSISDN = #msisdn# and EC_CODE = #ecCode# and state='ENABLED'
			<!-- 暂定msisdn -->
			and msisdn in('1064891575432','1064891575433','1064891575434',
			'1064818015115','1064891575435','1064891575436',
			'1440057809514','1440057809515','1440057809520','1440057809521',
			'1440058246231','1440058246232','1440058246234','1440058246235',
			'1440045684039','1440045684005','1440045684008','1440045684016','1064855798077','1064818642787')
			UNION ALL
			select count(1) cou from CARD_9105 where MSISDN = #msisdn# and EC_CODE = #ecCode# and state='ENABLED'
			<!-- 暂定msisdn -->
			and msisdn in('1064891575432','1064891575433','1064891575434',
			'1064818015115','1064891575435','1064891575436',
			'1440057809514','1440057809515','1440057809520','1440057809521',
			'1440058246231','1440058246232','1440058246234','1440058246235',
			'1440045684039','1440045684005','1440045684008','1440045684016','1064855798077','1064818642787')
			UNION ALL
			select count(1) cou from WLW_CARD where MSISDN = #msisdn# and EC_CODE = #ecCode# 
			and state='ENABLED' and card_type='HDJ'<!-- 和对讲 -->
		)
	</select>
	
</sqlMap>