<?xml version="1.0" encoding="UTF-8"?>


<!DOCTYPE sqlMap
 PUBLIC "-//ibatis.apache.org//DTD SQL Map 2.0//EN"
 "http://ibatis.apache.org/dtd/sql-map-2.dtd">

<sqlMap>
	
	
	<!-- 根据ecCode获取套餐 -->
	<!-- <select id="queryPkgList" parameterClass="java.util.HashMap" resultClass="com.lenovo.iotpro.entity.EcPackageMonth">
				          
		select  
		        (case when list.PACKAGE_TYPE in ('PKG_TYPE_QUARTER','PKG_TYPE_HALF_YEAR','PKG_TYPE_YEAR')
		              then 'long'||'-'||list.package_code 
		         when list.PACKAGE_TYPE = 'PKG_TYPE_MONTH'
		              then 'month'||'-'||list.package_code
		         when list.PACKAGE_TYPE = 'PKG_TYPE_REFUEL'
		              then 'refuel'||'-'||list.package_code
			     when list.PACKAGE_TYPE = 'PKG_TYPE_TEST'
				      then 'test'||'-'||list.package_code
		         else '-'
		        end)as packageCode,
		        (case when list.PACKAGE_TYPE in ('PKG_TYPE_QUARTER','PKG_TYPE_HALF_YEAR','PKG_TYPE_YEAR')
		              then '长周期套餐'||'-'||list.package_name
		         when list.PACKAGE_TYPE = 'PKG_TYPE_MONTH'
		              then '月套餐'||'-'||list.package_name
		         when list.PACKAGE_TYPE = 'PKG_TYPE_REFUEL'
		              then '叠加包套餐'||'-'||list.package_name
				 when list.PACKAGE_TYPE = 'PKG_TYPE_TEST'
				      then '测试期套餐'||'-'||list.package_name
		         else '-'
		        end)as packageName
		from (          
		        select distinct package_code ,
		                package_name ,
		                package_type 
		        from 
		                EC_PACKAGE_MONTH_STAT
		        where  PACKAGE_NAME is not null       
		        and    PACKAGE_TYPE is not null
		        and    PACKAGE_TYPE != 'PKG_TYPE_TEST'
		        <isNotEmpty prepend="and" property="ecCode">
		           EC_CODE = #ecCode#
		        </isNotEmpty>
		) list  
	</select> -->
	
	<select id="queryMsisdnRuleToPast" resultClass="com.lenovo.iotpro.entity.PreApiAlarmRule">
		SELECT
                 WARNING_NO      AS	warningNo,                  
                EC_CODE       	AS	ecCode,	           
                WARNING_NAME	AS	warningName,
                STATE         	AS	state,	
                MSISDN	        AS  msisdn,
                RATE          	AS	rate,        
                UNIT_VLAUE    	AS	unitValue,   
                WARNING_TYPE    AS	warningType,   
                WARNING_RULE    AS	warningRule,    
                CREATE_DATE   	AS	createDate,  
                APN_NAME        AS  apnName,   
                PROD_CODE  	    AS	prodCode ,
                NOTICE_TYPE   	AS noticeType ,  
				MAIL_ADDRESS  	AS mailAddress,  
				MAIL_CONTENT  	AS mailContent,  
				ACCEPT_NUMBER 	AS acceptNumber, 
				ACCEPT_CONTENT	AS acceptContent
				ORDER_NO        AS orderNo,
				ORDER_STATE     AS orderState
         FROM   PRE_API_ALARM_RULE 
         WHERE  WARNING_NO = #warningNo#
	</select>
	

	<!-- 新增预警规则历史表 -->
	<insert id="insertAPiRuleAlarmPast">
			  
		INSERT INTO PRE_API_ALARM_RULE_PAST(
			past_id,
		 	warning_no,      
			warning_name,    
			state,           
			rate,            
			unit_value,      
			warning_type,    
			warning_rule,    
			ec_code,         
			msisdn,          
			service_id,      
			notice_type,     
			mail_address,    
			mail_content,    
			accept_number,   
			accept_content,  
			apn_name,        
			create_date,     
			warning_func_type,
			prod_code,       
			handle_type,     
			operator,        
			operator_ip 
		)VALUES(
			sys_guid(),
			#warningNo#,       
			#warningName#,    
			#state#,           
			#rate#,            
			#unitValue#,      
			#warningType#,    
			#warningRule#,    
			#ecCode#,         
			#msisdn#,          
			#serviceId#,      
			#noticeType#,     
			#mailAddress#,    
			#mailContent#,    
			#acceptNumber#,   
			#acceptContent#,  
			#apnName#,        
			#createDate#,     
			#warningFuncType#,
			#prodCode#,       
			#handleType#,     
			#operator#,        
			#operatorIp# 
		)
	</insert>
	<!-- 查询历史列表 -->
	<select id="queryApiRulePastByPage" resultClass="com.lenovo.iotpro.entity.PreApiAlarmRule" resultSetType="SCROLL_INSENSITIVE">
		<include refid="pageSqlStart" />
		        select ar.* 
			        from (
			                SELECT  
			                        past_id      pastId,
			                        WARNING_NO      AS	warningNo,                  
			                        EC_CODE       	AS	ecCode,	           
			                        WARNING_NAME	AS	warningName,
			                        STATE         	AS	state,	
			                        MSISDN	        AS  msisdn,
			                        RATE          	AS	rate,        
			                        UNIT_VALUE    	AS	unitValue,   
			                        WARNING_TYPE    AS	warningType,   
			                        WARNING_RULE    AS	warningRule,    
			                        CREATE_DATE   	AS	createDate,  
			                        APN_NAME        AS  apnName, 
                    				service_id          serviceId, 
			                        PROD_CODE  	    AS	prodCode ,
			                        NOTICE_TYPE   	AS noticeType ,  
									MAIL_ADDRESS  	AS mailAddress,  
									MAIL_CONTENT  	AS mailContent,  
									ACCEPT_NUMBER 	AS acceptNumber, 
									ACCEPT_CONTENT	AS acceptContent,
									warning_func_type  warningFuncType,
									handle_type  handleType
			                FROM   PRE_API_ALARM_RULE_PAST
			        ) ar
			where ar.handleType in ('NEW','UPDATE')
            <isNotEmpty prepend="and" property="ecCode">
	           ar.ecCode = #ecCode#
	        </isNotEmpty>
	        <isNotEmpty prepend="and" property="warningName">
	           ar.warningName like '%'||#warningName#||'%'
	        </isNotEmpty>
	        <isNotEmpty prepend="and" property="warningFuncType">
	           ar.warningFuncType = #warningFuncType#
	        </isNotEmpty>
	        order by ar.createDate desc
		<include refid="pageSqlEnd" />
	</select>

	<!-- 查询历史数量 -->
	 <select id="queryApiRulePastByPageCount" resultClass="java.lang.Long"  resultSetType="SCROLL_INSENSITIVE">
		select 
			count(1)
		from
			PRE_API_ALARM_RULE_PAST
		 where 1=1 and HANDLE_TYPE in ('NEW','UPDATE')
            <isNotEmpty prepend="and" property="ecCode">
	           EC_CODE = #ecCode#
	        </isNotEmpty> 
	        <isNotEmpty prepend="and" property="preName">
	           WARNING_NAME like '%'||#warningName#||'%'
	        </isNotEmpty>
	        <isNotEmpty prepend="and" property="warningFuncType">
	           WARNING_FUNC_TYPE = #warningFuncType#
	        </isNotEmpty>
	</select>
	
	<!-- 根据ID查询规则 -->
	<select id="queryApiRuleByPastId" parameterClass="java.util.HashMap" resultClass="com.lenovo.iotpro.entity.PreApiAlarmRule">
		        select 
					past_id               pastId,
				 	warning_no            warningNo,      
					warning_name          warningName,    
					state                 state,
					rate                  rate,
					unit_value            unitValue,
					warning_type          warningType,
					warning_rule          warningRule,
					ec_code               ecCode,
					msisdn                msisdn,
					service_id            serviceId,
					notice_type           noticeType,
					mail_address          mailAddress,
					mail_content          mailContent,
					accept_number         acceptNumber,
					accept_content        acceptContent,
					apn_name              apnName,
					create_date           createDate,
					warning_func_type     warningFuncType,
					prod_code             prodCode,
					handle_type           handleType,
					operator              operator,
					operator_ip           operatorIp
			    from 
		             PRE_API_ALARM_RULE_PAST 
		        where PAST_ID=#pastId#
	</select>
	
	
	<!-- 查询列表 -->
	<select id="queryMsisdnPredictRuleByPage" resultClass="com.lenovo.iotpro.entity.PreApiAlarmRule" resultSetType="SCROLL_INSENSITIVE">
		<include refid="pageSqlStart" />
		        select ar.* 
			        from (
			                SELECT
			                        WARNING_NO      AS	warningNo,                  
			                        EC_CODE       	AS	ecCode,	           
			                        WARNING_NAME	AS	warningName,
			                        STATE         	AS	state,	
			                        MSISDN	        AS  msisdn,
			                        RATE          	AS	rate,        
			                        UNIT_VLAUE    	AS	unitValue,   
			                        WARNING_TYPE    AS	warningType,   
			                        WARNING_RULE    AS	warningRule,    
			                        CREATE_DATE   	AS	createDate,  
			                        APN_NAME        AS  apnName, 
                    				service_id          serviceId, 
			                        PROD_CODE  	    AS	prodCode ,
			                        NOTICE_TYPE   	AS noticeType ,  
									MAIL_ADDRESS  	AS mailAddress,  
									MAIL_CONTENT  	AS mailContent,  
									ACCEPT_NUMBER 	AS acceptNumber, 
									ACCEPT_CONTENT	AS acceptContent,
									warning_func_type  warningFuncType,
									ORDER_NO AS orderNo,
									ORDER_STATE AS orderState
			                FROM   PRE_API_ALARM_RULE 
			        ) ar
			where  ar.STATE = 'ENABLED'
            <isNotEmpty prepend="and" property="ecCode">
	           ar.ecCode = #ecCode#
	        </isNotEmpty>
	        <isNotEmpty prepend="and" property="warningName">
	           ar.warningName like '%'||#warningName#||'%'
	        </isNotEmpty>
	        <isNotEmpty prepend="and" property="warningFuncType">
	           ar.warningFuncType = #warningFuncType#
	        </isNotEmpty>
	        order by
	        	createDate desc
		<include refid="pageSqlEnd" />
		
	</select>
	
	<!-- 查询数量 -->
	<select id="queryMsisdnPredictRuleByPageCount" resultClass="java.lang.Long"  resultSetType="SCROLL_INSENSITIVE">
		select 
			count(1)
		from
			PRE_API_ALARM_RULE
		 where  STATE = 'ENABLED'
            <isNotEmpty prepend="and" property="ecCode">
	           EC_CODE = #ecCode#
	        </isNotEmpty> 
	        <isNotEmpty prepend="and" property="warningName">
	           WARNING_NAME like '%'||#warningName#||'%'
	        </isNotEmpty>
	        <isNotEmpty prepend="and" property="warningFuncType">
	           WARNING_FUNC_TYPE = #warningFuncType#
	        </isNotEmpty>
	</select>
	
	<!-- 更新规则状态 -->
	<update id="updateMsisdnRuleState" parameterClass="com.lenovo.iotpro.entity.PreApiAlarmRule">
		update
			PRE_API_ALARM_RULE
		SET
			CREATE_DATE = #createDate#,
			STATE = #state#
		WHERE
			WARNING_NO = #warningNo#
	</update>
	
	<!-- 批量删除规则 -->
	<delete id="batchDelMsisdnRule" parameterClass="hashMap">
		delete from 
			PRE_API_ALARM_RULE 
		where 
			WARNING_NO = #warningNo#
		<isNotEmpty prepend="and" property="ecCode">
	        EC_CODE = #ecCode#
	    </isNotEmpty>
	</delete>
	
	<!-- 单条删除规则 -->
	<delete id="delMsisdnRule" parameterClass="hashMap">
		delete from 
			PRE_API_ALARM_RULE
		where 
			WARNING_NO = #warningNo#
		<isNotEmpty prepend="and" property="ecCode">
	        EC_CODE = #ecCode#
	    </isNotEmpty>
	</delete>
	
	
	<!-- 根据ID查询规则 -->
	<select id="queryMsisdnRuleById" parameterClass="java.util.HashMap" resultClass="com.lenovo.iotpro.entity.PreApiAlarmRule">
		
		        select 
		            WARNING_NO      AS	warningNo,                  
                    EC_CODE       	AS	ecCode,	           
                    WARNING_NAME	AS	warningName,
                    STATE         	AS	state,	
                    MSISDN	        AS  msisdn,
                    RATE          	AS	rate,        
                    UNIT_VLAUE    	AS	unitValue,   
                    WARNING_TYPE    AS	warningType,   
                    WARNING_RULE    AS	warningRule,    
                    CREATE_DATE   	AS	createDate, 
                    service_id          serviceId, 
                    APN_NAME        AS  apnName,   
                    PROD_CODE  	    AS	prodCode ,
                    NOTICE_TYPE   	AS noticeType ,  
					MAIL_ADDRESS  	AS mailAddress,  
					MAIL_CONTENT  	AS mailContent,  
					ACCEPT_NUMBER 	AS acceptNumber, 
					ACCEPT_CONTENT	AS acceptContent,
					warning_func_type  warningFuncType,
					ORDER_NO AS orderNo,
					ORDER_STATE AS orderState
			    from 
		             PRE_API_ALARM_RULE 
		 		 where warning_no=#warningNo#
	</select>
	
	<select id="showPickMsisdne" resultClass="com.lenovo.iotpro3.vo.security.card.ImeiPoolEntity"
		resultSetType="SCROLL_INSENSITIVE">
		select en.ec_code,
	  '物联网卡' userType,
		m2m.msisdn msisdn,
		m2m.iccid iccid,
		decode(m2m.life_Cycle,
		'TEST','测试期',
		'SILENT','沉默期',
		'NORMAL','正使用',
		'STOP','停机',
		'PRECLOSE','预约销户',
		'CANCEL','销户',
		'STOCK','库存期',
		'OTHERS','其他',
		'-'
		) as runCode,
		to_char(m2m.OPEN_TIME,'yyyy-MM-dd hh24:mi:ss') as openTime
		from<!-- <include refid="queryMsisdn_1"/>-->
		(
		select ec_code,msisdn,iccid,run_code,activate_date,OPEN_TIME,life_Cycle from mac_card  where ec_code =#ecCode#
		<isNotEmpty prepend="and" property="msisdn2">
			msisdn like '%'||#msisdn2#||'%'
		</isNotEmpty>
		union all
		select ec_code,msisdn,iccid,run_code,activate_date,OPEN_TIME,life_Cycle from IOV_CARD  where ec_code =#ecCode#
		<isNotEmpty prepend="and" property="msisdn2">
			msisdn like '%'||#msisdn2#||'%'
		</isNotEmpty>
		union all
		select ec_code, msisdn,iccid,run_code,activate_date,OPEN_TIME,life_Cycle from NB_CARD  where ec_code =#ecCode#
		<isNotEmpty prepend="and" property="msisdn2">
			msisdn like '%'||#msisdn2#||'%'
		</isNotEmpty>
		union all
		select ec_code, msisdn,iccid,run_code,activate_date,OPEN_TIME,life_Cycle from CARD_9105  where ec_code =#ecCode#
		<isNotEmpty prepend="and" property="msisdn2">
			msisdn like '%'||#msisdn2#||'%'
		</isNotEmpty>
		union all
		select ec_code, msisdn,iccid,run_code,activate_date,OPEN_TIME,life_Cycle from WLW_CARD  where ec_code =#ecCode#
		and card_type='HDJ'
		<isNotEmpty prepend="and" property="msisdn2">
			msisdn like '%'||#msisdn2#||'%'
		</isNotEmpty>
		)
		m2m
		left join ENTERPRISE_CUSTOMER en on
		en.ec_code=m2m.ec_code
		where 1=1
		<isNotEmpty prepend="and" property="ecCode">
			m2m.ec_code =#ecCode#
		</isNotEmpty>
		<isNotEmpty prepend="and" property="msisdn2">
			m2m.msisdn like '%'||#msisdn2#||'%'
		</isNotEmpty>
		<isNotEmpty prepend="and" property="msisdn">
			m2m.msisdn IN
		(SELECT REGEXP_SUBSTR(#msisdn#, '[^,]+', 1, LEVEL)
    	FROM DUAL
  		CONNECT BY REGEXP_SUBSTR(#msisdn#, '[^,]+', 1, LEVEL) IS NOT NULL)
		</isNotEmpty>
</select>

<select id="findList2MsisdnRule" resultClass="com.lenovo.iotpro3.vo.security.card.ImeiPoolEntity"
		resultSetType="SCROLL_INSENSITIVE">
		select en.ec_code,en.ec_name,
	  '物联网卡' userType,
		m2m.msisdn msisdn2,
		m2m.iccid iccid2,
		decode(m2m.life_Cycle,
		'TEST','测试期',
		'SILENT','沉默期',
		'NORMAL','正使用',
		'STOP','停机',
		'PRECLOSE','预约销户',
		'CANCEL','销户',
		'STOCK','库存期',
		'OTHERS','其他',
		'-'
		) as runCode,
		to_char(m2m.OPEN_TIME,'yyyy-MM-dd hh24:mi:ss') as openTime
		from<!-- <include refid="queryMsisdn_1"/>-->
		(
		select ec_code,msisdn,iccid,run_code,activate_date,OPEN_TIME,life_Cycle from mac_card  where ec_code =#ecCode#
		<isNotEmpty prepend="and" property="msisdn2">
			msisdn like '%'||#msisdn2#||'%'
		</isNotEmpty>
		union all
		select ec_code,msisdn,iccid,run_code,activate_date,OPEN_TIME,life_Cycle from IOV_CARD  where ec_code =#ecCode#
		<isNotEmpty prepend="and" property="msisdn2">
			msisdn like '%'||#msisdn2#||'%'
		</isNotEmpty>
		union all
		select ec_code, msisdn,iccid,run_code,activate_date,OPEN_TIME,life_Cycle from NB_CARD  where ec_code =#ecCode#
		<isNotEmpty prepend="and" property="msisdn2">
			msisdn like '%'||#msisdn2#||'%'
		</isNotEmpty>
		union all
		select ec_code, msisdn,iccid,run_code,activate_date,OPEN_TIME,life_Cycle from CARD_9105  where ec_code =#ecCode#
		<isNotEmpty prepend="and" property="msisdn2">
			msisdn like '%'||#msisdn2#||'%'
		</isNotEmpty>
		union all
		select ec_code, msisdn,iccid,run_code,activate_date,OPEN_TIME,life_Cycle from WLW_CARD  where ec_code =#ecCode#
		and card_type='HDJ'
		<isNotEmpty prepend="and" property="msisdn2">
			msisdn like '%'||#msisdn2#||'%'
		</isNotEmpty>
		)
		m2m
		left join ENTERPRISE_CUSTOMER en on
		en.ec_code=m2m.ec_code
		where 1=1
		<isNotEmpty prepend="and" property="ecCode">
			m2m.ec_code =#ecCode#
		</isNotEmpty>
		<isNotEmpty prepend="and" property="msisdn2">
			m2m.msisdn like '%'||#msisdn2#||'%'
		</isNotEmpty>
		<isNotEmpty prepend="and" property="msisdn">
			m2m.msisdn NOT IN
		(SELECT REGEXP_SUBSTR(#msisdn#, '[^,]+', 1, LEVEL)
    	FROM DUAL
  		CONNECT BY REGEXP_SUBSTR(#msisdn#, '[^,]+', 1, LEVEL) IS NOT NULL)
		</isNotEmpty>
	</select>
	
	<select id="findList2CountMsisdnRule" resultClass="java.lang.Long"
		resultSetType="SCROLL_INSENSITIVE">
		
		select count(1) 
		from
		(
			select en.ec_code,en.ec_name,
		'物联网卡' userType,
		m2m.msisdn msisdn2,
		m2m.iccid iccid2,
		decode(m2m.life_Cycle,
		'TEST','测试期',
		'SILENT','沉默期',
		'NORMAL','正使用',
		'STOP','停机',
		'PRECLOSE','预约销户',
		'CANCEL','销户',
		'STOCK','库存期',
		'OTHERS','其他',
		'-'
		) as runCode,
		m2m.OPEN_TIME
		from <!--<include refid="queryMsisdn_1"/>-->
		(
		select ec_code,msisdn,iccid,run_code,activate_date,OPEN_TIME,life_Cycle from mac_card  where ec_code =#ecCode#
		<isNotEmpty prepend="and" property="msisdn2">
			msisdn like '%'||#msisdn2#||'%'
		</isNotEmpty>
		union all
		select ec_code,msisdn,iccid,run_code,activate_date,OPEN_TIME,life_Cycle from IOV_CARD  where ec_code =#ecCode#
		<isNotEmpty prepend="and" property="msisdn2">
			msisdn like '%'||#msisdn2#||'%'
		</isNotEmpty>
		union all
		select ec_code, msisdn,iccid,run_code,activate_date,OPEN_TIME,life_Cycle from NB_CARD  where ec_code =#ecCode#
		<isNotEmpty prepend="and" property="msisdn2">
			msisdn like '%'||#msisdn2#||'%'
		</isNotEmpty>
		union all
		select ec_code, msisdn,iccid,run_code,activate_date,OPEN_TIME,life_Cycle from CARD_9105  where ec_code =#ecCode#
		<isNotEmpty prepend="and" property="msisdn2">
			msisdn like '%'||#msisdn2#||'%'
		</isNotEmpty>
		union all
		select ec_code, msisdn,iccid,run_code,activate_date,OPEN_TIME,life_Cycle from WLW_CARD  where ec_code =#ecCode#
		and card_type='HDJ'
		<isNotEmpty prepend="and" property="msisdn2">
			msisdn like '%'||#msisdn2#||'%'
		</isNotEmpty>
		)
		m2m
		left join ENTERPRISE_CUSTOMER en on
		en.ec_code=m2m.ec_code
		where 1=1
		<isNotEmpty prepend="and" property="ecCode">
			m2m.ec_code =#ecCode#
		</isNotEmpty>
		<isNotEmpty prepend="and" property="msisdn">
			m2m.msisdn NOT IN
		(SELECT REGEXP_SUBSTR(#msisdn#, '[^,]+', 1, LEVEL)
    	FROM DUAL
  		CONNECT BY REGEXP_SUBSTR(#msisdn#, '[^,]+', 1, LEVEL) IS NOT NULL)
		</isNotEmpty>)
	</select>

	<select id="getImeiRelationShip1" resultClass="com.lenovo.iotpro3.vo.security.card.ProRelationEntity">
		SELECT 
			PIMR.ec_Code as ecCode, PIMR.msisdn as msisdn , PIMR.imei as imei, PIMR.msisdnpool_id as msisdnpoolId,
			PIMR.item_name as itemName, PIMR.relation as relation, PIMR.state as state, PIMR.config_Time as configTime
		 FROM PRO_IMEI_MSISDN_RELATION PIMR 
			WHERE PIMR.EC_CODE = #ecCode# and PIMR.msisdn = #msisdn#
	</select>
	
	<select id="findServiceCodeList" resultClass="java.util.HashMap" >
		select s.apn_name as apnName,s.pcrf_service_code as serviceId,s.service_name as serviceName from STRATEGY_LIST s 
		where 1=1
		<isNotEmpty prepend="and" property="apnName">
			s.apn_name = #apnName#
		</isNotEmpty>
		 and s.ec_code=#ecCode#
	</select>
	 
	<!-- 修改通知方式 -->
	<update id="updateNoticeType" parameterClass="com.lenovo.iotpro.entity.PreApiAlarmRule">
		update
			PRE_API_ALARM_RULE
		SET
			WARNING_NAME   = #warningName#,            
			NOTICE_TYPE = #noticeType#,
			MAIL_ADDRESS = #mailAddress#,
			ACCEPT_NUMBER = #acceptNumber#,
			CREATE_DATE = #createDate#,
			MAIL_CONTENT = #mailContent#,
			ACCEPT_CONTENT = #acceptContent#
		WHERE
			warning_no = #warningNo#
	</update>
	
	<update id="updateMsisdnRuleOrder" parameterClass="java.util.HashMap">
		update
			PRE_API_ALARM_RULE
		SET
		<isNotEmpty property="msisdn">
			MSISDN = #msisdn#,
		</isNotEmpty>
		<isNotEmpty property="state">
			STATE = #state#,
		</isNotEmpty>
		<isNotEmpty property="orderNo">
			ORDER_NO = #orderNo#,
		</isNotEmpty>
		<isNotEmpty property="orderState">
			ORDER_STATE = #orderState#
		</isNotEmpty>
		WHERE
			WARNING_NO = #warningNo#
	</update>
	<select id="findMsisdnRule" resultClass="HashMap"
		resultSetType="SCROLL_INSENSITIVE">
		select WARNING_NO,ORDER_NO from PRE_API_ALARM_RULE where state = 'ENABLED' and order_no is not null
	</select>
	
</sqlMap>
