<?xml version="1.0" encoding="UTF-8"?>

<!DOCTYPE sqlMap
 PUBLIC "-//ibatis.apache.org//DTD SQL Map 2.0//EN"
 "http://ibatis.apache.org/dtd/sql-map-2.dtd">

<sqlMap>

	<select id="queryEcName_PositionMap" resultClass="java.lang.String">
		select ec_name from ENTERPRISE_CUSTOMER where ec_code = #ecCode#
	</select>
	
	<select id="queryMsisdn_PositionMap" resultClass="com.lenovo.iotpro3.vo.security.card.PositionMapEntity">
		<isNotEmpty property="msisdnList">
			 with tt as (
				    <iterate property="msisdnList" conjunction="union all">   
						     select #msisdnList[]# msisdn from dual
					</iterate> 
			 )
		</isNotEmpty>
		<include refid="pageSqlStart"/>
		select m.msisdn 
		from <include refid="queryMsisdnTableName"/> m
		where m.STATE = 'ENABLED'
		<isEqual property="mainType" compareValue="4"><!-- 和对讲HDJ -->
			and m.card_type='HDJ'
		</isEqual>
		<isNotEmpty prepend="and" property="ecCode">
			m.ec_code = #ecCode#
		</isNotEmpty>
		<isNotEmpty prepend="and" property="msisdn">
			m.msisdn = #msisdn#
		</isNotEmpty>
		<!-- <isNotEmpty prepend="and" property="productCode">
			<isEqual property="productCode" compareValue="1">中移产品
				m.msisdn in('1064891575432','1064891575433','1064891575434','1064818015115')无数据暂显示几个测试号码
			</isEqual>
			<isEqual property="productCode" compareValue="2">辽宁产品
				m.product_code = '2'暂无数据不显示号码
			</isEqual>
		</isNotEmpty> -->
		<!-- 无数据暂显示几个测试号码 -->
		and m.msisdn in('1064891575432','1064891575433','1064891575434',
		'1064818015115','1064891575435','1064891575436',
		'1440057809514','1440057809515','1440057809520','1440057809521',
		'1440058246231','1440058246232','1440058246234','1440058246235',
		'1440045684039','1440045684005','1440045684008','1440045684016')
		<isNotEmpty prepend="and" property="msisdnList">
			exists(select 1 from tt where tt.msisdn = m.msisdn)
		</isNotEmpty>
		order by m.msisdn
		<include refid="pageSqlEnd"/>
	</select>
	
	<select id="queryCode_PositionMap" resultClass="com.lenovo.iotpro3.vo.security.card.PositionMapEntity">
		select 
		      administrative_code administrativeCode,
		      province_name provinceName,
		      area_name areaName
		from NATIONWIDE_CODE
		where city_code = #cityCode#
	</select>
	
	<insert id="insertGlsLocationRecord">
		insert into GLS_LOCATION_RECORD
		  (id,
		   msisdn,
		   ec_code,
		   location_date,
		   real_date,
		   lon,
		   lat,
		   date_type,
		   create_date)
		values
		  (#id#,
		   #msisdn#,
		   #ecCode#,
		   #locationDate#,
		   #realDate#,
		   #lng#,
		   #lat#,
		   #dateType#,
		   #createDate#)
	</insert>
	
	<select id="getLonAndLatByEcCode" resultClass="com.lenovo.iotpro3.vo.security.card.PositionMapEntity">
		select a.lon lng,
		       a.lat lat,
		       a.area_name areaName,
           	   a.administrative_code administrativeCode
		from ENTERPRISE_CUSTOMER e
		left join NATIONWIDE_CODE a on e.area_id = a.area_id
		where e.ec_code = #ecCode#
	</select>
</sqlMap>