<?xml version="1.0" encoding="UTF-8"?>

<!DOCTYPE sqlMap
		PUBLIC "-//ibatis.apache.org//DTD SQL Map 2.0//EN"
		"http://ibatis.apache.org/dtd/sql-map-2.dtd">

<sqlMap>

	<select id="queryEcName_Playback" resultClass="java.lang.String">
		select ec_name from ENTERPRISE_CUSTOMER where ec_code = #ecCode#
	</select>


	<select id="queryMsisdn_PositionPlaybackMap" resultClass="com.lenovo.iotpro3.vo.security.card.PositionPlaybackEntity">
		<isNotEmpty property="msisdnList">
			 with tt as (
				    <iterate property="msisdnList" conjunction="union all">   
						     select #msisdnList[]# msisdn from dual
					</iterate> 
			 )
		</isNotEmpty>
		<include refid="pageSqlStart"/>
		select m.msisdn 
		from <include refid="queryMsisdnTableName"/> m
		where m.STATE = 'ENABLED'
		<isEqual property="mainType" compareValue="4"><!-- 和对讲HDJ -->
			and m.card_type='HDJ'
		</isEqual>
		<!-- 无数据暂显示几个测试号码 -->
		and m.msisdn in('1064891575432','1064891575433','1064891575434','1064818015115',
		'1064891575435','1064891575436','1440057809514','1440057809515','1440057809520',
		'1440057809521','1440058246231','1440058246232','1440058246234','1440058246235',
		'1440045684039','1440045684005','1440045684008','1440045684016')
		<isNotEmpty prepend="and" property="ecCode">
			m.ec_code = #ecCode#
		</isNotEmpty>
		<isNotEmpty prepend="and" property="msisdn">
			m.msisdn = #msisdn#
		</isNotEmpty>
		<isNotEmpty prepend="and" property="msisdnList">
			exists(select 1 from tt where tt.msisdn = m.msisdn)
		</isNotEmpty>
		order by m.msisdn
		<include refid="pageSqlEnd"/>
	</select>
	
	<select id="positionPlaybackByMsisdn" resultClass="com.lenovo.iotpro3.vo.security.card.PositionPlaybackEntity">
		select * from (
			select t.msisdn,
			       t.lon lng,
			       t.lat,
			       to_char(t.location_date,'yyyy-Mm-dd hh24:mi:ss') locationTime
			from GLS_LOCATION_RECORD t
			where 1=1
			<isNotEmpty prepend="and" property="ecCode">
				t.ec_code = #ecCode#
			</isNotEmpty>
			<isNotEmpty prepend="and" property="msisdn">
				t.msisdn = #msisdn#
			</isNotEmpty>
			<isNotEmpty prepend="and" property="startTime">
				t.location_date <![CDATA[ >= ]]> to_date(#startTime#,'yyyy-Mm-dd hh24:mi:ss')
			</isNotEmpty>
			<isNotEmpty prepend="and" property="endTime">
				t.location_date <![CDATA[ <= ]]> to_date(#endTime#,'yyyy-Mm-dd hh24:mi:ss')
			</isNotEmpty>
			order by t.location_date desc
		) where rownum <![CDATA[ <= ]]> 10  <!-- 暂最多回放10个轨迹点 -->
	</select>
	
	
	
</sqlMap>