<?xml version="1.0" encoding="UTF-8"?>


<!DOCTYPE sqlMap
 PUBLIC "-//ibatis.apache.org//DTD SQL Map 2.0//EN"
 "http://ibatis.apache.org/dtd/sql-map-2.dtd">

<sqlMap>
	
	<sql id="queryMainProd_Sql5">
		<isNotEmpty prepend="and" property="mainType">
			<isEqual property="mainType" compareValue="1"><!-- 车联网主体产品 -->
				p.msisdn in (
					<!-- select MSISDN from m2m_person where MAIN_PROD_CODE in ('AppendAttr.I00010800001','I00010800001') -->
					select MSISDN from IOV_CARD where 1=1
					and STATE = 'ENABLED'
					 <isNotEmpty prepend="and" property="ecCode">
						ec_code = #ecCode#
					</isNotEmpty>
				)
			</isEqual>
			<isEqual property="mainType" compareValue="2"><!-- 机器卡主体产品 -->
				p.msisdn in (
					<!-- select MSISDN from m2m_person where MAIN_PROD_CODE in ('AppendAttr.I00010300001','I00010300001') -->
					select MSISDN from MAC_CARD where 1=1
					and STATE = 'ENABLED'
					 <isNotEmpty prepend="and" property="ecCode">
						ec_code = #ecCode#
					</isNotEmpty>
				)
			</isEqual>
			<isEqual property="mainType" compareValue="3"><!-- NB-IOT主体产品 -->
				 p.msisdn in (
					<!-- select MSISDN from m2m_person where MAIN_PROD_CODE in ('AppendAttr.I00011200001','I00011200001') -->
					select MSISDN from NB_CARD where 1=1
					and STATE = 'ENABLED'
					 <isNotEmpty prepend="and" property="ecCode">
						ec_code = #ecCode#
					</isNotEmpty>
				)
			</isEqual>
			<isEqual property="mainType" compareValue="4"><!-- 和对讲 -->
				 p.msisdn in (
					select MSISDN from WLW_CARD where MAIN_PROD_CODE in ('AppendAttr.I00011000001','I00011000001')
					and STATE = 'ENABLED'
					 <isNotEmpty prepend="and" property="ecCode">
						ec_code = #ecCode#
					</isNotEmpty>
				)
			</isEqual>
			<isEqual property="mainType" compareValue="5"><!-- 行车卫士 -->
				p.msisdn in (
					select MSISDN from m2m_person where MAIN_PROD_CODE in ('AppendAttr.I00011000001','I00011000001')
					and STATE = 'ENABLED'
					 <isNotEmpty prepend="and" property="ecCode">
						ec_code = #ecCode#
					</isNotEmpty>
				)
			</isEqual>
			<isEqual property="mainType" compareValue="6"><!-- 9105 -->
				 p.msisdn in (
					<!-- select MSISDN from m2m_person where MAIN_PROD_CODE in ('AppendAttr.9105','9105') -->
					select MSISDN from CARD_9105 where 1=1
					and STATE = 'ENABLED'
					 <isNotEmpty prepend="and" property="ecCode">
						ec_code = #ecCode#
					</isNotEmpty>
				)
			</isEqual>
		</isNotEmpty>
		<!-- <isEmpty prepend="and" property="mainType"> 
				p.msisdn in (
					select MSISDN from m2m_person  
					where STATE = 'ENABLED'
					 <isNotEmpty prepend="and" property="ecCode">
						ec_code = #ecCode#
					</isNotEmpty>
				) 
		</isEmpty> -->
	</sql>
	
	
	<select id="queryRuleId" resultClass="String">
		select id from pre_alarm_rule r
		where 1=1  and ALARM_MODEL is null <!-- 企业门户 -->
		<isNotEmpty prepend="and" property="ecCode">
           r.ec_code = #ecCode#
        </isNotEmpty>
		<isNotEmpty prepend="and" property="preName">
           r.PRE_ALARM_NAME like '%'||#preName#||'%'
        </isNotEmpty>
        <isNotEmpty prepend="and" property="preType">
           r.ALARM_TYPE = #preType#
        </isNotEmpty>
        <isNotEmpty prepend="and" property="ruleType">
           r.RULE_TYPE = #ruleType#
        </isNotEmpty>
        <isNotEmpty prepend="and" property="rate">
           r.RATE = #rate#
        </isNotEmpty>
        <isNotEmpty prepend="and" property="unitValue">
           r.UNIT_VALUE = #unitValue#
        </isNotEmpty>
        <isNotEmpty prepend="and" property="cycleChg">
           r.CYCLE_CHG like '%'||#cycleChg#||'%'
        </isNotEmpty>
        <isNotEmpty prepend="and" property="funChg">
           r.FUN_CHG like '%'||#funChg#||'%'
        </isNotEmpty>
        <isNotEmpty prepend="and" property="bootChg">
           r.BOOT_CHG like '%'||#bootChg#||'%'
        </isNotEmpty>
        <isNotEmpty prepend="and" property="pkgChg">
           r.PKG_CHG = #pkgChg#
        </isNotEmpty>
	</select>
	
	
		
	<!-- 查询列表 -->
	<select id="queryPreAlarmByPage" resultClass="com.lenovo.iotpro.entity.PreAlarmList" resultSetType="SCROLL_INSENSITIVE">
		<include refid="pageSqlStart" />
				select list.*
		        from (
		                select
		                        p.id  		AS	id,  				
		                        p.ec_code     	AS	ecCode ,    
		                        p.msisdn      	AS	msisdn,   
		                        (select iccid from num_route where msisdn = p.msisdn) iccid, 
		                        p.used_flow   	AS	usedFlow,   
		                        to_date(p.warning_time,'yyyy-mm-dd hh24:mi:ss') AS	warningTime,
		                        p.handle_state	AS	handleState,
		                        p.rang_type   	AS	rangType,   
		                        p.rule_id     	AS	ruleId<!-- ,
		                        (select distinct RUN_CODE from M2M_PERSON where MSISDN = p.MSISDN
		                            <isNotEmpty prepend="and" property="ecCode">
							           ec_code = #ecCode#
							        </isNotEmpty>
		                        ) as code -->
		                from pre_alarm_list p 
		                where p.RANG_TYPE = 'personnal' 
		                <isNotEmpty prepend="and" property="ecCode">
				           p.ec_code = #ecCode#
				        </isNotEmpty>
		                <isEqual property="rightType" compareValue="2">
	    					 and exists (select 1  from pro_asset b where p.msisdn=b.msisdn and b.dept_id in (<include refid="findDeptIdsByUserRights"/>))
						</isEqual>
		                <!-- liuls  分表分库 <isNotEmpty property="mainType">
							<isEqual property="mainType" compareValue="0">全部产品
								p.msisdn in (select msisdn from M2M_PERSON partition(m2m_person_partition$part$) where 1=1
								<isNotEmpty prepend="and" property="ecCode">
						           ec_code = #ecCode#
						        </isNotEmpty>
						        )
							</isEqual>
							<isEqual property="mainType" compareValue="1">车联网主体产品
								 p.msisdn in (select msisdn from IOV_CARD where 1=1
								<isNotEmpty prepend="and" property="ecCode">
						           ec_code = #ecCode#
						        </isNotEmpty> 
						        )
							</isEqual>
							<isEqual property="mainType" compareValue="2">机器卡主体产品
								 p.msisdn in (select msisdn from MAC_CARD where 1=1
								<isNotEmpty prepend="and" property="ecCode">
						           ec_code = #ecCode#
						        </isNotEmpty> 
						        )  
							</isEqual>
							<isEqual property="mainType" compareValue="3">NB-IOT主体产品
								 p.msisdn in (select msisdn from NB_CARD where 1=1
								<isNotEmpty prepend="and" property="ecCode">
						           ec_code = #ecCode#
						        </isNotEmpty> 
						        )  
							</isEqual>
							<isEqual property="mainType" compareValue="6">9105
								  p.msisdn in (select msisdn from CARD_9105 where 1=1
								<isNotEmpty prepend="and" property="ecCode">
						           ec_code = #ecCode#
						        </isNotEmpty> 
						        )   
							</isEqual>
						</isNotEmpty>
						<isEmpty property="mainType">
								p.msisdn in (select msisdn from M2M_PERSON partition(m2m_person_partition$part$) where 1=1
								<isNotEmpty prepend="and" property="ecCode">
						           ec_code = #ecCode#
						        </isNotEmpty>
						        )
						</isEmpty> -->
		                <include refid="queryMainProd_Sql5"/>
				        <isNotEmpty prepend="and" property="preNum">
				           p.msisdn like '%'||#preNum#||'%'
				        </isNotEmpty>
				        <isNotEmpty prepend="and" property="state">
				           p.handle_state = #state#
				        </isNotEmpty>
				        <isNotEmpty property="ruleIds" prepend="AND"> 
				        	p.rule_id IN  
					        <iterate open="(" close=")" conjunction="," property="ruleIds"> #ruleIds[]# </iterate>  
					    </isNotEmpty>
					    <isEmpty property="ruleIds" prepend="AND"> 
				        	p.rule_id is null 
					    </isEmpty>
		        ) list
			where 1=1
	        <isNotEmpty prepend="and" property="startDate">
	           	list.warningTime <![CDATA[>= ]]> to_date(#startDate#,'yyyy-MM-dd')
	        </isNotEmpty>
	        <isNotEmpty prepend="and" property="endDate">
	           	list.warningTime <![CDATA[<= ]]> to_date(#endDate#,'yyyy-MM-dd') +1
	        </isNotEmpty>
			order by list.warningTime desc
		<include refid="pageSqlEnd" />
	</select>
	
	<!-- 查询数量 -->
	<select id="queryPreAlarmByPageCount" resultClass="java.lang.Long"  resultSetType="SCROLL_INSENSITIVE">
			select count(1) from (
		                select
		                        p.id  		AS	id,  				
		                        p.ec_code     	AS	ecCode ,    
		                        p.msisdn      	AS	msisdn,    
		                        p.used_flow   	AS	usedFlow,   
		                        to_date(p.warning_time,'yyyy-mm-dd hh24:mi:ss') AS	warningTime,
		                        p.handle_state	AS	handleState,
		                        p.rang_type   	AS	rangType,   
		                        p.rule_id     	AS	ruleId<!-- ,
		                        (select distinct RUN_CODE from M2M_PERSON where MSISDN = p.MSISDN
		                            <isNotEmpty prepend="and" property="ecCode">
							           ec_code = #ecCode#
							        </isNotEmpty>
		                        ) as code -->
		                from pre_alarm_list p 
		                where p.RANG_TYPE = 'personnal' 
		                <isNotEmpty prepend="and" property="ecCode">
				           p.ec_code = #ecCode#
				        </isNotEmpty>
		                <isEqual property="rightType" compareValue="2">
	    					 and exists (select 1  from pro_asset b where p.msisdn=b.msisdn and b.dept_id in (<include refid="findDeptIdsByUserRights"/>))
						</isEqual>
		                <include refid="queryMainProd_Sql5"/>
		                <!-- 分表分库liuls <include refid="queryMainProd_Sql5"/> -->
		                <!-- <isNotEmpty property="mainType">
							<isEqual property="mainType" compareValue="0">全部产品
								p.msisdn in (select msisdn from M2M_PERSON partition(m2m_person_partition$part$) where 1=1
								<isNotEmpty prepend="and" property="ecCode">
						           ec_code = #ecCode#
						        </isNotEmpty>
						        )
							</isEqual>
							<isEqual property="mainType" compareValue="1">车联网主体产品
								 p.msisdn in (select msisdn from IOV_CARD where 1=1
								<isNotEmpty prepend="and" property="ecCode">
						           ec_code = #ecCode#
						        </isNotEmpty> 
						        )
							</isEqual>
							<isEqual property="mainType" compareValue="2">机器卡主体产品
								 p.msisdn in (select msisdn from MAC_CARD where 1=1
								<isNotEmpty prepend="and" property="ecCode">
						           ec_code = #ecCode#
						        </isNotEmpty> 
						        )  
							</isEqual>
							<isEqual property="mainType" compareValue="3">NB-IOT主体产品
								 p.msisdn in (select msisdn from NB_CARD where 1=1
								<isNotEmpty prepend="and" property="ecCode">
						           ec_code = #ecCode#
						        </isNotEmpty> 
						        )  
							</isEqual>
							<isEqual property="mainType" compareValue="6">9105
								  p.msisdn in (select msisdn from CARD_9105 where 1=1
								<isNotEmpty prepend="and" property="ecCode">
						           ec_code = #ecCode#
						        </isNotEmpty> 
						        )   
							</isEqual>
						</isNotEmpty>
						<isEmpty property="mainType">
								p.msisdn in (select msisdn from M2M_PERSON partition(m2m_person_partition$part$) where 1=1
								<isNotEmpty prepend="and" property="ecCode">
						           ec_code = #ecCode#
						        </isNotEmpty>
						        )
						</isEmpty> -->
				        <isNotEmpty prepend="and" property="preNum">
				           p.msisdn like '%'||#preNum#||'%'
				        </isNotEmpty>
				        <isNotEmpty prepend="and" property="state">
				           p.handle_state = #state#
				        </isNotEmpty>
				        <isNotEmpty property="ruleIds" prepend="AND"> 
				        	p.rule_id IN  
					        <iterate open="(" close=")" conjunction="," property="ruleIds"> #ruleIds[]# </iterate>  
					    </isNotEmpty>
					    <isEmpty property="ruleIds" prepend="AND"> 
				        	p.rule_id is null 
					    </isEmpty>
			) list
			where 1=1
	        <isNotEmpty prepend="and" property="startDate">
	           	list.warningTime <![CDATA[>= ]]> to_date(#startDate#,'yyyy-MM-dd')
	        </isNotEmpty>
	        <isNotEmpty prepend="and" property="endDate">
	           	list.warningTime <![CDATA[<= ]]> to_date(#endDate#,'yyyy-MM-dd') +1
	        </isNotEmpty>
	</select>
	
	<!-- 填充其他信息 -->
	<select id="queryOtherMsg" resultClass="com.lenovo.iotpro.entity.PreAlarmList" resultSetType="SCROLL_INSENSITIVE">
				select A.*,(select PACKAGE_NAME from ATOMIC_PRODUCTS where PACKAGE_CODE = A.pkgCode) as pkgName
				 from 	
					(
						select 
							'PN' as userType,
			               (
	                        <isNotEmpty property="mainType">
	                        select wm_concat(mai.package_code||'|'||mai.status||';'||m.apn_name) as pkgInfo
								<isEqual property="mainType" compareValue="1"><!-- 车联网主体产品 -->
									from IOV_CONNECT_INFO mai
                  					left join IOV_FUNC_PKG m on mai.msisdn = m.msisdn and mai.package_code = m.package_code
								</isEqual>
								<isEqual property="mainType" compareValue="2"><!-- 机器卡主体产品 -->
									from MAC_CONNECT_INFO mai
                  					left join MAC_FUNC_PKG m on mai.msisdn = m.msisdn and mai.package_code = m.package_code
								</isEqual>
								<isEqual property="mainType" compareValue="3"><!-- NB-IOT主体产品 -->
									from NB_CONNECT_INFO mai
                  					left join NB_FUNC_PKG m on mai.msisdn = m.msisdn and mai.package_code = m.package_code
								</isEqual>
								<isEqual property="mainType" compareValue="4"><!-- 和对讲主体产品HDJ -->
									from WLW_CONNECT_INFO mai
                  					left join WLW_FUNC_PKG m on mai.msisdn = m.msisdn and mai.package_code = m.package_code
								</isEqual>
								<isEqual property="mainType" compareValue="6"><!-- 9105 -->
									from CONNECT_INFO_9105 mai
					                left join FUNC_PKG_9105 m on mai.msisdn = m.msisdn and mai.package_code = m.package_code
								</isEqual>
							</isNotEmpty>
							<isEmpty property="mainType">
								select wm_concat(mai.package_code||'|'||mai.apn_state||';'||m.apn_name) as pkgInfo
								 	from  m2m_apn_info mai
								 	left join m2m_apn_info m on mai.msisdn = m.msisdn and mai.package_code = m.package_code
							</isEmpty>
	                        where mai.msisdn=#msisdn#
	                        and mai.state='ENABLED'
	                        <isNotEmpty property="mainType">
	                        AND m.START_DATE <![CDATA[<= ]]>SYSDATE
	                        AND m.END_DATE >= SYSDATE
	                        </isNotEmpty>
	                        <isEmpty property="mainType">
	                        AND mai.START_TIME <![CDATA[<= ]]>SYSDATE
	                        AND mai.END_TIME >= SYSDATE
	                        </isEmpty>
	                        and mai.package_code in ('I00010100035','I00010100085','I00010100092','I00010100093','PCRF00010100085','PCRF00010100093')   
	                               
	                        ) as returnStr,
			                ( select max(mg.package_code) pkgCode from 
			                 	<isNotEmpty property="mainType">
									<isEqual property="mainType" compareValue="1"><!-- 车联网主体产品 -->
												 IOV_PRI_PKG 
									</isEqual>
									<isEqual property="mainType" compareValue="2"><!-- 机器卡主体产品 -->
												 MAC_PRI_PKG 
									</isEqual>
									<isEqual property="mainType" compareValue="3"><!-- NB-IOT主体产品 -->
												 NB_PRI_PKG 
									</isEqual>
									<isEqual property="mainType" compareValue="4"><!-- 和对讲主体产品HDJ -->
										 WLW_PRI_PKG 
									</isEqual>
									<isEqual property="mainType" compareValue="6"><!-- 9105 -->
												 PRI_PKG_9105 
									</isEqual>
								</isNotEmpty>
								<isEmpty property="mainType">
								 	m2m_grpmem
								</isEmpty> mg,
			                     (select msisdn
                                  from
                                  <isNotEmpty property="mainType">
									<isEqual property="mainType" compareValue="1"><!-- 车联网主体产品 -->
												 IOV_CARD 
									</isEqual>
									<isEqual property="mainType" compareValue="2"><!-- 机器卡主体产品 -->
												 MAC_CARD 
									</isEqual>
									<isEqual property="mainType" compareValue="3"><!-- NB-IOT主体产品 -->
												 NB_CARD 
									</isEqual>
									<isEqual property="mainType" compareValue="4"><!-- 和对讲主体产品HDJ -->
										WLW_CARD
									</isEqual>
									<isEqual property="mainType" compareValue="6"><!-- 9105 -->
												 CARD_9105 
									</isEqual>
								</isNotEmpty>
								<isEmpty property="mainType">
								 	m2m_person
								</isEmpty> p
                                  where 1 = 1
                                  and p.state = 'ENABLED'
                                  <isNotEmpty prepend="and" property="ecCode">
						           p.ec_code = #ecCode#
						         </isNotEmpty>
			                      group by msisdn) mp ,atomic_products ap
			                  where 1=1
			                       and mg.msisdn=mp.msisdn
			                       and ap.package_code=mg.package_code
			                       and mg.state = 'ENABLED'
			                       and ap.visible='1' 
			                       and ap.BUS_CATEGORY='FLOW'
			                       and ap.pkg_type='PKG_TYPE_MONTH'
			                       <isNotEmpty prepend="and" property="msisdn">
							          mg.msisdn = #msisdn#
							        </isNotEmpty>
			                 	) as pkgCode,
			                ( select count(mg.package_code) pkgCount from 
			                	<isNotEmpty property="mainType">
									<isEqual property="mainType" compareValue="1"><!-- 车联网主体产品 -->
												 IOV_PRI_PKG 
									</isEqual>
									<isEqual property="mainType" compareValue="2"><!-- 机器卡主体产品 -->
												 MAC_PRI_PKG 
									</isEqual>
									<isEqual property="mainType" compareValue="3"><!-- NB-IOT主体产品 -->
												 NB_PRI_PKG 
									</isEqual>
									<isEqual property="mainType" compareValue="4"><!-- 和对讲主体产品HDJ -->
										 WLW_PRI_PKG 
									</isEqual>
									<isEqual property="mainType" compareValue="6"><!-- 9105 -->
												 PRI_PKG_9105 
									</isEqual>
								</isNotEmpty>
								<isEmpty property="mainType">
								 	m2m_grpmem
								</isEmpty> mg,
			                      (select msisdn
			                        from 
			                        <isNotEmpty property="mainType">
										<isEqual property="mainType" compareValue="1"><!-- 车联网主体产品 -->
													 IOV_CARD 
										</isEqual>
										<isEqual property="mainType" compareValue="2"><!-- 机器卡主体产品 -->
													 MAC_CARD 
										</isEqual>
										<isEqual property="mainType" compareValue="3"><!-- NB-IOT主体产品 -->
													 NB_CARD 
										</isEqual>
										<isEqual property="mainType" compareValue="4"><!-- 和对讲主体产品HDJ -->
											WLW_CARD
										</isEqual>
										<isEqual property="mainType" compareValue="6"><!-- 9105 -->
													 CARD_9105 
										</isEqual>
									</isNotEmpty>
									<isEmpty property="mainType">
									 	m2m_person
									</isEmpty> p
			                        where 1=1
			                        and p.state='ENABLED' 
			                        <isNotEmpty prepend="and" property="ecCode">
							           p.ec_code = #ecCode#
							        </isNotEmpty>
			                        group by msisdn) mp ,atomic_products ap
			                  where 1=1
			                       and mg.msisdn=mp.msisdn
			                       and ap.package_code=mg.package_code
			                       and mg.state = 'ENABLED'
			                       and ap.visible='1' 
			                       and ap.BUS_CATEGORY='FLOW'
			                       and ap.pkg_type='PKG_TYPE_MONTH'
			                       <isNotEmpty prepend="and" property="msisdn">
							          mg.msisdn = #msisdn#
							        </isNotEmpty>
			                 ) as pkgCount,
	    		         (select 
	                     (case 
	    		         when LIFE_CYCLE= 'TEST' then
	    		          '测试期'
	    		         when LIFE_CYCLE= 'NORMAL' then
	    		          '正使用'
	    		         when LIFE_CYCLE= 'SILENT' then
	    		          '沉默期'
	    		         when LIFE_CYCLE= 'STOP' then
	    		          '停机'
	    		         when LIFE_CYCLE= 'PRECLOSE' then
	    		          '预约销户' 
	    		         when LIFE_CYCLE= 'CANCEL' then
	    		          '销户' 
	                     when LIFE_CYCLE= 'STOCK' then
	                      '库存期' 
	                     when LIFE_CYCLE= 'OTHERS' then
	                      '其他' 		         
	    		         else
	    		          '-'
	    		       end) as runCode
	                   from
	                   <isNotEmpty property="mainType">
							<isEqual property="mainType" compareValue="1"><!-- 车联网主体产品 -->
									 IOV_CARD 
							</isEqual>
							<isEqual property="mainType" compareValue="2"><!-- 机器卡主体产品 -->
									 MAC_CARD 
							</isEqual>
							<isEqual property="mainType" compareValue="3"><!-- NB-IOT主体产品 -->
									 NB_CARD 
							</isEqual>
							<isEqual property="mainType" compareValue="4"><!-- 和对讲主体产品HDJ -->
								WLW_CARD
							</isEqual>
							<isEqual property="mainType" compareValue="6"><!-- 9105 -->
									 CARD_9105 
							</isEqual>
						</isNotEmpty>
					   <isEmpty property="mainType">
								m2m_person
					   </isEmpty>   
	                   where MSISDN = #msisdn# and EC_CODE = #ecCode# and rownum = 1)
	                   as  runCode
	                   	<!-- 生命周期状态 -->
			        from dual
		        )A
	</select>
	
	<!-- 填充规则信息 -->
	<select id="queryRuleMsg" resultClass="com.lenovo.iotpro.entity.PreAlarmList" resultSetType="SCROLL_INSENSITIVE">
		select r.RATE          AS      rate,
			    r.UNIT_VALUE    AS      unitValue,
			    r.ALARM_TYPE    AS      alarmType,
			    r.RULE_TYPE     AS      ruleType,
			    r.PKG_CHG       AS      pkgChg,
			    r.CYCLE_CHG     AS      cycleChg,
			    r.FUN_CHG       AS      funChg,
			    r.BOOT_CHG      AS      bootChg,
			    r.STRATEGY_CHG      AS      strategyChg,
			    r.SMS_CHG      AS      smsChg,
			    r.VOICE_CHG      AS      voiceChg,
			    r.PRE_ALARM_NAME        AS  preAlarmName,
			    substr(r.PACKAGE_CODE,instr(r.PACKAGE_CODE,'-')+1) packageCode
		from pre_alarm_rule r
		where 1=1
		<isNotEmpty prepend="and" property="ruleId">
           id = #ruleId# 
        </isNotEmpty>
		and rownum = 1
	</select>
	
	
	
	
	<!-- 根据ecCode获取规则 -->
	<select id="queryRuleList" parameterClass="java.util.HashMap" resultClass="com.lenovo.iotpro.entity.PreAlarmRule">
		select distinct ar.RATE,ar.UNITVALUE,ar.RULETYPE,ar.PKGCHG,ar.CYCLECHG,ar.FUNCHG,ar.BOOTCHG
        from(
                select 
                        EC_CODE			as ecCode,
                        PRE_ALARM_NAME  as preAlarmName,
                        RATE            as rate,
                        UNIT_VALUE      as unitValue,
                        RULE_TYPE       as ruleType,
                        PKG_CHG         as pkgChg,
                        CYCLE_CHG       as cycleChg,
                        FUN_CHG         as funChg,
                        BOOT_CHG        as bootChg
                from pre_alarm_rule
                where 1=1
                <isNotEmpty prepend="and" property="preType">
                	<isNotEqual property="preType" compareValue="ALL">
                		ALARM_TYPE = #preType#
                	</isNotEqual>
		        </isNotEmpty>
        )ar
		where 1=1
      	<isNotEmpty prepend="and" property="ecCode">
           ar.ecCode = #ecCode#
        </isNotEmpty>
	</select>
	
	<!-- 根据ecCode获取规则 -->
	<select id="queryRuleName" parameterClass="java.util.HashMap" resultClass="com.lenovo.iotpro.entity.PreAlarmRule">
		
        select distinct PRE_ALARM_NAME  as preAlarmName
        from pre_alarm_rule
		where 1=1
      	<isNotEmpty prepend="and" property="ecCode">
           EC_CODE = #ecCode#
        </isNotEmpty>
	</select>
	
	
	
	<!-- 预警查询导出 -->
	<select id="exportPreAlarmList" resultClass="java.util.HashMap" resultSetType="SCROLL_INSENSITIVE">
		select a.*,
		        (case when a.ruleType = 'PKG'
		              then (case when a.rate = 'FIXED'
		                          then '当物联卡流量使用到'||a.unitValue||'M时'
		                          when a.rate = 'PERCENTAGE'
		                          then '当物联卡流量使用到'||a.unitValue||'%时'
		                          when a.rate = 'STEPSIZE'
		                          then '每当物联卡流量使用'||a.unitValue||'M时'
		                          
		                    end)
		              when a.ruleType = 'MONTH'
		              then (case when a.rate = 'FIXED'
		                          then '物联卡月流量使用到'||a.unitValue||'M时'
		                          when a.rate = 'STEPSIZE'
		                          then '每当物联卡月流量使用'||a.unitValue||'M时'
		                          
		                    end)
		              when a.ruleType = 'DAY'
		              then (case when a.rate = 'FIXED'
		                          then '当物联卡日流量使用到'||a.unitValue||'M时'
		                          when a.rate = 'STEPSIZE'
		                          then '每当物联卡日流量使用'||a.unitValue||'M时'
		                          
		                    end)
		              when a.ruleType = 'CYCLE'
		              then (case when a.cycleChg like '%'||0||'%'
		                          then (case when a.cycleChg like '%'||1||'%'
		                          			 then (case when a.cycleChg like '%'||2||'%'
		                          			 			then '测试期变更沉默期  沉默期变更正使用  状态变更为停机'
		                          			 			else '测试期变更沉默期  沉默期变更正使用'
		                          			 	   end)
		                          			 else '测试期变更沉默期  '
		                          		end)
		                          when a.cycleChg like '%'||1||'%'
		                          then (case when a.cycleChg like '%'||2||'%'
		                          			 then '沉默期变更正使用  状态变更为停机'
		                          			 else '测试期变更沉默期  '
		                          		end)
		                          when a.cycleChg like '%'||2||'%'
		                          then '状态变更为停机'
		                    end)
		              when a.ruleType = 'FUN'
		              then (case when a.funChg like '%'||0||'%'
		                          then (case when a.funChg like '%'||1||'%'
		                          			 then (case when a.funChg like '%'||2||'%'
		                          			 			then (case when a.funChg like '%'||3||'%'
					                          			 		   then '专用APN开关由开变更为关  专用APN开关由关变更为开  通用APN开关由开变更为关  通用APN开关由关变更为开'
					                          			 		   else '专用APN开关由开变更为关  专用APN开关由关变更为开  通用APN开关由开变更为关'
					                          			 	   end)
		                          			 			else '专用APN开关由开变更为关  专用APN开关由关变更为开'
		                          			 	   end)
		                          			 else '专用APN开关由开变更为关'
		                          		end)
		                          
		                          when a.funChg like '%'||1||'%'
		                          then (case when a.funChg like '%'||2||'%'
                       			 			 then (case when a.funChg like '%'||3||'%'
                          			 		            then '专用APN开关由关变更为开  通用APN开关由开变更为关  通用APN开关由关变更为开'
                          			 		            else '专用APN开关由关变更为开  通用APN开关由开变更为关'
                          			 	           end)
                       			 			else '专用APN开关由关变更为开'
                       			 	    end)
		                          when a.funChg like '%'||2||'%'
		                          then (case when a.funChg like '%'||3||'%'
                       			 			 then '通用APN开关由开变更为关  通用APN开关由关变更为开'
                       			 			 else '通用APN开关由开变更为关'
                       			 	    end)
		                          when a.funChg like '%'||3||'%'
		                          then '通用APN开关由关变更为开'
		                    end)
		              when a.ruleType = 'BOOT'
		              then (case when a.bootChg like '%'||0||'%'
		                          then (case when a.bootChg like '%'||1||'%'
		                          			 then '开机变更为停机  停机变更为开机'
		                          			 else '开机变更为停机'
		                          		end)
		                          when a.bootChg like '%'||1||'%'
		                          then '停机变更为开机   '
		                    end)
		              when a.ruleType = 'CARDPKG'
		              then (case when (substr(a.oldPkg,0,instr(a.oldPkg,'-')-1)) = 'month'
		                          then (case when (substr(a.newPkg,0,instr(a.newPkg,'-')-1)) = 'month'
		                                      then '当一个物联卡的套餐类型由月套餐-'||a.oldPname||'变更为月套餐-'||a.newPname
		                                      when (substr(a.newPkg,0,instr(a.newPkg,'-')-1)) = 'long'
		                                      then '当一个物联卡的套餐类型由月套餐-'||a.oldPname||'变更为长周期套餐-'||a.newPname
		                                      when (substr(a.newPkg,0,instr(a.newPkg,'-')-1)) = 'refuel'
		                                      then '当一个物联卡的套餐类型由月套餐-'||a.oldPname||'变更为叠加包套餐-'||a.newPname
		                                end)
		                          when (substr(a.oldPkg,0,instr(a.oldPkg,'-')-1)) = 'long'
		                          then (case when (substr(a.newPkg,0,instr(a.newPkg,'-')-1)) = 'month'
		                                      then '当一个物联卡的套餐类型由长周期套餐-'||a.oldPname||'变更为月套餐-'||a.newPname
		                                      when (substr(a.newPkg,0,instr(a.newPkg,'-')-1)) = 'long'
		                                      then '当一个物联卡的套餐类型由长周期套餐-'||a.oldPname||'变更为长周期套餐-'||a.newPname
		                                      when (substr(a.newPkg,0,instr(a.newPkg,'-')-1)) = 'refuel'
		                                      then '当一个物联卡的套餐类型由长周期套餐-'||a.oldPname||'变更为叠加包套餐-'||a.newPname
		                                 end)
		                          when (substr(a.oldPkg,0,instr(a.oldPkg,'-')-1)) = 'refuel'
		                          then (case when (substr(a.newPkg,0,instr(a.newPkg,'-')-1)) = 'month'
		                                      then '当一个物联卡的套餐类型由叠加包套餐-'||a.oldPname||'变更为月套餐-'||a.newPname
		                                      when (substr(a.newPkg,0,instr(a.newPkg,'-')-1)) = 'long'
		                                      then '当一个物联卡的套餐类型由叠加包套餐-'||a.oldPname||'变更为长周期套餐-'||a.newPname
		                                      when (substr(a.newPkg,0,instr(a.newPkg,'-')-1)) = 'refuel'
		                                      then '当一个物联卡的套餐类型由叠加包套餐-'||a.oldPname||'变更为叠加包套餐-'||a.newPname
		                                 end)
		                    end)
		              when a.ruleType = 'CARDTIME'
		              then '当付费套餐到期时间不足'||a.unitValue||'时，触发预警。'
		        
		        end) as preRule,
		        (case 
    		         when a.lifeCycle= 'TEST' then
    		          '测试期'
    		         when a.lifeCycle= 'NORMAL' then
    		          '正使用'
    		         when a.lifeCycle= 'SILENT' then
    		          '沉默期'
    		         when a.lifeCycle= 'STOP' then
    		          '停机'
    		         when a.lifeCycle= 'PRECLOSE' then
    		          '预约销户' 
    		         when a.lifeCycle= 'CANCEL' then
    		          '销户' 
                         when a.lifeCycle= 'STOCK' then
                         '库存期' 
                        when a.lifeCycle= 'OTHERS' then
                         '其他' 		         
    		         else
    		          '-'
    		       end) as runCode
		from(
		        select list.* ,
		                (case when list.oldPkg is not null
		                      then  (select distinct package_name 
		                                from EC_PACKAGE_MONTH_STAT 
		                                where package_code = (substr(list.oldPkg,instr(list.oldPkg,'-')+1)) and rownum = 1)
		                 end) as oldPname,
		                 (case when list.newPkg is not null
		                      then  (select distinct package_name 
		                                from EC_PACKAGE_MONTH_STAT 
		                                where package_code = (substr(list.newPkg,instr(list.newPkg,'-')+1)) and rownum = 1)
		                 end) as newPname,
		      (select max(LIFE_CYCLE) from <include refid="queryMsisdn_1"/>
		       where msisdn = list.msisdn) as lifeCycle
                   
		        from(
		                select
		                        p.id  		AS	id,  				
		                        p.ec_code     	AS	ecCode ,    
		                        p.msisdn      	AS	msisdn,   
		                        n.iccid AS iccid, 
		                        p.used_flow   	AS	usedFlow,
		                        to_char(to_date(p.warning_time,'yyyy-mm-dd hh24:mi:ss'),'yyyy-mm-dd hh24:mi:ss') AS	warningTime,
		                        (case
		                                when p.handle_state = 0
		                                then '未处理'
		                                when p.handle_state = 1
		                                then '已处理'
		                                when p.handle_state = 2
		                                then '已忽略'
		                        end)    	AS	handleState,
		                        p.handle_state	AS	state,
		                        p.rang_type   	AS	rangType,   
		                        p.rule_id     	AS	ruleId,
		                        r.RATE          AS      rate,
		                        r.UNIT_VALUE    AS      unitValue,
		                        (case
		                                when r.ALARM_TYPE = 'FLOW'
		                                then '用量预警'
		                                when r.ALARM_TYPE = 'STATE'
		                                then '状态预警'
		                                when r.ALARM_TYPE = 'FUN'
		                                then '功能预警'
		                                when r.ALARM_TYPE = 'PKG'
		                                then '套餐到期预警'
		                        end)            AS      alarmType,
		                        r.ALARM_TYPE	AS		type,
		                        r.RULE_TYPE     AS      ruleType,
		                        r.PKG_CHG       AS      pkgChg,
		                        r.CYCLE_CHG     AS      cycleChg,
		                        r.FUN_CHG       AS      funChg,
		                        r.BOOT_CHG      AS      bootChg,
		                        r.PRE_ALARM_NAME        AS	preAlarmName,
		                        substr(r.PACKAGE_CODE,instr(r.PACKAGE_CODE,'-')+1) packageCode,
		                        substr(r.PKG_CHG,0,instr(r.PKG_CHG,'>')-1) oldPkg,
		                        substr(r.PKG_CHG,instr(r.PKG_CHG,'>')+1) newPkg,
		                        (select distinct RUN_CODE from  <include refid="queryMsisdn_1"/>
		                        where MSISDN = p.MSISDN
		                           <isNotEmpty prepend="and" property="ecCode">
                                                   ec_code = #ecCode#
                                                </isNotEmpty>          
								    and rownum = 1
		                        ) as code
		                from pre_alarm_list p 
		                left join pre_alarm_rule r
		                on r.id = p.rule_id 
		                left join NUM_ROUTE n on n.msisdn = p.msisdn
		                where p.RANG_TYPE = 'personnal' 
		                <isEqual property="rightType" compareValue="2">
	    					 and exists (select 1  from pro_asset b where p.msisdn=b.msisdn and b.dept_id in (<include refid="findDeptIdsByUserRights"/>))
						</isEqual>
		                <include refid="queryMainProd_Sql5"/>
		               <!--  <isNotEmpty prepend="and" property="mainType">
							<isEqual property="mainType" compareValue="1">车联网主体产品
								p.msisdn in (
									select  msisdn from IOV_PRI_PKG M2M_GRPMEM
									 where PACKAGE_CODE in (
										select package_code as packageCode from service_pkg 
										where product_code in 
										(select FROM_CODE from group_rel where relation = 'putaway' and CODE_TYPE = 'fujia' and TO_CODE in ( 'I00010800001','AppendAttr.I00010800001'))
										union 
										select FROM_CODE as packageCode from group_rel where relation = 'putaway' and CODE_TYPE = 'atomic' and TO_CODE in ( 'I00010800001','AppendAttr.I00010800001')
									 ) 
									 <isNotEmpty prepend="and" property="ecCode">
										ec_code = #ecCode#
									</isNotEmpty>
									union all
										select  msisdn from M2M_PER_PKG where PACKAGE_CODE in (
											select package_code as packageCode from service_pkg 
											where product_code in 
											(select FROM_CODE from group_rel where relation = 'putaway' and CODE_TYPE = 'fujia' and TO_CODE in ( 'I00010700001'))
											union 
											select FROM_CODE as packageCode from group_rel where relation = 'putaway' and CODE_TYPE = 'atomic' and TO_CODE in ( 'I00010700001')
										 ) 
										 <isNotEmpty prepend="and" property="ecCode">
											msisdn in (select msisdn from m2m_person where ec_code = #ecCode#)
										</isNotEmpty>
									
								)
							</isEqual>
							<isEqual property="mainType" compareValue="2">机器卡主体产品
								p.msisdn in (
									select  msisdn from MAC_PRI_PKG M2M_GRPMEM where PACKAGE_CODE in (
										select package_code as packageCode from service_pkg 
										where product_code in 
										(select FROM_CODE from group_rel where relation = 'putaway' and CODE_TYPE = 'fujia' and TO_CODE in ( 'I00010300001','AppendAttr.I00010300001'))
										union 
										select FROM_CODE as packageCode from group_rel where relation = 'putaway' and CODE_TYPE = 'atomic' and TO_CODE in ( 'I00010300001','AppendAttr.I00010300001')
									 ) 
									 <isNotEmpty prepend="and" property="ecCode">
										ec_code = #ecCode#
									</isNotEmpty>
									union all
										select  msisdn from M2M_PER_PKG where PACKAGE_CODE in (
											select package_code as packageCode from service_pkg 
											where product_code in 
											(select FROM_CODE from group_rel where relation = 'putaway' and CODE_TYPE = 'fujia' and TO_CODE in ( 'I00010100001'))
											union 
											select FROM_CODE as packageCode from group_rel where relation = 'putaway' and CODE_TYPE = 'atomic' and TO_CODE in ( 'I00010100001')
										 ) 
										 <isNotEmpty prepend="and" property="ecCode">
											msisdn in (select msisdn from m2m_person where ec_code = #ecCode#)
										</isNotEmpty>
									
								)
							</isEqual>
							<isEqual property="mainType" compareValue="3">NB-IOT主体产品
								 p.msisdn in (
									select  msisdn from NB_PRI_PKG M2M_GRPMEM where PACKAGE_CODE in (
										select package_code as packageCode from service_pkg 
										where product_code in 
										(select FROM_CODE from group_rel where relation = 'putaway' and CODE_TYPE = 'fujia' and TO_CODE in ( 'I00011200001','AppendAttr.I00011200001'))
										union 
										select FROM_CODE as packageCode from group_rel where relation = 'putaway' and CODE_TYPE = 'atomic' and TO_CODE in ( 'I00011200001','AppendAttr.I00011200001')
									 ) 
									 <isNotEmpty prepend="and" property="ecCode">
										ec_code = #ecCode#
									</isNotEmpty>
									union all
										select  msisdn from M2M_PER_PKG where PACKAGE_CODE in (
											select package_code as packageCode from service_pkg 
											where product_code in 
											(select FROM_CODE from group_rel where relation = 'putaway' and CODE_TYPE = 'fujia' and TO_CODE in ( 'I00011100001'))
											union 
											select FROM_CODE as packageCode from group_rel where relation = 'putaway' and CODE_TYPE = 'atomic' and TO_CODE in ( 'I00011100001')
										 ) 
										 <isNotEmpty prepend="and" property="ecCode">
											msisdn in (select msisdn from m2m_person where ec_code = #ecCode#)
										</isNotEmpty>
								)
							</isEqual>
							<isEqual property="mainType" compareValue="4">和对讲
								 p.msisdn in (
									select  msisdn from M2M_GRPMEM where PACKAGE_CODE in (
										select package_code as packageCode from service_pkg 
										where product_code in 
										(select FROM_CODE from group_rel where relation = 'putaway' and CODE_TYPE = 'fujia' and TO_CODE in ( 'I00011000001','AppendAttr.I00011000001'))
										union 
										select FROM_CODE as packageCode from group_rel where relation = 'putaway' and CODE_TYPE = 'atomic' and TO_CODE in ( 'I00011000001','AppendAttr.I00011000001')
									 ) 
									 <isNotEmpty prepend="and" property="ecCode">
										ec_code = #ecCode#
									</isNotEmpty>
									union all
										select  msisdn from M2M_PER_PKG where PACKAGE_CODE in (
											select package_code as packageCode from service_pkg 
											where product_code in 
											(select FROM_CODE from group_rel where relation = 'putaway' and CODE_TYPE = 'fujia' and TO_CODE in ( 'I00010900001'))
											union 
											select FROM_CODE as packageCode from group_rel where relation = 'putaway' and CODE_TYPE = 'atomic' and TO_CODE in ( 'I00010900001')
										 ) 
										 <isNotEmpty prepend="and" property="ecCode">
											msisdn in (select msisdn from m2m_person where ec_code = #ecCode#)
										</isNotEmpty>
								)
							</isEqual>
							<isEqual property="mainType" compareValue="5">行车卫士
								 p.msisdn in (
									select  msisdn from M2M_GRPMEM where PACKAGE_CODE in (
										select package_code as packageCode from service_pkg 
										where product_code in 
										(select FROM_CODE from group_rel where relation = 'putaway' and CODE_TYPE = 'fujia' and TO_CODE in ( 'I00010600001','AppendAttr.I00010600001'))
										union 
										select FROM_CODE as packageCode from group_rel where relation = 'putaway' and CODE_TYPE = 'atomic' and TO_CODE in ( 'I00010600001','AppendAttr.I00010600001')
									 ) 
									 <isNotEmpty prepend="and" property="ecCode">
										ec_code = #ecCode#
									</isNotEmpty>
									union all
										select  msisdn from M2M_PER_PKG where PACKAGE_CODE in (
											select package_code as packageCode from service_pkg 
											where product_code in 
											(select FROM_CODE from group_rel where relation = 'putaway' and CODE_TYPE = 'fujia' and TO_CODE in ( 'I00010500001'))
											union 
											select FROM_CODE as packageCode from group_rel where relation = 'putaway' and CODE_TYPE = 'atomic' and TO_CODE in ( 'I00010500001')
										 ) 
										 <isNotEmpty prepend="and" property="ecCode">
											msisdn in (select msisdn from m2m_person where ec_code = #ecCode#)
										</isNotEmpty>
								)
							</isEqual>
							<isEqual property="mainType" compareValue="6">9105
								 p.msisdn in (
									select  msisdn from PRI_PKG_9105 M2M_GRPMEM where PACKAGE_CODE in (
										select package_code as packageCode from service_pkg 
										where product_code in 
										(select FROM_CODE from group_rel where relation = 'putaway' and CODE_TYPE = 'fujia' and TO_CODE in ( '9105','AppendAttr.9105'))
										union 
										select FROM_CODE as packageCode from group_rel where relation = 'putaway' and CODE_TYPE = 'atomic' and TO_CODE in ( '9105','AppendAttr.9105')
									 ) 
									 <isNotEmpty prepend="and" property="ecCode">
										ec_code = #ecCode#
									</isNotEmpty>
									union all
										select  msisdn from M2M_PER_PKG where PACKAGE_CODE in (
											select package_code as packageCode from service_pkg 
											where product_code in 
											(select FROM_CODE from group_rel where relation = 'putaway' and CODE_TYPE = 'fujia' and TO_CODE in ( '1032'))
											union 
											select FROM_CODE as packageCode from group_rel where relation = 'putaway' and CODE_TYPE = 'atomic' and TO_CODE in ( '1032')
										 ) 
										 <isNotEmpty prepend="and" property="ecCode">
											msisdn in (select msisdn from m2m_person where ec_code = #ecCode#)
										</isNotEmpty>
								)
							</isEqual>
						</isNotEmpty> -->
						
		                <isNotEmpty prepend="and" property="alarmType">
                           r.alarm_type = #alarmType#
                        </isNotEmpty>
		                <isNotEmpty prepend="and" property="ecCode">
                           p.ec_code = #ecCode#
                        </isNotEmpty>
                        <isNotEmpty prepend="and" property="preNum">
                           p.msisdn like '%'||#preNum#||'%'
                        </isNotEmpty>
                        <isNotEmpty prepend="and" property="state">
                           p.handle_state = #state#
                        </isNotEmpty>
                        <isNotEmpty property="ruleIds" prepend="AND"> 
                             p.rule_id IN  
                             <iterate open="(" close=")" conjunction="," property="ruleIds"> #ruleIds[]# </iterate>  
                        </isNotEmpty>
                        <isEmpty property="ruleIds" prepend="AND"> 
                            p.rule_id is null 
                        </isEmpty> 
		        ) list
		        where 1=1
		        <isNotEmpty prepend="and" property="startDate">
                        list.warningTime <![CDATA[>= ]]> #startDate#
                </isNotEmpty>
                <isNotEmpty prepend="and" property="endDate">
                        list.warningTime <![CDATA[<= ]]> to_char(to_date(#endDate#,'yyyy-mm-dd')+1,'yyyy-mm-dd')
                </isNotEmpty>
		)a
        where 1=1
		order by a.warningTime desc
	</select>
	
	<!-- 更新处理状态 -->
	<update id="updateHandleState" parameterClass="com.lenovo.iotpro.entity.PreAlarmList">
		update
			PRE_ALARM_LIST
		SET
			HANDLE_STATE = #handleState#
		WHERE
			ID = #id#
		<isNotEmpty prepend="and" property="ecCode">
           EC_CODE = #ecCode#
        </isNotEmpty>
	</update>
</sqlMap>