<?xml version="1.0" encoding="UTF-8"?>

<!DOCTYPE sqlMap
 PUBLIC "-//ibatis.apache.org//DTD SQL Map 2.0//EN"
 "http://ibatis.apache.org/dtd/sql-map-2.dtd">

<sqlMap>
	
	<sql id="queryMsisdnOrderInfoSql">
		select  distinct sub.msisdn,sub.lifeCycle,sub.apnName,sub.productCode,sub.optType,sub.serviceUsageState
		 from (select mg.msisdn,
			DECODE(max(mp.life_cycle),'TEST','测试期', 'SILENT','沉默期','STOCK','库存期',
           'NORMAL','正使用','STOP','停机','PRECLOSE','预约销户','CANCEL','销户','OTHERS','其他','-') lifeCycle,
            mg.apn_name apnName,
		    (case when mg.package_code = 'I00010101603' then 'I00010101603' else '-' end) productCode,
		    <!-- mg.package_name packageName, -->
			(case when ms.package_code = '92' or ms.package_code = '93' or ms.package_code = '94' then '否'  
			      when ms.package_code = '96' or ms.package_code = '97' or ms.package_code = '98'  then '是'
			      else '-' end ) optType,
			(case when ms.package_code = '92' or ms.package_code='96'  then '二级降速'  
			      when ms.package_code = '93' or ms.package_code='97'  then '三级降速'  
			      when ms.package_code = '94' or ms.package_code='98'  then '四级降速'  
			      else '-' end ) serviceUsageState
			from  <!-- m2m_grpmem PARTITION(M2M_GRPMEM_PARTITION$part$) --> <include refid="queryPKG_1"/> mg 
			left join <!-- m2m_person PARTITION(M2M_PERSON_PARTITION$part$) --> <include refid="queryMsisdn_1"/> mp on mg.msisdn = mp.msisdn and mp.ec_code = mg.ec_code
			left join M2M_STRATEGYPROPERTY ms on ms.msisdn = mg.msisdn 
				and (ms.property_name like '%ServiceUsageState%'  or ms.property_name like '%apnName%')
				and ms.package_code in ('92','93','94','96','97','98')
				and mg.apn_name = ms.property_value
			where mp.state = 'ENABLED'
				and mg.ec_code = #ecCode#
				and mg.start_date <![CDATA[ <= ]]> sysdate
				and mg.end_date <![CDATA[ >= ]]> sysdate
				and mg.apn_name is not null
				<isNotEmpty prepend="and" property="msisdn">
					mg.msisdn = #msisdn#
				</isNotEmpty>

				<isNotEmpty prepend="and" property="apnName">
					mg.apn_name = #apnName#
				</isNotEmpty>
				
				<isNotEmpty prepend="and" property="lifeCycle">
					mp.life_cycle = #lifeCycle#
				</isNotEmpty>
				
				<isNotEmpty prepend="and" property="productCode">
					mg.package_code = #productCode#
				</isNotEmpty>
				
				<isNotEmpty prepend="and" property="serviceUsageState">
					<isEqual property="serviceUsageState" compareValue="0"><!-- 二级降速 -->
						ms.package_code in ('92','96')
					</isEqual>
					<isEqual property="serviceUsageState" compareValue="1"><!-- 三级降速 -->
						ms.package_code in ('93','97')
					</isEqual>
					<isEqual property="serviceUsageState" compareValue="2"><!-- 四级降速 -->
						ms.package_code in ('94','98')
					</isEqual>
					<isEqual property="serviceUsageState" compareValue="3"><!-- 未降速 -->
						ms.package_code not in ('92','93','94','96','97','98')
					</isEqual>
				</isNotEmpty>
				<!-- 是否次月自动恢复 -->
				<isNotEmpty prepend="and" property="optType">
					<isEqual property="optType" compareValue="1"><!-- 是 -->
						ms.package_code in ('96','97','98')
					</isEqual>
					<isEqual property="optType" compareValue="0"><!-- 否 -->
						ms.package_code in ('92','93','94')
					</isEqual>
				</isNotEmpty>
				group by mg.msisdn,mg.apn_name,mg.package_code<!-- ,mg.package_name -->,ms.package_code) sub
				
				
	</sql>
	
	<sql id="querySpeedDownJournalSql">
		SELECT 
			M2MINFO.MSISDN AS msisdn, M2MINFO.APNNAME AS apnName, 
			M2MINFO.PROPERTYNAME AS propertyName,
			M2MINFO.PROPERTYVALUE AS propertyValue, M2MINFO.PACKAGECODE AS packageCode, 
			M2MINFO.CREATEDATE AS createDate,
			M2MINFO.lifeCycle AS lifeCycle
				FROM (SELECT 
				PKGINFO.MSISDN AS MSISDN, PKGINFO.apnName AS APNNAME, 
				MS.PROPERTY_NAME AS PROPERTYNAME, MS.PROPERTY_VALUE AS PROPERTYVALUE, 
				MS.PACKAGE_CODE AS PACKAGECODE, MS.CREATE_DATE AS CREATEDATE,
				decode(
					(SELECT MAX(life_cycle) FROM M2M_PERSON PARTITION(M2M_PERSON_PARTITION$part$) MP WHERE MP.MSISDN = MS.MSISDN), 
					'TEST', '测试期', 'SILENT', '沉默期', 'NORMAL', '正使用', 'STOP', '停机', 'PRECLOSE', '预约销户', 'CANCEL', '销户',
				     	'STOCK', '库存期', 'OTHERS', '其他', '-')as lifeCycle 
			FROM ( SELECT MG.MSISDN AS MSISDN , AI.APN_NAME AS apnName 
					FROM M2M_GRPMEM PARTITION(M2M_GRPMEM_PARTITION$part$) MG LEFT JOIN M2M_APN_INFO AI 
					ON MG.MSISDN = AI.MSISDN
					WHERE MG.PACKAGE_CODE = 'I00010101603' AND MG.EC_CODE = #ecCode# ) PKGINFO 
			LEFT JOIN M2M_STRATEGYPROPERTY MS 
			ON PKGINFO.MSISDN = MS.MSISDN
			WHERE 1 = 1
			AND MS.PROPERTY_NAME LIKE '%ServiceUsageState%' 
			<!-- 号码 -->
		  <isNotEmpty prepend="and" property="msisdn">
	            PKGINFO.MSISDN = #msisdn#
	      </isNotEmpty> 
	       <!-- 降速级别 -->
	      <isNotEmpty prepend="and" property="serviceUsageState">
			<isEqual property="serviceUsageState" compareValue="0"><!-- 二级降速 -->
				MS.PACKAGE_CODE in ('92','96')
			</isEqual>
			<isEqual property="serviceUsageState" compareValue="1"><!-- 三级降速 -->
				MS.PACKAGE_CODE in ('93','97')
			</isEqual>
			<isEqual property="serviceUsageState" compareValue="2"><!-- 四级降速 -->
				MS.PACKAGE_CODE in ('94','98')
			</isEqual>
		</isNotEmpty>
		<!-- 是否次月自动恢复 -->
		<isNotEmpty prepend="and" property="optType">
			<isEqual property="optType" compareValue="1"><!-- 是 -->
				MS.PACKAGE_CODE in ('96','97','98')
			</isEqual>
			<isEqual property="optType" compareValue="0"><!-- 否 -->
				MS.PACKAGE_CODE in ('92','93','94')
			</isEqual>
		</isNotEmpty>
		<!-- 降速时间 -->
		<isNotEmpty prepend="and" property="startTime">
	   		MS.CREATE_DATE <![CDATA[ >= ]]> #startTime#
	   </isNotEmpty>
	   <isNotEmpty prepend="and" property="endTime">
	   		MS.CREATE_DATE <![CDATA[ <= ]]> #endTime#
	   	</isNotEmpty>
			) M2MINFO WHERE 1=1 
		<isNotEmpty prepend="and" property="lifeCycle">
            M2MINFO.lifeCycle = #lifeCycle#
       </isNotEmpty> 
	</sql>
	
	<!-- 达量降速管理查询 -->
	<select id="queryMsisdnOrderInfo" resultClass="com.lenovo.iotpro3.vo.security.card.SpeedDownVo">
		
		<include refid="pageSqlStart" />
			<include refid="queryMsisdnOrderInfoSql" />
		<include refid="pageSqlEnd" />
	</select>
	
	<!-- 查询总数 -->
	<select id="queryMsisdnOrderInfoCount" resultClass="java.lang.Long">
		select count(1) from (<include refid="queryMsisdnOrderInfoSql" />) a
	</select>
	
	<select id="querySpeedDownJournalInfo" resultClass="com.lenovo.iotpro3.vo.security.card.SpeedDownVo" resultSetType="SCROLL_INSENSITIVE">
	<include refid="pageSqlStart"/>
		<include refid="querySpeedDownJournalSql" />
	<include refid="pageSqlEnd"/>
	</select>
	<!-- 判断企业是否在运营门户是否有配策略权限 -->
	<select id="checkOrderPermission" resultClass="java.lang.Long">
		select count(1) from strategy_list t 
		where t.strategy_use = '关停降速'
		and t.ec_code = #ecCode#
		and t.start_date <![CDATA[ <= ]]> sysdate
		and t.end_date <![CDATA[ >= ]]> sysdate
		
	</select>
	
	<select id="querySpeedDownJournalInfoCount" resultClass="java.lang.Long">
		select count(1) from (<include refid="querySpeedDownJournalSql" />) a
	</select>
	
	<select id="exportSpeedDownJournalInfo" resultClass="com.lenovo.iotpro3.vo.security.card.SpeedDownVo" resultSetType="SCROLL_INSENSITIVE">
		<include refid="querySpeedDownJournalSql" />
	</select>
	<select id="queryApnNameList" resultClass="java.lang.String">
		select mg.apn_name from m2m_grpmem PARTITION(M2M_GRPMEM_PARTITION$part$) mg 
		where mg.ec_code = #ecCode#
		and mg.state = 'ENABLED'
		and mg.start_date <![CDATA[<=]]> sysdate
		and mg.end_date <![CDATA[ >= ]]>sysdate
		and mg.apn_name is not null
		group by mg.apn_name
	</select>
	
		

</sqlMap>


