<?xml version="1.0" encoding="UTF-8"?>

<!DOCTYPE sqlMap
 PUBLIC "-//ibatis.apache.org//DTD SQL Map 2.0//EN"
 "http://ibatis.apache.org/dtd/sql-map-2.dtd">
 
<sqlMap>
	<!-- 查询短信发送列表 -->
	<select id="queryMessageSendList" resultClass="com.lenovo.iotpro.entity.SmsInfo" resultSetType="SCROLL_INSENSITIVE">
		<include refid="pageSqlStart" />
			select 
			        SMS_TO_SEND_ID	as smsToSendId,
			        ACCEPT_NUMBER	as acceptNumber,
			        MSG_CONTENT		as msgContent,
			        SENDED_DATE		as sendedDate,
			        STATE			as state
			from sms_info
			where 1=1
			<isNotEmpty prepend="AND" property="ecCode">
				ENT_CODE = #ecCode#
			</isNotEmpty>
			<isNotEmpty prepend="AND" property="acceptNumber">
				ACCEPT_NUMBER like '%'||#acceptNumber#||'%'
			</isNotEmpty>
			<isNotEmpty prepend="AND" property="msgContent">
				MSG_CONTENT like '%'||#msgContent#||'%'
			</isNotEmpty>
			<isNotEmpty prepend="AND" property="state">
				STATE = #state#
			</isNotEmpty>
			order by SENDED_DATE desc
		<include refid="pageSqlEnd" />
	</select>
	<!-- 查询短信发送列表数量 -->
	<select id="queryMessageSendListCount" resultClass="java.lang.Long" resultSetType="SCROLL_INSENSITIVE">
		select count(1) from (
			select 
					SMS_TO_SEND_ID	as smsToSendId,
			        ACCEPT_NUMBER	as acceptNumber,
			        MSG_CONTENT		as msgContent,
			        SENDED_DATE		as sendedDate,
			        STATE			as state
			from sms_info
			where 1=1
			<isNotEmpty prepend="AND" property="ecCode">
				ENT_CODE = #ecCode#
			</isNotEmpty>
			<isNotEmpty prepend="AND" property="acceptNumber">
				ACCEPT_NUMBER like '%'||#acceptNumber#||'%'
			</isNotEmpty>
			<isNotEmpty prepend="AND" property="msgContent">
				MSG_CONTENT like '%'||#msgContent#||'%'
			</isNotEmpty>
			<isNotEmpty prepend="AND" property="state">
				STATE = #state#
			</isNotEmpty>
		)
	</select>
	
	<!-- 查询短信发送SI_REPORT_ID -->
	<select id="getReportIdMax" resultClass="java.lang.Long" resultSetType="SCROLL_INSENSITIVE">
		select max(SI_REPORT_ID) from sms_info
	</select>
	
	<!-- 查询短信发送MSG_ID -->
	<select id="getMsgId" resultClass="java.lang.Long" resultSetType="SCROLL_INSENSITIVE">
		select max(MSG_ID) from sms_info
	</select>
	
	<!-- 查询短信发送MSG_SEQ_ID -->
	<select id="getMsgSeqId" resultClass="java.lang.Long" resultSetType="SCROLL_INSENSITIVE">
		select max(MSG_SEQ_ID) from sms_info
	</select>
	
	<!-- 根据ID查看详情 -->
	<select id="findDetailById" resultClass="com.lenovo.iotpro.entity.SmsInfo">
			select
					SMS_TO_SEND_ID	as smsToSendId,
			        ACCEPT_NUMBER	as acceptNumber,
			        MSG_CONTENT		as msgContent,
			        SENDED_DATE		as sendedDate,
			        STATE			as state
			from sms_info
			where 1=1
			<isNotEmpty prepend="AND" property="ecCode">
				ENT_CODE = #ecCode#
			</isNotEmpty>
			<isNotEmpty prepend="AND" property="smsToSendId">
				SMS_TO_SEND_ID = #smsToSendId#
			</isNotEmpty>
	</select>
	
	
	<select id="queryMsisdnForSend" resultClass="com.lenovo.iotpro.entity.SmsInfo" resultSetType="SCROLL_INSENSITIVE">         
		select * from (	
			select sub.msisdn,
	           (case 
		         when sub.LIFE_CYCLE= 'TEST' then
		          '测试期'
		         when sub.LIFE_CYCLE= 'NORMAL' then
		          '正使用'
		         when sub.LIFE_CYCLE= 'SILENT' then
		          '沉默期'
		         when sub.LIFE_CYCLE= 'STOP' then
		          '停机'
		         when sub.LIFE_CYCLE= 'PRECLOSE' then
		          '预约销户' 
		         when sub.LIFE_CYCLE= 'CANCEL' then
		          '销户' 
                 when sub.LIFE_CYCLE= 'STOCK' then
                  '库存期' 
                 when sub.LIFE_CYCLE= 'OTHERS' then
                  '其他' 		         
		         else
		          '-'
		       end) as runCode,
	           (
					select wm_concat(to_char(a.pkgName)) as packageName from 
				        (select mb.msisdn,mb.pkgName
				         from(
				               (SELECT MP.MSISDN msisdn, ap.package_name pkgName FROM 
				                <isNotEmpty property="mainType">
				                  	<isEqual property="mainType" compareValue="1"><!-- 车联网主体产品 -->
				                       	  IOV_PRI_PKG 
				                  	</isEqual>
				                  	<isEqual property="mainType" compareValue="2"><!-- 机器卡主体产品 -->
				                     	    MAC_PRI_PKG 
				                  	</isEqual>
				                 	 <isEqual property="mainType" compareValue="3"><!-- NB-IOT主体产品 -->
				                    	     NB_PRI_PKG 
				                  	</isEqual>
				                  	<isEqual property="mainType" compareValue="4"><!-- 和对讲主体产品HDJ -->
										 	WLW_PRI_PKG
									</isEqual>
				                  	<isEqual property="mainType" compareValue="6"><!-- 9105 -->
				                    	     PRI_PKG_9105 
				                  	</isEqual>
				                </isNotEmpty>
				                <isEmpty property="mainType">
				                   m2m_grpmem
				                </isEmpty>  
				               mg ,atomic_products ap,
				                (select msisdn from 
				                <isNotEmpty property="mainType">
									<isEqual property="mainType" compareValue="1"><!-- 车联网主体产品 -->
												 IOV_CARD 
									</isEqual>
									<isEqual property="mainType" compareValue="2"><!-- 机器卡主体产品 -->
												 MAC_CARD 
									</isEqual>
									<isEqual property="mainType" compareValue="3"><!-- NB-IOT主体产品 -->
												 NB_CARD 
									</isEqual>
									<isEqual property="mainType" compareValue="4"><!-- 和对讲主体产品HDJ -->
										 	WLW_CARD
									</isEqual>
									<isEqual property="mainType" compareValue="6"><!-- 9105 -->
												 CARD_9105 
									</isEqual>
								</isNotEmpty>
								<isEmpty property="mainType">
								 	m2m_person
								</isEmpty>
				                p where 1=1 and p.state='ENABLED' 
				                	<isEqual property="mainType" compareValue="4"><!-- 和对讲HDJ -->
										and p.card_type='HDJ'
									</isEqual>
									<isNotEmpty prepend="and" property="ecCode">
							             p.ec_code = #ecCode#
							         </isNotEmpty>
									group by msisdn)mp 
				                WHERE mg.msisdn=mp.msisdn and mg.PACKAGE_CODE=ap.PACKAGE_CODE and ap.STATE='ENABLED' and ap.VISIBLE='1' and ap.PKG_CATEGORY='PKG_CAT_BUSINESS' and ap.BUS_CATEGORY='FLOW'            
				                )
				               <!--  union
				               (select  MP.MSISDN msisdn, ap.package_name pkgName FROM M2M_PER_PKG mg,atomic_products ap,
				                (select msisdn from m2m_person p where 1=1  and p.state='ENABLED' 
									<isNotEmpty prepend="and" property="ecCode">
							             p.ec_code = #ecCode#
							         </isNotEmpty>
									group by msisdn)mp 
				                WHERE mg.msisdn=mp.msisdn and mg.PACKAGE_CODE=ap.PACKAGE_CODE and ap.STATE='ENABLED' and ap.VISIBLE='1' and ap.PKG_CATEGORY='PKG_CAT_BUSINESS' and ap.BUS_CATEGORY='FLOW' 
				                )   -->
				             )mb
				  	)a  where a.msisdn = sub.msisdn group by  msisdn  
		           ) as packageName,
		           (
					select wm_concat(to_char(a.pkgCode)) as packageCode from 
				        (select mb.msisdn, mb.pkgCode
				         from(
				               (SELECT MP.MSISDN msisdn, mg.PACKAGE_CODE pkgCode FROM 
				               <isNotEmpty property="mainType">
				                  	<isEqual property="mainType" compareValue="1"><!-- 车联网主体产品 -->
				                       	  IOV_PRI_PKG 
				                  	</isEqual>
				                  	<isEqual property="mainType" compareValue="2"><!-- 机器卡主体产品 -->
				                     	    MAC_PRI_PKG 
				                  	</isEqual>
				                 	 <isEqual property="mainType" compareValue="3"><!-- NB-IOT主体产品 -->
				                    	     NB_PRI_PKG 
				                  	</isEqual>
				                  	<isEqual property="mainType" compareValue="4"><!-- 和对讲主体产品HDJ -->
										 	WLW_PRI_PKG
									</isEqual>
				                  	<isEqual property="mainType" compareValue="6"><!-- 9105 -->
				                    	     PRI_PKG_9105 
				                  	</isEqual>
				                </isNotEmpty>
				                <isEmpty property="mainType">
				                   m2m_grpmem
				                </isEmpty>    
				               mg ,atomic_products ap,
				                (select msisdn from 
				                <isNotEmpty property="mainType">
									<isEqual property="mainType" compareValue="1"><!-- 车联网主体产品 -->
												 IOV_CARD 
									</isEqual>
									<isEqual property="mainType" compareValue="2"><!-- 机器卡主体产品 -->
												 MAC_CARD 
									</isEqual>
									<isEqual property="mainType" compareValue="3"><!-- NB-IOT主体产品 -->
												 NB_CARD 
									</isEqual>
									<isEqual property="mainType" compareValue="4"><!-- 和对讲主体产品HDJ -->
										 	WLW_CARD
									</isEqual>
									<isEqual property="mainType" compareValue="6"><!-- 9105 -->
												 CARD_9105 
									</isEqual>
								</isNotEmpty>
								<isEmpty property="mainType">
								 	m2m_person
								</isEmpty> 
				                p where 1=1 and p.state='ENABLED' 
				                	<isEqual property="mainType" compareValue="4"><!-- 和对讲HDJ -->
										and p.card_type='HDJ'
									</isEqual>
									<isNotEmpty prepend="and" property="ecCode">
							             p.ec_code = #ecCode#
							         </isNotEmpty>
									group by msisdn)mp 
				                WHERE mg.msisdn=mp.msisdn and mg.PACKAGE_CODE=ap.PACKAGE_CODE and ap.STATE='ENABLED' and ap.VISIBLE='1' and ap.PKG_CATEGORY='PKG_CAT_BUSINESS' and ap.BUS_CATEGORY='FLOW'            
				                )
				                <!-- union
				               (select  MP.MSISDN msisdn,mg.PACKAGE_CODE pkgCode FROM M2M_PER_PKG mg,atomic_products ap,
				                (select msisdn from m2m_person p where 1=1  and p.state='ENABLED' 
									<isNotEmpty prepend="and" property="ecCode">
							             p.ec_code = #ecCode#
							         </isNotEmpty>
									group by msisdn)mp 
				                WHERE mg.msisdn=mp.msisdn and mg.PACKAGE_CODE=ap.PACKAGE_CODE and ap.STATE='ENABLED' and ap.VISIBLE='1' and ap.PKG_CATEGORY='PKG_CAT_BUSINESS' and ap.BUS_CATEGORY='FLOW' 
				                )   -->
				             )mb
				  	)a where a.msisdn = sub.msisdn group by  msisdn  
		           ) as packageCode,
	         to_char(sub.openTime,'yyyy-mm-dd hh24:mi:ss') as openTime,
	         to_char(sub.activateDate,'yyyy-mm-dd hh24:mi:ss') as activateDate
	      from (       
	       select distinct msisdn,
	           max(LIFE_CYCLE) as LIFE_CYCLE,
	           max(open_time) as openTime,
	           max(activate_date) as activateDate
	           from 
	           <isNotEmpty property="mainType">
					<isEqual property="mainType" compareValue="1"><!-- 车联网主体产品 -->
							 IOV_CARD 
					</isEqual>
					<isEqual property="mainType" compareValue="2"><!-- 机器卡主体产品 -->
							 MAC_CARD 
					</isEqual>
					<isEqual property="mainType" compareValue="3"><!-- NB-IOT主体产品 -->
							 NB_CARD 
					</isEqual>
					<isEqual property="mainType" compareValue="4"><!-- 和对讲主体产品HDJ -->
							WLW_CARD
					</isEqual>
					<isEqual property="mainType" compareValue="6"><!-- 9105 -->
							 CARD_9105 
					</isEqual>
			  </isNotEmpty>
			  <isEmpty property="mainType">
					m2m_person
			  </isEmpty>
	           mi
	           where state='ENABLED'
	            <isEqual property="mainType" compareValue="4"><!-- 和对讲HDJ -->
					and mi.card_type='HDJ'
				</isEqual>
	           	<isNotEmpty prepend="and" property="ecCode">
	             	ec_code = #ecCode#
	         	</isNotEmpty>
	         	<isNotEmpty prepend="AND" property="msisdnList">
	         		mi.msisdn in
		         	<iterate  property="msisdnList" open="(" close=")" conjunction=",">
		         		 #msisdnList[]#
		         	</iterate>	
		        </isNotEmpty>
		         <isNotEmpty prepend="and" property="runCode">
		           LIFE_CYCLE = #runCode#
		       </isNotEmpty> 
		       <isNotEmpty prepend="and" property="openTimeStart">
		           to_char(open_time,'yyyy-mm-dd hh24:mi:ss') <![CDATA[>= ]]> #openTimeStart# 
		        </isNotEmpty>
		        
		        <isNotEmpty prepend="and" property="openTimeEnd">
		           to_char(open_time,'yyyy-mm-dd hh24:mi:ss') <![CDATA[<= ]]> #openTimeEnd# 
		        </isNotEmpty>
		        <isNotEmpty prepend="and" property="activateDateStart">
		           to_char(activate_date,'yyyy-mm-dd hh24:mi:ss') <![CDATA[>= ]]> #activateDateStart# 
		        </isNotEmpty>
		        
		        <isNotEmpty prepend="and" property="activateDateEnd">
		           to_char(activate_date,'yyyy-mm-dd hh24:mi:ss') <![CDATA[<= ]]> #activateDateEnd# 
		        </isNotEmpty>
		        <!-- 子账户显示选定部门下的卡信息 -->
				<isEqual property="rightType" compareValue="2">
	    		 	and exists (select 1  from pro_asset b where mi.msisdn=b.msisdn and b.dept_id in (<include refid="findDeptIdsByUserRights"/>))
				</isEqual>
			group by mi.msisdn  
			order by mi.msisdn  
	        )sub 
	    )list 
	    where 1=1 
        <isNotEmpty prepend="and" property="pkgs">
            list.packageCode like '%'||#pkgs#||'%'
        </isNotEmpty>
 	</select>
 	
	<select id="queryPkgsForSend" resultClass="com.lenovo.iotpro.entity.SmsInfo" resultSetType="SCROLL_INSENSITIVE">         
		select PACKAGE_CODE as packageCode,PACKAGE_NAME as packageName from atomic_products where PACKAGE_CODE in(
			select PACKAGE_CODE from m2m_grpmem where 1=1
			<isNotEmpty prepend="and" property="ecCode">
	             ec_code = #ecCode#
	         </isNotEmpty>
	      )
 	</select>
 	
 	
 	<!-- 保存发送短信 -->
	<insert id="insertSmsInfo">

		INSERT INTO sms_info(
			sms_to_send_id,
			ent_code,
			msg_seq_id,
			accept_number,
			msg_content,
			sms_direction,
			sms_type,
			sended_times,
			sended_date,
			receive_date,
			state,
			remark,
			ent_port,
			msg_id,
			create_date,
			error_code,
			si_report_id
		)VALUES(
			SEQ_SMS_INFO.nextval,
			#entCode#,
			#msgSeqId#,
			#acceptNumber#,
			#msgContent#,
			#smsDirection#,
			#smsType#,
			#sendedTimes#,
			#sendedDate#,
			#receiveDate#,
			#state#,
			#remark#,
			#entPort#,
			#msgId#,
			#createDate#,
			#errorCode#,
			#siReportId#
		)
	</insert>
	
	
	
	<!-- 导出发送列表 -->
	<select id="exportSmsInfo" resultClass="java.util.HashMap" resultSetType="SCROLL_INSENSITIVE">
			select 
			        SMS_TO_SEND_ID	as smsToSendId,
			        ACCEPT_NUMBER	as acceptNumber,
			        MSG_CONTENT		as msgContent,
			        to_char(SENDED_DATE,'yyyy-MM-dd HH24:mi:ss')as sendedDate,
			        (case when STATE = 'tosend'
			        	  then '待发送'
			        	  when STATE = 'sending'
			        	  then '正在发送'
			        	  when STATE = 'sended'
			        	  then '已发送'
			        	  when STATE = 'success'
			        	  then '已成功'
			        	  else '失败'			        
			        end)as state
			from sms_info
			where 1=1
			<isNotEmpty prepend="AND" property="ecCode">
				ENT_CODE = #ecCode#
			</isNotEmpty>
			<isNotEmpty prepend="AND" property="acceptNumber">
				ACCEPT_NUMBER like '%'||#acceptNumber#||'%'
			</isNotEmpty>
			<isNotEmpty prepend="AND" property="msgContent">
				MSG_CONTENT like '%'||#msgContent#||'%'
			</isNotEmpty>
			<isNotEmpty prepend="AND" property="state">
				STATE = #state#
			</isNotEmpty>
			order by SENDED_DATE desc
	</select>
	
	<select id="queryPortInfo"  resultClass="com.lenovo.iotpro.entity.SmsInfo">
		select ENT_PORT_ID		AS	entPortId,
				ENT_CODE   		AS	entCode  , 
				SERVICE_ID 		AS	serviceId ,
				SMS_SIGN		AS  smsSign,
				SP_ID      		AS	spId  ,    
				SRC_ID     		AS	srcId  ,   
				PASSWORD   		AS	password ,
				SMS_MSG			AS  smsMsg
	    from sms_ent_port_info
	    where 1=1 
	    <isNotEmpty prepend="AND" property="ecCode">
			ENT_CODE = #ecCode#
		</isNotEmpty>
	</select>
	
	<select id="queryMisidn"  resultClass="Long">
		<!-- select count(1) from m2m_person
		where 1=1 and state = 'ENABLED'
		<isNotEmpty prepend="AND" property="ecCode">
			ec_code = #ecCode#
		</isNotEmpty>
		<isNotEmpty prepend="AND" property="msisdn">
			msisdn = #msisdn#
		</isNotEmpty> -->
		
		select sum(cou) from
		(
			select count(1) cou from IOV_CARD p
			where p.state = 'ENABLED'
			<isNotEmpty prepend="AND" property="ecCode">
				p.ec_code = #ecCode#
			</isNotEmpty>
			<isNotEmpty prepend="AND" property="msisdn">
				p.msisdn = #msisdn#
			</isNotEmpty>
			<!-- 子账户显示选定部门下的卡信息 -->
			<isEqual property="rightType" compareValue="2">
	    		 	and exists (select 1  from pro_asset b where p.msisdn=b.msisdn and b.dept_id in (<include refid="findDeptIdsByUserRights"/>))
			</isEqual>
			union
			select count(1) cou from MAC_CARD p
			where p.state = 'ENABLED'
			<isNotEmpty prepend="AND" property="ecCode">
				p.ec_code = #ecCode#
			</isNotEmpty>
			<isNotEmpty prepend="AND" property="msisdn">
				p.msisdn = #msisdn#
			</isNotEmpty>
			<!-- 子账户显示选定部门下的卡信息 -->
			<isEqual property="rightType" compareValue="2">
	    		 and exists (select 1  from pro_asset b where p.msisdn=b.msisdn and b.dept_id in (<include refid="findDeptIdsByUserRights"/>))
			</isEqual>
			union
			select count(1) cou from NB_CARD p 
			where p.state = 'ENABLED'
			<isNotEmpty prepend="AND" property="ecCode">
				p.ec_code = #ecCode#
			</isNotEmpty>
			<isNotEmpty prepend="AND" property="msisdn">
				p.msisdn = #msisdn#
			</isNotEmpty>
			<!-- 子账户显示选定部门下的卡信息 -->
			<isEqual property="rightType" compareValue="2">
	    		 and exists (select 1  from pro_asset b where p.msisdn=b.msisdn and b.dept_id in (<include refid="findDeptIdsByUserRights"/>))
			</isEqual>
			union
			select count(1) cou from CARD_9105 p 
			where p.state = 'ENABLED'
			<isNotEmpty prepend="AND" property="ecCode">
				p.ec_code = #ecCode#
			</isNotEmpty>
			<isNotEmpty prepend="AND" property="msisdn">
				p.msisdn = #msisdn#
			</isNotEmpty>
			<!-- 子账户显示选定部门下的卡信息 -->
			<isEqual property="rightType" compareValue="2">
	    		 and exists (select 1  from pro_asset b where p.msisdn=b.msisdn and b.dept_id in (<include refid="findDeptIdsByUserRights"/>))
			</isEqual>
			union
			select count(1) cou from WLW_CARD p 
			where p.state = 'ENABLED'
			and p.card_type='HDJ'
			<isNotEmpty prepend="AND" property="ecCode">
				p.ec_code = #ecCode#
			</isNotEmpty>
			<isNotEmpty prepend="AND" property="msisdn">
				p.msisdn = #msisdn#
			</isNotEmpty>
			<!-- 子账户显示选定部门下的卡信息 -->
			<isEqual property="rightType" compareValue="2">
	    		 and exists (select 1  from pro_asset b where p.msisdn=b.msisdn and b.dept_id in (<include refid="findDeptIdsByUserRights"/>))
			</isEqual>
		)
	</select>
	
	
	<!-- 保存短信配置信息 -->
	<insert id="insertSmsPortInfo">
		INSERT INTO SMS_ENT_PORT_INFO(
			ent_port_id	,		
			ent_code,				
			service_id	,
			sms_sign,	
			sp_id,						
			src_id	,				
			password,
			sms_msg
		)VALUES(
			(select to_char(max(to_number(ENT_PORT_ID)))+1 from SMS_ENT_PORT_INFO),
			#entCode#,
			#serviceId#,
			#smsSign#,
			#spId#,
			#srcId#,
			#password#,
			#smsMsg#
		)
	</insert>
	
	
	<!-- 保存短信配置信息 -->
	<insert id="updateSmsPortInfo">
		
		update SMS_ENT_PORT_INFO set sms_msg = #smsMsg# where ent_code = #entCode#
		
	</insert>
	
	<select id="checkSrcId"  resultClass="Long">
		select count(1) from SMS_ENT_PORT_INFO
		where 1=1
		<isNotEmpty prepend="AND" property="srcId">
			src_id = #srcId#
		</isNotEmpty>
	</select>
	
	
	<!-- 当前集团是否是3.0协议 SMS_CMPP 为1 -->
	<select id="isNewCus"  resultClass="String">
		select 1 from ENTERPRISE_CUSTOMER 
		where SMS_CMPP = '1'
		<isNotEmpty prepend="AND" property="ecId">
			ec_id = #ecId#
		</isNotEmpty>
		<!-- select 1 from ENTERPRISE_CUSTOMER 
		where to_char(CREATE_DATE,'yyyy-MM-dd HH24:mi:ss') <![CDATA[>= ]]> '2018-07-19 00:00:00'
		<isNotEmpty prepend="AND" property="ecId">
			ec_id = #ecId#
		</isNotEmpty> -->
	</select>
	
	
	
</sqlMap>

