<?xml version="1.0" encoding="UTF-8"?>

<!DOCTYPE sqlMap
 PUBLIC "-//ibatis.apache.org//DTD SQL Map 2.0//EN"
 "http://ibatis.apache.org/dtd/sql-map-2.dtd">

<sqlMap>



<!-- 获取号码角色权限 -->
	 <select id="checkPrivilege" parameterClass="java.util.HashMap"
		resultClass="java.util.HashMap">
			select distinct am.method as METHOD,
			               a.role_id roleId,
			               a.msisdn  msisdn,
			               a.use_state useState,
			               a.create_time createTime
			 from API_BLACKLIST_ROLE_MSISDN a
			 left join API_BLACKLIST_ROLE_METHOD am
			   on a.role_id = am.role_id
			where a.msisdn = #msisdn#
			order by a.msisdn, am.method

		
		
	</select> 



 	<update id="insertApiEcInfo" parameterClass="com.lenovo.iotpro3.vo.api.ApiEcInfoVo">
        insert into  API_EC_INFO(ec_code,
								pro_type,
								pro_code,
								scale,
								api_cus_type,
								t_director,
								t_telephone,
								t_email,
								manager,
								m_telephone,
								m_email,
								ec_profile,
								app_key,
								secret,
								project_profile,
								p_docking,
								p_telephone, 
								p_email,
								is_receive,
								p_start_time,
								p_end_time,
								p_join_state,
								p_access_state,
								receive_address
						) values(#ecCode# ,
								#pro_type#,
								#pro_code#,
								#scale#,
								#api_cus_type#,
								#t_director#,
								#t_telephone#,
								#t_email#,
								#manager#,
								#m_telephone#,
								#m_email#,
								#ec_profile#,
								#app_key#,
								#secret#,
								#project_profile#,
								#p_docking#,
								#p_telephone#, 
								#p_email#,
								#is_receive#,
								#p_start_time#,
								#p_end_time#,
								#p_join_state#,
								#p_access_state#,
								#receive_address#
								)
    </update>
    
    <update id="updateApiEcInfo" parameterClass="com.lenovo.iotpro3.vo.api.ApiEcInfoVo">
        update  API_EC_INFO set
								pro_type=#pro_type#,
								pro_code=#pro_code#,
								scale=#scale#,
								api_cus_type=#api_cus_type#,
								t_director=#t_director#,
								t_telephone=#t_telephone#,
								t_email=#t_email#,
								manager=#manager#,
								m_telephone=#m_telephone#,
								m_email=#m_email#,
								ec_profile=#ec_profile#,
								project_profile=#project_profile#,
								p_docking=#p_docking#,
								p_telephone=#p_telephone#, 
								p_email=#p_email#,
								is_receive=#is_receive#,
								receive_address=#receive_address#
						where ec_code = #ecCode#
    </update>
    <!-- 只更新联调信息 -->
    <update id="updateApiEcInfoLianTiao" parameterClass="com.lenovo.iotpro3.vo.api.ApiEcInfoVo">
        update  API_EC_INFO set
        						app_key=#app_key#,
								manager=#manager#,
								m_telephone=#m_telephone#,
								m_email=#m_email#,
								p_docking=#p_docking#,
								p_telephone=#p_telephone#, 
								p_email=#p_email#
							<!-- 	p_start_time=#p_start_time#,
								p_end_time=#p_end_time#,
								p_join_state=#p_join_state#,
								p_access_state=#p_access_state# -->
						where ec_code = #ecCode#
    </update>
      <update id="updateWoMaster" parameterClass="com.lenovo.iotpro3.vo.api.ApiWoMasterVo">
        update  API_WO_MASTER set
								APP_STATUS=#app_status#, 
								OPT_TYPE=#opt_type#
						where wo_code = #wo_code#
    </update>
        <delete id="deleteWoMaster"  parameterClass="HashMap">
        delete  API_WO_MASTER  where wo_code = #wo_code#  
    </delete>
      <delete id="deleteWoDetail"  parameterClass="HashMap">
        delete  API_WO_DETAIL  where wo_code = #wo_code#  
    </delete>
    
     <select id="findApiEcInfo" resultClass="com.lenovo.iotpro3.vo.api.ApiEcInfoVo" parameterClass="HashMap">
        select * from API_EC_INFO where ec_code = #ecCode#
    </select>
    
        <select id="findApiWoMaster" resultClass="com.lenovo.iotpro3.vo.api.ApiWoMasterVo" parameterClass="HashMap">
        select * from API_WO_MASTER where ec_code = #ecCode#
    </select>
    
    <select id="findEcInfoInApi" resultClass="com.lenovo.iotpro3.vo.api.EcInfoVo" resultSetType="SCROLL_INSENSITIVE">
		SELECT EC.ec_name ecName,EC.ec_code ecCode,AR.AREA_NAME areaName 
			from ENTERPRISE_CUSTOMER ec,AREAS ar where EC.AREA_ID=AR.AREA_ID  
		<isNotEmpty  property="ecCode" prepend="and">
	  		 ec.EC_CODE=#ecCode#
	    </isNotEmpty>
	</select>
	<!-- 
	<select id="findAppkeyCount" resultClass="Long" parameterClass="HashMap">
		select count(1) from API_EC_INFO where ec_code=#ecCode# and app_key is null
	</select>
	 -->
	 <select id="findWoCode" resultClass="com.lenovo.iotpro3.vo.api.ApiWoMasterVo" parameterClass="HashMap">
        select a.wo_code
              from api_wo_master a
             inner join (select b.ec_code, max(coming_data) as maxgdtime
                    from api_wo_master b
                   group by b.ec_code) b on a.ec_code = b.ec_code
								<isNotEmpty  property="ecCode" prepend="and">
								 a.ec_code=#ecCode#
								 </isNotEmpty>
                               and a.coming_data = b.maxgdtime
    </select>
	
	<select id="findMasterInfo" resultClass="com.lenovo.iotpro3.vo.api.ApiWoMasterVo" parameterClass="HashMap">
		 select a.wo_code,
		 	a.opt_type,a.app_status,a.wo_status,
		 	a.coming_data
              from api_wo_master a
             inner join (select b.ec_code, max(coming_data) as maxgdtime
                    from api_wo_master b
                   group by b.ec_code) b on a.ec_code = b.ec_code
								<isNotEmpty  property="ecCode" prepend="and">
								 a.ec_code=#ecCode#
								 </isNotEmpty>
                               and a.coming_data = b.maxgdtime
	</select>
	
	
<select id="findApiTree" resultClass="com.lenovo.iotpro3.vo.api.ApiTreeVo" parameterClass="HashMap" resultSetType="SCROLL_INSENSITIVE">
				select m.*,r.CAN_HANDLE,r.DEF_CHOICE 
			from (
						select C.GROUP_TYPE,B.METHOD_NAME,B.METHOD_ID,C.GROUP_CODE, C.GROUP_NAME, B.METHOD, B.METHOD_DES,B.SERVICE_TYPE
              from API_METHOD_REL A, API_METHOD B, API_METHOD_GROUP C
             WHERE A.GROUP_CODE = C.GROUP_CODE
               AND A.METHOD = B.METHOD             
          ) m,(
            SELECT A.METHOD,a.can_handle,a.def_choice 
            FROM API_CUS_METHOD_TEMPL A 
            WHERE A.API_CUS_TYPE=1
        ) r 
      where m.method=r.method and r.can_handle=1 
      and m.SERVICE_TYPE=to_number(#serviceType#)
      order by group_type desc,group_code desc
	</select>
	
	<select id="findPassIP" resultClass="com.lenovo.iotpro3.vo.api.ApiWoDetailVo" parameterClass="HashMap" resultSetType="SCROLL_INSENSITIVE">
	select *
	          from api_wo_detail
	         where 
			        wo_code =#woCode#
	            and opt_type='IP_MODIFY'
	</select>
	
	
	
	<select id="findPassApi" resultClass="com.lenovo.iotpro3.vo.api.ApiWoDetailVo" parameterClass="HashMap" resultSetType="SCROLL_INSENSITIVE">
		select *
	          from api_wo_detail
	         where 
			        wo_code =#woCode#
	            and opt_type='METHOD_MODIFY'
	</select>
	
	
	<update id="insertApiWoMaster" parameterClass="com.lenovo.iotpro3.vo.api.ApiWoMasterVo">
	
	insert into API_WO_MASTER(
						wo_code,
						ec_code,
						opt_type,
						app_status,
						wo_status,
						coming_data,
						wo_code_type
						)
				values(
						#wo_code#,
						#ec_code#,
						#opt_type#,
						#app_status#,
						#wo_status#,
						#coming_data#,
						#wo_code_type#
						)
	</update>
	
	<update id="insertApiWoDetail" parameterClass="com.lenovo.iotpro3.vo.api.ApiWoDetailVo">
	
	insert into API_WO_DETAIL(
						wo_code,
						item_no,
						opt_type,
						content
						)
				values(
						#wo_code#,
						#item_no#,
						#opt_type#,
						#content#
						)
	</update>
	
	
	<select id="findApiWoMasterCount" resultClass="Long" parameterClass="HashMap">
		select count(1) from API_WO_MASTER where ec_code=#ecCode# and wo_status='open'
	</select>
	
	<!-- API申请清单号 -->
	<select id="findApiWoCode" resultClass="com.lenovo.iotpro3.vo.api.ApiWoMasterVo">
		SELECT FUNC_GET_NEXT_NO('API') WO_CODE FROM DUAL
	</select>
	
	<select id="findApiWoDetailContent" resultClass="com.lenovo.iotpro3.vo.api.ApiWoDetailVo" parameterClass="HashMap">
		select d.content from API_WO_MASTER m,API_WO_DETAIL d 
			where m.wo_code = d.wo_code
			and m.wo_status='open' 
			<isNotEmpty property="ecCode">
				and m.ec_code=#ecCode#
			</isNotEmpty>
			<isNotEmpty property="opt_type">
				and d.opt_type=#opt_type#
			</isNotEmpty>
	
	</select>
	<select id="getApplyIps" resultClass="com.lenovo.iotpro3.vo.api.ApiWoDetailMasterIpVo" parameterClass="HashMap">
	SELECT de.* , ma.*  from API_WO_DETAIL de LEFT JOIN API_WO_MASTER ma on DE.WO_CODE	= MA.WO_CODE
	WHERE MA.EC_CODE =#ecCode# 
		<isNotEmpty property="pass">
				and ma.app_status=#pass#
		</isNotEmpty>
			<isNotEmpty property="processing">
				and ma.app_status=#processing#
		</isNotEmpty>
		<isNotEmpty property="reject" >
				and ma.app_status=#reject#
		</isNotEmpty>
	</select>

	<select id="findAuditList" resultClass="com.lenovo.iotpro3.vo.api.ApiWoDetailMasterIpVo">
		<include refid="pageSqlStart" />
		SELECT 	ma.wo_code as wo_code,ma.coming_data as coming_data from  API_WO_MASTER ma 		WHERE MA.EC_CODE =#ecCode#
		<include refid="pageSqlEnd" />
	</select>
		<select id="findAuditCount" resultClass="java.lang.Long">
			SELECT 	count(*) from  API_WO_MASTER ma 		WHERE MA.EC_CODE =#ecCode#
		</select>

	<select id="findTree" resultClass="com.lenovo.iotpro3.vo.api.ApiTreeVo">
		SELECT a.group_code as group_code, a.group_name as group_name,
		a.group_type as group_type from API_METHOD_GROUP a WHERE a.group_flag = 'view'
	</select>
				
		<select id="exportAuditList" resultClass="java.util.HashMap" resultSetType="SCROLL_INSENSITIVE">
				SELECT 	ma.wo_code as wo_code,
				ma.coming_data as coming_data 
				from  API_WO_MASTER  ma 
				WHERE MA.EC_CODE =#ecCode#	
		</select>
			<select id="getGroupsMethod" resultClass="com.lenovo.iotpro3.vo.api.ApiTreeVo">
						select a.group_code as group_code,c.app_status as group_type,b.content as method,d.method_des as method_des FROM API_METHOD_REL a 
						RIGHT  JOIN API_WO_DETAIL 	b on b.content = a.method 
						RIGHT JOIN API_WO_MASTER c ON c.wo_code = b.wo_code
						JOIN API_METHOD d on d.method = a.method
						WHERE b.opt_type=#opt_type#
						and c.app_status != #app_status#
						and  c.EC_CODE =#ecCode#	
						and a.group_code=#group_code#
		</select>
			<select id="getGroupsPassMethod" resultClass="com.lenovo.iotpro3.vo.api.ApiTreeVo">
			select a.group_code as group_code,ag.group_name,c.app_status as group_type,b.content as method,d.method_des as method_des FROM API_METHOD_REL a 
						RIGHT  JOIN API_WO_DETAIL 	b on b.content = a.method 
						RIGHT JOIN API_WO_MASTER c ON c.wo_code = b.wo_code
						JOIN API_METHOD d on d.method = a.method
						join API_METHOD_GROUP ag 
						ON a.group_code = ag.group_code
						WHERE  c.EC_CODE =#ecCode#	
						<isNotEmpty property="app_status">
								and c.app_status = #app_status#
						</isNotEmpty>
						<isNotEmpty property="opt_type">
								and  b.opt_type=#opt_type#
						</isNotEmpty>
						<isNotEmpty property="group_code">
								and  a.group_code=#group_code#
						</isNotEmpty>
						<isNotEmpty property="method">
								and  d.METHOD=#method#
						</isNotEmpty>
		</select>
		<!-- API日志导出 -->
			<select id="getGroupsExopt" resultClass="java.util.HashMap"  resultSetType="SCROLL_INSENSITIVE">
			select distinct 0 as month, a.group_code as group_code,ag.group_name as group_name FROM API_METHOD_REL a 
						RIGHT  JOIN API_WO_DETAIL 	b on b.content = a.method 
						RIGHT JOIN API_WO_MASTER c ON c.wo_code = b.wo_code
						JOIN API_METHOD d on d.method = a.method
						join API_METHOD_GROUP ag 
						ON a.group_code = ag.group_code
						WHERE  c.EC_CODE =#ecCode#	
						<isNotEmpty property="app_status">
								and c.app_status = #app_status#
						</isNotEmpty>
						<isNotEmpty property="opt_type">
								and  b.opt_type=#opt_type#
						</isNotEmpty>
						<isNotEmpty property="group_code">
								and  a.group_code=#group_code#
						</isNotEmpty>
						<isNotEmpty property="method">
								and  d.METHOD=#method#
						</isNotEmpty>
		</select>
		<select id="getApiWoDetailVoS" resultClass="com.lenovo.iotpro3.vo.api.ApiWoDetailVo" parameterClass="HashMap">
						select de.wo_code as wo_code,de.item_no as item_no,de.opt_type as opt_type,de.content as content
						from API_WO_DETAIL de LEFT JOIN API_WO_MASTER ma on DE.WO_CODE	= MA.WO_CODE
							WHERE MA.EC_CODE =#ecCode#	
							and  de.opt_type =#opt_type#	
		</select>
		<delete id="deleteApiWoDetailVo" parameterClass="HashMap">
			delete  from API_WO_DETAIL where content = #content#
			 and wo_code in (select wo_code FROM API_WO_MASTER WHERE ec_code = #ecCode#	)
		</delete>
		
		<select id="getEnterpriseAppKey" resultClass="com.lenovo.iotpro3.vo.api.ApiEcInfoVo" parameterClass="HashMap">
						select * FROM API_EC_INFO where ec_code = #ecCode#	
		</select>
		
			<select id="findApiCount" resultClass="com.lenovo.iotpro3.vo.api.ApiTreeVo">
			<!-- select count(*) as state,c.group_type   
         	 from API_METHOD_REL A, API_METHOD B, API_METHOD_GROUP C
       	  WHERE A.GROUP_CODE = C.GROUP_CODE
       	   and c.group_code in ('msisdn:manage:group','status:manage:group','function:manage:group',
            'package:handle:group','flow:query:group','flowsharing:manage:group','flowpool:manage:group',
            'ecbill:query:group','memberbill:query:group')
           AND A.METHOD = B.METHOD
           AND A.STATE = 'ENABLED'
           AND B.STATE = 'ENABLED'
           AND c. GROUP_FLAG = 'view' group by c.group_type -->
           
           select count(1) as state, c.group_type
		   from API_METHOD_REL A, API_METHOD B, API_METHOD_GROUP C
		   WHERE A.GROUP_CODE = C.GROUP_CODE
		   and C.group_code in ('msisdn:management:query:group',
                        'status:management:operate:group',
                        'function:management:operate:group',
                        'package:regulates:query:group',
                        'flow:information:query:group',
                        'flow:share:management:group',
                        'flow:pool:management:group',
                        'voice:information:query:group',
                        'sms:information:query:group',
                        'enterprise:bill:query:group',
                        'msisdn:bill:query:group',
                        'status:online:query:group',
                        'terminal:status:query:group',
                        'msisdn:validation:query:group',
                        'flow:validation:query:group',
                        'authentication:validation:query:group',
                        'payplan:validation:query:group',
                        'ringing:manage:group',
                        'Internal:manage:group', 
                        'permsisdn:manage:group')
		   AND A.METHOD = B.METHOD
		   AND A.STATE = 'ENABLED'
	       AND B.STATE = 'ENABLED'
		   AND C. GROUP_FLAG = 'view'
		   group by c.group_type
		</select>
			<select id="findMethodCount" resultClass="com.lenovo.iotpro3.vo.api.ApiTreeVo">
			select count(*) as state,c.group_name,c.group_code
          from API_METHOD_REL A, API_METHOD B, API_METHOD_GROUP C
         WHERE A.GROUP_CODE = C.GROUP_CODE
           AND A.METHOD = B.METHOD
           AND A.STATE = 'ENABLED'
           AND B.STATE = 'ENABLED'
           AND c. GROUP_FLAG = 'view' group by c.group_name,c.group_code
		</select>
		
	<select id="findAppStatus" resultClass="com.lenovo.iotpro3.vo.api.ApiWoMasterVo">
		select app_status,process_reject_note from API_WO_MASTER where  wo_code= #woCode#	and  OPT_TYPE=#optType#
	</select>
	
	<select id="findValidApi" resultClass="com.lenovo.iotpro3.vo.api.ApiTreeVo" parameterClass="HashMap" resultSetType="SCROLL_INSENSITIVE">
		select ar.group_code,
		agp.group_name,
		cc.method,
		cc.method_des,
		cc.method_name,
		cc.method_id
		from (
		with tt as (select am.method_id,
		am.method,
		am.method_des,
		am.method_name,
		am.service_type,
		ac.can_handle,
		ac.def_choice
		from api_method am,
		(select distinct *
		from api_cus_method_templ a
		where a.api_cus_type = 1) ac
		where am.method = ac.method)
		select *
		from tt
		where tt.can_handle = 1
		and tt.service_type = #serviceType#
		and not exists (select ac.content
		from api_ec_change ac
		where ac.content = tt.method
		and ac.opt_type = 'METHOD_MODIFY'
		and ac.ec_code = #ecCode#
		and ac.state = 0)
		union
		select *
		from tt
		where tt.can_handle = 0
		and tt.service_type = #serviceType#
		and exists (select ac.content
		from api_ec_change ac
		where ac.content = tt.method
		and ac.opt_type = 'METHOD_MODIFY'
		and ac.ec_code = #ecCode#
		and ac.state = 1)
		) cc
		left join API_METHOD_REL ar
		on cc.method = ar.method
		left join API_METHOD_GROUP agp
		on ar.group_code = agp.group_code
		where agp.group_flag = 'view'
		and agp.group_type not in('inner','special','person','messageValidation')		
	</select>
	<select id="findEditApiGroupNew" resultClass="com.lenovo.iotpro3.vo.api.ApiTreeVo" parameterClass="HashMap" resultSetType="SCROLL_INSENSITIVE">
	select distinct ar.group_code,
		agp.group_name
		from (
		with tt as (select am.method_id,
		am.method,
		am.method_des,
		am.method_name,
		am.service_type,
		ac.can_handle,
		ac.def_choice
		from api_method am,
		(select distinct *
		from api_cus_method_templ a
		where a.api_cus_type = 1) ac
		where am.method = ac.method)
		select *
		from tt
		where tt.can_handle = 1
		and tt.service_type = #serviceType#
		and not exists (select ac.content
		from api_ec_change ac
		where ac.content = tt.method
		and ac.opt_type = 'METHOD_MODIFY'
		and ac.ec_code = #ecCode#
		and ac.state = 0)
		union
		select *
		from tt
		where tt.can_handle = 0
		and tt.service_type = #serviceType#
		and exists (select ac.content
		from api_ec_change ac
		where ac.content = tt.method
		and ac.opt_type = 'METHOD_MODIFY'
		and ac.ec_code = #ecCode#
		and ac.state = 1)
		) cc
		left join API_METHOD_REL ar
		on cc.method = ar.method
		left join API_METHOD_GROUP agp
		on ar.group_code = agp.group_code
		where agp.group_flag = 'view'
		and agp.group_type not in('inner','special','person','messageValidation')		
	</select>
	
	
	
	<select id="findMayApplyApi" resultClass="com.lenovo.iotpro3.vo.api.ApiTreeVo" parameterClass="HashMap" resultSetType="SCROLL_INSENSITIVE">
					select distinct am.method,
		                am.method_des,
		                am.method_id,
		                am.method_name,
		                amg.group_code,
		                amg.group_name
		  from api_method am
		  left join api_method_rel amr
		    on am.method = amr.method
		  left join api_method_group amg
		    on amr.group_code = amg.group_code
		   and amg.group_flag = 'view'
		   and amg.group_type not in('inner','special','person','messageValidation')		
		   and am.service_type = '1'
		   and am.method not in
		       (select cc.method
		          from (with tt as (select am.method_id,
		                                   am.method,
		                                   am.method_des,
		                                   am.method_name,
		                                   am.service_type,
		                                   ac.can_handle,
		                                   ac.def_choice
		                              from api_method am,
		                                   (select distinct *
		                                      from api_cus_method_templ a
		                                     where a.api_cus_type = 1) ac
		                             where am.method = ac.method)
		                 select *
		                   from tt
		                  where tt.can_handle = 1
		                    and tt.service_type = #serviceType#
		                    and not exists (select ac.content
		                           from api_ec_change ac
		                          where ac.content = tt.method
		                            and ac.opt_type = 'METHOD_MODIFY'
		                            and ac.ec_code = #ecCode#
		                            and ac.state = 0)
		                 union
		                 select *
		                   from tt
		                  where tt.can_handle = 0
		                    and tt.service_type = #serviceType#
		                    and exists (select ac.content
		                           from api_ec_change ac
		                          where ac.content = tt.method
		                            and ac.opt_type = 'METHOD_MODIFY'
		                            and ac.ec_code = '2002526782'
		                            and ac.state = 1)) cc
		                   left join API_METHOD_REL ar
		                     on cc.method = ar.method
		                   left join API_METHOD_GROUP agp
		                     on ar.group_code = agp.group_code
		                  where agp.group_flag = 'view'
		                  and agp.group_type not in('inner','special','person','messageValidation')		
		        )
	</select>
	
	
	<select id="findMayApplyApiGroup" resultClass="com.lenovo.iotpro3.vo.api.ApiTreeVo" parameterClass="HashMap" resultSetType="SCROLL_INSENSITIVE">
	
	select distinct  amg.group_code,
                amg.group_name
  from api_method am
  left join api_method_rel amr
    on am.method = amr.method
  left join api_method_group amg
    on amr.group_code = amg.group_code
   and amg.group_flag = 'view'
   and amg.group_type not in('inner','special','person','messageValidation')		
   and am.service_type = '1'
   and am.method not in
       (select cc.method
          from (with tt as (select am.method_id,
                                   am.method,
                                   am.method_des,
                                   am.method_name,
                                   am.service_type,
                                   ac.can_handle,
                                   ac.def_choice
                              from api_method am,
                                   (select distinct *
                                      from api_cus_method_templ a
                                     where a.api_cus_type = 1) ac
                             where am.method = ac.method)
                 select *
                   from tt
                  where tt.can_handle = 1
                    and tt.service_type = #serviceType#
                    and not exists (select ac.content
                           from api_ec_change ac
                          where ac.content = tt.method
                            and ac.opt_type = 'METHOD_MODIFY'
                            and ac.ec_code = #ecCode#
                            and ac.state = 0)
                 union
                 select *
                   from tt
                  where tt.can_handle = 0
                    and tt.service_type = #serviceType#
                    and exists (select ac.content
                           from api_ec_change ac
                          where ac.content = tt.method
                            and ac.opt_type = 'METHOD_MODIFY'
                            and ac.ec_code = #ecCode#
                            and ac.state = 1)) cc
                   left join API_METHOD_REL ar
                     on cc.method = ar.method
                   left join API_METHOD_GROUP agp
                     on ar.group_code = agp.group_code
                  where agp.group_flag = 'view'
		          and agp.group_type not in('inner','special','person','messageValidation')		
        )
	</select>
	
	
	
	
	<select id="findCusType" resultClass="String" parameterClass="HashMap" resultSetType="SCROLL_INSENSITIVE">
		select cus_type from EC_CUSTOMER_TYPE where ec_code = #ecCode#
	</select>
	
	<select id="findInvokeByAPIEcchange" resultClass="String" parameterClass="HashMap" resultSetType="SCROLL_INSENSITIVE">
       select content from API_EC_CHANGE WHERE ec_code = #ecCode# and opt_type = 'INVOKE_MODIFY'
    </select>
    
    
    
    
    
    
    
    
    
    
    
    
    
    
    
    
    
    
    
    
    <select id="findEditApiNew" resultClass="com.lenovo.iotpro3.vo.api.ApiWoMasterDetail"  parameterClass="HashMap" >
    		select 
		ar.group_code as groupCode,
		agp.group_name as groupName,
		tt.method_id as methodId,
		tt.method,
		tt.method_des as methodDes,
		tt.method_name as methodName,
		tt.can_handle as canHandle 
		<isNotEmpty property="woCode" >
			,m.num
		</isNotEmpty>
		from 
		<!-- (select CONTENT
		from API_EC_CHANGE ad
		where ad.OPT_TYPE = 'METHOD_MODIFY'
		and ad.EC_CODE = #ecCode#) p
		left join  -->
		(select am.method_id,
		am.method,
		am.method_des,
		am.method_name,
		am.service_type,
		ac.can_handle,
		ac.def_choice
		from api_method am,
		(select distinct * from api_cus_method_templ a where a.api_cus_type = 1) ac
		where am.method = ac.method and am.service_type = #serviceType#) tt
		<!-- on p.CONTENT = tt.method -->
		left join API_METHOD_REL ar
		on tt.method = ar.method
		left join API_METHOD_GROUP agp
		on ar.group_code = agp.group_code
		<isNotEmpty property="woCode" >
			<!-- 单个接口调用次数 -->
			left join API_WO_DETAIL_METHOD m
	        on m.menthod = tt.method
	        and m.wo_code = #woCode#
	        and m.ec_code = #ecCode#
		</isNotEmpty>
		where agp.group_flag = 'view' 
		and agp.group_type not in('inner','special','person','messageValidation')		
		and tt.method not in  (select CONTENT
		from API_EC_CHANGE ad
		where ad.OPT_TYPE = 'METHOD_MODIFY'
		and ad.EC_CODE = #ecCode#)
		<!-- select 
		ar.group_code as groupCode,
		agp.group_name as groupName,
		tt.method_id as methodId,
		tt.method,
		tt.method_des as methodDes,
		tt.method_name as methodName,
		tt.can_handle as canHandle,
		p.opt_type optType,
		case
		when p.wo_code is null and tt.can_handle = 1 then
		1
		when p.wo_code is null and tt.can_handle = 0 then
		0
		when p.wo_code is not null and tt.can_handle = 1 and p.state = 1 then
		1
		when p.wo_code is not null and tt.can_handle = 1 and p.state = 0 then
		0
		when p.wo_code is not null and tt.can_handle = 0 and p.state = 1 then
		1
		when p.wo_code is not null and tt.can_handle = 0 and p.state = 0 then
		0
		when p.wo_code is not null and tt.can_handle = 1 and
		p.state is null then
		1
		when p.wo_code is not null and tt.can_handle = 0 and
		p.state is null then
		0
		else
		null
		end state,
		p.state_old stateOld
		
		from (select am.method_id,
		am.method,
		am.method_des,
		am.method_name,
		am.service_type,
		ac.can_handle,
		ac.def_choice
		from api_method am,
		(select * from api_cus_method_templ a where a.api_cus_type = 1) ac
		where am.method = ac.method and am.service_type = #serviceType#) tt
		left join (select *
		from api_wo_detail ad
		where ad.opt_type = 'METHOD_MODIFY'
		and ad.wo_code = #woCode#) p
		on p.content = tt.method
		left join API_METHOD_REL ar
		on tt.method = ar.method
		left join API_METHOD_GROUP agp
		on ar.group_code = agp.group_code
		where agp.group_flag = 'view' -->
	</select>
    
    <select id="findApiHistory" resultClass="com.lenovo.iotpro3.vo.api.ApiWoMasterDetail"  parameterClass="HashMap" >
		select 
		    ar.group_code as groupCode,
		    agp.group_name as groupName,
		    tt.method_id as methodId,
		    tt.method,
		    tt.method_des as methodDes,
		    tt.method_name as methodName,
		    tt.can_handle as canHandle,
		    p.opt_type optType,
		    case
		    when p.ec_code is null and tt.can_handle = 1 then
			1
			when p.ec_code is null and tt.can_handle = 0 then
			0
			when p.ec_code is not null and tt.can_handle = 1 and p.state = 1 then
			1
			when p.ec_code is not null and tt.can_handle = 1 and p.state = 0 then
			0
			when p.ec_code is not null and tt.can_handle = 0 and p.state = 1 then
			1
			when p.ec_code is not null and tt.can_handle = 0 and p.state = 0 then
			0
			when p.ec_code is not null and tt.can_handle = 1 and p.state is null then
			1
			when p.ec_code is not null and tt.can_handle = 0 and p.state is null then
			0
			else
			null
		    end state
		    from (select am.method_id,
		    am.method,
		    am.method_des,
		    am.method_name,
		    am.service_type,
		    ac.can_handle,
		    ac.def_choice
		    from api_method am,
		    (select distinct * from api_cus_method_templ a where a.api_cus_type = 1) ac
		    where am.method = ac.method and am.service_type = #serviceType#) tt
		    left join (select * 
		       from API_EC_CHANGE ad 
		       where ad.opt_type = 'METHOD_MODIFY' 
		       and ad.ec_code = #ecCode#
		       and ad.service_type = #serviceType# ) p
		    on p.content = tt.method
		    left join API_METHOD_REL ar
		    on tt.method = ar.method
		    left join API_METHOD_GROUP agp
		    on ar.group_code = agp.group_code
		    where agp.group_flag = 'view'
			and agp.group_type not in('inner','special','person','messageValidation')		
	</select>
	
	<select id="findWoCodeByEc" resultClass="com.lenovo.iotpro3.vo.api.ApiWoMasterDetail"  parameterClass="HashMap">
		select a.wo_code woCode
		from api_wo_master a
		inner join (select b.ec_code, max(coming_data) as maxgdtime
		from api_wo_master b
		group by b.ec_code) b on a.ec_code = b.ec_code
		and a.ec_code=#ecCode#
		and a.coming_data = b.maxgdtime
	</select>
	
	<select id="getIpList1" resultClass="com.lenovo.iotpro3.vo.api.ApiWoMasterDetail"  parameterClass="HashMap">
		<!-- select * FROM api_wo_detail
		where WO_CODE = #woCode#
		and OPT_TYPE = #optType# -->
		
		select a.*,m.wo_code_name woCodeName FROM api_wo_detail a 
		left join api_wo_master m on a.wo_code = m.wo_code
	    where a.WO_CODE = #woCode#
	    and a.OPT_TYPE = #optType#
	    <isNotEmpty  property="userId">
	  	 	AND	m.OPERATION_ID = #userId#
	    </isNotEmpty>
	</select>
    
    <select id="getIpList2" resultClass="com.lenovo.iotpro3.vo.api.ApiWoMasterDetail"  parameterClass="HashMap">
		select * FROM API_EC_CHANGE
		where EC_CODE = #ecCode#
		and OPT_TYPE = #optType#
	</select>
	<select id="countEcInfoByEc" resultClass="java.lang.Integer" parameterClass="HashMap">
		select count(1) from API_EC_INFO where ec_code = #ecCode#
	</select>
	
	<insert id="insertApiEcInfo2">
		insert into API_EC_INFO(
		EC_CODE,
		PRO_TYPE,
		PRO_CODE,
		SCALE,
		API_CUS_TYPE,
		T_DIRECTOR,
		T_TELEPHONE,
		T_EMAIL,
		MANAGER,
		M_TELEPHONE,
		M_EMAIL,
		EC_PROFILE,
		APP_KEY,
		secret,
		PROJECT_PROFILE,
		P_DOCKING,
		P_TELEPHONE,
		P_EMAIL,
		P_START_TIME,
		P_END_TIME,
		P_JOIN_STATE,
		P_ACCESS_STATE,
		p_apply_state,
		PRO_APP_TYPE
		)values(
		#ecCode#,
		#proType#,
		#proCode#,
		#scale#,
		#apiCusType#,
		#tDirector#,
		#tTelephone#,
		#tEmail#,
		#manager#,
		#mTelephone#,
		#mEmail#,
		#ecProfile#,
		#appKey#,
		#secret#,
		#projectProfile#,
		#pDocking#,
		#pTelephone#,
		#pEmail#,
		#pStartTime#,
		#pEndTime#,
		#pJoinState#,
		#pAccessState#,
		#pApplyState#,
		#proAppType#
		)
	</insert>
	
	<update id="updateEcInfo2">
		update API_EC_INFO set
		EC_PROFILE = #ecProfile#,
		P_START_TIME = #pStartTime#,
		P_END_TIME = #pEndTime#,
		P_JOIN_STATE = #pJoinState#,
		<isNotEmpty property="pDocking">
			P_DOCKING = #pDocking#,
		</isNotEmpty>
		<isNotEmpty property="pTelephone">
		P_TELEPHONE = #pTelephone#,
		</isNotEmpty>
		<isNotEmpty property="pEmail">
		P_EMAIL = #pEmail#,
		</isNotEmpty>
		<isNotEmpty property="manager">
		MANAGER = #manager#,
		</isNotEmpty>
		<isNotEmpty property="mTelephone">
		M_TELEPHONE = #mTelephone#,
		</isNotEmpty>
		<isNotEmpty property="mEmail">
		M_EMAIL = #mEmail#,
		</isNotEmpty>
		P_APPLY_STATE = #pApplyState#,
		P_ACCESS_STATE = #pAccessState#,
		<isEmpty property="ipWhite">
			APP_KEY = #appKey#,
			SECRET = #secret#,
		</isEmpty>
		UPDATE_TIME = sysdate
		where EC_CODE = #ecCode#
	</update>
	
	<insert id="insertApiWoMaster2">

		insert into API_WO_MASTER(
		wo_code,
		ec_code,
		opt_type,
		app_status,
		wo_status,
		coming_data,
		wo_code_type,
		wo_code_name,
		operation_id,
		operation_name,
		current_user_id,
		procinsid,
		apply_reason,
		attach_id,
		remark,
		quadratic_status
		)
		values(
		#woCode#,
		#ecCode#,
		#optType#,
		#appStatus#,
		#woStatus#,
		#comingData#,
		#woCodeType#,
		#woCodeName#,
		#operationId#,
		#operationName#,
		#currentUserId#,
		#procInsId#,
		#applyReason#,
		#attachIds#,
		#remark#,
		#quadraticStatus#
		)
	</insert>

	<insert id="insertApiWoDetail2">

		insert into API_WO_DETAIL(
		wo_code,
		item_no,
		opt_type,
		content,
		state,
		state_old,
		ec_code
		)
		values(
		#woCode#,
		#itemNo#,
		#optType#,
		#content#,
		#state#,
		#stateOld#,
		#ecCode#
		)
	</insert>
	
	<select id="findWoAndSta" resultClass="com.lenovo.iotpro3.vo.api.ApiWoMasterDetail"  parameterClass="HashMap">
		select 
			t.wo_code woCode,
			t.app_status appStatus,
			t.wo_code_type woCodeType,
			t.QUADRATIC_STATUS quadraticStatus
		from API_WO_MASTER t  
		where 1=1 <!-- t.wo_code_type = 'customer'  -->
		and t.OPT_TYPE = #optType#
		and t.ec_code = #ecCode# 
		<isNotEmpty  property="userId">
	  	 	AND	t.OPERATION_ID = #userId#
	    </isNotEmpty>
		and (t.app_status = 'processing' or t.app_status = 'reject' or t.QUADRATIC_STATUS = 'processing')
	</select>
	
	<select id="findInvokeByWoDetail" resultClass="String" parameterClass="HashMap" resultSetType="SCROLL_INSENSITIVE">
       select content from api_wo_detail WHERE wo_code = #woCode# and opt_type = 'INVOKE_MODIFY'
    </select>
    
    <select id="findAreaCode" resultClass="String" parameterClass="HashMap" resultSetType="SCROLL_INSENSITIVE">
       select t.area_code from AREAS t
	   left join ENTERPRISE_CUSTOMER cus on cus.area_id = t.area_id
	   where cus.ec_code = #ecCode#
    </select>
   
   <!-- API申请清单号 -->
	<select id="findApiWoCode2" resultClass="String" parameterClass="HashMap" >
		SELECT FUNC_GET_NEXT_NO(#areaCode#) WO_CODE FROM DUAL
	</select>
	
	<delete id="deleteDetail" parameterClass="HashMap">
		delete API_WO_DETAIL where wo_code = #woCode# and opt_type = #optType#
	</delete>
	
	<update id="updateWoAppStatus" parameterClass="HashMap">
		update API_WO_MASTER t 
		set t.app_status = 'processing',
			t.apply_reason = #applyReason#
		where t.wo_code = #woCode# 
		and t.wo_code_type = 'customer'
	</update>
	
	<select id="findWoCodeInfo" resultClass="com.lenovo.iotpro3.vo.api.ApiWoMasterDetail" parameterClass="HashMap">
		select 
			t.*, 
			t.apply_reason applyReason
		from API_WO_MASTER t 
		where t.wo_code = #woCode#
		and t.opt_type = #optType#
		and rownum = 1
	</select>
	
	
	<!--历史变更记录  -->
    <select id="apiHistoryRecord" parameterClass="HashMap" resultClass="com.lenovo.iotpro3.vo.api.ApiWoMasterDetail">
    	select 
			  t.method_id methodId,
			  t.method_name methodName,
			  t.method,
			  t.method_des methodDes,
			  m.coming_data comingData,
			  m.approve_date approveDate,
			  m.operation_name operationName,
			  m.approve_name approveName,
			  (case
			    when d.state_old = 0 and d.state = 1 then '启用'
			    when d.state_old = 1 and d.state = 0 then '停用'
			    else '-'
			  end) state
		from api_wo_detail d
		left join API_METHOD t on d.content = t.method and d.opt_type = 'METHOD_MODIFY'
		left join api_wo_master m on m.wo_code =d.wo_code
		where d.ec_code = #ecCode# and d.state != d.state_old and m.wo_status = 'close'
		order by m.approve_date desc,d.state desc
    
    </select>
	
	 <select id="checkNewAdd"  parameterClass="HashMap" resultClass="java.lang.Integer">
    	select count(1) 
    	from api_ec_info t 
    	where t.ec_code = #ecCode#
    </select>
    
    <select id="queryApiDocumen" resultClass="com.lenovo.iotpro3.vo.api.ApiDocumenEntity">
    		SELECT AC.ID,AC.APINUMBER,AC.APINAME,AC.APIMETHOD,AC.APIDESC
		FROM APIDOCUMEN_CONFIG AC 
		INNER JOIN 
		(
		SELECT AM.METHOD AS METHOD
		FROM API_METHOD AM 
		LEFT JOIN API_EC_CHANGE AEC 
		ON AM.METHOD = AEC.CONTENT AND AEC.OPT_TYPE = 'METHOD_MODIFY'  AND AEC.EC_CODE = #ecCode#
		WHERE AEC.STATE IS NULL
		) AD 
		ON AC.APIMETHOD = AD.METHOD
    </select>
    
    <select id="queryApiDocumenCount" resultClass="java.lang.Long">
    		SELECT COUNT(1) 
		FROM APIDOCUMEN_CONFIG AC 
		INNER JOIN 
		(
		SELECT AM.METHOD AS METHOD
		FROM API_METHOD AM 
		LEFT JOIN API_EC_CHANGE AEC 
		ON AM.METHOD = AEC.CONTENT AND AEC.OPT_TYPE = 'METHOD_MODIFY' AND AEC.EC_CODE = #ecCode#
		WHERE AEC.STATE IS NULL
		) AD 
		ON AC.APIMETHOD = AD.METHOD
    </select>
    
    <select id="getApiDocumenInfoById" resultClass="com.lenovo.iotpro3.vo.api.ApiDocumenEntity">
    		SELECT AC.ID,AC.APINUMBER,AC.APINAME,AC.APIMETHOD,AC.APIDESC FROM APIDOCUMEN_CONFIG AC 
    		WHERE ID = #id#
    </select>
    
    <update id="updateWOQuadraticStatus">
		UPDATE API_WO_MASTER SET
		QUADRATIC_STATUS = #quadraticStatus#
		WHERE WO_CODE = #woCode#
	</update>
	
	<select id="queryApiApplyHistoryInfo" resultClass="com.lenovo.iotpro3.vo.api.ApiApplyHistory">
	<include refid="pageSqlStart" />
		SELECT AWM.WO_CODE AS woCode, AWM.WO_CODE_NAME AS woName, AM.METHOD_NAME AS methodName,
		AWD.CONTENT AS content, AWM.COMING_DATA AS comingDate, AWM.APPROVE_DATE AS approveDate 
		FROM API_WO_MASTER AWM LEFT JOIN API_WO_DETAIL AWD
		ON AWM.WO_CODE = AWD.WO_CODE
		LEFT JOIN API_METHOD AM 
		ON AWD.CONTENT = AM.METHOD
		WHERE AWM.EC_CODE = #ecCode# AND AWD.OPT_TYPE = 'INVOKE_MODIFY' 
		<isNotEmpty property="woCode">
			AND AWM.WO_CODE = #woCode#
		</isNotEmpty>
		<isNotEmpty property="woName">
			AND AWM.WO_CODE_NAME = #woName# 
		</isNotEmpty>
		<isNotEmpty property="startTime">
			AND AWM.COMING_DATA <![CDATA[ >= ]]> #startTime#
		</isNotEmpty>
		<isNotEmpty property="endTime">
			AND AWM.COMING_DATA <![CDATA[ <= ]]> #endTime#
		</isNotEmpty>
		ORDER BY AWM.COMING_DATA DESC
		<include refid="pageSqlEnd" />
	</select>
	
	<select id="queryApiApplyHistoryInfoCount" resultClass="java.lang.Long">
		SELECT COUNT(1)
		FROM API_WO_MASTER AWM LEFT JOIN API_WO_DETAIL AWD
		ON AWM.WO_CODE = AWD.WO_CODE
		LEFT JOIN API_METHOD AM 
		ON AWD.CONTENT = AM.METHOD
		WHERE AWM.EC_CODE = #ecCode# AND AWD.OPT_TYPE = 'INVOKE_MODIFY' 
		<isNotEmpty property="woCode">
			AND AWM.WO_CODE = #woCode#
		</isNotEmpty>
		<isNotEmpty property="woName">
			AND AWM.WO_CODE_NAME = #woName# 
		</isNotEmpty>
		<isNotEmpty property="startTime">
			AND AWM.COMING_DATA <![CDATA[ >= ]]> #startTime#
		</isNotEmpty>
		<isNotEmpty property="endTime">
			AND AWM.COMING_DATA <![CDATA[ <= ]]> #endTime#
		</isNotEmpty>
	</select>
	
	<!--单个插入子账号白名单  -->
    <insert id="insertAPIWhiteSubAccount">
			
		MERGE INTO APIWHITE_SUB_ACCOUNT T1
		USING (SELECT #userId# as userId,#ecCode# as ecCode,#appKey# as appKey ,#secret# as secret from dual) T2
		ON (T1.user_id=T2.userId and T1.EC_CODE=T2.ecCode)
		WHEN MATCHED THEN
		    UPDATE SET T1.app_key = T2.appKey,T1.secret = T2.secret
		WHEN NOT MATCHED THEN 
		    INSERT  VALUES (T2.userId,T2.appKey,T2.secret,'-',T2.ecCode,sysdate)
			
    </insert>
    
    <!--接口调用次数单个插入 -->
    <insert id="insertApiWoDetailMethod">
			
		merge into API_WO_DETAIL_METHOD ep
		using(select
				#ecCode# as EC_CODE ,#woCode# as wo_code,#num# as num , #method# as method from dual
			 ) t
		on(ep.ec_code=t.ec_code and ep.wo_code=t.wo_code AND ep.menthod=t.method)
		when matched then
		update set ep.num=t.num
		when not matched then
		  insert( wo_code, menthod,num,ec_code)
		  values(t.wo_code,t.method,t.num,t.EC_CODE)
    </insert>
	
</sqlMap>