<?xml version="1.0" encoding="UTF-8"?>

<!DOCTYPE sqlMap
 PUBLIC "-//ibatis.apache.org//DTD SQL Map 2.0//EN"
 "http://ibatis.apache.org/dtd/sql-map-2.dtd">
 <sqlMap>
 
 <select id="queryEcInfo" resultClass="com.lenovo.iotpro3.vo.api.EcInfoVo" resultSetType="SCROLL_INSENSITIVE">
   select ae.*,ec.ec_name ecName,ec.ec_code ecCode,AR.AREA_NAME areaName
    from API_EC_INFO ae,ENTERPRISE_CUSTOMER ec,AREAS ar 
    where EC.AREA_ID=AR.AREA_ID 
    and ae.ec_code = ec.ec_code
    <isNotEmpty  property="ecCode" prepend="and">
         ec.EC_CODE=#ecCode#
    </isNotEmpty> 
 </select>
 
   <select id="queryIpInfo" resultClass="com.lenovo.iotpro3.vo.api.IpInfoVo" resultSetType="SCROLL_INSENSITIVE">
     select 
        ad.content as ip,
       '待审批' as state
       from API_WO_MASTER am,API_WO_DETAIL ad
      where am.wo_code=ad.wo_code
      and ad.opt_type='IP_MODIFY'
      and upper(am.WO_STATUS)='OPEN'
      and  ad.content is not null
     <isNotEmpty  property="ecCode" prepend="and">
           am.ec_code=#ecCode#
      </isNotEmpty>   
   </select>
   <select id="findApiMethodTree" resultClass="com.lenovo.iotpro3.vo.api.ApiTreeVo" parameterClass="HashMap" resultSetType="SCROLL_INSENSITIVE">
        select m.*,r.CAN_HANDLE,r.DEF_CHOICE,
				 (case
			  when  exists
				(select 1
			   from API_WO_MASTER am,API_WO_DETAIL ad
				where am.wo_code=ad.wo_code
				and ad.opt_type='METHOD_MODIFY'
				and am.WO_STATUS='close'
				and ad.content = m.METHOD
				<isNotEmpty  property="ecCode" prepend="and">
				 am.ec_code=#ecCode#
				 </isNotEmpty>)
				then 1  
				else 3 end
			  ) as state    
			from (
						select C.GROUP_TYPE,B.METHOD_NAME,B.METHOD_ID,C.GROUP_CODE, C.GROUP_NAME, B.METHOD, B.METHOD_DES
						  from API_METHOD_REL A, API_METHOD B, API_METHOD_GROUP C
						 WHERE A.GROUP_CODE = C.GROUP_CODE
						   AND A.METHOD = B.METHOD						 
			    ) m,(
						SELECT distinct A.METHOD,a.can_handle,a.def_choice 
						FROM API_CUS_METHOD_TEMPL A 
						WHERE A.API_CUS_TYPE=1
				) r 
			where m.method=r.method and r.can_handle=1 
			order by group_type desc,group_code desc
    </select>
    
    <select id="dd">
    
      select 1
       from API_WO_MASTER am,API_WO_DETAIL ad
      where am.wo_code=ad.wo_code
      and ad.opt_typ='METHOD_MODIFY'
      and am.WO_STATUS='open'
       <isNotEmpty  property="ecCode" prepend="and">
             am.ec_code=#ecCode#
       </isNotEmpty>   
    
    </select>
    <select id="queryAppkey" resultClass="String">
      select app_key from API_EC_INFO
      where ec_code=#ecCode#
    </select>
    
    <update id="editEcApiInfo" parameterClass="com.lenovo.iotpro3.vo.api.ApiEcInfoVo">
           update  API_EC_INFO set
                pro_type=#pro_type#,
                pro_code=#pro_code#,
                scale=#scale#,
                api_cus_type=#api_cus_type#,
                t_director=#t_director#,
                t_telephone=#t_telephone#,
                t_email=#t_email#,
                ec_profile=#ec_profile#,
                project_profile=#project_profile#
            where ec_code = #ecCode#
    
    </update>
    <select id="findIccid" resultClass="com.lenovo.iotpro3.vo.api.ApiTypesOfAnalysisVo">
       select t.ICCID as  ICCID from NUM_ROUTE t where t.msisdn=#msisdn#
    </select>
 
 </sqlMap>
 