<?xml version="1.0" encoding="UTF-8" ?>
<!DOCTYPE mapper PUBLIC "-//mybatis.org//DTD Mapper 3.0//EN" "http://mybatis.org/dtd/mybatis-3-mapper.dtd">
<mapper namespace="com.hvgroup.modules.tradeHealth.dao.EnergyMeterDao">
	<sql id="pageSqlStart">
        <if test="pageInfo.pageNo != null and pageInfo.pageNo != ''">
        
        select * from
            (
             select a.*, rownum rn from 
                (
        </if>
    </sql>
    <!-- 分页SQL语句结尾语句 -->
    <sql id="pageSqlEnd">
        <if test="pageInfo.pageSize != null and pageInfo.pageSize !=''">
                ) a
             where rownum <![CDATA[<=]]> #{pageInfo.pageNo}*#{pageInfo.pageSize}
            )
        where rn > (#{pageInfo.pageNo}-1)*#{pageInfo.pageSize}
        </if>
    </sql>	
	
	<select id="findMainPackage" resultType="SelectEntity">
		select 
			pct.card_type code,
			max(substr(pct.main_prod_name,1,instr(pct.main_prod_name, '(', -1) - 1)) name
		from prod_card_type pct
		group by pct.card_type	   
	</select>
	
	<select id="findTradeList" resultType="SelectEntity">
 			select id code,name from pro_trade_info
 			<!-- select t.trade_id code,t.trade_name name from trade t  -->
	</select>
	
	
	<select id="findAllMonth"  resultType="java.lang.String">
     	select substr(m.bill_date,0,6)  from MONITOR_CT_ENERGY_PERSON m group by substr(m.bill_date,0,6) order by substr(m.bill_date, 0, 6) desc
	</select>	
	
	<select id="findMaxDate"  resultType="java.lang.String">
		select max(m.bill_date) from monitor_ct_energy_person m where 1=1 
		<if test="month != null and month != ''">
			and m.bill_date like #{month}||'%' 
		</if>
	</select>
	
	<select id="querySumList" resultType="MonitorCtEnergyPerson">
	    select 
	       (select a.area_name from areas a where a.area_code = m.area_code) area_name,
	       m.area_code, 
	       m.bill_date, 
	       max(m.card_type)  cardType,  
		  sum(m.card_count        ) cardCount        , 
		  sum(m.open_count        ) openCount        , 
		  sum(m.using_count       ) usingCount       , 
		  sum(m.test_card_count   ) testCardCount   , 
		  sum(m.silence_card_count) silenceCardCount, 
		  sum(m.stock_card_count  ) stockCardCount  , 
		  sum(m.stop_card_count   ) stopCardCount   , 
		  sum(m.active_card_count ) activeCardCount , 
		  sum(m.active_number     ) activeNumber     , 
		  sum(m.growth_number     ) growthNumber     , 
		  sum(m.offline_number    ) offlineNumber    , 
		  sum(m.off_mac_number    ) off_macNumber    , 
		  sum(m.roaming_number    ) roamingNumber    , 
		  sum(m.month_order       ) monthOrder       , 
		  sum(m.year_order        ) yearOrder        , 
		  sum(m.flow_order        ) flowOrder        , 
		  sum(m.share_order       ) shareOrder       , 
		  sum(m.msg_month_order   ) msgMonthOrder   , 
		  sum(m.msg_year_order    ) msgYearOrder    , 
		  sum(m.msg_order         ) msgOrder         , 
		  sum(m.flow_inner        ) flowInner        , 
		  sum(m.flow_outter       ) flowOutter       , 
		  sum(m.flow_user         ) flowUser         , 
		  sum(m.msg_inner         ) msgInner         , 
		  sum(m.msg_outter        ) msgOutter        , 
		  sum(m.msg_user          ) msgUser          , 
		  sum(m.low_power         ) lowPower         , 
		  sum(m.timmer_average    ) timmerAverage    , 
		  sum(m.arpu_average      ) arpuAverage 
		from MONITOR_CT_ENERGY_PERSON m
		where 1=1
		
		 <if test="areaId != null and areaId != ''">
             and m.area_code  = (select a.area_name from areas a where a.area_id = #{areaId} ) 
         </if>		
		 <if test="cardType != null and cardType != ''">
             and m.card_type  = #{cardType} 
         </if>
		 <if test="ecCode != null and ecCode != ''">
             and m.ec_code  = #{ecCode} 
         </if>
		<!-- <if test="billDate != null and billDate != ''">
             and m.bill_date = #{billDate}  
         </if>	 -->
		<if test='billDates != null and billDates != ""'>
		   	and m.bill_date IN  
		    <foreach collection="billDates" item="billDate" separator="," open="(" close=")">
				#{billDate}
		</foreach>  
		</if>
		 group by m.area_code,m.bill_date 
		 
	</select>
	
	<select id="queryDetails" resultType="HealthMsisdnIndustry">
		<include refid="pageSqlStart"/>
		select 
		  t.area_code,        
		  t.industry,         
		  t.msisdn,           
		  t.ec_code,  
		  (select ec.ec_name from enterprise_customer ec where ec.ec_code = t.ec_code ) ecName,       
		  t.card_type,        
		  t.bill_date,        
		  t.life_type,        
		  t.life_date,        
		  t.flow_user,        
		  t.roaming_user,     
		  t.flow_order_type,  
		  t.share_order,      
		  t.msg_order_type,   
		  t.msg_inner,        
		  t.msg_outter,       
		  t.low_power,        
		  t.timmer_average,   
		  t.caretime,         
		  t.flow_outter,      
		  t.activate_date,    
		  t.imei_change,      
		  t.flow_package_code,
		  t.msg_package_code, 
		  t.card_bill   
	  from health_msisdn_industry t
 		  where 1=1
		 <if test="msisdn != null and msisdn != ''">
             and t.msisdn  =  #{msisdn}  
         </if>
<!-- 		 <if test="lifeType != null and lifeType != ''">
             and t.life_type  =  #{lifeType}  
         </if> -->	         			
<!-- 		 <if test="flowPackageCode != null and flowPackageCode != ''">
             and t.flow_package_code  = #{flowPackageCode}  
         </if>			
		 <if test="msgPackageCode != null and msgPackageCode != ''">
             and t.msg_package_code  = #{msgPackageCode}  
         </if>	 -->	
		 <if test="cardType != null and cardType != ''">
             and t.card_type  =  #{cardType}  
         </if>	
		 <if test="fieldName != null and fieldName != ''">
		 	<choose>
		 		<when test="fieldName == 'open_count'">
		 		</when>	
		 		<when test="fieldName == 'active_card_count'">
		 			and t.activate_date is not null
		 		</when>		 	
		 		<when test="fieldName == 'active_number'">
		 			and (t.FLOW_USER >0 OR t.MSG_INNER >0)
		 		</when>
		 		<when test="fieldName == 'imei_change'">
		 			and t.imei_change > 0
		 		</when>	 		
		 		<when test="fieldName == 'roaming_user'">
		 			and t.roaming_user > 0
		 		</when>	 		 		
		 		<when test="fieldName == 'flow_order'">
		 			and t.flow_order_type is not null
		 		</when>	
		 		<when test="fieldName == 'flow_inner'">
		 			and t.flow_inner  > 0
		 		</when>			 		
		 		<when test="fieldName == 'flow_outter'">
		 			and t.flow_outter > 0
		 		</when>			 		
		 		<when test="fieldName == 'flow_user'">
		 			and (t.flow_outter >0 or t.flow_outter > 0)
		 		</when>			 		
		 		<when test="fieldName == 'msg_inner'">
		 			and t.msg_inner  > 0
		 		</when>			 		
		 		<when test="fieldName == 'msg_outter'">
		 			and t.msg_outter > 0
		 		</when>			 		
		 		<when test="fieldName == 'msg_user'">
		 			and (t.msg_inner >0 or t.msg_outter > 0)
		 		</when>			 		
		 		<when test="fieldName == 'open_time'">
		 			 and t.open_time > trunc(sysdate, 'mm')
		 		</when>			 
		 		<when test="fieldName == 'timmer_average'">
		 			 and t.timmer_average > 0
		 		</when>			 
		 		
		 		<otherwise>
		 			and t.${fieldName} = #{fieldValue}
		 		
		 		</otherwise>
		 	</choose>
         </if>         
         
         
         
       <include refid="pageSqlEnd"/>
         
	</select>

	<select id="queryCountDetails" resultType="java.lang.Long">
		
		select  count(1)
	  from health_msisdn_industry t
 		  where 1=1
		 <if test="msisdn != null and msisdn != ''">
             and t.msisdn  =  #{msisdn}  
         </if>
		<!--  <if test="lifeType != null and lifeType != ''">
             and t.life_type  =  #{lifeType}  
         </if>	         			
		 <if test="flowPackageCode != null and flowPackageCode != ''">
             and t.flow_package_code  = #{flowPackageCode}  
         </if>			
		 <if test="msgPackageCode != null and msgPackageCode != ''">
             and t.msg_package_code  = #{msgPackageCode}  
         </if>		 -->
		 <if test="cardType != null and cardType != ''">
             and t.card_type  =  #{cardType}  
         </if>	
		 <if test="fieldName != null and fieldName != ''">
		 	<choose>
		 		<when test="fieldName == 'open_count'">
		 		</when>	
		 		<when test="fieldName == 'active_card_count'">
		 			and t.activate_date is not null
		 		</when>		 	
		 		<when test="fieldName == 'active_number'">
		 			and (t.FLOW_USER >0 OR t.MSG_INNER >0)
		 		</when>
		 		<when test="fieldName == 'imei_change'">
		 			and t.imei_change > 0
		 		</when>	 		
		 		<when test="fieldName == 'roaming_user'">
		 			and t.roaming_user > 0
		 		</when>	 		 		
		 		<when test="fieldName == 'flow_order'">
		 			and t.flow_order_type is not null
		 		</when>	
		 		<when test="fieldName == 'flow_inner'">
		 			and t.flow_inner  > 0
		 		</when>			 		
		 		<when test="fieldName == 'flow_outter'">
		 			and t.flow_outter > 0
		 		</when>			 		
		 		<when test="fieldName == 'flow_user'">
		 			and (t.flow_outter >0 or t.flow_outter > 0)
		 		</when>			 		
		 		<when test="fieldName == 'msg_inner'">
		 			and t.msg_inner  > 0
		 		</when>			 		
		 		<when test="fieldName == 'msg_outter'">
		 			and t.msg_outter > 0
		 		</when>			 		
		 		<when test="fieldName == 'msg_user'">
		 			and (t.msg_inner >0 or t.msg_outter > 0)
		 		</when>			 		
		 		<when test="fieldName == 'open_time'">
		 			 and t.open_time > trunc(sysdate, 'mm')
		 		</when>	
		 		<when test="fieldName == 'timmer_average'">
		 			 and t.timmer_average > 0
		 		</when>			 				 		
		 		<otherwise>
		 			and t.${fieldName} = #{fieldValue}
		 		
		 		</otherwise>
		 	</choose>
         </if>          
                  
	</select>
		 
								 
</mapper>