<?xml version="1.0" encoding="UTF-8"?>

<!DOCTYPE sqlMap
 PUBLIC "-//ibatis.apache.org//DTD SQL Map 2.0//EN"
 "http://ibatis.apache.org/dtd/sql-map-2.dtd">

<sqlMap>


	   <!-- 获取apn统计信息 -->
	   <select id="apnQueryInfo" resultClass="HashMap" resultSetType="SCROLL_INSENSITIVE">
	   		<include refid="pageSqlStart"/>
         select count(distinct sub.msisdn) as total_sim_count, sub.apn_name
            from
	   		(select msisdn,apn_name
			from M2M_GRPMEM PARTITION(M2M_GRPMEM_PARTITION$partitionCode$) t
			where t.state='ENABLED' 
			<isNotEmpty property="apnName">
			and Upper(t.apn_name)=Upper(#apnName#)
			</isNotEmpty>
			<isNotEmpty property="ecCode">
			and ec_code = #ecCode#
			</isNotEmpty>
			union
            select t.msisdn,t.apn_name
            from M2M_PER_PKG PARTITION(M2M_PER_PKG_PARTITION$partitionCode$) t,
             M2M_PERSON PARTITION(M2M_PERSON_PARTITION$partitionCode$) mi
            where t.msisdn=mi.msisdn
            and t.state='ENABLED' 
            <isNotEmpty property="apnName">
            and Upper(t.apn_name)=Upper(#apnName#)
            </isNotEmpty>
            <isNotEmpty property="ecCode">
            and mi.ec_code = #ecCode#
      </isNotEmpty>
      ) sub group by sub.apn_name
       order by sub.apn_name
      
			<include refid="pageSqlEnd"/>
	   </select>
	   <select id="apnQueryInfoCount" resultClass="Long" resultSetType="SCROLL_INSENSITIVE">
	   		select count(*) from
           (select count(sub.apn_name) from 
	   		(select msisdn,apn_name
			from M2M_GRPMEM PARTITION(M2M_GRPMEM_PARTITION$partitionCode$) t
			where t.state='ENABLED' 
			<isNotEmpty property="apnName">
			and Upper(t.apn_name)=Upper(#apnName#)
			</isNotEmpty>
			<isNotEmpty property="ecCode">
			and ec_code = #ecCode#
			</isNotEmpty>
			union
            select t.msisdn,t.apn_name
            from M2M_PER_PKG PARTITION(M2M_PER_PKG_PARTITION$partitionCode$) t,
             M2M_PERSON PARTITION(M2M_PERSON_PARTITION$partitionCode$) mi
            where t.msisdn=mi.msisdn
            and t.state='ENABLED' 
            <isNotEmpty property="apnName">
            and Upper(t.apn_name)=Upper(#apnName#)
            </isNotEmpty>
            <isNotEmpty property="ecCode">
            and mi.ec_code = #ecCode#
      </isNotEmpty>
      ) sub group by sub.apn_name
      )
			
	   </select>
	   
	   <!-- 导出APN-->
	   <select id="exportApnQueryInfo" resultClass="java.util.HashMap" resultSetType="SCROLL_INSENSITIVE">
	   		select count(distinct sub.msisdn) total_sim_count,sub.apn_name
			from
            (select msisdn,apn_name
            from M2M_GRPMEM PARTITION(M2M_GRPMEM_PARTITION$partitionCode$) t
            where t.state='ENABLED' 
            <isNotEmpty property="apnName">
            and Upper(t.apn_name)=Upper(#apnName#)
            </isNotEmpty>
            <isNotEmpty property="ecCode">
            and ec_code = #ecCode#
            </isNotEmpty>
            union
            select t.msisdn,t.apn_name
            from M2M_PER_PKG PARTITION(M2M_PER_PKG_PARTITION$partitionCode$) t,
             M2M_PERSON PARTITION(M2M_PERSON_PARTITION$partitionCode$) mi
            where t.msisdn=mi.msisdn
            and t.state='ENABLED' 
            <isNotEmpty property="apnName">
            and Upper(t.apn_name)=Upper(#apnName#)
            </isNotEmpty>
            <isNotEmpty property="ecCode">
            and mi.ec_code = #ecCode#
            </isNotEmpty>
            ) sub group by sub.apn_name
			order by sub.apn_name
	   </select>
	   
	   <!-- 获取apn详情信息-->
	   <select id="apnQueryInfoDetail" resultSetType="SCROLL_INSENSITIVE" resultClass="java.util.HashMap">
	   <include refid="pageSqlStart"/>
	      select distinct msisdn, apn_name,
(case 
         when sub.run_code= 'US10' and exists
          (select 1
             from m2m_grpmem m, atomic_products a
            where m.package_code = a.package_code
              and m.state = 'ENABLED'
              and a.pkg_type = 'PKG_TYPE_TEST'
              and m.msisdn = sub.msisdn
           union
           select 1
             from m2m_per_pkg m, atomic_products a
            where m.package_code = a.package_code
              and m.state = 'ENABLED'
              and a.pkg_type = 'PKG_TYPE_TEST'
              and m.msisdn = sub.msisdn) then
          '测试期'
          when sub.run_code= 'US10' and not exists
          (select 1
             from m2m_grpmem m, atomic_products a
            where m.package_code = a.package_code
              and m.state = 'ENABLED'
              and a.pkg_type = 'PKG_TYPE_TEST'
              and m.msisdn = sub.msisdn
           union
           select 1
             from m2m_per_pkg m, atomic_products a
            where m.package_code = a.package_code
              and m.state = 'ENABLED'
              and a.pkg_type = 'PKG_TYPE_TEST'
              and m.msisdn = sub.msisdn) then
          '正常'
         when sub.run_code = 'US41' then
          '沉默期'
         when sub.run_code = 'US30' then
          '停机'
         when sub.run_code = 'US22' then
          '预约销户'
         else
          '-'
       end) as run_code<!-- 用户状态 --> from
            (select t.msisdn,t.apn_name,mi.run_code
			from M2M_GRPMEM PARTITION(M2M_GRPMEM_PARTITION$partitionCode$) t,M2M_PERSON PARTITION(M2M_PERSON_PARTITION$partitionCode$) mi
			where t.msisdn=mi.msisdn
			and t.state='ENABLED' 
			<isNotEmpty property="ecCode">
			and t.ec_code = #ecCode#
			</isNotEmpty>
			and t.apn_name=#apnName#
       union
            select t.msisdn,t.apn_name,mi.run_code
            from M2M_PER_PKG PARTITION(M2M_PER_PKG_PARTITION$partitionCode$) t,
             M2M_PERSON PARTITION(M2M_PERSON_PARTITION$partitionCode$) mi
            where t.msisdn=mi.msisdn
            and t.state='ENABLED' 
            <isNotEmpty property="ecCode">
            and mi.ec_code = #ecCode#
            </isNotEmpty>
            and t.apn_name=#apnName#
            ) sub
	   <include refid="pageSqlEnd"/>	
	  </select>
	  
	   <select id="apnQueryInfoDetailCount" resultClass="java.lang.Long" > 
	   select count(1) from (
	   		select distinct msisdn,apn_name from
            (select t.msisdn,t.apn_name
			from M2M_GRPMEM PARTITION(M2M_GRPMEM_PARTITION$partitionCode$) t
			where t.state='ENABLED' 
			<isNotEmpty property="ecCode">
			and ec_code = #ecCode#
			</isNotEmpty>
			and t.apn_name=#apnName#
      union
            select t.msisdn,t.apn_name
            from M2M_PER_PKG PARTITION(M2M_PER_PKG_PARTITION$partitionCode$) t,
             M2M_PERSON PARTITION(M2M_PERSON_PARTITION$partitionCode$) mi
            where t.msisdn=mi.msisdn
            and t.state='ENABLED' 
            <isNotEmpty property="ecCode">
            and mi.ec_code = #ecCode#
            </isNotEmpty>
            and t.apn_name=#apnName#
            )
		) 
	   </select>
        <!--apn详情信息 导出-->
        <select id="exportApnInfoDetailNew" resultSetType="SCROLL_INSENSITIVE" resultClass="java.util.HashMap">
            select distinct msisdn, apn_name,GET_DICT_DATA_NAME('ACCOUNT_STATUS',run_code) run_code<!-- 用户状态 --> from
            (select t.msisdn,t.apn_name,mi.run_code
            from M2M_GRPMEM PARTITION(M2M_GRPMEM_PARTITION$partitionCode$) t,M2M_PERSON PARTITION(M2M_PERSON_PARTITION$partitionCode$) mi
            where t.msisdn=mi.msisdn
            and t.state='ENABLED' 
            <isNotEmpty property="ecCode">
            and t.ec_code = #ecCode#
            </isNotEmpty>
            and t.apn_name=#apnName#
       union
            select t.msisdn,t.apn_name,mi.run_code
            from M2M_PER_PKG PARTITION(M2M_PER_PKG_PARTITION$partitionCode$) t,
            M2M_PERSON PARTITION(M2M_PERSON_PARTITION$partitionCode$) mi
            where t.msisdn=mi.msisdn
            and t.state='ENABLED' 
            <isNotEmpty property="ecCode">
            and mi.ec_code = #ecCode#
            </isNotEmpty>
            and t.apn_name=#apnName#
            )
        </select>
	   
</sqlMap>
