<?xml version="1.0" encoding="UTF-8"?>

<!DOCTYPE sqlMap
 PUBLIC "-//ibatis.apache.org//DTD SQL Map 2.0//EN"
 "http://ibatis.apache.org/dtd/sql-map-2.dtd">

<sqlMap>
	
	<sql id="queryMainProd_Sql3">
		<isNotEmpty prepend="and" property="mainType">
			<isEqual property="mainType" compareValue="1"><!-- 车联网主体产品 -->
				mp.msisdn in (
					select MSISDN from m2m_person where MAIN_PROD_CODE in ('AppendAttr.I00010800001','I00010800001')
					and STATE = 'ENABLED'
					 <isNotEmpty prepend="and" property="ecCode">
						ec_code = #ecCode#
					</isNotEmpty>
				)
			</isEqual>
			<isEqual property="mainType" compareValue="2"><!-- 机器卡主体产品 -->
				mp.msisdn in (
					select MSISDN from m2m_person where MAIN_PROD_CODE in ('AppendAttr.I00010300001','I00010300001')
					and STATE = 'ENABLED'
					 <isNotEmpty prepend="and" property="ecCode">
						ec_code = #ecCode#
					</isNotEmpty>
				)
			</isEqual>
			<isEqual property="mainType" compareValue="3"><!-- NB-IOT主体产品 -->
				 mp.msisdn in (
					select MSISDN from m2m_person where MAIN_PROD_CODE in ('AppendAttr.I00011200001','I00011200001')
					and STATE = 'ENABLED'
					 <isNotEmpty prepend="and" property="ecCode">
						ec_code = #ecCode#
					</isNotEmpty>
				)
			</isEqual>
			<isEqual property="mainType" compareValue="4"><!-- 和对讲 -->
				 mp.msisdn in (
					select MSISDN from m2m_person where MAIN_PROD_CODE in ('AppendAttr.I00011000001','I00011000001')
					and STATE = 'ENABLED'
					 <isNotEmpty prepend="and" property="ecCode">
						ec_code = #ecCode#
					</isNotEmpty>
				)
			</isEqual>
			<isEqual property="mainType" compareValue="5"><!-- 行车卫士 -->
				mp.msisdn in (
					select MSISDN from m2m_person where MAIN_PROD_CODE in ('AppendAttr.I00011000001','I00011000001')
					and STATE = 'ENABLED'
					 <isNotEmpty prepend="and" property="ecCode">
						ec_code = #ecCode#
					</isNotEmpty>
				)
			</isEqual>
			<isEqual property="mainType" compareValue="6"><!-- 9105 -->
				 mp.msisdn in (
					select MSISDN from m2m_person where MAIN_PROD_CODE in ('AppendAttr.9105','9105')
					and STATE = 'ENABLED'
					 <isNotEmpty prepend="and" property="ecCode">
						ec_code = #ecCode#
					</isNotEmpty>
				)
			</isEqual>
		</isNotEmpty>
	</sql>
	
	
	<select id="queryFlowPoolByEc" resultClass="com.lenovo.iotpro3.vo.asset.FlowPoolVo">

		select distinct t.product_code as prdCode from pro_member_optional_pkg t
		where t.ec_code = #ecCode# 
		and t.package_code in ('I00010300045','I00010300046','I00010300048','I00010101845','I00010101846','I00010111845','I00010111846','I00010100445','I00010100446','I00010700445','I00010700446')		
		and t.state = 'ENABLED'
		and t.start_date <![CDATA[<=]]> sysdate and t.end_date <![CDATA[>]]> sysdate

	<!-- select fm.product_code as prdCode
	from
	FLUX_POOL_MEM fm,<include refid="findMsisdnByTablePartion"/> mp
	        where
	        fm.msisdn = mp.msisdn
	        and mp.state='ENABLED'
	        and fm.EFF_TYPE=0
	        and fm.POOL_PACKAGE in ('I00010300045','I00010300046','I00010300048','I00010101845','I00010101846','I00010111845','I00010111846','I00010100445','I00010100446','I00010700445','I00010700446') 
	         <isNotEmpty prepend="and" property="ecCode">
	            fm.ec_code = #ecCode# 
	        </isNotEmpty> 
		    <isNotEmpty property="rightType">
			    <isEqual property="rightType" compareValue="2">0：超级管理员 1：企业管理员 2：部门管理员
				    and exists (select 1  from pro_asset b where fm.msisdn=b.msisdn and b.dept_id in (<include refid="findDeptIdsByUserRights"/>))
				</isEqual>
			</isNotEmpty>   
	        group by  fm.product_code -->
	</select>
	
	<select id="queryFlowPoolDetailByEc" resultClass="com.lenovo.iotpro3.vo.asset.FlowPoolVo">
	      
			select    			
       		fm.product_code as prdCode,
            max(fm.PACKAGE_CHANNEL) as channel,		        
	        count(fm.msisdn) as memCount 	        
	        from 
	        FLUX_POOL_MEM fm,<include refid="findMsisdnByTablePartion"/> mp
	        where
	        fm.msisdn = mp.msisdn
	        and mp.state='ENABLED'
	        and fm.EFF_TYPE=0
	        and fm.POOL_PACKAGE in ('I00010300045','I00010300046','I00010300048','I00010101845','I00010101846','I00010111845','I00010111846','I00010100445','I00010100446','I00010700445','I00010700446') 
		    <!-- <isNotEmpty property="rightType">
			    <isEqual property="rightType" compareValue="2">0：超级管理员 1：企业管理员 2：部门管理员
				     and exists (select 1  from pro_asset b where fm.msisdn=b.msisdn and b.dept_id in (<include refid="findDeptIdsByUserRights"/>))
				</isEqual>
			</isNotEmpty>  -->  
	         <isNotEmpty prepend="and" property="ecCode">
	            fm.ec_code = #ecCode# 
	        </isNotEmpty> 
	         <isNotEmpty prepend="and" property="prdCode">
	            fm.product_code = #prdCode# 
	        </isNotEmpty>  	                 
	        group by  fm.product_code
	</select>
    
    <select id="findPoolApnByInfo" resultClass="String">
   
        SELECT
        MP.APN_NAME apn_name   
        FROM <include refid="queryAPNTableName"/> MP
        WHERE 1=1  <!--and  MP.START_TIME <![CDATA[<= ]]>SYSDATE -->
       <!--  AND MP.END_TIME >= SYSDATE -->
        AND MP.STATE = 'ENABLED'
        and  MP.APN_NAME is not null
        and rownum=1
        <!-- and mp.msisdn= (select msisdn from M2M_PERSON  partition(M2M_PERSON_PARTITION$part$) p 
        WHERE p.STATE='ENABLED'
        and p.product_code = #prdCode# 
        and p.ec_code = #ecCode#
        and rownum = 1
        )    -->
      
        and mp.msisdn=(
          select fpms.msisdn from FLUX_POOL_MEM fpms
          where fpms.EFF_TYPE=0
          and fpms.product_code=#prdCode#
          and fpms.ec_code = #ecCode# 
          and rownum=1
        )
       <!--  and mp.package_code in (
          select * from table(splitstr(
          case (select ap.channel from atomic_products ap where ap.package_code=#pkgCode#) 
          when 'GENERAL' then ('I00010100035,I00010100085') 
          when 'SPECIAL' then ('I00010100092,I00010100093')
          else ('I00010100035,I00010100085,I00010100092,I00010100093') end,','
          ))
        )          -->   
        <isEqual property="channel" compareValue="2">
             and mp.package_code in('I00010100035','I00010100085') 
        </isEqual>
         <isEqual property="channel" compareValue="1">
             and mp.package_code in('I00010100092','I00010100093')
        </isEqual>
 
 
    </select>
	
	<select id="queryFlowPoolMember" resultClass="com.lenovo.iotpro3.vo.asset.FlowPoolMsisdnVo">
	        select     
	       sub.msisdn,sub.effDate startDate ,sub.prdCode,
	        (case sub.runCode
		        when 'TEST' then
		             '测试期'
		        when 'SILENT' then
		             '沉默期'
		        when 'STOCK' then
		             '库存期'
		        when 'NORMAL' then
		             '正使用'
		        when 'STOP' then
		             '停机'
		        when 'PRECLOSE' then
		             '预约销户'
		        when 'CANCEL' then
		             '销户'
		        when 'OTHERS' then
		             '其他'
		        else
		             '-'
		        end) as runCode
       
		       from(
			      	 <include refid="pageSqlStart"/>
				        select     
				        distinct(fm.msisdn),fm.EFF_DATE effDate,fm.product_code prdCode,mp.life_cycle runCode
				        from 
				        FLUX_POOL_MEM fm,<include refid="findMsisdnByTablePartion"/> mp
				        where
				        fm.msisdn = mp.msisdn
				        and mp.state='ENABLED'
				        and fm.EFF_TYPE=0
				        and fm.POOL_PACKAGE in ('I00010300045','I00010300046','I00010300048','I00010101845','I00010101846','I00010111845','I00010111846','I00010100445','I00010100446','I00010700445','I00010700446') 
					    <!-- <include refid="queryMainProd_Sql3"/>  -->
				        <isNotEmpty prepend="and" property="ecCode">
				            fm.ec_code = #ecCode# 
				        </isNotEmpty>  
				        <!-- <isNotEmpty prepend="and" property="mainType">
							<isEqual property="mainType" compareValue="1">车联网主体产品
								mp.msisdn in (
									select  msisdn from M2M_GRPMEM where PACKAGE_CODE in (
										select package_code as packageCode from service_pkg 
										where product_code in 
										(select FROM_CODE from group_rel where relation = 'putaway' and CODE_TYPE = 'fujia' and TO_CODE in ( 'I00010800001','AppendAttr.I00010800001'))
										union 
										select FROM_CODE as packageCode from group_rel where relation = 'putaway' and CODE_TYPE = 'atomic' and TO_CODE in ( 'I00010800001','AppendAttr.I00010800001')
									 ) 
									 <isNotEmpty prepend="and" property="ecCode">
										ec_code = #ecCode#
									</isNotEmpty>
									union all
										select  msisdn from M2M_PER_PKG where PACKAGE_CODE in (
											select package_code as packageCode from service_pkg 
											where product_code in 
											(select FROM_CODE from group_rel where relation = 'putaway' and CODE_TYPE = 'fujia' and TO_CODE in ( 'I00010700001'))
											union 
											select FROM_CODE as packageCode from group_rel where relation = 'putaway' and CODE_TYPE = 'atomic' and TO_CODE in ( 'I00010700001')
										 ) 
										 <isNotEmpty prepend="and" property="ecCode">
											msisdn in (select msisdn from m2m_person where ec_code = #ecCode#)
										</isNotEmpty>
									
								)
							</isEqual>
							<isEqual property="mainType" compareValue="2">机器卡主体产品
								mp.msisdn in (
									select  msisdn from M2M_GRPMEM where PACKAGE_CODE in (
										select package_code as packageCode from service_pkg 
										where product_code in 
										(select FROM_CODE from group_rel where relation = 'putaway' and CODE_TYPE = 'fujia' and TO_CODE in ( 'I00010300001','AppendAttr.I00010300001'))
										union 
										select FROM_CODE as packageCode from group_rel where relation = 'putaway' and CODE_TYPE = 'atomic' and TO_CODE in ( 'I00010300001','AppendAttr.I00010300001')
									 ) 
									 <isNotEmpty prepend="and" property="ecCode">
										ec_code = #ecCode#
									</isNotEmpty>
									union all
										select  msisdn from M2M_PER_PKG where PACKAGE_CODE in (
											select package_code as packageCode from service_pkg 
											where product_code in 
											(select FROM_CODE from group_rel where relation = 'putaway' and CODE_TYPE = 'fujia' and TO_CODE in ( 'I00010100001'))
											union 
											select FROM_CODE as packageCode from group_rel where relation = 'putaway' and CODE_TYPE = 'atomic' and TO_CODE in ( 'I00010100001')
										 ) 
										 <isNotEmpty prepend="and" property="ecCode">
											msisdn in (select msisdn from m2m_person where ec_code = #ecCode#)
										</isNotEmpty>
									
								)
							</isEqual>
							<isEqual property="mainType" compareValue="3">NB-IOT主体产品
								 mp.msisdn in (
									select  msisdn from M2M_GRPMEM where PACKAGE_CODE in (
										select package_code as packageCode from service_pkg 
										where product_code in 
										(select FROM_CODE from group_rel where relation = 'putaway' and CODE_TYPE = 'fujia' and TO_CODE in ( 'I00011200001','AppendAttr.I00011200001'))
										union 
										select FROM_CODE as packageCode from group_rel where relation = 'putaway' and CODE_TYPE = 'atomic' and TO_CODE in ( 'I00011200001','AppendAttr.I00011200001')
									 ) 
									 <isNotEmpty prepend="and" property="ecCode">
										ec_code = #ecCode#
									</isNotEmpty>
									union all
										select  msisdn from M2M_PER_PKG where PACKAGE_CODE in (
											select package_code as packageCode from service_pkg 
											where product_code in 
											(select FROM_CODE from group_rel where relation = 'putaway' and CODE_TYPE = 'fujia' and TO_CODE in ( 'I00011100001'))
											union 
											select FROM_CODE as packageCode from group_rel where relation = 'putaway' and CODE_TYPE = 'atomic' and TO_CODE in ( 'I00011100001')
										 ) 
										 <isNotEmpty prepend="and" property="ecCode">
											msisdn in (select msisdn from m2m_person where ec_code = #ecCode#)
										</isNotEmpty>
								)
							</isEqual>
							<isEqual property="mainType" compareValue="4">和对讲
								 mp.msisdn in (
									select  msisdn from M2M_GRPMEM where PACKAGE_CODE in (
										select package_code as packageCode from service_pkg 
										where product_code in 
										(select FROM_CODE from group_rel where relation = 'putaway' and CODE_TYPE = 'fujia' and TO_CODE in ( 'I00011000001','AppendAttr.I00011000001'))
										union 
										select FROM_CODE as packageCode from group_rel where relation = 'putaway' and CODE_TYPE = 'atomic' and TO_CODE in ( 'I00011000001','AppendAttr.I00011000001')
									 ) 
									 <isNotEmpty prepend="and" property="ecCode">
										ec_code = #ecCode#
									</isNotEmpty>
									union all
										select  msisdn from M2M_PER_PKG where PACKAGE_CODE in (
											select package_code as packageCode from service_pkg 
											where product_code in 
											(select FROM_CODE from group_rel where relation = 'putaway' and CODE_TYPE = 'fujia' and TO_CODE in ( 'I00010900001'))
											union 
											select FROM_CODE as packageCode from group_rel where relation = 'putaway' and CODE_TYPE = 'atomic' and TO_CODE in ( 'I00010900001')
										 ) 
										 <isNotEmpty prepend="and" property="ecCode">
											msisdn in (select msisdn from m2m_person where ec_code = #ecCode#)
										</isNotEmpty>
								)
							</isEqual>
							<isEqual property="mainType" compareValue="5">行车卫士
								 mp.msisdn in (
									select  msisdn from M2M_GRPMEM where PACKAGE_CODE in (
										select package_code as packageCode from service_pkg 
										where product_code in 
										(select FROM_CODE from group_rel where relation = 'putaway' and CODE_TYPE = 'fujia' and TO_CODE in ( 'I00010600001','AppendAttr.I00010600001'))
										union 
										select FROM_CODE as packageCode from group_rel where relation = 'putaway' and CODE_TYPE = 'atomic' and TO_CODE in ( 'I00010600001','AppendAttr.I00010600001')
									 ) 
									 <isNotEmpty prepend="and" property="ecCode">
										ec_code = #ecCode#
									</isNotEmpty>
									union all
										select  msisdn from M2M_PER_PKG where PACKAGE_CODE in (
											select package_code as packageCode from service_pkg 
											where product_code in 
											(select FROM_CODE from group_rel where relation = 'putaway' and CODE_TYPE = 'fujia' and TO_CODE in ( 'I00010500001'))
											union 
											select FROM_CODE as packageCode from group_rel where relation = 'putaway' and CODE_TYPE = 'atomic' and TO_CODE in ( 'I00010500001')
										 ) 
										 <isNotEmpty prepend="and" property="ecCode">
											msisdn in (select msisdn from m2m_person where ec_code = #ecCode#)
										</isNotEmpty>
								)
							</isEqual>
							<isEqual property="mainType" compareValue="6">9105
								 mp.msisdn in (
									select  msisdn from M2M_GRPMEM where PACKAGE_CODE in (
										select package_code as packageCode from service_pkg 
										where product_code in 
										(select FROM_CODE from group_rel where relation = 'putaway' and CODE_TYPE = 'fujia' and TO_CODE in ( '9105','AppendAttr.9105'))
										union 
										select FROM_CODE as packageCode from group_rel where relation = 'putaway' and CODE_TYPE = 'atomic' and TO_CODE in ( '9105','AppendAttr.9105')
									 ) 
									 <isNotEmpty prepend="and" property="ecCode">
										ec_code = #ecCode#
									</isNotEmpty>
									union all
										select  msisdn from M2M_PER_PKG where PACKAGE_CODE in (
											select package_code as packageCode from service_pkg 
											where product_code in 
											(select FROM_CODE from group_rel where relation = 'putaway' and CODE_TYPE = 'fujia' and TO_CODE in ( '1032'))
											union 
											select FROM_CODE as packageCode from group_rel where relation = 'putaway' and CODE_TYPE = 'atomic' and TO_CODE in ( '1032')
										 ) 
										 <isNotEmpty prepend="and" property="ecCode">
											msisdn in (select msisdn from m2m_person where ec_code = #ecCode#)
										</isNotEmpty>
								)
							</isEqual>
						</isNotEmpty> -->
				        <isNotEmpty prepend="and" property="prdCode">
				            fm.product_code = #prdCode# 
				        </isNotEmpty>    
				        <isNotEmpty prepend="and" property="msisdn">
				            fm.msisdn = #msisdn# 
				        </isNotEmpty>    
				        order by fm.msisdn
				      <include refid="pageSqlEnd"/>
				 )sub
	 </select>


	<select id="queryFlowPoolMemberCount" resultClass="java.lang.Long">
 
 		select     
	        count(fm.msisdn)
	        from 
	        FLUX_POOL_MEM fm,<include refid="findMsisdnByTablePartion"/> mp
	        where
	        fm.msisdn = mp.msisdn
	        and mp.state='ENABLED'
	        and fm.EFF_TYPE=0
	        and fm.POOL_PACKAGE in ('I00010300045','I00010300046','I00010300048','I00010101845','I00010101846','I00010111845','I00010111846','I00010100445','I00010100446','I00010700445','I00010700446')      	       
 		    <!-- <include refid="queryMainProd_Sql3"/> -->     
	        <isNotEmpty prepend="and" property="ecCode">
	            fm.ec_code = #ecCode# 
	        </isNotEmpty>  
	        <isNotEmpty prepend="and" property="prdCode">
	            fm.product_code = #prdCode# 
	        </isNotEmpty>    
	        <isNotEmpty prepend="and" property="msisdn">
	            fm.msisdn = #msisdn# 
	        </isNotEmpty>    
	</select>

</sqlMap>