<?xml version="1.0" encoding="UTF-8"?>

<!DOCTYPE sqlMap
 PUBLIC "-//ibatis.apache.org//DTD SQL Map 2.0//EN"
 "http://ibatis.apache.org/dtd/sql-map-2.dtd">

<sqlMap>
	
	<!-- 号码分表分库 -->
	<sql id="queryMsisdn_1">
		<isNotEmpty property="mainType">
			<isEqual property="mainType" compareValue="0"><!-- 全部产品 -->
				M2M_PERSON 
			</isEqual>
			<isEqual property="mainType" compareValue="1"><!-- 车联网主体产品 -->
				 IOV_CARD 
			</isEqual>
			<isEqual property="mainType" compareValue="2"><!-- 机器卡主体产品 -->
				 MAC_CARD 
			</isEqual>
			<isEqual property="mainType" compareValue="3"><!-- NB-IOT主体产品 -->
				 NB_CARD 
			</isEqual>
			<isEqual property="mainType" compareValue="4"><!-- 和对讲主体产品HDJ -->
				 WLW_CARD 
			</isEqual>			
			<isEqual property="mainType" compareValue="6"><!-- 9105 -->
				 CARD_9105 
			</isEqual>
		</isNotEmpty>
		<isEmpty property="mainType">
				M2M_PERSON 
		</isEmpty>
	</sql>
	<!-- 资费套餐订购 -->
	<sql id="queryPKG_1">
		<isNotEmpty property="mainType">
			<isEqual property="mainType" compareValue="0"><!-- 全部产品 -->
				m2m_grpmem 
			</isEqual>
			<isEqual property="mainType" compareValue="1"><!-- 车联网主体产品 -->
				 IOV_PRI_PKG 
			</isEqual>
			<isEqual property="mainType" compareValue="2"><!-- 机器卡主体产品 -->
				 MAC_PRI_PKG 
			</isEqual>
			<isEqual property="mainType" compareValue="3"><!-- NB-IOT主体产品 -->
				 NB_PRI_PKG 
			</isEqual>
			<isEqual property="mainType" compareValue="4"><!-- 和对讲主体产品HDJ -->
				 WLW_PRI_PKG 
			</isEqual>				
			<isEqual property="mainType" compareValue="6"><!-- 9105 -->
				 PRI_PKG_9105 
			</isEqual>
		</isNotEmpty>
		<isEmpty property="mainType">
				m2m_grpmem 
		</isEmpty>
	</sql>
		<!-- 功能套餐订购 -->
	<sql id="queryFUNC_1">
		<isNotEmpty property="mainType">
			<isEqual property="mainType" compareValue="0"><!-- 全部产品 -->
				NB_FUNC_PKG 
			</isEqual>
			<isEqual property="mainType" compareValue="1"><!-- 车联网主体产品 -->
				 IOV_FUNC_PKG 
			</isEqual>
			<isEqual property="mainType" compareValue="2"><!-- 机器卡主体产品 -->
				 MAC_FUNC_PKG 
			</isEqual>
			<isEqual property="mainType" compareValue="3"><!-- NB-IOT主体产品 -->
				 NB_FUNC_PKG 
			</isEqual>
			<isEqual property="mainType" compareValue="4"><!-- 和对讲主体产品HDJ -->
				 WLW_FUNC_PKG 
			</isEqual>			
			<isEqual property="mainType" compareValue="6"><!-- 9105 -->
				 FUNC_PKG_9105 
			</isEqual>
		</isNotEmpty>
		<isEmpty property="mainType">
				NB_FUNC_PKG 
		</isEmpty>
	</sql>
	
	<!-- 上网功能状态 -->
	<sql id="queryAPN_1">
		<isNotEmpty property="mainType">
			<isEqual property="mainType" compareValue="0"><!-- 全部产品 -->
				NB_CONNECT_INFO 
			</isEqual>
			<isEqual property="mainType" compareValue="1"><!-- 车联网主体产品 -->
				 IOV_CONNECT_INFO 
			</isEqual>
			<isEqual property="mainType" compareValue="2"><!-- 机器卡主体产品 -->
				 MAC_CONNECT_INFO 
			</isEqual>
			<isEqual property="mainType" compareValue="3"><!-- NB-IOT主体产品 -->
				 NB_CONNECT_INFO 
			</isEqual>
			<isEqual property="mainType" compareValue="4"><!-- 和对讲主体产品HDJ -->
				 WLW_CONNECT_INFO 
			</isEqual>			
			<isEqual property="mainType" compareValue="6"><!-- 9105 -->
				 CONNECT_INFO_9105 
			</isEqual>
		</isNotEmpty>
		<isEmpty property="mainType">
				NB_CONNECT_INFO 
		</isEmpty>
	</sql>
	<!-- 短信功能状态 -->
	<sql id="querySMS_1">
		<isNotEmpty property="mainType">
			<isEqual property="mainType" compareValue="0"><!-- 全部产品 -->
				m2m_sms_info 
			</isEqual>
			<isEqual property="mainType" compareValue="1"><!-- 车联网主体产品 -->
				 IOV_SMS_INFO 
			</isEqual>
			<isEqual property="mainType" compareValue="2"><!-- 机器卡主体产品 -->
				 MAC_SMS_INFO 
			</isEqual>
			<isEqual property="mainType" compareValue="3"><!-- NB-IOT主体产品 -->
				 NB_SMS_INFO 
			</isEqual>
			<isEqual property="mainType" compareValue="4"><!-- 和对讲主体产品HDJ -->
				 WLW_SMS_INFO 
			</isEqual>			
			<isEqual property="mainType" compareValue="6"><!-- 9105 -->
				 M2M_SMS_INFO_9105 
			</isEqual>
		</isNotEmpty>
		<isEmpty property="mainType">
				m2m_sms_info 
		</isEmpty>
	</sql>
	<!-- 语音功能状态 -->
	<sql id="queryVoice_1">
		<isNotEmpty property="mainType">
			<isEqual property="mainType" compareValue="0"><!-- 全部产品 -->
				m2m_voice_info 
			</isEqual>
			<isEqual property="mainType" compareValue="1"><!-- 车联网主体产品 -->
				 IOV_VOICE_INFO 
			</isEqual>
			<isEqual property="mainType" compareValue="2"><!-- 机器卡主体产品 -->
				 MAC_VOICE_INFO 
			</isEqual>
			<isEqual property="mainType" compareValue="3"><!-- NB-IOT主体产品 -->
				 NB_VOICE_INFO 
			</isEqual>
			<isEqual property="mainType" compareValue="4"><!-- 和对讲主体产品HDJ -->
				 WLW_VOICE_INFO 
			</isEqual>			
			<isEqual property="mainType" compareValue="6"><!-- 9105 -->
				 M2M_VOICE_INFO_9105 
			</isEqual>
		</isNotEmpty>
		<isEmpty property="mainType">
				m2m_voice_info 
		</isEmpty>
	</sql>
	
	<sql id="queryAllFlowPkg">
   		<!-- 资费套餐 -->
		SELECT MP.msisdn,MP.PACKAGE_CODE,MP.STATE,MP.START_DATE,MP.END_DATE
		FROM <include refid="queryPKGTableName"/> MP
		where 1=1
		and MP.STATE = 'ENABLED'
		<isNotEmpty prepend="and" property="pkgCode">
			MP.PACKAGE_CODE = #pkgCode#
		</isNotEmpty>
   </sql>


	<!-- <sql id="queryMainType">
		<isNotEmpty prepend="and" property="mainType">
			<isEqual property="mainType" compareValue="1">车联网主体产品
				p.msisdn in (
					select MSISDN from m2m_person where MAIN_PROD_CODE in ('AppendAttr.I00010800001','I00010800001')
					and STATE = 'ENABLED'
					 <isNotEmpty prepend="and" property="ecCode">
						ec_code = #ecCode#
					</isNotEmpty>
				)
			</isEqual>
			<isEqual property="mainType" compareValue="2">机器卡主体产品
				p.msisdn in (
					select MSISDN from m2m_person where MAIN_PROD_CODE in ('AppendAttr.I00010300001','I00010300001')
					and STATE = 'ENABLED'
					 <isNotEmpty prepend="and" property="ecCode">
						ec_code = #ecCode#
					</isNotEmpty>
				)
			</isEqual>
			<isEqual property="mainType" compareValue="3">NB-IOT主体产品
				 p.msisdn in (
					select MSISDN from m2m_person where MAIN_PROD_CODE in ('AppendAttr.I00011200001','I00011200001')
					and STATE = 'ENABLED'
					 <isNotEmpty prepend="and" property="ecCode">
						ec_code = #ecCode#
					</isNotEmpty>
				)
			</isEqual>
			<isEqual property="mainType" compareValue="4">和对讲
				 p.msisdn in (
					select MSISDN from m2m_person where MAIN_PROD_CODE in ('AppendAttr.I00011000001','I00011000001')
					and STATE = 'ENABLED'
					 <isNotEmpty prepend="and" property="ecCode">
						ec_code = #ecCode#
					</isNotEmpty>
				)
			</isEqual>
			<isEqual property="mainType" compareValue="5">行车卫士
				p.msisdn in (
					select MSISDN from m2m_person where MAIN_PROD_CODE in ('AppendAttr.I00011000001','I00011000001')
					and STATE = 'ENABLED'
					 <isNotEmpty prepend="and" property="ecCode">
						ec_code = #ecCode#
					</isNotEmpty>
				)
			</isEqual>
			<isEqual property="mainType" compareValue="6">9105
				 p.msisdn in (
					select MSISDN from m2m_person where MAIN_PROD_CODE in ('AppendAttr.9105','9105')
					and STATE = 'ENABLED'
					 <isNotEmpty prepend="and" property="ecCode">
						ec_code = #ecCode#
					</isNotEmpty>
				)
			</isEqual>
			</isNotEmpty>
	</sql> -->
	
	<sql id="whereInfo">
		<isNotEmpty prepend="and" property="ecCode">
			ec_code = #ecCode#
		</isNotEmpty>

		<isNotEmpty prepend="and" property="msisdnAndSoOn">
			(p.msisdn like '%'||#msisdnAndSoOn#||'%'
			or iccid like '%'||#msisdnAndSoOn#||'%'
			or imei like '%'||#msisdnAndSoOn#||'%'
			or imsi like '%'||#msisdnAndSoOn#||'%')
		</isNotEmpty>

		<!-- <isNotEmpty prepend="and" property="userType">
			<isEqual property="userType" compareValue="PN">
				user_type = 'PN'
			</isEqual>
			<isEqual property="userType" compareValue="9105">
				nvl(user_type,'xx') <![CDATA[<> ]]>
				'PN'
			</isEqual>

		</isNotEmpty> -->

		<isNotEmpty prepend="and" property="openTimeStart">
			to_char(open_time,'yyyy-mm-dd') <![CDATA[>= ]]>
			to_char(to_date(#openTimeStart#, 'yyyy-mm-dd'), 'yyyy-mm-dd')
		</isNotEmpty>

		<isNotEmpty prepend="and" property="openTimeEnd">
			to_char(open_time,'yyyy-mm-dd') <![CDATA[<= ]]>
			to_char(to_date(#openTimeEnd#, 'yyyy-mm-dd'), 'yyyy-mm-dd')
		</isNotEmpty>

		<isNotEmpty prepend="and" property="activateDateStart">
			to_char(activate_date,'yyyy-mm-dd') <![CDATA[>= ]]>
			to_char(to_date(#activateDateStart#, 'yyyy-mm-dd'), 'yyyy-mm-dd')
		</isNotEmpty>

		<isNotEmpty prepend="and" property="activateDateEnd">
			to_char(activate_date,'yyyy-mm-dd') <![CDATA[<= ]]>
			to_char(to_date(#activateDateEnd#, 'yyyy-mm-dd'), 'yyyy-mm-dd')
		</isNotEmpty>

		<isNotEmpty prepend="and" property="remark">
			remark like '%' || #remark# || '%'
		</isNotEmpty>
		<isNotEmpty prepend="and" property="remarkTwo">
			remark_two like '%' || #remarkTwo# || '%'
		</isNotEmpty>
		<isNotEmpty prepend="and" property="remarkThr">
			remark_thr like '%' || #remarkThr# || '%'
		</isNotEmpty>

		<isNotEmpty prepend="and" property="lifecycle">
			p.LIFE_CYCLE=#lifecycle#
		</isNotEmpty>

		<isNotEmpty prepend="and" property="pkgCode">
			exists (
			<include refid="findByPkg" />
			)
		</isNotEmpty>
		<!-- <isNotEqual property="mainType" compareValue="6"> -->
			<isNotEmpty prepend="and" property="apnName">
				exists (
					select 1 from 
					<isNotEmpty property="mainType">
						<isEqual property="mainType" compareValue="1"><!-- 车联网主体产品 -->
							 IOV_CONNECT_INFO mai
						</isEqual>
						<isEqual property="mainType" compareValue="2"><!-- 机器卡主体产品 -->
							 MAC_CONNECT_INFO mai
						</isEqual>
						<isEqual property="mainType" compareValue="3"><!-- NB-IOT主体产品 -->
							 NB_CONNECT_INFO mai
						</isEqual>
						<isEqual property="mainType" compareValue="4"><!-- 和对讲主体产品HDJ -->
							 WLW_CONNECT_INFO 
						</isEqual>
						<isEqual property="mainType" compareValue="6"><!-- 9105 -->
							 <!-- CONNECT_INFO_9105 上网功能表无apn_name字段  -->
							 CONNECT_INFO_9105 mai
                          	 left join FUNC_PKG_9105 m 
                          	 on mai.msisdn = m.msisdn 
                          	 and mai.package_code = m.package_code
                          	 and m.APN_NAME = #apnName#
						</isEqual>
					</isNotEmpty>
					where mai.state='ENABLED'
					<isNotEqual property="mainType" compareValue="6"><!-- 非9105 -->
					and mai.APN_NAME = #apnName#
					</isNotEqual>
					and mai.msisdn=p.msisdn
				)
			</isNotEmpty>		
		<!-- </isNotEqual> -->
	</sql>

	<sql id="findByApn">
		select 1
		from <include refid="queryAPNTableName"/> mai
		where mai.state='ENABLED'
		and mai.APN_NAME = #apnName#
		and mai.msisdn=p.msisdn
	</sql>

	<sql id="findByPkg">
		<!-- 资费套餐 -->
		SELECT 1
		FROM <include refid="queryPKGTableName"/> MP
		where MP.STATE = 'ENABLED'
		AND MP.START_DATE <![CDATA[<= ]]>SYSDATE
		AND MP.END_DATE >= SYSDATE
		<!-- <isNotEmpty prepend="and" property="ecCode">
			mp.ec_code = #ecCode#
		</isNotEmpty> -->
		<isNotEmpty prepend="and" property="pkgCode">
			MP.PACKAGE_CODE = #pkgCode#
		</isNotEmpty>
		and mp.msisdn=p.msisdn
		<!-- union all -->
		<!-- 功能套餐 -->
		<!-- SELECT 1
		FROM <include refid="queryFUNCTableName"/> MP
		where MP.STATE = 'ENABLED'
		and mp.msisdn=p.msisdn
		AND MP.START_DATE <![CDATA[<= ]]>SYSDATE
		AND MP.END_DATE >= SYSDATE -->
		<!-- <isNotEmpty prepend="and" property="ecCode">
			mp.ec_code = #ecCode#
		</isNotEmpty> -->
		<!-- <isNotEmpty prepend="and" property="pkgCode">
			MP.PACKAGE_CODE = #pkgCode#
		</isNotEmpty>
		union all -->
		<!-- 其他套餐 -->
		<!-- SELECT 1
		FROM <include refid="queryOtherTableName"/> MP
		where MP.STATE = 'ENABLED'
		and mp.msisdn=p.msisdn
		AND MP.START_DATE <![CDATA[<= ]]>SYSDATE
		AND MP.END_DATE >= SYSDATE -->
		<!-- <isNotEmpty prepend="and" property="ecCode">
			mp.ec_code = #ecCode#
		</isNotEmpty> -->
		<!-- <isNotEmpty prepend="and" property="pkgCode">
			MP.PACKAGE_CODE = #pkgCode#
		</isNotEmpty> -->
		<!-- union all
		SELECT 1
		FROM M2M_PER_PKG MP
		WHERE mp.msisdn=p.msisdn
		AND MP.STATE = 'ENABLED'
		AND MP.START_DATE <![CDATA[<= ]]>SYSDATE
		AND MP.END_DATE >= SYSDATE
		<isNotEmpty prepend="and" property="pkgCode">
			MP.PACKAGE_CODE = #pkgCode#
		</isNotEmpty> -->
	</sql>
	
	<!-- 用量查询按套餐查找，分为流量、语音、短信三种业务 -->
	<sql id="FlowQueryFindByPkg">
		SELECT 1
		FROM <!-- M2M_GRPMEM PARTITION(M2M_GRPMEM_PARTITION$part$) --> 
		<include refid="queryPKG_1"/> MP,atomic_products ap
		where MP.STATE = 'ENABLED'
		<isNotEmpty prepend="and" property="busCategory">
		ap.BUS_CATEGORY=#busCategory#
		</isNotEmpty>
		and mp.msisdn=p.msisdn
		AND MP.START_DATE <![CDATA[<= ]]>SYSDATE
		AND MP.END_DATE >= SYSDATE
		<!-- <isNotEmpty prepend="and" property="ecCode">
			mp.ec_code = #ecCode#
		</isNotEmpty> -->
		<isNotEmpty prepend="and" property="pkgCode">
			MP.PACKAGE_CODE = #pkgCode#
		</isNotEmpty>
		<!-- union all
		SELECT 1
		FROM M2M_PER_PKG MP,atomic_products ap
		WHERE mp.msisdn=p.msisdn
		<isNotEmpty prepend="and" property="busCategory">
		ap.BUS_CATEGORY=#busCategory#
		</isNotEmpty>
		AND MP.STATE = 'ENABLED'
		AND MP.START_DATE <![CDATA[<= ]]>SYSDATE
		AND MP.END_DATE >= SYSDATE
		<isNotEmpty prepend="and" property="pkgCode">
			MP.PACKAGE_CODE = #pkgCode#
		</isNotEmpty> -->
	
	
	</sql>
	
	<!-- 用量查询获取套餐列表，分为流量、语音、短信三种弄业务 -->
	<select id="FlowQueryfindEcBusPkgList" parameterClass="java.util.HashMap" resultClass="java.util.HashMap">
	select 
		pro.package_code,
		pro.package_name 
	from EC_PACKAGE_REL pac
	join atomic_products pro on pac.package_code=pro.package_code
	where pro.state='ENABLED' and pac.ec_code=#ecCode# 
	<isNotEmpty prepend="and" property="busCategory">
			pro.bus_category = #busCategory#
		 </isNotEmpty> 
		 
		 <!-- select DISTINCT a.package_code as PACKAGE_CODE,
           a.package_name as PACKAGE_NAME,
           a.PKG_TYPE as packageType
      from atomic_products a where 1=1
      and a.PKG_CATEGORY='PKG_CAT_BUSINESS'  
       <isNotEmpty prepend="and" property="busCategory">
			a.BUS_CATEGORY = #busCategory#
		 </isNotEmpty>
      and a.state='ENABLED'
	  and (a.is_default = '1' or a.CAN_HANDLE = '1')
     and a.package_code not in
       (select package_code from ec_package_rel where relationship = 'black' and ec_code = #ecCode#)
      <isNotEmpty property="mainType" prepend="and">
  			<isEqual property="mainType" compareValue="3" >
  				a.package_code in ( 
  					select package_code as packageCode from service_pkg 
		        where product_code in ('I00011100002','I00011100005','I00011100012')
	        	)
  			</isEqual>
  		</isNotEmpty>
	union
		select DISTINCT a.package_code as PACKAGE_CODE,      
		a.package_name as PACKAGE_NAME,      
		a.PKG_TYPE as packageType
		from atomic_products a
		where 1 = 1      
		and a.PKG_CATEGORY = 'PKG_CAT_BUSINESS'     
		<isNotEmpty prepend="and" property="busCategory">
			a.BUS_CATEGORY = #busCategory#
		 </isNotEmpty>  
		and a.state = 'ENABLED'     
		and a.CAN_HANDLE = '1'  
		and a.package_code in 
			(select package_code from ec_package_rel 
				where relationship = 'black' and ec_code = #ecCode#)
		 <isNotEmpty property="mainType" prepend="and">
  			<isEqual property="mainType" compareValue="3" >
  				a.package_code in ( 
  					select package_code as packageCode from service_pkg 
		        where product_code in ('I00011100002','I00011100005','I00011100012')
	        	)
  			</isEqual>
  		</isNotEmpty> -->
	</select>
	
	<sql id="pkgFlowInfo">
		SELECT
                MP.MSISDN msisdn, 
                mp.iccid,
                mp.imsi,
                mp.imei,
                mp.run_code runCode,       
                mg.PACKAGE_CODE pkgCode,
                ap.package_name pkgName,
                ap.PKG_TYPE pkgType,
                (case mg.state when 'ENABLED' then '有效' else '失效' end) state
                ,IOV_MSG  iovMsg
                FROM <!-- M2M_GRPMEM PARTITION(M2M_GRPMEM_PARTITION$part$) -->
                <!-- <include refid="queryPKG_1"/> -->(<include refid="queryAllFlowPkg"/>) mg ,atomic_products ap,
                (select msisdn, 
                  life_cycle, 
                  iccid,
                  imsi,
                  imei,
                  run_code,
                  IOV_MSG
                from <!-- m2m_person partition(m2m_person_partition$part$) -->
                <include refid="queryMsisdn_1"/> p
                where 1=1
                 <isNotEmpty prepend="and" property="openStartDate">
					p.OPEN_TIME <![CDATA[>= ]]>#openStartDate#
			   </isNotEmpty>
			    <isNotEmpty prepend="and" property="openEndDate">
					p.OPEN_TIME <![CDATA[<= ]]>#openEndDate#
			   </isNotEmpty>
			    <isNotEmpty prepend="and" property="actiStartDate">
					p.ACTIVATE_DATE <![CDATA[>= ]]>#actiStartDate#
			   </isNotEmpty>
			     <isNotEmpty prepend="and" property="actiEndDate">
					p.ACTIVATE_DATE <![CDATA[<= ]]>#actiEndDate#
			   </isNotEmpty>
			   <isNotEmpty prepend="and" property="lifecycle">
					p.life_cycle=#lifecycle#
				</isNotEmpty>
                	and p.state='ENABLED'
                <isNotEmpty prepend="and" property="ecCode">
                   p.ec_code = #ecCode#
                </isNotEmpty>
				<isNotEqual property="mainType" compareValue="6">
					<isNotEmpty prepend="and" property="apnName">
						exists (
						<include refid="findByApn" />
						)
				 	</isNotEmpty>
				</isNotEqual>
                <!-- 子账户显示选定部门下的卡信息 -->
			    <isEqual property="rightType" compareValue="2">
				     and exists (select 1  from pro_asset b where p.msisdn=b.msisdn and b.dept_id in (<include refid="findDeptIdsByUserRights"/>))
			    </isEqual>
			    <isEqual property="mainType" compareValue="4"><!-- 和对讲HDJ -->
					and p.card_type='HDJ'
				</isEqual>
                <!-- group by msisdn -->)mp 
                WHERE mg.msisdn=mp.msisdn
                and mg.STATE='ENABLED'
                and mg.PACKAGE_CODE=ap.PACKAGE_CODE               
                and ap.STATE='ENABLED' 
                and ap.VISIBLE='1'
                and ap.PKG_CATEGORY='PKG_CAT_BUSINESS'   <!-- 业务内容套餐  -->
                <isNotEmpty prepend="and" property="busCategory">
	                ap.BUS_CATEGORY=#busCategory#   <!-- 流量、語音、短信 -->                 
                </isNotEmpty>
                <!-- <isNotEmpty prepend="and" property="ecCode">
                    mg.ec_code = #ecCode# 
                </isNotEmpty> -->               
                <isNotEmpty prepend="and" property="pkgCode">
                  mg.package_code = #pkgCode#
                 </isNotEmpty>
                 <isNotEmpty prepend="and" property="pkgName">
                  ap.package_name = #pkgName#
                 </isNotEmpty>
               <!--   <isNotEmpty prepend="and" property="msisdn">
                  mg.msisdn = #msisdn#
                 </isNotEmpty>  --> 
                  <isNotEmpty prepend="and" property="msisdn">
					(mp.msisdn like '%'|| #msisdn#||'%'
					or iccid like '%'|| #msisdn#||'%'
					or imei like '%'|| #msisdn#||'%'
					or imsi like '%'|| #msisdn#||'%')
				</isNotEmpty>  
                 <isNotEmpty prepend="and" property="pkgType">
                   ap.pkg_type = #pkgType#
                 </isNotEmpty>       
                
                
	
	</sql>
	
	
	
	
	
	
	
 <select id="PkgMangements" resultClass="com.lenovo.iotpro3.vo.tariff.PackageQueryVo" >
         select sub.msisdn,
               sub.iccid,
                <!--  sub.imsi,
                sub.imei,
                sub.prdCode,  -->
                sub.pkgCode,
                sub.pkgName,
                sub.pkgType,
               <!--  sub.channel,
                sub.startDate,
                sub.endDate, -->
                sub.state,          
           (case sub.runCode
        when 'TEST' then
             '测试期'
        when 'SILENT' then
             '沉默期'
        when 'STOCK' then
             '库存期'
        when 'NORMAL' then
             '正使用'
        when 'STOP' then
             '停机'
        when 'PRECLOSE' then
             '预约销户'
        when 'CANCEL' then
             '销户'
        when 'FREEZING' then
             '冷冻期'
        when 'OTHERS' then
             '其他'
        else
             '-'
        end) runCode,
        a.unit_value unitValue
        <isNotEmpty property="mainType">
			<isEqual property="mainType" compareValue="1"><!-- 车联网主体产品 -->
				 ,sub.iovMsg
			</isEqual>
		</isNotEmpty>
         from(
       <include refid="pageSqlStart"/>
               (
               <include refid="pkgFlowInfo"/>
              
                      
                )     
             <include refid="pageSqlEnd"/>
             )sub,ATOMIC_PRODUCTS a
             where sub.pkgCode=a.PACKAGE_CODE
    </select>
    
    
   <select id="PkgMangementCount" resultClass="java.lang.Long">
   
   select count(1) from
   (
   			<include refid="pkgFlowInfo"/>
   )
   
    </select>
         
         
          <!-- <select id="PkgMsgByBus" resultClass="com.lenovo.iotpro3.vo.tariff.PackageQueryVo" >
       <include refid="pageSqlStart"/>
               (SELECT
                MP.MSISDN msisdn, 
               mp.iccid,
                mp.imsi,
                mp.imei,
                mp.run_code runCode,     
                mg.PACKAGE_CODE pkgCode,
                ap.package_name pkgName,
                ap.PKG_TYPE pkgType,
                (case mg.state when 'ENABLED' then '有效' else '失效' end) state
                FROM M2M_GRPMEM PARTITION(M2M_GRPMEM_PARTITION$part$) mg ,atomic_products ap,
                (select msisdn, 
                  max(life_cycle) as run_code, ,
                 max(iccid) as iccid,
                  max(imsi) as imsi,
                  max(imei) as imei 
                from m2m_person partition(m2m_person_partition$part$)p
                where 1=1
                <include refid="queryMainType"/>
                 <isNotEmpty prepend="and" property="openStartDate">
					p.OPEN_TIME <![CDATA[>= ]]>#openStartDate#
			   </isNotEmpty>
			    <isNotEmpty prepend="and" property="openEndDate">
					p.OPEN_TIME <![CDATA[<= ]]>#openEndDate#
			   </isNotEmpty>
			    <isNotEmpty prepend="and" property="actiStartDate">
					p.ACTIVATE_DATE <![CDATA[>= ]]>#actiStartDate#
			   </isNotEmpty>
			     <isNotEmpty prepend="and" property="actiEndDate">
					p.ACTIVATE_DATE <![CDATA[<= ]]>#actiEndDate#
			   </isNotEmpty>
			   <isNotEmpty prepend="and" property="lifecycle">
					p.life_cycle=#lifecycle#
				</isNotEmpty>
                	and p.state='ENABLED'
                <isNotEmpty prepend="and" property="ecCode">
                   p.ec_code = #ecCode#
                </isNotEmpty>
				<isNotEqual property="mainType" compareValue="6">
					<isNotEmpty prepend="and" property="apnName">
						exists (
						<include refid="findByApn" />
						)
					</isNotEmpty>		
				</isNotEqual>
                子账户显示选定部门下的卡信息
			    <isEqual property="rightType" compareValue="2">
				     and exists (select 1  from pro_asset b where p.msisdn=b.msisdn and b.dept_id in (<include refid="findDeptIdsByUserRights"/>))
			    </isEqual>
                group by msisdn)mp 
                WHERE mg.msisdn=mp.msisdn
                and mg.STATE='ENABLED'
                and mg.PACKAGE_CODE=ap.PACKAGE_CODE               
                and ap.STATE='ENABLED' 
                and ap.VISIBLE='1'
                and ap.PKG_CATEGORY='PKG_CAT_BUSINESS'   业务内容套餐 
                 <isNotEmpty prepend="and" property="busCategory">
                   ap.BUS_CATEGORY=#busCategory#     
                </isNotEmpty>
                <isNotEmpty prepend="and" property="ecCode">
                    mg.ec_code = #ecCode# 
                </isNotEmpty>               
                <isNotEmpty prepend="and" property="pkgCode">
                  mg.package_code = #pkgCode#
                 </isNotEmpty>
                 <isNotEmpty prepend="and" property="pkgName">
                  mg.package_name = #pkgName#
                 </isNotEmpty>
                  <isNotEmpty prepend="and" property="msisdn">
					(mp.msisdn like '%'||#msisdn#||'%'
					or iccid like '%'||#msisdn#||'%'
					or imei like '%'||#msisdn#||'%'
					or imsi like '%'||#msisdn#||'%')
				</isNotEmpty>  
                 <isNotEmpty prepend="and" property="pkgType">
                   ap.pkg_type = #pkgType#
                 </isNotEmpty>       
                )
                union
               (select 
                MP.MSISDN msisdn, 
               mp.iccid,
                mp.imsi,
                mp.imei, 
                mp.run_code runCode,    
                mg.PACKAGE_CODE pkgCode,
                ap.package_name pkgName,
                ap.PKG_TYPE pkgType,
                (case mg.state when 'ENABLED' then '有效' else '失效' end) state
                FROM M2M_PER_PKG mg,atomic_products ap,
                (select msisdn, 
                  max(life_cycle) as run_code, ,
                  max(iccid) as iccid,
                  max(imsi) as imsi,
                  max(imei) as imei 
                from m2m_person partition(m2m_person_partition$part$)p
                where 1=1
                <include refid="queryMainType"/>
                 <isNotEmpty prepend="and" property="openStartDate">
					p.OPEN_TIME <![CDATA[>= ]]>#openStartDate#
			   </isNotEmpty>
			    <isNotEmpty prepend="and" property="openEndDate">
					p.OPEN_TIME <![CDATA[<= ]]>#openEndDate#
			   </isNotEmpty>
			    <isNotEmpty prepend="and" property="actiStartDate">
					p.ACTIVATE_DATE <![CDATA[>= ]]>#actiStartDate#
			   </isNotEmpty>
			     <isNotEmpty prepend="and" property="actiEndDate">
					p.ACTIVATE_DATE <![CDATA[<= ]]>#actiEndDate#
			   </isNotEmpty>
			   <isNotEmpty prepend="and" property="lifecycle">
					p.life_cycle=#lifecycle#
				</isNotEmpty>
                and p.state='ENABLED'
                <isNotEmpty prepend="and" property="ecCode">
                   p.ec_code = #ecCode#
                </isNotEmpty>
				<isNotEqual property="mainType" compareValue="6">
					<isNotEmpty prepend="and" property="apnName">
						exists (
						<include refid="findByApn" />
						)
					</isNotEmpty>		
				</isNotEqual>
                子账户显示选定部门下的卡信息
			    <isEqual property="rightType" compareValue="2">
				     and exists (select 1  from pro_asset b where p.msisdn=b.msisdn and b.dept_id in (<include refid="findDeptIdsByUserRights"/>))
			    </isEqual>
                 group by msisdn)mp 
                WHERE mg.msisdn=mp.msisdn
                and mg.PACKAGE_CODE=ap.PACKAGE_CODE
                and mg.STATE='ENABLED'
                and ap.STATE='ENABLED' 
                and ap.VISIBLE='1'
                and ap.PKG_CATEGORY='PKG_CAT_BUSINESS'   业务内容套餐 
                <isNotEmpty prepend="and" property="busCategory">
                   ap.BUS_CATEGORY=#busCategory#     
                </isNotEmpty>
                <isNotEmpty prepend="and" property="pkgCode">
                mg.package_code = #pkgCode#
               </isNotEmpty>
               <isNotEmpty prepend="and" property="pkgName">
                ap.package_name = #pkgName#
               </isNotEmpty>
                <isNotEmpty prepend="and" property="msisdn">
					(mp.msisdn like '%'||#msisdn#||'%'
					or iccid like '%'||#msisdn#||'%'
					or imei like '%'||#msisdn#||'%'
					or imsi like '%'||#msisdn#||'%')
				</isNotEmpty>  
               <isNotEmpty prepend="and" property="pkgType">
                 ap.pkg_type = #pkgType#
               </isNotEmpty>                   
                )     
             <include refid="pageSqlEnd"/>
    </select> 
        
         <select id="PkgMsgByBusCount" resultClass="java.lang.Long">
   
   select count(1) from
   (
   			(SELECT
                MP.MSISDN msisdn, 
               mp.iccid,
                mp.imsi,
                mp.imei,
                mp.run_code runCode, 
                mg.PACKAGE_CODE pkgCode,
                ap.package_name pkgName,
                ap.PKG_TYPE pkgType,
                (case mg.state when 'ENABLED' then '有效' else '失效' end) state
                FROM M2M_GRPMEM PARTITION(M2M_GRPMEM_PARTITION$part$) mg ,atomic_products ap,
                (select msisdn, 
                  max(life_cycle) as run_code, 
                 max(iccid) as iccid,
                  max(imsi) as imsi,
                  max(imei) as imei 
                from m2m_person partition(m2m_person_partition$part$)p
                where 1=1
                <include refid="queryMainType"/>
                 <isNotEmpty prepend="and" property="openStartDate">
					p.OPEN_TIME <![CDATA[>= ]]>#openStartDate#
			   </isNotEmpty>
			    <isNotEmpty prepend="and" property="openEndDate">
					p.OPEN_TIME <![CDATA[<= ]]>#openEndDate#
			   </isNotEmpty>
			    <isNotEmpty prepend="and" property="actiStartDate">
					p.ACTIVATE_DATE <![CDATA[>= ]]>#actiStartDate#
			   </isNotEmpty>
			     <isNotEmpty prepend="and" property="actiEndDate">
					p.ACTIVATE_DATE <![CDATA[<= ]]>#actiEndDate#
			   </isNotEmpty>
			   <isNotEmpty prepend="and" property="lifecycle">
					p.life_cycle=#lifecycle#
				</isNotEmpty>
                and p.state='ENABLED'
                <isNotEmpty prepend="and" property="ecCode">
                   p.ec_code = #ecCode#
                </isNotEmpty>
				<isNotEqual property="mainType" compareValue="6">
					<isNotEmpty prepend="and" property="apnName">
						exists (
						<include refid="findByApn" />
						)
					</isNotEmpty>		
				</isNotEqual>
			    <isEqual property="rightType" compareValue="2">
				     and exists (select 1  from pro_asset b where p.msisdn=b.msisdn and b.dept_id in (<include refid="findDeptIdsByUserRights"/>))
			    </isEqual>
                group by msisdn)mp 
                WHERE mg.msisdn=mp.msisdn
                and mg.STATE='ENABLED'
                and mg.PACKAGE_CODE=ap.PACKAGE_CODE               
                and ap.STATE='ENABLED' 
                and ap.VISIBLE='1'
                and ap.PKG_CATEGORY='PKG_CAT_BUSINESS'   <!
                <isNotEmpty prepend="and" property="busCategory">
                   ap.BUS_CATEGORY=#busCategory#     
                </isNotEmpty>                
                <isNotEmpty prepend="and" property="ecCode">
                    mg.ec_code = #ecCode# 
                </isNotEmpty>               
                <isNotEmpty prepend="and" property="pkgCode">
                  mg.package_code = #pkgCode#
                 </isNotEmpty>
                 <isNotEmpty prepend="and" property="pkgName">
                  mg.package_name = #pkgName#
                 </isNotEmpty>
                  <isNotEmpty prepend="and" property="msisdn">
					(mp.msisdn like '%'||#msisdn#||'%'
					or iccid like '%'||#msisdn#||'%'
					or imei like '%'||#msisdn#||'%'
					or imsi like '%'||#msisdn#||'%')
				</isNotEmpty>  
                 <isNotEmpty prepend="and" property="pkgType">
                   ap.pkg_type = #pkgType#
                 </isNotEmpty>       
                )
                union
               (select 
                MP.MSISDN msisdn, 
             	 mp.iccid,
                mp.imsi,
                mp.imei,
                mp.run_code runCode,
                mg.PACKAGE_CODE pkgCode,
                ap.package_name pkgName,
                ap.PKG_TYPE pkgType,
                (case mg.state when 'ENABLED' then '有效' else '失效' end) state
                FROM M2M_PER_PKG mg,atomic_products ap,
                (select msisdn, 
                  max(life_cycle) as run_code,
                  max(iccid) as iccid,
                  max(imsi) as imsi,
                  max(imei) as imei 
                from m2m_person partition(m2m_person_partition$part$)p
                where 1=1
                <include refid="queryMainType"/>
                 <isNotEmpty prepend="and" property="openStartDate">
					p.OPEN_TIME <![CDATA[>= ]]>#openStartDate#
			   </isNotEmpty>
			    <isNotEmpty prepend="and" property="openEndDate">
					p.OPEN_TIME <![CDATA[<= ]]>#openEndDate#
			   </isNotEmpty>
			    <isNotEmpty prepend="and" property="actiStartDate">
					p.ACTIVATE_DATE <![CDATA[>= ]]>#actiStartDate#
			   </isNotEmpty>
			     <isNotEmpty prepend="and" property="actiEndDate">
					p.ACTIVATE_DATE <![CDATA[<= ]]>#actiEndDate#
			   </isNotEmpty>
			   <isNotEmpty prepend="and" property="lifecycle">
					p.life_cycle=#lifecycle#
				</isNotEmpty>
                and p.state='ENABLED'
                <isNotEmpty prepend="and" property="ecCode">
                   p.ec_code = #ecCode#
                </isNotEmpty>
				<isNotEqual property="mainType" compareValue="6">
					<isNotEmpty prepend="and" property="apnName">
						exists (
						<include refid="findByApn" />
						)
					</isNotEmpty>		
				</isNotEqual>
			    <isEqual property="rightType" compareValue="2">
				     and exists (select 1  from pro_asset b where p.msisdn=b.msisdn and b.dept_id in (<include refid="findDeptIdsByUserRights"/>))
			    </isEqual>
                 group by msisdn)mp 
                WHERE mg.msisdn=mp.msisdn
                and mg.PACKAGE_CODE=ap.PACKAGE_CODE
                and ap.STATE='ENABLED' 
                and ap.VISIBLE='1'
                and mg.STATE='ENABLED'
                and ap.PKG_CATEGORY='PKG_CAT_BUSINESS'   
                <isNotEmpty prepend="and" property="busCategory">
                   ap.BUS_CATEGORY=#busCategory#     
                </isNotEmpty>
                <isNotEmpty prepend="and" property="pkgCode">
                mg.package_code = #pkgCode#
               </isNotEmpty>
               <isNotEmpty prepend="and" property="pkgName">
                ap.package_name = #pkgName#
               </isNotEmpty>
               <isNotEmpty prepend="and" property="msisdn">
					(mp.msisdn like '%'||#msisdn#||'%'
					or iccid like '%'||#msisdn#||'%'
					or imei like '%'||#msisdn#||'%'
					or imsi like '%'||#msisdn#||'%')
				</isNotEmpty>  
               <isNotEmpty prepend="and" property="pkgType">
                 ap.pkg_type = #pkgType#
               </isNotEmpty>                   
                )     
   )
 
         </select> -->
         
       <!--  -->  
       <select id="queryAllPkgInfo" resultClass="java.util.HashMap">
       			select package_code pkgCode,package_name pkgName
       			from atomic_products where 1=1 
       			 <isNotEmpty prepend="and" property="busCategory">
	             BUS_CATEGORY=#busCategory#   <!-- 流量、語音、短信 -->                 
                </isNotEmpty>
       			and state='ENABLED'
       			  <isNotEmpty prepend="and" property="pkgType">
           			pkg_type=#pkgType#
          		 </isNotEmpty>
       
       </select>  
	<select id="queryMsisdnInfo" resultClass="com.lenovo.iotpro3.vo.asset.MsisdnManageVo">
	
		select
			sub.msisdn,
			IOT_AES_CRYPT(sub.msisdn,1) as encryptData,
			sub.iccid,
			sub.imei,
			sub.imsi,
			decode(lifeCycle,
			'TEST','测试期',
			'SILENT','沉默期',
			'NORMAL','正使用',
			'FREEZING','冷冻期',
			'STOP','停机',
			'PRECLOSE','预约销户',
			'CANCEL','销户',
			'STOCK','库存期',
			'OTHERS','其他',
			'-'
			) as runCode,
			to_char(sub.openTime,'yyyy-mm-dd hh24:mi:ss') as openTime,
			(case
			when to_char(sub.activateDate,'yyyy') = '1970'
			then
			'-'
			else
			to_char(sub.activateDate,'yyyy-mm-dd hh24:mi:ss')
			end)as activateDate,
		<!-- <isEqual property="fav" compareValue="6" > -->
			(
			select wm_concat(mai.package_code||'|'||apnS.status||';'||mai.apn_name)
			as pkgInfo
			from <include refid="queryFUNC_1"/> mai
			left join <include refid="queryAPN_1"/> apnS on mai.msisdn = apnS.msisdn and apnS.package_code = mai.package_code
			where mai.msisdn=sub.msisdn
			and mai.state='ENABLED'
			AND mai.start_date <![CDATA[<= ]]>SYSDATE
			AND mai.end_date >= SYSDATE
			and mai.package_code in
			('I00010100035','I00010100085','I00010100092','I00010100093','PCRF00010100085','PCRF00010100093')

			) as returnStr,
			<!-- <isNotEmpty property="smsAction">
				<isEqual property="smsAction" compareValue="4"> -->
			(case when 0 in (select status
			<isNotEmpty property="mainType">
				<isNotEqual property="mainType" compareValue="6">
	                from <include refid="querySMS_1"/>  m
					where 1=1
				</isNotEqual>
				<isEqual property="mainType" compareValue="6">
					from <include refid="querySMS_1"/>  m,FUNC_PKG_9105 f
					where m.msisdn=f.msisdn
				</isEqual>
			</isNotEmpty>
			and m.state = 'ENABLED'
			<!-- and a.state = 'ENABLED'
			and a.visible = '1'
			and a.BUS_CATEGORY='SMS' -->
			and m.msisdn = sub.msisdn)
			then '开'
			when 1 in (select status
			<isNotEmpty property="mainType">
				<isNotEqual property="mainType" compareValue="6">
	                from <include refid="querySMS_1"/>  m
					where 1=1
				</isNotEqual>
				<isEqual property="mainType" compareValue="6">
					from <include refid="querySMS_1"/>  m,FUNC_PKG_9105 f
					where m.msisdn=f.msisdn
				</isEqual>
			</isNotEmpty>
			and m.state = 'ENABLED'
			<!-- and a.state = 'ENABLED'
			and a.visible = '1'
			and a.BUS_CATEGORY='SMS' -->
			and m.msisdn = sub.msisdn)
			then '关'
			else '--'
			end
			) as smsSwitch,
				<!-- </isEqual>
			</isNotEmpty> -->
		<!-- <isNotEmpty property="voiceAction">
			<isEqual property="voiceAction" compareValue="5"> -->
			(case when 0 in (select status
			<isNotEmpty property="mainType">
				<isNotEqual property="mainType" compareValue="6">
	                from <include refid="queryVoice_1"/>  m
					where 1=1
				</isNotEqual>
				<isEqual property="mainType" compareValue="6">
					from <include refid="queryVoice_1"/>  m,FUNC_PKG_9105 f
					where m.msisdn=f.msisdn
				</isEqual>
			</isNotEmpty>
			and m.state = 'ENABLED'
			<!-- and a.state = 'ENABLED'
			and a.visible = '1'
			and a.BUS_CATEGORY='VOICE' -->
			and m.msisdn = sub.msisdn)
			then '开'
			when 1 in (select status
			<isNotEmpty property="mainType">
				<isNotEqual property="mainType" compareValue="6">
	                from <include refid="queryVoice_1"/>  m
					where 1=1
				</isNotEqual>
				<isEqual property="mainType" compareValue="6">
					from <include refid="queryVoice_1"/>  m,FUNC_PKG_9105 f
					where m.msisdn=f.msisdn
				</isEqual>
			</isNotEmpty>
			and m.state = 'ENABLED'
			<!-- and a.state = 'ENABLED'
			and a.visible = '1'
			and a.BUS_CATEGORY='VOICE' -->
			and m.msisdn = sub.msisdn)
			then '关'
			else '--'
			end
			) as voiceSwitch,
			<!-- </isEqual>
		</isNotEmpty> -->
		<!-- </isEqual> -->
		 remark remark,
		 remark_two as remarkTwo,
		 remark_thr as remarkThr,
		 lowpowermode as lowPowerMode,
		 rautautimer as rauTautimer,
		 activetimer as activetimer,
		 nvl(to_char(sub.runCodeTime,'yyyy-mm-dd hh24:mi:ss'),'--') as runCodeTime,
		 productCode,
		 ref.flag as refFlag,
		 (case when ref.flag = '0' then '无运营模式'
		 		when ref.flag = '1' then 'BBC主动模式'
		 		when ref.flag = '2' then '移动运营C主动模式'
		 		when ref.flag = '3' then 'BBC被动模式'
		 		when ref.flag = '4' then '移动运营C被动模式'
		 		when ref.flag = '5' then 'BBB定向语音非实名模式'
		 		when ref.flag = '6' then '多APN模式'
		 		when ref.flag = '-1' then '取消运营模式'
		 		else ''  end) as regFlag,
		 (case when ref.REG_STATUS = '0' then '实名失败'
		 		when ref.REG_STATUS = '1' then '已实名'
		 		else '未实名'  end) as regStatus
		from
		(
		<include refid="pageSqlStart" />
		
		<isNotEmpty property="mainType">
			<isNotEqual property="mainType" compareValue="6"><!-- 非9105 -->
				 select /*+index(p,<include refid="findByIndex"/> )*/ p.msisdn,
					iccid,
					imei,
					imsi,
					LIFE_CYCLE as lifeCycle,
					open_time as openTime,
					activate_date as activateDate,
					remark,
					remark_two,
					remark_thr,
					run_code_time as runCodeTime,
					PRODUCT_CODE as productCode
			</isNotEqual>
			<isEqual property="mainType" compareValue="6"><!-- 9105 -->
				 select /*+index(p,<include refid="findByIndex"/> )*/ p.msisdn,
					 max(iccid)  iccid,
					 max(imei)  imei,
					 max(imsi) imsi,
					 max(LIFE_CYCLE)  as lifeCycle,
					 max(open_time)  as openTime,
					 max(activate_date)  as activateDate,
					 max(remark) as  remark,
					 max(remark_two) as  remark_two,
					 max(remark_thr) as  remark_thr,
					 max(run_code_time) as runCodeTime,
					 max(PRODUCT_CODE) as productCode
					 
			</isEqual>
		</isNotEmpty>	
		
		
		<isNotEqual property="mainType" compareValue="3">
				,''  as lowPowerMode
   				,''  as rauTautimer
   				,''  as activetimer
		</isNotEqual>
		<isEqual property="mainType" compareValue="3">
				,<!-- max(LOWPOWERMODE) as  -->lowpowermode as lowPowerMode
   				,<!-- max(RAUTAUTIMER) as  -->rautautimer as rauTautimer
   				,<!-- max(RAUTAUTIMER) as  -->activetimer as activetimer
		</isEqual>
		from <include refid="queryMsisdn_1"/> p
		<isEqual property="rightType" compareValue="2">
			left join (
			SELECT dept_id,msisdn FROM pro_asset
			WHERE dept_id in (
			<include refid="findDeptIdsByUserRights" />
			)
			) pa on p.msisdn=pa.msisdn
		</isEqual>
		where p.state='ENABLED'
		<isEqual property="mainType" compareValue="4"><!-- 和对讲HDJ -->
			and p.card_type='HDJ'
		</isEqual>
		<isEqual property="rightType" compareValue="2">
			and pa.dept_id is not null
		</isEqual>
		<include refid="whereInfo" />
		<isNotEmpty property="mainType">
			<isEqual property="mainType" compareValue="6"><!-- 9105 -->
				group by p.msisdn
			</isEqual>
		</isNotEmpty>	
		<isNotEmpty property="order">
			<isEqual property="order" compareValue="ascm">
				order by p.msisdn asc
			</isEqual>
			<isEqual property="order" compareValue="descm">
				order by p.msisdn desc
			</isEqual>
			<isEqual property="order" compareValue="asct">
				<!-- order by max(open_time) asc -->
				order by open_time asc
			</isEqual>
			<isEqual property="order" compareValue="desct">
				<!-- order by max(open_time) desc -->
				order by open_time desc
			</isEqual>
		</isNotEmpty>
		<include refid="pageSqlEnd" />
		) sub
		 left join (select msisdn,FLAG,REG_STATUS from contact_ref where STATE = 'ENABLED') ref on sub.msisdn = ref.msisdn
		

	</select>
	
	<!-- 查询号码(成员)总数 -->
	<select id="queryMsisdnInfoCount" resultClass="java.lang.Long">
		select 
			<isNotEmpty property="mainType">
				<isNotEqual property="mainType" compareValue="6"><!-- 非9105 -->
					 count(m.msisdn) as count
				</isNotEqual>
				<isEqual property="mainType" compareValue="6"><!-- 9105 -->
					 count(distinct m.msisdn) as count
				</isEqual>
			</isNotEmpty>
		 from ( 
			select p.msisdn, p.state from <include refid="queryMsisdn_1"/> p  
			where 1=1
			<isEqual property="mainType" compareValue="4"><!-- 和对讲HDJ -->
				and p.card_type='HDJ'
			</isEqual>			
			<include refid="whereInfo" />
		) m where m.state='ENABLED'
		<isEqual property="rightType" compareValue="2">
				and exists (select 1  from pro_asset b where m.msisdn=b.msisdn and b.dept_id in (<include refid="findDeptIdsByUserRights"/>))
		</isEqual>
	</select>

	<select id="findEcBusPkgList" parameterClass="java.util.HashMap"
		resultClass="java.util.HashMap">
	select pro.package_code,pro.package_name from EC_PACKAGE_REL pac
	join atomic_products pro on pac.package_code=pro.package_code
	where pro.state='ENABLED' and pac.ec_code=#ecCode#
		<!-- select distinct a.PACKAGE_CODE,p.PACKAGE_NAME from (
			select PACKAGE_CODE from M2M_GRPMEM where ec_code = #ecCode#
			union 
			select PACKAGE_CODE from M2M_PER_PKG where STATE = 'ENABLED'and MSISDN in (select msisdn from m2m_person where STATE = 'ENABLED' and ec_code = #ecCode#)
			) a
		left join atomic_products p
		on a.PACKAGE_CODE = p.PACKAGE_CODE
		where p.PACKAGE_NAME is not null -->
		<!-- select PACKAGE_CODE,PACKAGE_NAME from group_pkg_info where ec_code = #ecCode#		 -->
		
		<!-- 修改套餐数据来源 -->
		<!-- select DISTINCT a.package_code as PACKAGE_CODE,
           a.package_name as PACKAGE_NAME
      from atomic_products a where 1=1
      and a.PKG_CATEGORY='PKG_CAT_BUSINESS'  
      and a.BUS_CATEGORY='FLOW'
      and a.state='ENABLED'
	  and (a.is_default = '1' or a.CAN_HANDLE = '1')
      and a.package_code not in
       (select package_code from ec_package_rel where relationship = 'black' and ec_code = #ecCode#)
   		<isNotEmpty property="packageType" prepend="and">
   			<isEqual property="packageType" compareValue="1" >
   				a.pkg_type='PKG_TYPE_MONTH' 
   			</isEqual>
   			<isEqual property="packageType" compareValue="2" >
   				a.pkg_type='PKG_TYPE_REFUEL' 
   			</isEqual>
   			<isEqual property="packageType" compareValue="3" >
   				a.pkg_type in ('PKG_TYPE_QUARTER','PKG_TYPE_HALF_YEAR','PKG_TYPE_YEAR') 
   			</isEqual>
   			<isEqual property="packageType" compareValue="4" >
   				a.pkg_type='PKG_TYPE_PEACE' 
   			</isEqual>
   		</isNotEmpty>
   		<isNotEmpty property="mainType" prepend="and">
   			<isEqual property="mainType" compareValue="3" >
   				a.package_code in ( 
   					select package_code as packageCode from service_pkg 
			        where product_code in ('I00011100002','I00011100005','I00011100012')
		        	)
   			</isEqual>
   		</isNotEmpty>
   		<isNotEmpty property="inputPkg" prepend="and">
   			(a.package_code like '%'||#inputPkg#||'%' or
   			a.package_name like '%'||#inputPkg#||'%') 
   		</isNotEmpty>
		union
		select DISTINCT a.package_code as PACKAGE_CODE,      
		a.package_name as PACKAGE_NAME
		from atomic_products a
		where 1 = 1      
		and a.PKG_CATEGORY = 'PKG_CAT_BUSINESS'     
		and a.BUS_CATEGORY = 'FLOW'     
		and a.state = 'ENABLED'     
		and a.CAN_HANDLE = '1'  
		and a.package_code in (
			select package_code from ec_package_rel 
				where relationship = 'black' and ec_code = #ecCode#)
		<isNotEmpty property="packageType" prepend="and">
   			<isEqual property="packageType" compareValue="1" >
   				a.pkg_type='PKG_TYPE_MONTH' 
   			</isEqual>
   			<isEqual property="packageType" compareValue="2" >
   				a.pkg_type='PKG_TYPE_REFUEL' 
   			</isEqual>
   			<isEqual property="packageType" compareValue="3" >
   				a.pkg_type in ('PKG_TYPE_QUARTER','PKG_TYPE_HALF_YEAR','PKG_TYPE_YEAR') 
   			</isEqual>
   			<isEqual property="packageType" compareValue="4" >
   				a.pkg_type='PKG_TYPE_PEACE' 
   			</isEqual>
   		</isNotEmpty>
   		<isNotEmpty property="mainType" prepend="and">
   			<isEqual property="mainType" compareValue="3" >
   				a.package_code in ( 
   					select package_code as packageCode from service_pkg 
			        where product_code in ('I00011100002','I00011100005','I00011100012')
		        	)
   			</isEqual>
   		</isNotEmpty>
   		<isNotEmpty property="inputPkg" prepend="and">
   			(a.package_code like '%'||#inputPkg#||'%' or
   			a.package_name like '%'||#inputPkg#||'%') 
   		</isNotEmpty> -->
		<!-- select
		a.package_code,
		a.package_name
		from RPT_EC_PKG_STAT_MM r,atomic_products a
		where r.package_code = a.package_code
		and a.pkg_category = 'PKG_CAT_BUSINESS'
		and r.stat_date=(select max(stat_date) from RPT_EC_PKG_STAT_MM)
		and r.ec_id=#ecId# -->

	</select>

	<!-- 语音 -->	
	<select id="findEcVoicePkgList" parameterClass="java.util.HashMap"
			resultClass="java.util.HashMap">

	select pro.package_code,pro.package_name from EC_PACKAGE_REL pac
	join atomic_products pro on pac.package_code=pro.package_code
	where pro.state = 'ENABLED' and pac.ec_code=#ecCode#
	and pro.bus_category='VOICE'
			
	<!-- 	select a.package_code,
		a.package_name from atomic_products a where BUS_CATEGORY='VOICE' 
		<isNotEmpty prepend="and" property="pkgType">
			a.pkg_type = #pkgType#
		</isNotEmpty> -->
		
		
		<!-- select a.package_code as package_code,
           a.package_name as package_name
	      from atomic_products a where 1=1
	      and a.PKG_CATEGORY='PKG_CAT_BUSINESS'  
	      and a.BUS_CATEGORY='VOICE'
	      and a.state='ENABLED'
		  and (a.is_default = '1' or a.CAN_HANDLE = '1')
	      and a.package_code not in
	       (select package_code from ec_package_rel where relationship = 'black' and ec_code = #ecCode#)
   		 <isNotEmpty prepend="and" property="pkgType">
			a.pkg_type = #pkgType#
		 </isNotEmpty> -->
		
		
		
		
	</select>
	
	<select id="findApnNameList" parameterClass="java.util.HashMap"
		resultClass="java.util.HashMap">
		<!-- select apn_name from prod_serv where product_code in ( select product_code 
			from ec_prod where ec_code=#ecCode# and state='ENABLED' ) and apn_id is not 
			null group by apn_name -->

		<!-- (SELECT MP.APN_NAME apn_name FROM m2m_apn_info MP, M2M_PERSON partition 
			(M2M_PERSON_PARTITION$part$) PER WHERE MP.MSISDN=PER.MSISDN AND PER.STATE='ENABLED' 
			AND MP.START_TIME <![CDATA[<= ]]>SYSDATE AND MP.END_TIME >= SYSDATE AND MP.STATE 
			= 'ENABLED' and MP.APN_NAME is not null <isNotEmpty prepend="and" property="ecCode"> 
			PER.ec_code = #ecCode# </isNotEmpty> group by MP.APN_NAME) -->

		<!-- (SELECT
		MP.APN_NAME apn_name
		FROM m2m_apn_info MP
		WHERE MP.START_TIME <![CDATA[<= ]]>SYSDATE
		AND MP.END_TIME >= SYSDATE
		AND MP.STATE = 'ENABLED'
		and MP.APN_NAME is not null
		and exists (select 1 from M2M_PERSON
		partition(M2M_PERSON_PARTITION$part$) p
		WHERE p.STATE='ENABLED'
		and p.msisdn = mp.msisdn
		and p.ec_code = #ecCode#
		)
		and mp.package_code in
		('I00010100035','I00010100085','I00010100092','I00010100093')

		group by MP.APN_NAME) -->
		SELECT
		MP.APN_NAME apn_name
		FROM group_apn_info MP
		where EC_CODE=#ecCode#
	</select>


	<select id="pkginfo" parameterClass="java.util.HashMap"
		resultClass="java.util.HashMap">
		SELECT
		MP.MSISDN msisdn,
		max(ap.PACKAGE_NAME) as pkgName ,
		MP.PACKAGE_CODE as pkgCode,
		MP.START_DATE,
		max(MP.SUBSPRODID) AS SUBSPRODID,
		max(ap.BUS_CATEGORY) BUSINESSTYPE
		FROM <include refid="queryPKG_1"/> MP ,atomic_products ap
		WHERE MP.PACKAGE_CODE=ap.PACKAGE_CODE
		AND MP.START_DATE <![CDATA[<= ]]>SYSDATE
		AND MP.END_DATE > SYSDATE
		AND MP.STATE = 'ENABLED'
		AND ap.STATE = 'ENABLED'
		AND ap.VISIBLE='1'
		AND ap.PKG_CATEGORY='PKG_CAT_BUSINESS'
		<!-- <isNotEmpty prepend="and" property="ecCode">
			MP.ec_code = #ecCode#
		</isNotEmpty> -->
		<isNotEmpty prepend="and" property="msisdn">
			MP.MSISDN = #msisdn#
		</isNotEmpty>
		group by MP.MSISDN,MP.PACKAGE_CODE,MP.START_DATE
		
		
		<!-- (SELECT
		MP.MSISDN msisdn,
		max(ap.PACKAGE_NAME) as pkgName ,
		MP.PACKAGE_CODE as pkgCode,
		MP.START_DATE,
		max(MP.SUBSPRODID) AS SUBSPRODID,
		max(ap.BUS_CATEGORY) BUSINESSTYPE
		FROM M2M_GRPMEM PARTITION(M2M_GRPMEM_PARTITION$part$)
		MP ,atomic_products ap
		WHERE MP.PACKAGE_CODE=ap.PACKAGE_CODE
		AND MP.START_DATE <![CDATA[<= ]]>SYSDATE
		AND MP.END_DATE > SYSDATE
		AND MP.STATE = 'ENABLED'
		AND ap.STATE = 'ENABLED'
		AND ap.VISIBLE='1'
		AND ap.PKG_CATEGORY='PKG_CAT_BUSINESS'
		<isNotEmpty prepend="and" property="ecCode">
			MP.ec_code = #ecCode#
		</isNotEmpty>
		<isNotEmpty prepend="and" property="msisdn">
			MP.MSISDN = #msisdn#
		</isNotEmpty>

		group by MP.MSISDN,MP.PACKAGE_CODE,MP.START_DATE
		)
		union
		(SELECT
		MP.MSISDN msisdn,
		max(ap.PACKAGE_NAME) as pkgName,
		MP.PACKAGE_CODE as pkgCode,
		MP.START_DATE,
		max(MP.SUBSPRODID) AS SUBSPRODID,
		max(ap.BUS_CATEGORY) BUSINESSTYPE
		FROM M2M_PER_PKG
		MP ,atomic_products ap
		WHERE MP.PACKAGE_CODE=ap.PACKAGE_CODE
		AND MP.START_DATE <![CDATA[<= ]]>SYSDATE
		AND MP.END_DATE > SYSDATE
		AND MP.STATE = 'ENABLED'
		AND ap.STATE = 'ENABLED'
		AND ap.VISIBLE='1'
		AND ap.PKG_CATEGORY='PKG_CAT_BUSINESS'
		<isNotEmpty prepend="and" property="msisdn">
			MP.MSISDN = #msisdn#
		</isNotEmpty>

		group by MP.MSISDN,MP.PACKAGE_CODE,MP.START_DATE
		) -->

	</select>

	<select id="querypersonpkg" parameterClass="java.util.HashMap"
		resultClass="java.util.HashMap">
		select BUSINESSTYPE
		from PERSONAL_PACKAGE
		where
		STATE = '0'
		AND VISIBLE='0'
		AND PACKAGE_TYPE='1'
		<isNotEmpty prepend="and" property="pkgCode">
			PACKAGE_CODE = #pkgCode#
		</isNotEmpty>


	</select>


	<select id="msisdnInfoExport" resultClass="java.util.HashMap">

		select p.msisdn,
		max(iccid) iccid,
		max(imei) imei,
		max(imsi) imsi,
		max(remark) remark,
		decode(max(life_Cycle),
		'TEST','测试期',
		'SILENT','沉默期',
		'NORMAL','正使用',
		'FREEZING','冷冻期',
		'STOP','停机',
		'PRECLOSE','预约销户',
		'CANCEL','销户',
		'STOCK','库存期',
		'OTHERS','其他',
		'-'
		)
		as runCode,
		to_char(max(open_time),'yyyy-mm-dd hh24:mi:ss') as openTime,
		to_char(max(activate_date),'yyyy-mm-dd hh24:mi:ss') as activateDate,
		(
			select wm_concat(mai.package_code||'|'||apnS.status||';'||mai.apn_name)
			as pkgInfo
			from <include refid="queryFUNC_1"/> mai
			left join <include refid="queryAPN_1"/> apnS on mai.msisdn = apnS.msisdn and apnS.package_code = mai.package_code
			where mai.msisdn=sub.msisdn
			and mai.state='ENABLED'
			AND mai.start_date <![CDATA[<= ]]>SYSDATE
			AND mai.end_date >= SYSDATE
			and mai.package_code in
			('I00010100035','I00010100085','I00010100092','I00010100093','PCRF00010100085','PCRF00010100093')

			) as returnStr,
			(case when 1 in (select status
			<isNotEmpty property="mainType">
				<isNotEqual property="mainType" compareValue="6">
	                from <include refid="querySMS_1"/>  m
					where 1=1
				</isNotEqual>
				<isEqual property="mainType" compareValue="6">
					from <include refid="querySMS_1"/>  m,FUNC_PKG_9105 f
					where m.msisdn=f.msisdn
				</isEqual>
			</isNotEmpty>
			and m.state = 'ENABLED'
			and m.msisdn = sub.msisdn)
			then '关'
			when 0 in (select status
			<isNotEmpty property="mainType">
				<isNotEqual property="mainType" compareValue="6">
	                from <include refid="querySMS_1"/>  m
					where 1=1
				</isNotEqual>
				<isEqual property="mainType" compareValue="6">
					from <include refid="querySMS_1"/>  m,FUNC_PKG_9105 f
					where m.msisdn=f.msisdn
				</isEqual>
			</isNotEmpty>
			and m.state = 'ENABLED'
			and m.msisdn = sub.msisdn)
			then '开'
			else '--'
			end
			) as smsSwitch,
			(case when 1 in (select status
			<isNotEmpty property="mainType">
				<isNotEqual property="mainType" compareValue="6">
	                from <include refid="queryVoice_1"/>  m
					where 1=1
				</isNotEqual>
				<isEqual property="mainType" compareValue="6">
					from <include refid="queryVoice_1"/>  m,FUNC_PKG_9105 f
					where m.msisdn=f.msisdn
				</isEqual>
			</isNotEmpty>
			and m.state = 'ENABLED'
			and m.msisdn = sub.msisdn)
			then '关'
			when 0 in (select status
			<isNotEmpty property="mainType">
				<isNotEqual property="mainType" compareValue="6">
	                from <include refid="queryVoice_1"/>  m
					where 1=1
				</isNotEqual>
				<isEqual property="mainType" compareValue="6">
					from <include refid="queryVoice_1"/>  m,FUNC_PKG_9105 f
					where m.msisdn=f.msisdn
				</isEqual>
			</isNotEmpty>
			and m.state = 'ENABLED'
			and m.msisdn = sub.msisdn)
			then '开'
			else '--'
			end
			) as voiceSwitch
		<!-- (
		select wm_concat(mai.package_code||'|'||mai.apn_state||';'||mai.apn_name) as
		pkgInfo
		from m2m_apn_info mai
		where mai.msisdn=p.msisdn
		and mai.state='ENABLED'
		AND mai.START_TIME <![CDATA[<= ]]>SYSDATE
		AND mai.END_TIME >= SYSDATE
		and mai.package_code in
		('I00010100035','I00010100085','I00010100092','I00010100093','PCRF00010100085','PCRF00010100093')

		) as returnStr,
		(case when exists(select 1
		from m2m_grpmem m, atomic_products a
		where m.package_code = a.package_code
		and m.state = 'ENABLED'
		and a.visible = '1'
		and a.BUS_CATEGORY='SMS'
		and m.msisdn = p.msisdn)
		then '开'
		else '关'
		end
		) as smsSwitch,
		(case when exists(select 1
		from m2m_grpmem m, atomic_products a
		where m.package_code = a.package_code
		and m.state = 'ENABLED'
		and a.visible = '1'
		and a.BUS_CATEGORY='VOICE'
		and m.msisdn = p.msisdn)
		then '开'
		else '关'
		end
		) as voiceSwitch -->
		from <include refid="queryMsisdn_1"/> p
		<isEqual property="rightType" compareValue="2">
			left join (
			SELECT dept_id,msisdn FROM pro_asset
			WHERE dept_id in (
			<include refid="findDeptIdsByUserRights" />
			)
			) pa on p.msisdn=pa.msisdn
		</isEqual>
		where p.state='ENABLED'
		<isEqual property="rightType" compareValue="2">
			and pa.dept_id is not null
		</isEqual>
		<isEqual property="mainType" compareValue="4"><!-- 和对讲HDJ -->
			and p.card_type='HDJ'
		</isEqual>
		<include refid="whereInfo" />
		group by p.msisdn,run_code
		<isNotEmpty property="order">
			<isEqual property="order" compareValue="ascm">
				order by p.msisdn asc
			</isEqual>
			<isEqual property="order" compareValue="descm">
				order by p.msisdn desc
			</isEqual>
			<isEqual property="order" compareValue="asct">
				order by open_time asc
			</isEqual>
			<isEqual property="order" compareValue="desct">
				order by open_time desc
			</isEqual>
		</isNotEmpty>
		<!-- <isEmpty property="order">
			order by p.msisdn asc
		</isEmpty> -->
	</select>

	<!-- 获取当前前6个月中集团订购的套餐列表 -->
	<select id="findEcSixMonthBusPkgList" parameterClass="java.util.HashMap"
		resultClass="java.util.HashMap">
		select distinct
		a.package_code||'-'||nvl(a.channel,'NULL') as package_code,
		a.package_name
		from RPT_EC_PKG_STAT_MM r,atomic_products a
		where r.package_code = a.package_code
		and a.pkg_category = 'PKG_CAT_BUSINESS'
		and r.stat_date>to_char(add_months(trunc(sysdate),-6),'yyyy-mm')
		and r.ec_id=#ecId#

	</select>
	<!-- 获取当前前6个月中集团订购的套餐列表 -->
	<select id="findEcSixDayBusPkgList" parameterClass="java.util.HashMap"
		resultClass="java.util.HashMap">
		select distinct
		a.package_code||'-'||nvl(a.channel,'NULL') as package_code,
		a.package_name
		from RPT_EC_PKG_STAT_DD r,atomic_products a
		where r.package_code = a.package_code
		and a.pkg_category = 'PKG_CAT_BUSINESS'
		and r.stat_date>sysdate-6
		and r.ec_id=#ecId#

	</select>
	<!-- 获取当前前6个月中集团订购的套餐列表 -->
	<select id="findEcCurrMonthBusPkgList" parameterClass="java.util.HashMap"
		resultClass="java.util.HashMap">
		select distinct
		a.package_code,
		a.package_name
		from RPT_EC_PKG_STAT_MM r,atomic_products a
		where r.package_code = a.package_code
		and a.pkg_category = 'PKG_CAT_BUSINESS'
		and r.stat_date=to_char(sysdate,'yyyy-mm')
		and r.ec_id=#ecId#

	</select>

	<select id="findEcThisMonthBusPkgList" parameterClass="java.util.HashMap"
		resultClass="java.util.HashMap">
		SELECT DISTINCT
		a.package_code,
		a.package_name
		FROM EC_PACKAGE_MONTH_STAT r, atomic_products a
		WHERE
		r.package_code = a.package_code AND
		a.pkg_category = 'PKG_CAT_BUSINESS' AND
		r.STAT_MONTH = to_char(sysdate, 'yyyymm')
		AND r.EC_CODE = #ecCode#

	</select>

	<update id="updateRemarkByMsisdn" parameterClass="com.lenovo.iotpro3.vo.asset.MsisdnManageVo">
		update <!-- M2M_PERSON --> <include refid="queryMsisdn_1"/>  set
		<isNotEmpty property="remark">
			remark=#remark#
		</isNotEmpty>
		<isNotEmpty property="remarkTwo">
			<isNotEmpty property="remark">
			,remark_two=#remarkTwo#
			</isNotEmpty>
			<isEmpty property="remark">
			remark_two=#remarkTwo#
			</isEmpty>			
		</isNotEmpty> 
		<isNotEmpty property="remarkThr">
			<isNotEmpty property="remark">
				<isEmpty property="remarkTwo">
					,remark_thr=#remarkThr#
				</isEmpty>
			</isNotEmpty>
			<isEmpty property="remark">
				<isNotEmpty property="remarkTwo">
					,remark_thr=#remarkThr#
				</isNotEmpty>
			</isEmpty>
			<isNotEmpty property="remark">
				<isNotEmpty property="remarkTwo">
					,remark_thr=#remarkThr#
				</isNotEmpty>
			</isNotEmpty>
			<isEmpty property="remark">
				<isEmpty property="remarkTwo">
					remark_thr=#remarkThr#
				</isEmpty>
			</isEmpty>
		</isNotEmpty>
		where msisdn=#msisdn# 
		and ec_code=#ecCode#
		<isEqual property="mainType" compareValue="4"><!-- 和对讲HDJ -->
			and card_type='HDJ'
		</isEqual>
		<!-- 子账户 -->
	    <isEqual property="rightType" compareValue="2">
			 and exists (select 1 from pro_asset b where b.msisdn=#msisdn# and b.dept_id in (<include refid="findDeptIdsByUserRights"/>))
	    </isEqual>
	</update>
	
	<sql id="queryMsindnByEcCode_sql">
		select t.msisdn as msisdn from <include refid="queryMsisdn_1"/> t 
		where t.ec_code=#ecCode# and t.state='ENABLED'
		<isNotEmpty property="msisdnOrSim">
			and t.msisdn=#msisdnOrSim#
		</isNotEmpty>
		<isEqual property="mainType" compareValue="4"><!-- 和对讲HDJ -->
			and t.card_type='HDJ'
		</isEqual>
	</sql>
	
	
	<sql id="queryMsindnByEcCode_sql3">
		select /*+index(p, <include refid="findByIndex" /> )*/ 
		 distinct msisdn ,iccid from <include refid="queryMsisdn_1"/> p 
		where p.ec_code=#ecCode# and p.state='ENABLED' 
		<isEqual property="mainType" compareValue="4"><!-- 和对讲HDJ -->
			and p.card_type='HDJ'
		</isEqual>
    	<!-- 子账户显示选定部门下的卡信息 -->
	    <isEqual property="rightType" compareValue="2">
			 and exists (select 1  from pro_asset b where p.msisdn=b.msisdn and b.dept_id in (<include refid="findDeptIdsByUserRights"/>))
	    </isEqual>
		<isNotEmpty property="msisdnOrSim" prepend="and">
			(p.msisdn like #msisdnOrSim#||'%'
			or iccid like #msisdnOrSim#||'%'
			or imei like #msisdnOrSim#||'%'
			or imsi like #msisdnOrSim#||'%')
		</isNotEmpty>
		<isNotEmpty prepend="and" property="lifecycle">
			p.LIFE_CYCLE=#lifecycle#
		</isNotEmpty>

		<isNotEmpty prepend="and" property="pkgCode">
			exists (
			<include refid="FlowQueryFindByPkg" />
			)
		</isNotEmpty>
		<isNotEqual property="mainType" compareValue="6">
			<isNotEmpty prepend="and" property="apnName">
				exists (
				<include refid="findByApn" />
				)
			</isNotEmpty>		
		</isNotEqual>
		 <isNotEmpty prepend="and" property="openStartDate">
			p.OPEN_TIME <![CDATA[ >= ]]> to_date(#openStartDate#, 'yyyy-mm-dd HH24:MI:SS')
       	</isNotEmpty>
       	<isNotEmpty prepend="and" property="openEndDate">
       		p.OPEN_TIME <![CDATA[ <= ]]> to_date(#openEndDate#, 'yyyy-mm-dd HH24:MI:SS')
       	</isNotEmpty>
       	<isNotEmpty prepend="and" property="actiStartDate">
       		p.ACTIVATE_DATE <![CDATA[ >= ]]> to_date(#actiStartDate#, 'yyyy-mm-dd HH24:MI:SS')
       	</isNotEmpty>
       	<isNotEmpty prepend="and" property="actiEndDate">
       		p.ACTIVATE_DATE <![CDATA[ <= ]]> to_date(#actiEndDate#, 'yyyy-mm-dd HH24:MI:SS')
       	</isNotEmpty>
	</sql>
	
	

	
	
	<select id="queryMsindnByEcCode" parameterClass="java.util.Map" resultClass="com.lenovo.iotpro3.entity.flow.HorizonDayFlowVo">
		<include refid="pageSqlStart"/>
		<include refid="queryMsindnByEcCode_sql3"/>
		<include refid="pageSqlEnd" />
	</select>
	
	<!-- 用量查询：语音查询、短信查询号码获得 -->
	<select id="queryMsindnByEcCodeForSV" parameterClass="java.util.Map" resultClass="java.util.HashMap">
		<include refid="pageSqlStart"/>
		<include refid="queryMsindnByEcCode_sql3"/>
		<include refid="pageSqlEnd" />
	</select>
	

	
	<!-- 用量查询：语音查询、短信查询号码导出 -->
	<select id="queryMsindnByEcCodeForSVExport" parameterClass="java.util.Map" resultClass="java.util.HashMap">
		<include refid="queryMsindnByEcCode_sql3"/>
	</select>
	

	
	
	<select id="queryMsindnByEcCodeCount" parameterClass="java.util.Map" resultClass="java.lang.Long">
		select 
		count(1) from (
			<include refid="queryMsindnByEcCode_sql3"/>
		)
	</select>
	

	
	
	<!-- 月流量导出 -->
	<select id="queryMsindnByEcCodeForExport" parameterClass="java.util.HashMap" resultClass="java.util.HashMap">
		<include refid="pageSqlStart"/>
		<include refid="queryMsindnByEcCode_sql3"/>
		<include refid="pageSqlEnd" />
	</select>
	
	<!-- 月流量导出（Hbase） -->
	<select id="queryMsisdnInfoForExport" parameterClass="java.util.HashMap" resultClass="java.util.HashMap">
		SELECT 
		mp.msisdn msisdn,
		mp.iccid iccid, 
		mp.user_type usertype
		  FROM <include refid="queryMsisdn_1"/> mp 
		 WHERE mp.state = 'ENABLED' 
	   AND mp.ec_code = #ecCode#
	   <isEqual property="mainType" compareValue="4"><!-- 和对讲HDJ -->
			and mp.card_type='HDJ'
	</isEqual>
	</select>
	
	
	
	<select id="queryMsisdnByMainType" resultClass="java.lang.String">
		select distinct MSISDN from <include refid="queryMsisdn_1"/> 
		<!-- 分表分区查询liuls M2M_PERSON partition(m2m_person_partition$part$) p  -->
		<!-- <isNotEmpty property="mainType">
			<isEqual property="mainType" compareValue="0">全部产品
				M2M_PERSON partition(m2m_person_partition$part$)
			</isEqual>
			<isEqual property="mainType" compareValue="1">车联网主体产品
				 IOV_CARD 
			</isEqual>
			<isEqual property="mainType" compareValue="2">机器卡主体产品
				 MAC_CARD 
			</isEqual>
			<isEqual property="mainType" compareValue="3">NB-IOT主体产品
				 NB_CARD 
			</isEqual>
			<isEqual property="mainType" compareValue="6">9105
				 CARD_9105 
			</isEqual>
		</isNotEmpty>
		<isEmpty property="mainType">
				M2M_PERSON partition(m2m_person_partition$part$)
		</isEmpty> -->
			p
		where p.ec_code=#ecCode# and p.state='ENABLED' 
		<isEqual property="mainType" compareValue="4"><!-- 和对讲HDJ -->
			and p.card_type='HDJ'
		</isEqual>
    	<!-- 子账户显示选定部门下的卡信息 -->
	    <isEqual property="rightType" compareValue="2">
			 and exists (select 1  from pro_asset b where p.msisdn=b.msisdn and b.dept_id in (<include refid="findDeptIdsByUserRights"/>))
	    </isEqual>
		<isNotEmpty property="msisdnOrSim" prepend="and">
			(p.msisdn like #msisdnOrSim#||'%'
			or iccid like #msisdnOrSim#||'%'
			or imei like #msisdnOrSim#||'%'
			or imsi like #msisdnOrSim#||'%')
		</isNotEmpty>
		<isNotEmpty property="msisdn" prepend="and">
			(p.msisdn like #msisdn#||'%'
			or iccid like #msisdn#||'%'
			or imei like #msisdn#||'%'
			or imsi like #msisdn#||'%')
		</isNotEmpty>
		<isNotEmpty prepend="and" property="lifecycle">
			p.LIFE_CYCLE=#lifecycle#
		</isNotEmpty>

		<isNotEmpty prepend="and" property="pkgCode">
			exists (
			<include refid="FlowQueryFindByPkg" />
			)
		</isNotEmpty>
		<isNotEqual property="mainType" compareValue="6">
			<isNotEmpty prepend="and" property="apnName">
				exists (
				<include refid="findByApn" />
				)
			</isNotEmpty>		
		</isNotEqual>
		 <isNotEmpty prepend="and" property="openStartDate">
			p.OPEN_TIME <![CDATA[ >= ]]> to_date(#openStartDate#, 'yyyy-mm-dd HH24:MI:SS')
       	</isNotEmpty>
       	<isNotEmpty prepend="and" property="openEndDate">
       		p.OPEN_TIME <![CDATA[ <= ]]> to_date(#openEndDate#, 'yyyy-mm-dd HH24:MI:SS')
       	</isNotEmpty>
       	<isNotEmpty prepend="and" property="actiStartDate">
       		p.ACTIVATE_DATE <![CDATA[ >= ]]> to_date(#actiStartDate#, 'yyyy-mm-dd HH24:MI:SS')
       	</isNotEmpty>
       	<isNotEmpty prepend="and" property="actiEndDate">
       		p.ACTIVATE_DATE <![CDATA[ <= ]]> to_date(#actiEndDate#, 'yyyy-mm-dd HH24:MI:SS')
       	</isNotEmpty>
	</select>
	
	
	<select id="queryMsisdnMainTypeByPage" parameterClass="java.util.Map"  resultClass="java.lang.String">
		<include refid="pageSqlStart"/>
		select /*+index(p,<include refid="findByIndex"/> )*/ MSISDN from <include refid="queryMsisdn_1"/> p 
		where p.ec_code=#ecCode# and p.state='ENABLED'
		<isEqual property="mainType" compareValue="4"><!-- 和对讲HDJ -->
			and p.card_type='HDJ'
		</isEqual>
    	<!-- 子账户显示选定部门下的卡信息 -->
	    <isEqual property="rightType" compareValue="2">
			 and exists (select 1  from pro_asset b where p.msisdn=b.msisdn and b.dept_id in (<include refid="findDeptIdsByUserRights"/>))
	    </isEqual>
		<isNotEmpty property="msisdnOrSim" prepend="and">
			(p.msisdn like #msisdnOrSim#||'%'
			or iccid like #msisdnOrSim#||'%'
			or imei like #msisdnOrSim#||'%'
			or imsi like #msisdnOrSim#||'%')
		</isNotEmpty>
		<isNotEmpty prepend="and" property="lifecycle">
			p.LIFE_CYCLE=#lifecycle#
		</isNotEmpty>

		<isNotEmpty prepend="and" property="pkgCode">
			exists (
			<include refid="FlowQueryFindByPkg" />
			)
		</isNotEmpty>
		<isNotEqual property="mainType" compareValue="6">
			<isNotEmpty prepend="and" property="apnName">
				exists (
				<include refid="findByApn" />
				)
			</isNotEmpty>		
		</isNotEqual>
		 <isNotEmpty prepend="and" property="openStartDate">
			p.OPEN_TIME <![CDATA[ >= ]]> to_date(#openStartDate#, 'yyyy-mm-dd HH24:MI:SS')
       	</isNotEmpty>
       	<isNotEmpty prepend="and" property="openEndDate">
       		p.OPEN_TIME <![CDATA[ <= ]]> to_date(#openEndDate#, 'yyyy-mm-dd HH24:MI:SS')
       	</isNotEmpty>
       	<isNotEmpty prepend="and" property="actiStartDate">
       		p.ACTIVATE_DATE <![CDATA[ >= ]]> to_date(#actiStartDate#, 'yyyy-mm-dd HH24:MI:SS')
       	</isNotEmpty>
       	<isNotEmpty prepend="and" property="actiEndDate">
       		p.ACTIVATE_DATE <![CDATA[ <= ]]> to_date(#actiEndDate#, 'yyyy-mm-dd HH24:MI:SS')
       	</isNotEmpty>
       	<include refid="pageSqlEnd"/>
	</select>
	
	<select id="queryMsisdnMainTypeCount" resultClass="java.lang.Long">
		select count(1) from(select /*+index(p,<include refid="findByIndex"/>)*/ p.MSISDN,p.state 
		from <include refid="queryMsisdn_1"/> p 
		where p.ec_code=#ecCode#
		<isEqual property="mainType" compareValue="4"><!-- 和对讲HDJ -->
			and p.card_type='HDJ'
		</isEqual>
    	<!-- 子账户显示选定部门下的卡信息 -->
	    <isEqual property="rightType" compareValue="2">
			 and exists (select 1  from pro_asset b where p.msisdn=b.msisdn and b.dept_id in (<include refid="findDeptIdsByUserRights"/>))
	    </isEqual>
		<isNotEmpty property="msisdnOrSim" prepend="and">
			(p.msisdn like #msisdnOrSim#||'%'
			or iccid like #msisdnOrSim#||'%'
			or imei like #msisdnOrSim#||'%'
			or imsi like #msisdnOrSim#||'%')
		</isNotEmpty>
		<isNotEmpty prepend="and" property="lifecycle">
			p.LIFE_CYCLE=#lifecycle#
		</isNotEmpty>

		<isNotEmpty prepend="and" property="pkgCode">
			exists (
			<include refid="FlowQueryFindByPkg" />
			)
		</isNotEmpty>
		<isNotEqual property="mainType" compareValue="6">
			<isNotEmpty prepend="and" property="apnName">
				exists (
				<include refid="findByApn" />
				)
			</isNotEmpty>		
		</isNotEqual>
		 <isNotEmpty prepend="and" property="openStartDate">
			p.OPEN_TIME <![CDATA[ >= ]]> to_date(#openStartDate#, 'yyyy-mm-dd HH24:MI:SS')
       	</isNotEmpty>
       	<isNotEmpty prepend="and" property="openEndDate">
       		p.OPEN_TIME <![CDATA[ <= ]]> to_date(#openEndDate#, 'yyyy-mm-dd HH24:MI:SS')
       	</isNotEmpty>
       	<isNotEmpty prepend="and" property="actiStartDate">
       		p.ACTIVATE_DATE <![CDATA[ >= ]]> to_date(#actiStartDate#, 'yyyy-mm-dd HH24:MI:SS')
       	</isNotEmpty>
       	<isNotEmpty prepend="and" property="actiEndDate">
       		p.ACTIVATE_DATE <![CDATA[ <= ]]> to_date(#actiEndDate#, 'yyyy-mm-dd HH24:MI:SS')
       	</isNotEmpty>
       	) t
   		where t.state = 'ENABLED'
	</select>
	
	<!-- <select id="msisdnApnCount" resultClass="java.lang.Integer">
		select count(1) from m2m_apn_info where 
		msisdn=#msisdn#
		
	</select> -->
	
	<select id="queryEcCodeBymsisdn" resultClass="java.lang.String">
		select ec_code
        from <include refid="queryMsisdn_1"/> p
        where p.state='ENABLED'
        <isNotEmpty prepend="and" property="msisdn">
			 p.msisdn = #msisdn#
		</isNotEmpty>
		<isEqual property="mainType" compareValue="4"><!-- 和对讲HDJ -->
			and p.card_type='HDJ'
		</isEqual>
	 	and rownum=1
	</select>
	
	<!-- 传入单个 加密号码 判断是否已实名 -->
	<select id="isRealName" resultClass="int">
		select count(1) from CONTACT_REALNAME_AUTH where msisdn = #encryptData# and REG_STATUS = '1'
	</select>
	
</sqlMap>