<?xml version="1.0" encoding="UTF-8"?>
<!DOCTYPE sqlMap PUBLIC "-//ibatis.apache.org//DTD SQL Map 2.0//EN" "http://ibatis.apache.org/dtd/sql-map-2.dtd">

<sqlMap>
	<select id="queryAllProduct" resultClass="java.util.HashMap"
		parameterClass="java.util.Map">
		select t.product_code as productCode, t.product_name as productName
		from product_suites t where t.state='ENABLED'
		<isNotEmpty property="type" prepend="and">
			t.type=#type#
		</isNotEmpty>
		<isNotEmpty property="codeList" prepend="and">
			<iterate conjunction="or" property="codeList" open="(" close=")">
 	      		t.product_code=#codeList[]#
       		</iterate>
		</isNotEmpty>
	</select>

	<select id="queryPackageByProduct" resultClass="java.util.HashMap"
		parameterClass="java.util.Map">
		select package_code as pkgCode,package_name as pkgName
		from atomic_products where BUS_CATEGORY='FLOW'
		and state='ENABLED'
		and (is_default = '1' or CAN_HANDLE = '1')
		and
		package_code in (
		select t.package_code from service_pkg t where
		t.product_code=#productCode#
		)
		union
		select DISTINCT a.package_code as pkgCode,      
		a.package_name as pkgName      
		from atomic_products a
		where 1 = 1      
		and a.PKG_CATEGORY = 'PKG_CAT_BUSINESS'     
		and a.BUS_CATEGORY = 'FLOW'     
		and a.state = 'ENABLED'     
		and a.CAN_HANDLE = '1'  
		and a.package_code in (
			select package_code from ec_package_rel
				 where relationship = 'black' and ec_code = #ecCode#)
		
	</select>

	<sql id="queryRoamingPackageQuery">
		
		
		with tmp as
        (
		    <isNotEmpty property="mainType">
				<isNotEqual property="mainType" compareValue="6"><!-- 非9105 -->
					 select /*+index(mp,<include refid="findByIndex"/>)*/ msisdn,iccid,LIFE_CYCLE,OPEN_TIME,ACTIVATE_DATE 
					 from <include refid="queryMsisdn_1"/> mp where MP.EC_CODE = #ecCode#
		    		AND MP.STATE = 'ENABLED'
				</isNotEqual>
				<isEqual property="mainType" compareValue="6"><!-- 9105 -->
					 select /*+index(mp,<include refid="findByIndex"/>)*/ msisdn,max(iccid) iccid,
					 max(LIFE_CYCLE) LIFE_CYCLE,
					 max(OPEN_TIME) OPEN_TIME,
					 max(ACTIVATE_DATE) ACTIVATE_DATE 
					 from <include refid="queryMsisdn_1"/> mp where MP.EC_CODE = #ecCode#
		    		AND MP.STATE = 'ENABLED'
					 group by msisdn
				</isEqual>
			</isNotEmpty>
		        )
		SELECT /*+index(MG,<include refid="findByPkgOtherIndex"/>)*/ MG.MSISDN as msisdn, tmp.iccid,
		      MG.PACKAGE_CODE as pkgCode, 
		      AP.PACKAGE_NAME as pkgName, 
		      MG.START_DATE as startDate,  
		      MG.END_DATE as endDate, 
		      MG.SUBSPRODID as subsprodId,
		      (case MG.state when 'ENABLED' then '有效' else '失效' end) state,
		      (case tmp.LIFE_CYCLE
		      when 'TEST' then
		      '测试期'
		      when 'SILENT' then
		      '沉默期'
		      when 'STOCK' then
		      '库存期'
		      when 'NORMAL' then
		      '正使用'
		      when 'STOP' then
		      '停机'
		      when 'PRECLOSE' then
		      '预约销户'
		      when 'CANCEL' then
		      '销户'
		      when 'OTHERS' then
		      '其他'
		      else
		      '-'
		      end) as runCode
		    FROM tmp,ATOMIC_PRODUCTS ap, <include refid="queryPKG_1"/>  MG
		    WHERE mg.MSISDN = tmp.MSISDN 
		    AND MG.PACKAGE_CODE IN ( <!-- 查出附加产品包下的原子产品 -->
				SELECT PACKAGE_CODE FROM SERVICE_PKG
				WHERE PRODUCT_CODE IN (<iterate conjunction="," property="defaultList">
	       			#defaultList[]#
	       		</iterate>)
			)    
		    and MG.STATE = 'ENABLED'
		    and MG.PACKAGE_CODE=AP.PACKAGE_CODE(+)
		    <!-- 账号权限 -->
		     <isEqual property="rightType" compareValue="2">
	        	and exists (select 1  from pro_asset b where tmp.msisdn=b.msisdn and b.dept_id in (<include refid="findDeptIdsByUserRights"/>))
		   	 </isEqual>
			<!-- 号码 -->
			 <isNotEmpty prepend="and" property="msisdnAndSoOn">
					tmp.msisdn LIKE '%'||#msisdnAndSoOn#||'%'
			 </isNotEmpty>
			<!-- 生命周期 -->
			<isNotEmpty prepend="and" property="lifecycle">
				 tmp.LIFE_CYCLE = #lifecycle#
			</isNotEmpty>
			<!-- 开户时间 -->
			<isNotEmpty prepend="and" property="openTimeStart">
   				tmp.OPEN_TIME <![CDATA[ >= ]]> to_date(#openTimeStart#, 'yyyy-MM-dd HH24:mi:ss')
	       	</isNotEmpty>
	       	<isNotEmpty prepend="and" property="openTimeEnd">
	       		tmp.OPEN_TIME <![CDATA[ <= ]]> to_date(#openTimeEnd#, 'yyyy-MM-dd HH24:mi:ss')
	       	</isNotEmpty>
	       	<!-- 激活时间 -->
	       	<isNotEmpty prepend="and" property="activateDateStart">
	       		tmp.ACTIVATE_DATE <![CDATA[ >= ]]> to_date(#activateDateStart#, 'yyyy-MM-dd HH24:mi:ss')
	       	</isNotEmpty>
	       	<isNotEmpty prepend="and" property="activateDateEnd">
	       		tmp.ACTIVATE_DATE <![CDATA[ <= ]]> to_date(#activateDateEnd#, 'yyyy-MM-dd HH24:mi:ss')
	       	</isNotEmpty>
	       	<isNotEmpty prepend="and" property="packageState">
	       		<isEqual property="packageState" compareValue="1">
	       			MG.state = 'ENABLED'
	       		</isEqual>
	       		<isEqual property="packageState" compareValue="0">
	       			MG.state = 'DISABLED'
	       		</isEqual>
	       	</isNotEmpty>
			<isNotEmpty prepend="and" property="channel">
				exists (
					select 1
					from <include refid="queryFUNC_1"/> mai
					where mai.state='ENABLED'
					AND mai.start_date <![CDATA[<= ]]>SYSDATE
					AND mai.end_date >= SYSDATE
					and mai.msisdn=tmp.msisdn
					and mai.APN_NAME = #channel#
				)
			</isNotEmpty>
			<!-- 套餐编号 -->
			<isNotEmpty prepend="and" property="pkgCode">
				MG.PACKAGE_CODE = #pkgCode#
			</isNotEmpty>
			<!-- 产品包 -->
			<isEmpty prepend="and" property="pkgCode">
				<isNotEmpty prepend="and" property="productCode">
					MG.package_code in  (select spk.package_code
                           from service_pkg spk
                          where spk.product_code = #productCode# )
		       	</isNotEmpty>
			</isEmpty>
			
		
		<!-- 
		
		SELECT MP.MSISDN msisdn,
		       mp.run_code runCode,
		       mg.PACKAGE_CODE pkgCode,
		       mg.SUBSPRODID as subsprodId,
		       ap.package_name pkgName,
		       mg.START_DATE startDate,
		       mg.END_DATE endDate,
		       (case mg.state when 'ENABLED' then '有效' else '失效' end) state
		  FROM <include refid="queryPKG_1"/> mg,
		       atomic_products ap,
		       (select msisdn, 
                  max(life_cycle) as run_code
		          from <include refid="queryMsisdn_1"/> p
		         where p.state = 'ENABLED'
		           and p.ec_code = #ecCode#
	           	 <isEqual property="rightType" compareValue="2">
	        		and exists (select 1  from pro_asset b where p.msisdn=b.msisdn and b.dept_id in (<include refid="findDeptIdsByUserRights"/>))
			   	 </isEqual>
			   	 <isNotEmpty prepend="and" property="msisdnAndSoOn" open="(" close=")">
						p.msisdn = #msisdnAndSoOn#
		                 or p.iccid = #msisdnAndSoOn#
		                 or p.imei = #msisdnAndSoOn#
		                 or p.imsi = #msisdnAndSoOn#
				 </isNotEmpty>
			 	<isNotEmpty prepend="and" property="openTimeStart">
       				p.OPEN_TIME <![CDATA[ >= ]]> to_date(#openTimeStart#, 'yyyy-mm-dd HH24:MI:SS')
		       	</isNotEmpty>
		       	<isNotEmpty prepend="and" property="openTimeEnd">
		       		p.OPEN_TIME <![CDATA[ <= ]]> to_date(#openTimeEnd#, 'yyyy-mm-dd HH24:MI:SS')
		       	</isNotEmpty>
		       	<isNotEmpty prepend="and" property="activateDateStart">
		       		p.ACTIVATE_DATE <![CDATA[ >= ]]> to_date(#activateDateStart#, 'yyyy-mm-dd HH24:MI:SS')
		       	</isNotEmpty>
		       	<isNotEmpty prepend="and" property="activateDateEnd">
		       		p.ACTIVATE_DATE <![CDATA[ <= ]]> to_date(#activateDateEnd#, 'yyyy-mm-dd HH24:MI:SS')
		       	</isNotEmpty>
	   	 		<isNotEmpty prepend="and" property="lifecycle">
					p.life_cycle=#lifecycle#
		    	</isNotEmpty>
		         group by msisdn) mp
		 WHERE mg.msisdn = mp.msisdn
		   and mg.PACKAGE_CODE = ap.PACKAGE_CODE
		   and ap.STATE = 'ENABLED'
		   and ap.VISIBLE = '1'
		   and ap.PKG_CATEGORY = 'PKG_CAT_BUSINESS'
		   and ap.BUS_CATEGORY = 'FLOW'
		   and mg.ec_code = #ecCode#
		<isNotEmpty prepend="and" property="channel">
				exists (
					select 1
					from <include refid="queryFUNC_1"/> mai
					where mai.state='ENABLED'
					AND mai.start_date <![CDATA[<= ]]>SYSDATE
					AND mai.end_date >= SYSDATE
					and mai.ec_code = #ecCode#
					and mai.msisdn=mp.msisdn
					and mai.PACKAGE_CODE=mg.PACKAGE_CODE
					and mai.APN_NAME = #channel#
				)
			</isNotEmpty>
		<isNotEmpty prepend="and" property="pkgCode">
			mg.package_code = #pkgCode#
		</isNotEmpty>
       	<isNotEmpty prepend="and" property="defaultList">
       		mg.package_code in
                        (select spk.package_code
                           from service_pkg spk
                          where spk.product_code in
                           (<iterate conjunction="," property="defaultList">
	       						#defaultList[]#
	       					</iterate>))
       	</isNotEmpty>
       	<isNotEmpty prepend="and" property="productCode">
			mg.package_code in  (select spk.package_code
                           from service_pkg spk
                          where spk.product_code = #productCode# )
       	</isNotEmpty>
       	<isNotEmpty prepend="and" property="packageState">
       		<isEqual property="packageState" compareValue="1">
       			mg.state = 'ENABLED'
       		</isEqual>
       		<isEqual property="packageState" compareValue="0">
       			mg.state = 'DISABLED'
       		</isEqual>
       	</isNotEmpty> -->
	</sql>
	
	<select id="queryRoamingPackageQueryList" parameterClass="java.util.Map" resultClass="com.lenovo.iotpro3.vo.tariff.PackageQueryVo">
		select sub.msisdn,sub.iccid,
		sub.pkgCode,
		sub.pkgName,
		sub.subsprodId,
		sub.startDate,
		sub.endDate,
		sub.state,
		sub.runCode

		from(
		<include refid="pageSqlStart" />
		<include refid="queryRoamingPackageQuery"/>
		<include refid="pageSqlEnd" />
		)sub
	</select>
	
	<select id="queryRoamingPackageQueryCount" parameterClass="java.util.Map" resultClass="java.lang.Long">
		select count(1)
		from (
			<include refid="queryRoamingPackageQuery"/>
		)
	</select>
	
</sqlMap>