<?xml version="1.0" encoding="UTF-8"?>
<!DOCTYPE sqlMap PUBLIC "-//ibatis.apache.org//DTD SQL Map 2.0//EN" "http://ibatis.apache.org/dtd/sql-map-2.dtd">

<sqlMap>
	
	
	<select id="roamCount"  resultClass="java.lang.Long">  
		select count(msisdn)
		  from <include refid="findMsisdnByTablePartion"/> mp
		 where ec_code = #ecCode#
		   and state = 'ENABLED'
		   and exists (select msisdn
		          FROM <include refid="findPkgByTablePartion"/> mg, service_pkg nn
		         where mg.state = 'ENABLED'
		           and mg.PACKAGE_CODE = nn.PACKAGE_CODE
		           and nn.PRODUCT_CODE in
		               ('I00010100400', 'I00010100410', 'I00010100430')
		           and mg.end_date <![CDATA[ >= ]]> sysdate
		           and mg.start_date <![CDATA[ <= ]]> sysdate
		           and mp.msisdn = mg.msisdn)

        <!--  select/*+index(mg,<include refid="findByPriPkg"/>)*/ count(distinct msisdn)
		  FROM  <include refid="findPkgByTablePartion"/> mg,service_pkg nn
		 where 
		  mg.msisdn in (select mp.msisdn from <include refid="findMsisdnByTablePartion"/>  mp where  ec_code=#ecCode# and state='ENABLED')
			and mg.state = 'ENABLED'
		  and mg.PACKAGE_CODE=nn.PACKAGE_CODE
		  and nn.PRODUCT_CODE in('I00010100400', 'I00010100410', 'I00010100430')
		  and mg.end_date <![CDATA[ >= ]]> sysdate
		  and mg.start_date <![CDATA[ <= ]]> sysdate -->
         
        <!--  select count(msisdn)
			FROM <include refid="findPkgByTablePartion"/>mg
			where mg.state='ENABLED' 
			and mg.start_date <![CDATA[ <= ]]> sysdate
			and mg.end_date <![CDATA[ >= ]]> sysdate
			and mg.PACKAGE_CODE in ( select PACKAGE_CODE from service_pkg where PRODUCT_CODE in ('I00010100400','I00010100410','I00010100430'))
         	<isNotEmpty prepend="and" property="ecCode">
               mg.msisdn in (select mp.msisdn from   <include refid="findMsisdnByTablePartion"/>  mp where STATE = 'ENABLED' and  ec_code=#ecCode# )
           	</isNotEmpty> -->
         
        <!--  select
       	 	count(ms.msisdn)      
         from <include refid="queryAPNTableName"/>  ms
         where 1 = 1 and STATE = 'ENABLED'
          	and ms.start_time <![CDATA[ <= ]]> sysdate
		   	and ms.end_time <![CDATA[ >=  ]]>sysdate
		   	and ms.package_code='I00010100421'
           <isNotEmpty prepend="and" property="ecCode">
               ms.msisdn in (select mp.msisdn from   <include refid="findMsisdnByTablePartion"/>  m2m_person mp where STATE = 'ENABLED' and  ec_code=#ecCode# )
           </isNotEmpty>
           <isNotEmpty prepend="and" property="defaultList" open="(" close=")">
       		exists ( select 1 
			FROM <include refid="findPkgByTablePartion"/>M2M_GRPMEM PARTITION(M2M_GRPMEM_PARTITION$part$) mg
			where mg.state='ENABLED' 
			and mg.ec_code=#ecCode#
			and mg.start_date <![CDATA[ <= ]]> sysdate
			and mg.end_date <![CDATA[ >= ]]> sysdate
			and mg.msisdn=ms.msisdn
			and mg.PACKAGE_CODE in ( select PACKAGE_CODE from service_pkg where PRODUCT_CODE in ('I00010100400','I00010100410','I00010100430'))
			<iterate conjunction="or" property="defaultList" open="(" close=")">
       			mg.PACKAGE_CODE = #defaultList[]#
       		</iterate>
			) 
			or 
			exists(
			    select 1
			    from M2M_PER_PKG mp 
			    where mp.state='ENABLED' 
			    and mp.start_date <![CDATA[ <= ]]> sysdate
			    and mp.end_date <![CDATA[ >= ]]> sysdate
			    and mp.msisdn=ms.msisdn
			    and mp.package_code in (
			        select spk.package_code from service_pkg spk 
			                where
			                <iterate conjunction="or" property="defaultList" open="(" close=")">
				       			spk.product_code = #defaultList[]#
				       		</iterate>
			    )
			) 
       	</isNotEmpty>-->
    </select>
    
    <select id="twoLandCount"  resultClass="java.lang.Long">  
    	 SELECT /*+index(mg,<include refid="findByPriPkg"/>)*/ count(distinct mp.msisdn)
			  FROM <include refid="findPkgByTablePartion"/> mpp
			  LEFT JOIN <include refid="findMsisdnByTablePartion"/> mp
			    ON mp.msisdn = mpp.msisdn <!-- and mpp.ec_code = mp.ec_code -->
			 WHERE mpp.state = 'ENABLED'
			 AND mp.state = 'ENABLED'
			   AND mpp.start_date <![CDATA[ <= ]]> SYSDATE
			   AND mpp.end_date <![CDATA[ >= ]]> SYSDATE
			   AND mp.ec_code =#ecCode#
			   AND exists (SELECT 1
	          FROM service_pkg spk
	         WHERE spk.product_code = 'I00010100500'
           and spk.package_code = mpp.package_code)
    
         
         <!--旧： select/*+index(mg,<include refid="findByPriPkg"/>)*/ count(distinct msisdn)
		  FROM  <include refid="findPkgByTablePartion"/> mg,service_pkg nn
		 where 
		  mg.msisdn in (select mp.msisdn from <include refid="findMsisdnByTablePartion"/>  mp where  ec_code=#ecCode# and state='ENABLED')
			and mg.state = 'ENABLED'
		  and mg.PACKAGE_CODE=nn.PACKAGE_CODE
		  and nn.PRODUCT_CODE in('I00010100500')
		  and mg.end_date <![CDATA[ >= ]]> sysdate
		  and mg.start_date <![CDATA[ <= ]]> sysdate -->
         
    </select>
	
	
	<sql id="queryRoamingFunction">
		with tmp as
        (
        	<isNotEmpty property="mainType">
				<isNotEqual property="mainType" compareValue="6"><!-- 非9105 -->
					select /*+index(mp,<include refid="findByIndex"/>)*/ msisdn,LIFE_CYCLE,iccid,imsi,imei,open_time,ACTIVATE_DATE
				        from <include refid="queryMsisdn_1"/> mp where MP.EC_CODE = #ecCode#
				    AND MP.STATE = 'ENABLED'
				</isNotEqual>
				<isEqual property="mainType" compareValue="6"><!-- 9105 -->
					 select /*+index(mp,<include refid="findByIndex"/>)*/ msisdn,
					 max(LIFE_CYCLE) LIFE_CYCLE,
					 max(iccid) iccid,
		                max(imsi) imsi,
		                max(imei) imei,
		                max(open_time) open_time,
		                max(ACTIVATE_DATE) ACTIVATE_DATE
				        from <include refid="queryMsisdn_1"/> mp where MP.EC_CODE = #ecCode#
				    AND MP.STATE = 'ENABLED'
				    group by msisdn
				</isEqual>
			</isNotEmpty>	
		 )
		SELECT /*+index(MG,<include refid="findByPkgOtherIndex"/>)*/ tmp.MSISDN as msisdn, 
		     tmp.iccid,
		     tmp.imsi,
		     tmp.imei,
		     to_char(tmp.open_time, 'yyyy-mm-dd HH24:MI:SS') as openTime,
		      (case tmp.LIFE_CYCLE
		      when 'TEST' then
		      '测试期'
		      when 'SILENT' then
		      '沉默期'
		      when 'STOCK' then
		      '库存期'
		      when 'NORMAL' then
		      '正使用'
		      when 'STOP' then
		      '停机'
		      when 'PRECLOSE' then
		      '预约销户'
		      when 'CANCEL' then
		      '销户'
		      when 'OTHERS' then
		      '其他'
		      else
		      '-'
		      end) as runCode,
		      (
                SELECT
                    tm.status
                FROM
                    <include refid="queryAPN_1"/> tm
                WHERE
                    tm.state = 'ENABLED'
                AND tm.package_code='I00010100421'
                AND tm.msisdn = tmp.msisdn
              ) state,
		      (select wm_concat(mai.package_code||'|'||apnS.status||'-'||mai.apn_name)
                        as pkgInfo
                        from <include refid="queryFUNC_1"/>  mai
                        left join  <include refid="queryAPN_1"/> apnS on mai.msisdn = apnS.msisdn and apnS.package_code = mai.package_code
                        where mai.msisdn=tmp.msisdn
                        and mai.state='ENABLED'
                        AND mai.start_date <![CDATA[ <= ]]> SYSDATE
                        AND mai.end_date >= SYSDATE
                        and mai.package_code in
                        ('I00010100035','I00010100085','I00010100092','I00010100093','PCRF00010100085','PCRF00010100093')
               ) as returnStr,
               (select max(s9.status)
	            from  <include refid="querySMS_1"/> s9
	            where s9.state = 'ENABLED'
	               and s9.msisdn=tmp.msisdn group by s9.msisdn
               ) as smsState
		    FROM tmp
		    WHERE 1=1
		    <isNotEmpty prepend="and" property="msisdnAndSoOn" >
				(tmp.msisdn like '%'||#msisdnAndSoOn#||'%'
	            or tmp.iccid like '%'||#msisdnAndSoOn#||'%'
	            or tmp.imei like '%'||#msisdnAndSoOn#||'%'
	            or tmp.imsi like '%'||#msisdnAndSoOn#||'%')
			</isNotEmpty>
			<isNotEmpty prepend="and" property="channel">
				exists (
					select 1
					from <include refid="queryFUNC_1"/> mai
					where mai.state='ENABLED'
					and mai.start_date <![CDATA[ <= ]]> sysdate
					and mai.end_date >= sysdate
					and mai.msisdn=tmp.msisdn
					and mai.APN_NAME = #channel#
				)
			</isNotEmpty>
		<isNotEmpty prepend="and" property="productCode">
			tmp.msisdn in (
                     select mg.msisdn
                      from <include refid="queryPKG_1"/> mg
                     where mg.state = 'ENABLED'
                     	and mg.msisdn in (select msisdn from <include refid="queryMsisdn_1"/> where ec_code = #ecCode# and state = 'ENABLED')
                       <isNotEmpty prepend="and" property="pkgCode">
                       	mg.package_code = #pkgCode#
                       </isNotEmpty>
                       <isEmpty prepend="and" property="pkgCode">
                        mg.package_code in  (select spk.package_code
                           from service_pkg spk
                          where spk.product_code = #productCode# )
                       </isEmpty>
                     group by mg.msisdn)
		</isNotEmpty>
		 <isNotEmpty prepend="and" property="lifecycle">
		 	tmp.LIFE_CYCLE=#lifecycle#
		 </isNotEmpty>
		 <isNotEmpty prepend="and" property="state">
	 		<isEqual property="state" compareValue="0">
	 			tmp.msisdn in (
	 				 SELECT
                    	tm.msisdn
	                FROM
	                    <include refid="queryAPN_1"/> tm
	                WHERE
	                    tm.state = 'ENABLED'
	                AND tm.package_code='I00010100421'
	                AND tm.status = '0'
	                AND tm.msisdn in (select msisdn from <include refid="queryMsisdn_1"/> where ec_code = #ecCode# and state = 'ENABLED')
	 			)
	 		</isEqual>
	 		<isEqual property="state" compareValue="1">
	 			tmp.msisdn in (
	 				 SELECT
                    	tm.msisdn
	                FROM
	                    <include refid="queryAPN_1"/> tm
	                WHERE
	                    tm.state = 'ENABLED'
	                AND tm.package_code='I00010100421'
	                AND tm.status != '0'
	                AND tm.msisdn in (select msisdn from <include refid="queryMsisdn_1"/> where ec_code = #ecCode# and state = 'ENABLED')
	 			)
	 		</isEqual>
		 </isNotEmpty>
		 <isEqual property="rightType" compareValue="2">
			and exists (select 1  from pro_asset b where tmp.msisdn=b.msisdn and b.dept_id in (<include refid="findDeptIdsByUserRights"/>))
	   	 </isEqual>
	 	 <isNotEmpty prepend="and" property="openTimeStart">
			tmp.OPEN_TIME <![CDATA[ >= ]]> to_date(#openTimeStart#, 'yyyy-mm-dd HH24:MI:SS')
       	</isNotEmpty>
       	<isNotEmpty prepend="and" property="openTimeEnd">
       		tmp.OPEN_TIME <![CDATA[ <= ]]> to_date(#openTimeEnd#, 'yyyy-mm-dd HH24:MI:SS')
       	</isNotEmpty>
       	<isNotEmpty prepend="and" property="activateDateStart">
       		tmp.ACTIVATE_DATE <![CDATA[ >= ]]> to_date(#activateDateStart#, 'yyyy-mm-dd HH24:MI:SS')
       	</isNotEmpty>
       	<isNotEmpty prepend="and" property="activateDateEnd">
       		tmp.ACTIVATE_DATE <![CDATA[ <= ]]> to_date(#activateDateEnd#, 'yyyy-mm-dd HH24:MI:SS')
       	</isNotEmpty>
       	<isNotEmpty prepend="and" property="defaultList" open="(" close=")">
       		exists ( select 1 
			FROM <include refid="queryPKG_1"/> mg
			where mg.state='ENABLED' 
			and mg.start_date <![CDATA[ <= ]]> sysdate
			and mg.end_date <![CDATA[ >= ]]> sysdate
			and mg.msisdn=tmp.msisdn
			and mg.package_code in
                        (select spk.package_code
                           from service_pkg spk
                          where spk.product_code in
                          (<iterate conjunction="," property="defaultList">
	       					#defaultList[]#
	       					</iterate>)
			)) 
       	</isNotEmpty>
		    
		<!-- select ms.msisdn,
		       ms.iccid,
		       ms.imsi,
		       ms.imei,
		       to_char(ms.open_time, 'yyyy-mm-dd HH24:MI:SS') as openTime,
		       decode(ms.LIFE_CYCLE,
		              'TEST',
		              '测试期',
		              'SILENT',
		              '沉默期',
		              'NORMAL',
		              '正使用',
		              'STOP',
		              '停机',
		              'PRECLOSE',
		              '预约销户',
		              'CANCEL',
		              '销户',
		              'STOCK',
		              '库存期',
		              'OTHERS',
		              '其他',
		              '-') as runCode,
		       k.state as state,
		       (
		        select wm_concat(mai.package_code||'|'||apnS.status||';'||mai.apn_name)
                        as pkgInfo
                        from <include refid="queryFUNC_1"/>  mai
                        left join  <include refid="queryAPN_1"/> apnS on mai.msisdn = apnS.msisdn and apnS.package_code = mai.package_code
                        where mai.msisdn=ms.msisdn
                        and mai.state='ENABLED'
                        AND mai.start_date <![CDATA[ <= ]]> SYSDATE
                        AND mai.end_date >= SYSDATE
                        and mai.package_code in
                        ('I00010100035','I00010100085','I00010100092','I00010100093','PCRF00010100085','PCRF00010100093')
		               ) as returnStr,
		           (select max(s9.status)
            from  <include refid="querySMS_1"/> s9
            where s9.state = 'ENABLED'
               and s9.msisdn=ms.msisdn group by s9.msisdn) as smsState
		  from (select tm.msisdn, tm.status as state
					  from <include refid="queryAPN_1"/> tm
					 where tm.state = 'ENABLED'
					   and tm.package_code='I00010100421') k,
		   (select t.msisdn,
		               max(t.iccid) iccid,
		               max(t.imsi) imsi,
		               max(t.imei) imei,
		               max(t.open_time) open_time,
		               max(t.ACTIVATE_DATE) ACTIVATE_DATE,
		               max(t.life_cycle) life_cycle
		          from <include refid="queryMsisdn_1"/> t
		         where t.ec_code = #ecCode#
		           and t.state = 'ENABLED'
		         group by t.msisdn) ms
		 	where 1=1 and k.msisdn = ms.msisdn
			<isNotEmpty prepend="and" property="msisdnAndSoOn" open="(" close=")">
				ms.msisdn = #msisdnAndSoOn#
	            or ms.iccid = #msisdnAndSoOn#
	            or ms.imei = #msisdnAndSoOn#
	            or ms.imsi = #msisdnAndSoOn#
			</isNotEmpty>
			<isNotEmpty prepend="and" property="channel">
				exists (
					select 1
					from <include refid="queryFUNC_1"/> mai
					where mai.state='ENABLED'
					and mai.start_date <![CDATA[ <= ]]> sysdate
					and mai.end_date >= sysdate
					and mai.msisdn=ms.msisdn
					and mai.APN_NAME = #channel#
				)
			</isNotEmpty>
		<isNotEmpty prepend="and" property="productCode">
			ms.msisdn in (
                     select mg.msisdn
                      from <include refid="queryPKG_1"/> mg
                     where mg.state = 'ENABLED'
                       and mg.start_date <![CDATA[ <= ]]> sysdate
                       and (mg.end_date <![CDATA[ >= ]]> sysdate or mg.end_date is null)
                       <isNotEmpty prepend="and" property="pkgCode">
                       	mg.package_code = #pkgCode#
                       </isNotEmpty>
                       <isEmpty prepend="and" property="pkgCode">
                        mg.package_code in  (select spk.package_code
                           from service_pkg spk
                          where spk.product_code = #productCode# )
                       </isEmpty>
                       and mg.ec_code = #ecCode#
                     group by mg.msisdn)
		</isNotEmpty>
		 <isNotEmpty prepend="and" property="lifecycle">
		 	ms.LIFE_CYCLE=#lifecycle#
		 </isNotEmpty>
		 <isNotEmpty prepend="and" property="state">
	 		<isEqual property="state" compareValue="0">
	 			k.state = '0'
	 		</isEqual>
	 		<isEqual property="state" compareValue="1">
	 			k.state != '0'
	 		</isEqual>
		 </isNotEmpty>
		 <isEqual property="rightType" compareValue="2">
	        and exists (select 1  from pro_asset b where ms.msisdn=b.msisdn and b.dept_id in (<include refid="findDeptIdsByUserRights"/>))
	   	 </isEqual>
	 	 <isNotEmpty prepend="and" property="openTimeStart">
			ms.OPEN_TIME <![CDATA[ >= ]]> to_date(#openTimeStart#, 'yyyy-mm-dd HH24:MI:SS')
       	</isNotEmpty>
       	<isNotEmpty prepend="and" property="openTimeEnd">
       		ms.OPEN_TIME <![CDATA[ <= ]]> to_date(#openTimeEnd#, 'yyyy-mm-dd HH24:MI:SS')
       	</isNotEmpty>
       	<isNotEmpty prepend="and" property="activateDateStart">
       		ms.ACTIVATE_DATE <![CDATA[ >= ]]> to_date(#activateDateStart#, 'yyyy-mm-dd HH24:MI:SS')
       	</isNotEmpty>
       	<isNotEmpty prepend="and" property="activateDateEnd">
       		ms.ACTIVATE_DATE <![CDATA[ <= ]]> to_date(#activateDateEnd#, 'yyyy-mm-dd HH24:MI:SS')
       	</isNotEmpty>
       	<isNotEmpty prepend="and" property="defaultList" open="(" close=")">
       		exists ( select 1 
			FROM <include refid="queryPKG_1"/> mg
			where mg.state='ENABLED' 
			and mg.ec_code=#ecCode#
			and mg.start_date <![CDATA[ <= ]]> sysdate
			and mg.end_date <![CDATA[ >= ]]> sysdate
			and mg.msisdn=ms.msisdn
			and mg.package_code in
                        (select spk.package_code
                           from service_pkg spk
                          where spk.product_code in
                          (<iterate conjunction="," property="defaultList">
	       					#defaultList[]#
	       					</iterate>)
                       ('I00010100400', 'I00010100410', 'I00010100430'))
			) 
       	</isNotEmpty> -->
	</sql>

	<select id="queryRoamingFunctionList" parameterClass="java.util.Map"
		resultClass="com.lenovo.iotpro3.vo.asset.RoamingFunctionVo">
		<include refid="pageSqlStart" />
		<include refid="queryRoamingFunction"/>
		<include refid="pageSqlEnd" />
	</select>

	<select id="queryRoamingFunctionCount" parameterClass="java.util.Map"
		resultClass="java.lang.Long">
		select count(*) from (
			with tmp as
        (
        	<isNotEmpty property="mainType">
				<isNotEqual property="mainType" compareValue="6"><!-- 非9105 -->
					select /*+index(mp,<include refid="findByIndex"/>)*/ msisdn,LIFE_CYCLE,iccid,imsi,imei,open_time,ACTIVATE_DATE
				        from <include refid="queryMsisdn_1"/> mp where MP.EC_CODE = #ecCode#
				    AND MP.STATE = 'ENABLED'
				</isNotEqual>
				<isEqual property="mainType" compareValue="6"><!-- 9105 -->
					 select /*+index(mp,<include refid="findByIndex"/>)*/ msisdn,
					 max(LIFE_CYCLE) LIFE_CYCLE,
					 max(iccid) iccid,
		                max(imsi) imsi,
		                max(imei) imei,
		                max(open_time) open_time,
		                max(ACTIVATE_DATE) ACTIVATE_DATE
				        from <include refid="queryMsisdn_1"/> mp where MP.EC_CODE = #ecCode#
				    AND MP.STATE = 'ENABLED'
				    group by msisdn
				</isEqual>
			</isNotEmpty>	
		        )
		SELECT /*+index(MG,<include refid="findByPkgOtherIndex"/>)*/ tmp.MSISDN as msisdn
		    FROM tmp
		    WHERE 1=1
		    <isNotEmpty prepend="and" property="msisdnAndSoOn" open="(" close=")">
				tmp.msisdn = #msisdnAndSoOn#
	            or tmp.iccid = #msisdnAndSoOn#
	            or tmp.imei = #msisdnAndSoOn#
	            or tmp.imsi = #msisdnAndSoOn#
			</isNotEmpty>
			<isNotEmpty prepend="and" property="channel">
				exists (
					select 1
					from <include refid="queryFUNC_1"/> mai
					where mai.state='ENABLED'
					and mai.start_date <![CDATA[ <= ]]> sysdate
					and mai.end_date >= sysdate
					and mai.msisdn=tmp.msisdn
					and mai.APN_NAME = #channel#
				)
			</isNotEmpty>
		<isNotEmpty prepend="and" property="productCode">
			tmp.msisdn in (
                     select mg.msisdn
                      from <include refid="queryPKG_1"/> mg
                     where mg.state = 'ENABLED'
                       and mg.start_date <![CDATA[ <= ]]> sysdate
                       and (mg.end_date <![CDATA[ >= ]]> sysdate or mg.end_date is null)
                       <isNotEmpty prepend="and" property="pkgCode">
                       	mg.package_code = #pkgCode#
                       </isNotEmpty>
                       <isEmpty prepend="and" property="pkgCode">
                        mg.package_code in  (select spk.package_code
                           from service_pkg spk
                          where spk.product_code = #productCode# )
                       </isEmpty>
                     group by mg.msisdn)
		</isNotEmpty>
		 <isNotEmpty prepend="and" property="lifecycle">
		 	tmp.LIFE_CYCLE=#lifecycle#
		 </isNotEmpty>
		 <isNotEmpty prepend="and" property="state">
	 		<isEqual property="state" compareValue="0">
	 			tmp.msisdn in (
	 				 SELECT
                    	tm.msisdn
	                FROM
	                    <include refid="queryAPN_1"/> tm
	                WHERE
	                    tm.state = 'ENABLED'
	                AND tm.package_code='I00010100421'
	                AND tm.status = '0'
	                AND tm.msisdn in (select msisdn from <include refid="queryMsisdn_1"/> where ec_code = #ecCode# and state = 'ENABLED')
	 			)
	 		</isEqual>
	 		<isEqual property="state" compareValue="1">
	 			tmp.msisdn in (
	 				 SELECT
                    	tm.msisdn
	                FROM
	                    <include refid="queryAPN_1"/> tm
	                WHERE
	                    tm.state = 'ENABLED'
	                AND tm.package_code='I00010100421'
	                AND tm.status != '0'
	                AND tm.msisdn in (select msisdn from <include refid="queryMsisdn_1"/> where ec_code = #ecCode# and state = 'ENABLED')
	 			)
	 		</isEqual>
		 </isNotEmpty>
		 <isEqual property="rightType" compareValue="2">
	       and exists (select 1  from pro_asset b where tmp.msisdn=b.msisdn and b.dept_id in (<include refid="findDeptIdsByUserRights"/>))
	   	 </isEqual>
	 	 <isNotEmpty prepend="and" property="openTimeStart">
			tmp.OPEN_TIME <![CDATA[ >= ]]> to_date(#openTimeStart#, 'yyyy-mm-dd HH24:MI:SS')
       	</isNotEmpty>
       	<isNotEmpty prepend="and" property="openTimeEnd">
       		tmp.OPEN_TIME <![CDATA[ <= ]]> to_date(#openTimeEnd#, 'yyyy-mm-dd HH24:MI:SS')
       	</isNotEmpty>
       	<isNotEmpty prepend="and" property="activateDateStart">
       		tmp.ACTIVATE_DATE <![CDATA[ >= ]]> to_date(#activateDateStart#, 'yyyy-mm-dd HH24:MI:SS')
       	</isNotEmpty>
       	<isNotEmpty prepend="and" property="activateDateEnd">
       		tmp.ACTIVATE_DATE <![CDATA[ <= ]]> to_date(#activateDateEnd#, 'yyyy-mm-dd HH24:MI:SS')
       	</isNotEmpty>
       	<isNotEmpty prepend="and" property="defaultList" open="(" close=")">
       		exists ( select 1 
			FROM <include refid="queryPKG_1"/> mg
			where mg.state='ENABLED' 
			and mg.start_date <![CDATA[ <= ]]> sysdate
			and mg.end_date <![CDATA[ >= ]]> sysdate
			and mg.msisdn=tmp.msisdn
			and mg.package_code in
                        (select spk.package_code
                           from service_pkg spk
                          where spk.product_code in
                          (<iterate conjunction="," property="defaultList">
	       					#defaultList[]#
	       					</iterate>)
			)) 
       	</isNotEmpty>
		)
	</select>

</sqlMap>