<?xml version="1.0" encoding="UTF-8"?>

<!DOCTYPE sqlMap
 PUBLIC "-//ibatis.apache.org//DTD SQL Map 2.0//EN"
 "http://ibatis.apache.org/dtd/sql-map-2.dtd">

<sqlMap>

<sql id="newUser">   

	  select distinct
	   	f.msisdn,
        f.product_code as prdCode,
        f.package_code as pkgCode, 
        mp.life_cycle as runCode, mp.iccid,
        <!-- (case
              when exists(select 1 from FLUX_POOL_MEM_SNAPSHOOT fm
                          where fm.msisdn = f.msisdn
                          and (fm.POOL_PACKAGE = 'I00010300040' or fm.POOL_PACKAGE = 'I00010300047')
                          and fm.ec_code = #ecCode#
                          and fm.product_code = #prdCode#
                          and stat_month = to_char(sysdate, 'yyyy-MM')
                          and trunc(sysdate, 'mm') > fm.START_DATE
              ) then '是'
              else '否'
        end) as isShareMem, -->
        '否' as isShareMem,
        f.EFF_DATE as startDate,
        f.package_channel channel,
        f.apn_name apnName
         from FLUX_POOL_MEM f
	<!-- left join (select fm.msisdn,fm.product_code,fm.stat_month,fm.ec_code
	from FLUX_POOL_MEM_SNAPSHOOT fm
	where (fm.POOL_PACKAGE = 'I00010300040' or fm.POOL_PACKAGE = 'I00010300047')
	and fm.ec_code = #ecCode#
	and fm.product_code = #prdCode#
	and stat_month=to_char(sysdate,'yyyy-MM')
	and trunc(sysdate, 'mm') > fm.START_DATE) s on f.ec_code=s.ec_code
	and f.msisdn = s.msisdn and f.product_code = s.product_code -->
	left join 
	<!-- 分表分库修改 -->
	<include refid="findMsisdnByTablePartion"/> 
	mp on mp.ec_code = f.ec_code and mp.msisdn = f.msisdn
	where f.ec_code =  #ecCode#
	<isEqual property="mainType" compareValue="4"><!-- 和对讲HDJ -->
		and mp.card_type='HDJ'
	</isEqual>
	and f.product_code = #prdCode#
	and f.eff_type = 0
	and f.END_DATE  <![CDATA[ > ]]> sysdate  
    and trunc(sysdate, 'mm')<![CDATA[ < ]]> decode(f.QUIT_DATE,null,sysdate,f.QUIT_DATE)
	<isNotEmpty prepend="and" property="msisdn">
		f.msisdn = #msisdn#
	</isNotEmpty>
	<isNotEmpty prepend="and" property="runCode">
		mp.life_cycle=#runCode#
	</isNotEmpty>
	<isNotEmpty prepend="and" property="pkgCode">
		f.PACKAGE_CODE = #pkgCode#
	</isNotEmpty>
	<isNotEmpty prepend="and" property="apnName">
		decode(f.apn_name,'0','APN',f.apn_name) = #apnName#
	</isNotEmpty>
	order by f.msisdn
     <!-- select   
        fm.product_code as prdCode,
        fm.package_code as pkgCode, 
        fm.msisdn,
        mp.life_cycle as runCode, 
        '否' as isShareMem,
        fm.EFF_DATE as startDate,
        fm.package_channel channel
        from 
        FLUX_POOL_MEM fm,M2M_PERSON  partition (M2M_PERSON_PARTITION$part$) mp
        where
        fm.msisdn = mp.msisdn
        and mp.state='ENABLED'
        and (fm.EFF_TYPE=0 or(fm.EFF_TYPE=1 and
        sysdate<![CDATA[ < ]]>add_months(to_date(decode(fm.QUIT_DATE,null,to_char(sysdate,'YYYY-MM'),to_char(fm.QUIT_DATE,'YYYY-MM'))||'-01','yyyy-mm-dd'),1)
        ))
        and fm.POOL_PACKAGE = 'I00010300040'   
        and fm.END_DATE >(SYSDATE-1)
        and to_char(fm.EFF_DATE,'yyyy-MM')<![CDATA[ = ]]>to_char(sysdate,'yyyy-MM')   
        改为当月新增号码 + 非当月且生命周期非normal号码  ： 
        and (to_char(fm.EFF_DATE,'yyyy-MM')<![CDATA[ >= ]]>to_char(sysdate,'yyyy-MM')   
            or exists (with TT as(SELECT MSISDN FROM M2M_PERSON WHERE LIFE_CYCLE !='NORMAL' and STATE='ENABLED')
                      select msisdn from TT where TT.MSISDN=fm.MSISDN)
        )       
        <include refid="memberQueryWhere"/> -->
    </sql>
    
    <sql id="poolUser">  
    
    select distinct fm.msisdn, fm.product_code prdCode,
        fm.package_code pkgCode, 
        mp.life_cycle as runCode,   mp.iccid,      
        '是' as isShareMem,
        fm.EFF_DATE startDate,
        fm.package_channel channel
        from FLUX_POOL_MEM_SNAPSHOOT fm,
        <!-- 分表分库修改 -->
		<include refid="findMsisdnByTablePartion"/> 
		<!-- 分表分库修改 -->
        mp
        where
        fm.msisdn = mp.msisdn
        and mp.state='ENABLED'
        <isEqual property="mainType" compareValue="4"><!-- 和对讲HDJ -->
			and mp.card_type='HDJ'
		</isEqual>
        and fm.POOL_PACKAGE in ('I00010300040','I00010300047','I00010101843','I00010101844','I00010111843','I00010111844','I00010700443','I00010700444','I00010100443','I00010100444')
        and fm.ec_code =  #ecCode#
		and fm.product_code = #prdCode#  
        and stat_month=to_char(sysdate,'yyyy-MM')
        and  trunc(sysdate, 'mm') > fm.START_DATE 
        <isNotEmpty prepend="and" property="msisdn">
            fm.msisdn = #msisdn# 
        </isNotEmpty> 
        <isNotEmpty prepend="and" property="runCode">
            mp.life_cycle=#runCode#
      	</isNotEmpty> 
      
   <!--  select   
        fm.product_code prdCode,
        fm.package_code pkgCode, 
        fm.msisdn,
        mp.life_cycle as runCode,         
        '是' as isShareMem,
        fm.EFF_DATE startDate,
        fm.package_channel channel
        from 
        FLUX_POOL_MEM_SNAPSHOOT fm,M2M_PERSON  partition (M2M_PERSON_PARTITION$part$) mp
        where
        fm.msisdn = mp.msisdn
        and mp.state='ENABLED'
        and fm.POOL_PACKAGE = 'I00010300040'   
        and fm.END_DATE >(SYSDATE-1)
        <include refid="memberQueryWhere"/>
        and stat_month=to_char(sysdate,'yyyy-MM') -->
    </sql>
    
    <sql id="newUserCount">   
     select   
       count(1) as count
        from 
        FLUX_POOL_MEM fm,
        <!-- 分表分库修改 -->
		<include refid="findMsisdnByTablePartion"/> 
		<!-- 分表分库修改 -->
        mp
        where
        fm.msisdn = mp.msisdn
        and mp.state='ENABLED'
        <isEqual property="mainType" compareValue="4"><!-- 和对讲HDJ -->
			and mp.card_type='HDJ'
		</isEqual>
        and (fm.EFF_TYPE=0 or(fm.EFF_TYPE=1 and
        sysdate<![CDATA[ < ]]>add_months(to_date(decode(fm.QUIT_DATE,null,to_char(sysdate,'YYYY-MM'),to_char(fm.QUIT_DATE,'YYYY-MM'))||'-01','yyyy-mm-dd'),1)
        ))
        and fm.POOL_PACKAGE in ('I00010300040','I00010300047','I00010101843','I00010101844','I00010111843','I00010111844','I00010700443','I00010700444','I00010100443','I00010100444') 
        and fm.END_DATE >(SYSDATE-1)
        <!-- and to_char(fm.EFF_DATE,'yyyy-MM')<![CDATA[ = ]]>to_char(sysdate,'yyyy-MM') --> 
        <!--改为当月新增号码 + 非当月且生命周期非normal号码  ：--> 
        and (to_char(fm.EFF_DATE,'yyyy-MM')<![CDATA[ >= ]]>to_char(sysdate,'yyyy-MM')   
            or exists (with TT as(SELECT MSISDN FROM 
            				<!-- 分表分库修改 -->
							<include refid="findMsisdnByTablePartion"/> 
							<!-- 分表分库修改 --> 
            			WHERE LIFE_CYCLE !='NORMAL' and STATE='ENABLED'
            			<isEqual property="mainType" compareValue="4"><!-- 和对讲HDJ -->
								and card_type='HDJ'
						</isEqual>
            			)
                      select msisdn from TT where TT.MSISDN=fm.MSISDN)
        )    
        <!-- <include refid="memberQueryWhere"/> -->
    
    </sql>
    
    <sql id="poolUserCount">    
    	
    	select count(DISTINCT fm.MSISDN) as count
        from FLUX_POOL_MEM_SNAPSHOOT fm,
        <!-- 分表分库修改 -->
		<include refid="findMsisdnByTablePartion"/> 
		<!-- 分表分库修改 -->
        mp
        where
        fm.msisdn = mp.msisdn
        <isEqual property="mainType" compareValue="4"><!-- 和对讲HDJ -->
			and mp.card_type='HDJ'
		</isEqual>
        <!-- 子账户显示选定部门下的卡信息 -->
	    <isEqual property="rightType" compareValue="2">
	         and exists (select 1  from pro_asset b where mp.msisdn=b.msisdn and b.dept_id in (<include refid="findDeptIdsByUserRights"/>))
	    </isEqual>
        and mp.state='ENABLED'
        and fm.POOL_PACKAGE in ('I00010300040','I00010300047','I00010101843','I00010101844','I00010111843','I00010111844','I00010700443','I00010700444','I00010100443','I00010100444') 
        and  fm.ec_code = #ecCode#
        and fm.product_code = #prdCode# 
        and stat_month=to_char(sysdate,'yyyy-MM')
        and  trunc(sysdate, 'mm') > fm.START_DATE
        <isNotEmpty prepend="and" property="msisdn">
            fm.msisdn = #msisdn# 
        </isNotEmpty> 
        <isNotEmpty prepend="and" property="runCode">
            mp.life_cycle=#runCode#
      	</isNotEmpty>  
    
       <!--  select   
        count(1) as count
        from 
        FLUX_POOL_MEM_SNAPSHOOT fm,M2M_PERSON  partition (M2M_PERSON_PARTITION$part$) mp
        where
        fm.msisdn = mp.msisdn
        and mp.state='ENABLED'
        and fm.POOL_PACKAGE = 'I00010300040'   
        and fm.END_DATE >(SYSDATE-1)
        <include refid="memberQueryWhere"/>
        and stat_month=to_char(sysdate,'yyyy-MM') -->
    
    </sql>
    
<!-- 
<sql id="memberQueryWhere">

        <isNotEmpty prepend="and" property="ecCode">
            fm.ec_code = #ecCode# 
        </isNotEmpty>
        <isNotEmpty prepend="and" property="mainType">
			<isEqual property="mainType" compareValue="1">车联网主体产品
				mp.msisdn in (
					select MSISDN from m2m_person where MAIN_PROD_CODE in ('AppendAttr.I00010800001','I00010800001')
					and STATE = 'ENABLED'
					 <isNotEmpty prepend="and" property="ecCode">
						ec_code = #ecCode#
					</isNotEmpty>
				)
			</isEqual>
			<isEqual property="mainType" compareValue="2">机器卡主体产品
				mp.msisdn in (
					select MSISDN from m2m_person where MAIN_PROD_CODE in ('AppendAttr.I00010300001','I00010300001')
					and STATE = 'ENABLED'
					 <isNotEmpty prepend="and" property="ecCode">
						ec_code = #ecCode#
					</isNotEmpty>
				)
			</isEqual>
			<isEqual property="mainType" compareValue="3">NB-IOT主体产品
				 mp.msisdn in (
					select MSISDN from m2m_person where MAIN_PROD_CODE in ('AppendAttr.I00011200001','I00011200001')
					and STATE = 'ENABLED'
					 <isNotEmpty prepend="and" property="ecCode">
						ec_code = #ecCode#
					</isNotEmpty>
				)
			</isEqual>
			<isEqual property="mainType" compareValue="4">和对讲
				 mp.msisdn in (
					select MSISDN from m2m_person where MAIN_PROD_CODE in ('AppendAttr.I00011000001','I00011000001')
					and STATE = 'ENABLED'
					 <isNotEmpty prepend="and" property="ecCode">
						ec_code = #ecCode#
					</isNotEmpty>
				)
			</isEqual>
			<isEqual property="mainType" compareValue="5">行车卫士
				mp.msisdn in (
					select MSISDN from m2m_person where MAIN_PROD_CODE in ('AppendAttr.I00011000001','I00011000001')
					and STATE = 'ENABLED'
					 <isNotEmpty prepend="and" property="ecCode">
						ec_code = #ecCode#
					</isNotEmpty>
				)
			</isEqual>
			<isEqual property="mainType" compareValue="6">9105
				 mp.msisdn in (
					select MSISDN from m2m_person where MAIN_PROD_CODE in ('AppendAttr.9105','9105')
					and STATE = 'ENABLED'
					 <isNotEmpty prepend="and" property="ecCode">
						ec_code = #ecCode#
					</isNotEmpty>
				)
			</isEqual>
		</isNotEmpty>
        
        子账户显示选定部门下的卡信息
        <isEqual property="rightType" compareValue="2">
	         and exists (select 1  from pro_asset b where fm.msisdn=b.msisdn and b.dept_id in (<include refid="findDeptIdsByUserRights"/>))
        </isEqual>  
        <isNotEmpty prepend="and" property="prdCode">
            fm.product_code = #prdCode# 
        </isNotEmpty>  
        <isNotEmpty prepend="and" property="pkgCode">
            fm.package_code = #pkgCode# 
        </isNotEmpty>    
        <isNotEmpty prepend="and" property="msisdn">
            fm.msisdn = #msisdn# 
        </isNotEmpty>  
        <isNotEmpty prepend="and" property="channel">
              fm.PACKAGE_CHANNEL = #channel#    
        </isNotEmpty>         
     <isNotEmpty prepend="and" property="runCode">
            mp.life_cycle=#runCode#
      </isNotEmpty>  

</sql> -->

<select id="shareInfo"  resultClass="com.lenovo.iotpro3.vo.asset.ShareInfoVo">

	<!-- select distinct pkg.product_code as prdCode,fp.PACKAGE_CODE as  pkgCode,NVL(fp.PACKAGE_CHANNEL,3) as  channel
	from pro_member_optional_pkg pkg left join 
	(select product_code,PACKAGE_CODE ,max(PACKAGE_CHANNEL) PACKAGE_CHANNEL from 
		FLUX_POOL_MEM where EFF_DATE <![CDATA[<= ]]> sysdate and POOL_PACKAGE in ('I00010300040','I00010300047')
		and EFF_TYPE = '0' 
		<isNotEmpty prepend="and" property="ecCode">
                     ec_code=#ecCode#
           </isNotEmpty>
	group by product_code,PACKAGE_CODE)
	fp 
	on pkg.product_code = fp.product_code
	where 1=1
	<isNotEmpty prepend="and" property="ecCode">
              pkg.ec_code=#ecCode#
    </isNotEmpty> -->

    select distinct pkg.product_code as prdCode
    from pro_member_optional_pkg pkg
    where 1=1 and pkg.package_code in
       ('I00010300040','I00010300047','I00010101843','I00010101844','I00010111843','I00010111844','I00010700443','I00010700444','I00010100443','I00010100444')  <!--40,47是共享池套餐 -->
    and pkg.state = 'ENABLED'
    <isNotEmpty prepend="and" property="ecCode">
        pkg.ec_code=#ecCode#
    </isNotEmpty>

	<!--select distinct pkg.product_code as prdCode,
       shares.pkgCode as  pkgCode,
       NVL(shares.channel,3) as  channel
	from pro_member_optional_pkg pkg left join
		(select prdCode,pkgCode,channel from((select product_code as prdCode,
               common_package_code as pkgCode,
               2 as channel
          from FLUX_POOL_MEM_SHARE
         where 1 = 1
           and common_package_code is not null
           <isNotEmpty prepend="and" property="ecCode">
                     ec_code=#ecCode#
           </isNotEmpty>
           and stat_month=to_char(sysdate,'yyyy-MM'))
        union all
        (select product_code as prdCode,
               special_package_code as pkgCode,
               1 as channel
          from FLUX_POOL_MEM_SHARE
         where 1 = 1
           and special_package_code is not null
           <isNotEmpty prepend="and" property="ecCode">
                     ec_code=#ecCode#
           </isNotEmpty>
           and stat_month=to_char(sysdate,'yyyy-MM')))) shares on pkg.product_code=shares.prdCode 
           where 1=1 and (pkg.package_code='I00010300040' or pkg.package_code='I00010300047') &lt;!&ndash; 40,47是共享池套餐 &ndash;&gt;
           and pkg.state = 'ENABLED'
           <isNotEmpty prepend="and" property="ecCode">
                     ec_code=#ecCode#
           </isNotEmpty>-->




    </select>



 <!-- 查询新增成员 -->
 <select id="shareNewMemCount"  resultClass="Long">    
        select       
        count(fm.msisdn)           
        from FLUX_POOL_MEM fm
        where fm.POOL_PACKAGE in ('I00010300040','I00010300047','I00010101843','I00010101844','I00010111843','I00010111844','I00010700443','I00010700444','I00010100443','I00010100444')
        and (fm.EFF_TYPE=0 or(fm.EFF_TYPE=1 and
		sysdate<![CDATA[ < ]]>add_months(to_date(decode(fm.QUIT_DATE,null,to_char(sysdate,'YYYY-MM'),to_char(fm.QUIT_DATE,'YYYY-MM'))||'-01','yyyy-mm-dd'),1)
		))
        and fm.END_DATE  <![CDATA[ > ]]>(SYSDATE-1)                      
        <!-- and to_char(fm.EFF_DATE,'yyyy-MM')<![CDATA[ = ]]>to_char(sysdate,'yyyy-MM')  -->
        <!--改为当月新增成员号码 + 非当月且生命周期非normal成员号码  ：--> 
        and (to_char(fm.EFF_DATE,'yyyy-MM')<![CDATA[ >= ]]>to_char(sysdate,'yyyy-MM')   
            or exists (with TT as(SELECT MSISDN FROM 
            			<!-- 分表分库修改 -->
						<include refid="findMsisdnByTablePartion"/> 
						<!-- 分表分库修改 -->
            			 WHERE LIFE_CYCLE !='NORMAL' and STATE='ENABLED'
            			 <isEqual property="mainType" compareValue="4"><!-- 和对讲HDJ -->
								and card_type='HDJ'
						</isEqual>
            			 )
                      select msisdn from TT where TT.MSISDN=fm.MSISDN)
        )
        <isNotEmpty prepend="and" property="ecCode">
             fm.ec_code=#ecCode#
       </isNotEmpty>
         <isNotEmpty prepend="and" property="prdCode">
             fm.product_code=#prdCode#
        </isNotEmpty>
         <isNotEmpty prepend="and" property="pkgCode">
            fm.package_code = #pkgCode# 
        </isNotEmpty>  
        <!-- <isNotEmpty prepend="and" property="channel">
              fm.PACKAGE_CHANNEL = #channel#    
        </isNotEmpty>   -->    
        and exists(select 1 from 
							<!-- 分表分库修改 -->
							<include refid="findMsisdnByTablePartion"/> 
							<!-- 分表分库修改 -->
							 mp 
                            where
                            fm.msisdn = mp.msisdn
                            <isEqual property="mainType" compareValue="4"><!-- 和对讲HDJ -->
									and mp.card_type='HDJ'
							</isEqual>
                            and mp.state='ENABLED')                      
        
        
    </select>
    
    
    <!-- 查询总流量等2 -->
    <select id="shareMoreInfo2" resultClass="com.lenovo.iotpro3.vo.asset.ShareInfoVo">  
        select #prdCode# as prdCode,
        (select sum(STREAM) from FLUX_POOL_MEM where ec_code = #ecCode#
			and product_code = #prdCode#
			and EFF_TYPE = '0'
			and POOL_PACKAGE in ('I00010300040','I00010300047','I00010101843','I00010101844','I00010111843','I00010111844','I00010700443','I00010700444','I00010100443','I00010100444')
			and EFF_DATE <![CDATA[<= ]]> sysdate) as totalFlow,
		(select count(distinct msisdn) as memCount from FLUX_POOL_MEM where ec_code = #ecCode#
			and product_code = #prdCode#
			and EFF_TYPE = '0'
			and POOL_PACKAGE in ('I00010300040','I00010300047','I00010101843','I00010101844','I00010111843','I00010111844','I00010700443','I00010700444','I00010100443','I00010100444')) as memCount,
		(select count(1) from PRO_MEMBER_OPTIONAL_PKG 
        where state='ENABLED' and product_code=#prdCode#
         <isNotEmpty prepend="and" property="channel">
            <isEqual property="channel" compareValue="1">
               package_code='prod.10086000006570' 
            </isEqual>
            <isEqual property="channel" compareValue="2">
              (package_code='prod.10086000006571' or package_code='prod.10086000007981')
            </isEqual>                   
        </isNotEmpty>) extpkg
        from dual
    </select>
    
    
    <select id="GetSharePkgName" resultClass="java.lang.String">  
    	select package_name from atomic_products where package_code = #pkgCode#
    </select>
    
    <!-- 查询总流量等 -->
    <select id="shareMoreInfo" resultClass="com.lenovo.iotpro3.vo.asset.ShareInfoVo">  
        <isEqual property="channel" compareValue="2">
        SELECT PRODUCT_CODE as prdCode,
        nvl(COMMON_TOTAL_STREAM,0) as totalFlow,    
        nvl(COMMON_COMP_MEMBER_COUNT,0) as memCount,
        (select package_name from atomic_products where package_code=COMMON_PACKAGE_CODE) pkgName
      <!-- 通过查接口  (select count(1) from PRO_MEMBER_OPTIONAL_PKG
        where state='ENABLED' and product_code=#prdCode#
         <isNotEmpty prepend="and" property="channel">
            <isEqual property="channel" compareValue="1">
               package_code='prod.10086000006570' 
            </isEqual>
            <isEqual property="channel" compareValue="2">
              (package_code='prod.10086000006571' or package_code='prod.10086000007981')
            </isEqual>                   
        </isNotEmpty>) extpkg-->
        FROM FLUX_POOL_MEM_SHARE fs WHERE 1=1        
         <isNotEmpty prepend="and" property="ecCode">
            ec_code=#ecCode#
         </isNotEmpty>
        <isNotEmpty prepend="and" property="prdCode">
            product_code = #prdCode#
        </isNotEmpty>      
         and stat_month=to_char(sysdate,'yyyy-MM')
        
        </isEqual>
       
        <isEqual property="channel" compareValue="1">
        SELECT PRODUCT_CODE as prdCode,
        nvl(SPECIAL_TOTAL_STREAM,0) as totalFlow,    
        nvl(SPECIAL_COMP_MEMBER_COUNT,0) as memCount,
        (select package_name from atomic_products where package_code=fs.SPECIAL_PACKAGE_CODE) pkgName
        <!--(select count(1) from PRO_MEMBER_OPTIONAL_PKG
             where state='ENABLED'
             and product_code=fs.PRODUCT_CODE
             and package_code='prod.10086000006570'
            ) extpkg -->
        FROM FLUX_POOL_MEM_SHARE fs WHERE 1=1        
         <isNotEmpty prepend="and" property="ecCode">
            ec_code=#ecCode#
         </isNotEmpty>
        <isNotEmpty prepend="and" property="prdCode">
            product_code = #prdCode#
        </isNotEmpty>      
         and stat_month=to_char(sysdate,'yyyy-MM')
        
        </isEqual>
    </select>

 
 <select id="queryShareMember" resultClass="com.lenovo.iotpro3.vo.asset.ShareMemQueryVo">
 
 select <!-- distinct --> sub.msisdn,sub.iccid,
 (case sub.runCode
		        when 'TEST' then
		             '测试期'
		        when 'SILENT' then
		             '沉默期'
		        when 'STOCK' then
		             '库存期'
		        when 'NORMAL' then
		             '正使用'
		        when 'STOP' then
		             '停机'
		        when 'PRECLOSE' then
		             '预约销户'
		        when 'CANCEL' then
		             '销户'
		        when 'OTHERS' then
		             '其他'
		        else
		             '-'
		        end) as runCode,
       sub.isShareMem,
       to_char(sub.startDate,'yyyy-MM-dd hh24:mi:ss') as startDate,
       <!-- (select nvl(wm_concat(mg.apn_name),'') apn_name from 
       <include refid="findPkgByTablePartion"/> mg,
       <include refid="findMsisdnByTablePartion"/>  ms
                where mg.msisdn = ms.msisdn and ms.state='ENABLED'
                and mg.state='ENABLED'
                and mg.msisdn=sub.msisdn
                and mg.package_code = sub.prdCode
                and ms.product_code = sub.pkgCode
                )as apnName -->
          sub.apnName apnName,
          sub.channel
       from(       
    <include refid="pageSqlStart"/>
       <!-- <isNotEmpty  property="isShareMem">
            <isEqual property="isShareMem" compareValue="1">
             <include refid="poolUser"/>
            </isEqual>
            <isEqual property="isShareMem" compareValue="0">
             <include refid="newUser"/>
            </isEqual>        
        </isNotEmpty> -->
        <isEmpty property="isShareMem">
        <include refid="newUser"/>
        <!-- union all
        <include refid="poolUser"/> -->       
        </isEmpty>        
      <include refid="pageSqlEnd"/>
      )sub where 1=1
      <!-- 子账户显示选定部门下的卡信息 -->
    <isEqual property="rightType" compareValue="2">
	     and exists (select 1  from pro_asset b where sub.msisdn=b.msisdn and b.dept_id in (<include refid="findDeptIdsByUserRights"/>))
    </isEqual>
 </select>
 
 <!-- 查询非组池成员 (池总成员数) -->
 <sql id="noPoolUserCount">

	select count(distinct f.msisdn) as count from FLUX_POOL_MEM f
	<!-- left join (select fm.msisdn,fm.product_code,fm.stat_month,fm.ec_code
	from FLUX_POOL_MEM_SNAPSHOOT fm
	where (fm.POOL_PACKAGE = 'I00010300040' or fm.POOL_PACKAGE = 'I00010300047')
	and fm.ec_code = #ecCode#
	and fm.product_code = #prdCode#
	and stat_month=to_char(sysdate,'yyyy-MM')
	and trunc(sysdate, 'mm') > fm.START_DATE) s on f.ec_code=s.ec_code
	and f.msisdn = s.msisdn and f.product_code = s.product_code -->
	<isNotEmpty prepend="" property="runCode">
	left join 
	<!-- 分表分库修改 -->
	<include refid="findMsisdnByTablePartion"/> 
	mp on mp.ec_code = f.ec_code and mp.msisdn = f.msisdn
	</isNotEmpty>
	where f.ec_code =  #ecCode#
	<isEqual property="mainType" compareValue="4"><!-- 和对讲HDJ -->
		and mp.card_type='HDJ'
	</isEqual>
      <!-- 子账户显示选定部门下的卡信息 -->
    <isEqual property="rightType" compareValue="2">
	     and exists (select 1  from pro_asset b where f.msisdn=b.msisdn and b.dept_id in (<include refid="findDeptIdsByUserRights"/>))
    </isEqual>
	and f.product_code = #prdCode#
	and f.eff_type = 0
	and f.END_DATE  <![CDATA[ > ]]> sysdate  
    and trunc(sysdate, 'mm')<![CDATA[ < ]]> decode(f.QUIT_DATE,null,sysdate,f.QUIT_DATE)
	<isNotEmpty prepend="and" property="msisdn">
		f.msisdn = #msisdn#
	</isNotEmpty>
	<isNotEmpty prepend="and" property="runCode">
		mp.life_cycle=#runCode#
	</isNotEmpty>
	<isNotEmpty prepend="and" property="pkgCode">
		f.PACKAGE_CODE = #pkgCode#
	</isNotEmpty>
	<isNotEmpty prepend="and" property="apnName">
		decode(f.apn_name,'0','APN',f.apn_name) = #apnName#
	</isNotEmpty>
	<!-- select count(1) from FLUX_POOL_MEM f
	left join FLUX_POOL_MEM_SNAPSHOOT s on f.ec_code=s.ec_code
	and f.msisdn = s.msisdn and f.product_code = s.product_code
	and s.stat_month=to_char(sysdate,'yyyy-MM')
	join m2m_person partition(M2M_PERSON_PARTITION$part$) mp on mp.ec_code =
	f.ec_code and mp.msisdn = f.msisdn
	where f.ec_code = #ecCode#
	and f.product_code = #prdCode#
	and f.eff_type = 0
	and s.msisdn is null -->
                            
                          
 </sql>
 
 <!-- 查询共享池下成员总数 -->
 <select id="querySharePoolMemCount" resultClass="java.lang.Long">
	select count(distinct pm.msisdn) from flux_pool_mem pm
	<!-- join m2m_person partition(M2M_PERSON_PARTITION$part$) mp on mp.ec_code = pm.ec_code
	and pm.msisdn = mp.msisdn -->
	where pm.ec_code = #ecCode#
	and pm.product_code = #prdCode#
	and pm.eff_type = 0
	and pm.POOL_PACKAGE in ('I00010300040','I00010300047','I00010101843','I00010101844','I00010111843','I00010111844','I00010700443','I00010700444','I00010100443','I00010100444')
	and pm.END_DATE  <![CDATA[ > ]]> sysdate  
    and trunc(sysdate, 'mm')<![CDATA[ < ]]> decode(pm.QUIT_DATE,null,sysdate,pm.QUIT_DATE)
	<isNotEmpty prepend="and" property="pkgCode">
		pm.PACKAGE_CODE = #pkgCode#
	</isNotEmpty>
	<isNotEmpty prepend="and" property="apnName">
		decode(pm.apn_name,'0','APN',pm.apn_name) = #apnName#
	</isNotEmpty>   
 </select>
 
  <select id="queryShareMemberCount" resultClass="java.lang.Long">
        <!-- <isNotEmpty  property="isShareMem">
            <isEqual property="isShareMem" compareValue="1">
             <include refid="poolUserCount"/>
            </isEqual>
            <isEqual property="isShareMem" compareValue="0">
             <include refid="newUserCount"/>
             <include refid="noPoolUserCount"/>
            </isEqual>        
        </isNotEmpty> -->
        <isEmpty property="isShareMem">
        select a.count as count from
        (<include refid="noPoolUserCount"/>)a
        <!-- (<include refid="poolUserCount"/>)b  -->     
        </isEmpty>    
 </select>
 
 
 <select id="shareFlowPrd" resultClass="com.lenovo.iotpro3.vo.asset.ShareMemQueryVo">
 
 select
        fm.product_code as prdCode,
        nvl(fm.apn_name,'null') as apnName       
        from FLUX_POOL_MEM fm ,
        <!-- 分表分库修改 -->
		<include refid="findMsisdnByTablePartion"/> 
		<!-- 分表分库修改 -->
        mp
         where
        fm.msisdn = mp.msisdn
        and mp.state='ENABLED'
        <isEqual property="mainType" compareValue="4"><!-- 和对讲HDJ -->
			and mp.card_type='HDJ'
		</isEqual>
        and fm.POOL_PACKAGE in ('I00010300040','I00010300047','I00010101843','I00010101844','I00010111843','I00010111844','I00010700443','I00010700444','I00010100443','I00010100444')
        and fm.EFF_TYPE=0
        and fm.END_DATE   > 
        (SYSDATE-1)                
       <isNotEmpty prepend="and" property="ecCode">
           fm.ec_code = #ecCode# 
        </isNotEmpty>
        group by fm.product_code,fm.apn_name
        
 </select>
 
 
 
  <select id="exportShareMember" resultClass="java.util.HashMap">
 
        select     
        sub.msisdn,
       (case sub.runCode
		        when 'TEST' then
		             '测试期'
		        when 'SILENT' then
		             '沉默期'
		        when 'STOCK' then
		             '库存期'
		        when 'NORMAL' then
		             '正使用'
		        when 'STOP' then
		             '停机'
		        when 'PRECLOSE' then
		             '预约销户'
		        when 'CANCEL' then
		             '销户'
		        when 'OTHERS' then
		             '其他'
		        else
		             '-'
		        end) as runCode,
        sub.isShareMem,
        to_char(sub.startDate,'yyyy-MM-dd hh24:mi:ss') as startDate,
        sub.channel
        from(
         <isNotEmpty  property="isShareMem">
            <isEqual property="isShareMem" compareValue="1">
             <include refid="poolUser"/>
            </isEqual>
            <isEqual property="isShareMem" compareValue="0">
             <include refid="newUser"/>
            </isEqual>        
        </isNotEmpty>
        <isEmpty property="isShareMem">
        <include refid="newUser"/>
       <!--  union all
        <include refid="poolUser"/>  -->   
        </isEmpty>        
        )sub
        
 
 </select>
 
 <select id="findShareApnByInfo" resultClass="String">
     SELECT
     MP.APN_NAME apn_name
     FROM
     <!-- 分表分库修改 m2m_apn_info -->
     <include refid="queryAPNTableName"/>
     <!-- 分表分库修改 -->
     MP
     WHERE  1=1 <!-- MP.START_TIME <![CDATA[<= ]]>SYSDATE -->
     <!-- AND MP.END_TIME >= SYSDATE -->
     AND MP.STATE = 'ENABLED'
     and  MP.APN_NAME is not null
     and rownum=1
     <!-- and mp.msisdn= (select msisdn from M2M_PERSON  partition(M2M_PERSON_PARTITION$part$) p
     WHERE p.STATE='ENABLED'
     and p.product_code = #prdCode#
     and p.ec_code = #ecCode#
     and rownum = 1
     )    -->

     and mp.msisdn=(
     select fpms.msisdn from FLUX_POOL_MEM_SNAPSHOOT fpms
     where fpms.stat_month=to_char(sysdate,'yyyy-mm')
     and fpms.product_code=#prdCode#
     and fpms.ec_code = #ecCode#
     and rownum=1
     )
     <!--  and mp.package_code in (
        select * from table(splitstr(
        case (select ap.channel from atomic_products ap where ap.package_code=#pkgCode#)
        when 'GENERAL' then ('I00010100035,I00010100085')
        when 'SPECIAL' then ('I00010100092,I00010100093')
        else ('I00010100035,I00010100085,I00010100092,I00010100093') end,','
        ))
      )          -->
     <isEqual property="channel" compareValue="2">
         and mp.package_code in('I00010100035','I00010100085')
     </isEqual>
     <isEqual property="channel" compareValue="1">
         and mp.package_code in('I00010100092','I00010100093')
     </isEqual>

 
 
 </select>
 
 <select id="findShareApnByMem" resultClass="String">
       
        select mg.apn_name from 
        <!-- 分表分库修改 -->
       <include refid="findPkgByTablePartion"/> mg,<include refid="findMsisdnByTablePartion"/>  ms
       <!-- 分表分库修改 -->  
          where mg.msisdn=ms.msisdn and mg.state='ENABLED'
          <isEqual property="mainType" compareValue="4"><!-- 和对讲HDJ -->
			and ms.card_type='HDJ'
		</isEqual>
         <isNotEmpty prepend="and" property="ecCode">
            mg.ec_code = #ecCode# 
        </isNotEmpty>       
        <isNotEmpty prepend="and" property="prdCode">
            ms.product_code = #prdCode# 
        </isNotEmpty>         
        <isEqual property="channel" compareValue="2">
             and (mg.package_code='I00010100035' or mg.package_code='I00010100085') 
        </isEqual>
         <isEqual property="channel" compareValue="1">
             and (mg.package_code='I00010100092' or mg.package_code='I00010100093')
        </isEqual>
        and mg.apn_name is not null 
       <!--  and mg.package_code in (
          select * from table(splitstr(
          case (select ap.channel from atomic_products ap where ap.package_code=#pkgCode#) 
          when 'GENERAL' then ('I00010100035,I00010100085') 
          when 'SPECIAL' then ('I00010100092,I00010100093')
          else ('I00010100035,I00010100085,I00010100092,I00010100093') end,','
          ))
        ) -->
        and rownum=1
   <!-- select apn_name from (
    select distinct apn_name from (
    	select apn_name from M2M_GRPMEM PARTITION(m2m_grpmem_partition$part$)  mg where mg.state='ENABLED'
    	 <isNotEmpty prepend="and" property="ecCode">
            mg.ec_code = #ecCode# 
        </isNotEmpty>       
        <isNotEmpty prepend="and" property="prdCode">
            mg.product_code = #prdCode# 
        </isNotEmpty>  
        
        and mg.package_code in (
          select * from table(splitstr(
          case (select ap.channel from atomic_products ap where ap.package_code=#pkgCode#) 
          when 'GENERAL' then ('I00010100035,I00010100085') 
          when 'SPECIAL' then ('I00010100092,I00010100093')
          else ('I00010100035,I00010100085,I00010100092,I00010100093') end,','
          ))
        )
                and rownum=1
                
                union all
                
        <![CDATA[ 
        select mpp.apn_name 
        from m2m_per_pkg mpp 
        where mpp.state='ENABLED' and mpp.apn_name is not null and rownum=1
        and mpp.start_date<sysdate and mpp.end_date>sysdate
        and mpp.msisdn=(
          select fpms.msisdn from FLUX_POOL_MEM_SNAPSHOOT fpms
          where fpms.stat_month=to_char(sysdate,'yyyy-mm')
          and fpms.product_code=#prdCode#
          and rownum=1
        )
        and mpp.package_code in (
          select * from table(splitstr(
          case (select ap.channel from atomic_products ap where ap.package_code=#pkgCode#) 
          when 'GENERAL' then ('I00010100035,I00010100085') 
          when 'SPECIAL' then ('I00010100092,I00010100093')
          else ('I00010100035,I00010100085,I00010100092,I00010100093') end,','
          ))
        )
         ]]>
                union all
                
                select ps.apn_name from PROD_SERV ps where ps.PRODUCT_CODE=#prdCode#
                
            ) where apn_name is not null 
            ) where rownum=1 -->
                
</select>

    <!-- <select id="findShareApnByPer" resultClass="String">
          select null as apn_name  from dual     
      <![CDATA[ 
        select mpp.apn_name 
        from m2m_per_pkg mpp 
        where mpp.state='ENABLED' and mpp.apn_name is not null and rownum=1
        and mpp.start_date<sysdate and mpp.end_date>sysdate
        and mpp.msisdn=(
          select fpms.msisdn from FLUX_POOL_MEM_SNAPSHOOT fpms
          where fpms.stat_month=to_char(sysdate,'yyyy-mm')
          and fpms.product_code=#prdCode#
          and fpms.ec_code = #ecCode# 
          and rownum=1
        )
        and mpp.package_code in (
          select * from table(splitstr(
          case (select ap.channel from atomic_products ap where ap.package_code=#pkgCode#) 
          when 'GENERAL' then ('I00010100035,I00010100085') 
          when 'SPECIAL' then ('I00010100092,I00010100093')
          else ('I00010100035,I00010100085,I00010100092,I00010100093') end,','
          ))
        )
         ]]>
</select> -->
<select id="findShareApnByProd" resultClass="String">
 select ps.apn_name from PROD_SERV ps where ps.PRODUCT_CODE=#prdCode#
</select>

      <select id="findPackageInfo" resultClass="com.lenovo.iotpro3.vo.asset.PkgInfo" >
                (SELECT
                distinct MP.MSISDN msisdn,
                ms.PRODUCT_CODE prdCode,
                MP.PACKAGE_CODE pkgCode,
                to_char(MP.START_DATE,'yyyyMMddHH24miss') startDate
                FROM 
                <!-- 分表分库修改 -->
		       <include refid="findPkgByTablePartion"/> MP,<include refid="findMsisdnByTablePartion"/> ms
		       <!-- 分表分库修改 -->  
                ,atomic_products ap
                WHERE MP.msisdn = ms.msisdn and ms.state = 'ENABLED'
                <isEqual property="mainType" compareValue="4"><!-- 和对讲HDJ -->
					and ms.card_type='HDJ'
				</isEqual>
                and MP.PACKAGE_CODE=ap.PACKAGE_CODE
                AND MP.STATE = 'ENABLED'
                and ap.STATE='ENABLED' 
                and ap.VISIBLE='1'
                and ap.PKG_CATEGORY='PKG_CAT_BUSINESS'   <!-- 业务内容套餐  -->
                and ap.BUS_CATEGORY='FLOW'   <!-- 流量 -->
                and MP.END_DATE  <![CDATA[ > ]]>(SYSDATE-1)  
                <isNotEmpty prepend="and" property="ecCode">
                    mp.ec_code = #ecCode# 
                </isNotEmpty>               
                <isNotEmpty prepend="and" property="msisdn">
                   mp.msisdn =#msisdn#
                </isNotEmpty>   
                <isEqual  property="channel" compareValue="general">
                  and (ap.CHANNEL = 'GENERAL' or ap.CHANNEL = 'ALL')
                </isEqual>  
                <isEqual  property="channel" compareValue="special">
                  and ap.CHANNEL = 'SPECIAL'
                </isEqual>            
                )
                <!-- 分表分库后不需要查个人表 union
                (SELECT
                distinct MP.MSISDN msisdn,
                '' as prdCode,
                MP.PACKAGE_CODE pkgCode,
                to_char(MP.START_DATE,'yyyyMMddHH24miss') startDate
                FROM M2M_PER_PKG MP,atomic_products ap
                WHERE MP.PACKAGE_CODE=ap.PACKAGE_CODE
                AND MP.STATE = 'ENABLED'
                and ap.STATE='ENABLED' 
                and ap.VISIBLE='1'
                and ap.PKG_CATEGORY='PKG_CAT_BUSINESS'   业务内容套餐 
                and ap.BUS_CATEGORY='FLOW'   流量
                and MP.END_DATE  <![CDATA[ > ]]>(SYSDATE-1)
                <isNotEmpty prepend="and" property="msisdn">
                   mp.msisdn =#msisdn#
                </isNotEmpty> 
                <isEqual  property="channel" compareValue="general">
                  and (ap.CHANNEL = 'GENERAL' or ap.CHANNEL = 'ALL')
                </isEqual>  
                <isEqual  property="channel" compareValue="special">
                  and ap.CHANNEL = 'SPECIAL'
                </isEqual>                         
                )  -->    
            
    </select>
    
    <select id="shareCount"  resultClass="java.lang.Long">  
         <!-- select
       	 count(1)      
         from FLUX_POOL_MEM_SHARE
         where 1 = 1
           <isNotEmpty prepend="and" property="ecCode">
               ec_code=#ecCode#
           </isNotEmpty>
           and stat_month=to_char(sysdate,'yyyy-MM') -->
			select count(1) from pro_member_optional_pkg t
			where t.ec_code = #ecCode#
			and t.package_code in ('I00010300040','I00010300047','I00010101843','I00010101844','I00010111843','I00010111844','I00010700443','I00010700444','I00010100443','I00010100444') and t.state = 'ENABLED'
			and t.start_date <![CDATA[<=]]> sysdate and t.end_date <![CDATA[>]]> sysdate
        
    </select>
    
    <select id="globalEnabledApi"  resultClass="java.lang.String">  
        select distinct t.method from api_cus_method_templ t where t.can_handle=1
    </select>
    
    <select id="ecUnusableApi"  resultClass="java.lang.String">  
        select t.content from API_EC_CHANGE_ENTERPRISE t 
        where t.state = 0 and t.opt_type = 'METHOD_MODIFY' 
        and t.ec_code = #ecCode#
    </select>
    
    <select id="queryValueFromAtomic"  resultClass="java.lang.Integer">  
        select UNIT_VALUE from ATOMIC_PRODUCTS 
        where 1=1
        <isNotEmpty prepend="and" property="pkgCode">
            PACKAGE_CODE=#pkgCode#
        </isNotEmpty>
        and rownum = 1
    </select>
    
    <!--xu查询共享池的apnName-->
    <select id="findShareApnName"  resultClass="com.lenovo.iotpro3.vo.asset.ShareInfoVo">
    	  <!-- 关联资费表查APn
    	  SELECT fm.product_code AS prdCode,
                 fm.package_code AS pkgCode,
                 nvl(MPP.APN_NAME, 'APN') AS apnName
          FROM flux_pool_mem fm
          LEFT JOIN IOV_PRI_PKG mpp
          ON mpp.MSISDN = fm.MSISDN
          AND mpp.SUBSPRODID = fm.SUBSPRODID
          WHERE 1 = 1
          AND fm.eff_type = 0
          AND mpp.STATE = 'ENABLED'
          and fm.start_date  <![CDATA[ <= ]]> trunc(sysdate, 'mm')
          and fm.end_date > sysdate
          and trunc(sysdate, 'mm')  <![CDATA[ < ]]> decode(fm.QUIT_DATE, null, sysdate, fm.QUIT_DATE)
          and fm.ec_code = #ecCode#
          and fm.PRODUCT_CODE = #prdCode#
          union
          SELECT fm.product_code AS prdCode,
                 fm.package_code AS pkgCode,
                 nvl(MPP.APN_NAME, 'APN') AS apnName
          FROM flux_pool_mem fm
          LEFT JOIN MAC_PRI_PKG mpp
          ON mpp.MSISDN = fm.MSISDN
          AND mpp.SUBSPRODID = fm.SUBSPRODID
          WHERE 1 = 1
          AND fm.eff_type = 0
          AND mpp.STATE = 'ENABLED'
          and fm.start_date  <![CDATA[ <= ]]> trunc(sysdate, 'mm')
          and fm.end_date > sysdate
          and trunc(sysdate, 'mm')  <![CDATA[ < ]]> decode(fm.QUIT_DATE, null, sysdate, fm.QUIT_DATE)
          and fm.ec_code = #ecCode#
          and fm.PRODUCT_CODE = #prdCode#
          union
          SELECT fm.product_code AS prdCode,
                 fm.package_code AS pkgCode,
                 nvl(MPP.APN_NAME, 'APN') AS apnName
          FROM flux_pool_mem fm
          LEFT JOIN NB_PRI_PKG mpp
          ON mpp.MSISDN = fm.MSISDN
          AND mpp.SUBSPRODID = fm.SUBSPRODID
          WHERE 1 = 1
          AND fm.eff_type = 0
          AND mpp.STATE = 'ENABLED'
          and fm.start_date  <![CDATA[ <= ]]> trunc(sysdate, 'mm')
          and fm.end_date > sysdate
          and trunc(sysdate, 'mm')  <![CDATA[ < ]]> decode(fm.QUIT_DATE, null, sysdate, fm.QUIT_DATE)
          and fm.ec_code = #ecCode#
          and fm.PRODUCT_CODE = #prdCode# -->
    
     	  SELECT distinct fm.product_code AS prdCode,
                 fm.package_code AS pkgCode,
                 <!-- nvl(fm.APN_NAME, 'APN') AS apnName -->
                 decode(fm.APN_NAME,'0','APN',fm.APN_NAME) AS apnName
          FROM flux_pool_mem fm
          WHERE 1 = 1
          AND fm.eff_type = 0
          <!-- and fm.start_date <![CDATA[ <= ]]> trunc(sysdate, 'mm') -->
          and fm.end_date > sysdate
          and trunc(sysdate, 'mm')  <![CDATA[ < ]]> decode(fm.QUIT_DATE, null, sysdate, fm.QUIT_DATE)
          and fm.ec_code = #ecCode#
          and fm.PRODUCT_CODE = #prdCode#
      </select>


    <!--xu查找ApnName_channel-->
    <select id="findShareApnName_channel"  resultClass="java.lang.Integer">
    	select * from (
	        select 2 as channel
	        from FLUX_POOL_MEM_SHARE
	        where 1 = 1
	        <isNotEmpty prepend="and" property="ecCode">
	            ec_code=#ecCode#
	        </isNotEmpty>
	        <isNotEmpty prepend="and" property="prdCode">
	            product_code=#prdCode#
	        </isNotEmpty>
	        <isNotEmpty prepend="and" property="pkgCode">
	            common_package_code=#pkgCode#
	        </isNotEmpty>
	        and stat_month=to_char(sysdate,'yyyy-MM')
	        union all
	        select 1 as channel
	        from FLUX_POOL_MEM_SHARE
	        where 1 = 1
	        <isNotEmpty prepend="and" property="ecCode">
	            ec_code=#ecCode#
	        </isNotEmpty>
	        <isNotEmpty prepend="and" property="prdCode">
	            product_code=#prdCode#
	        </isNotEmpty>
	        <isNotEmpty prepend="and" property="pkgCode">
	            special_package_code=#pkgCode#
	        </isNotEmpty>
	        and stat_month=to_char(sysdate,'yyyy-MM')
	    ) where rownum = 1 

    </select>

    <!--xu查询共享池的apnName下的一个号码-->
    <select id="findShareApnName_msisdn"  resultClass="java.lang.String">
        SELECT fm.msisdn
        FROM flux_pool_mem fm
        LEFT JOIN <include refid="findPkgByTablePartion"/> mpp
        ON mpp.MSISDN = fm.MSISDN
        AND mpp.SUBSPRODID = fm.SUBSPRODID
        WHERE 1 = 1
        AND fm.eff_type = 0
        AND mpp.STATE = 'ENABLED'
        and fm.start_date  <![CDATA[ <= ]]> trunc(sysdate, 'mm')
        and fm.end_date > sysdate
        and trunc(sysdate, 'mm')  <![CDATA[ < ]]> decode(fm.QUIT_DATE, null, trunc(sysdate, 'dd'), fm.QUIT_DATE)
        and fm.ec_code = #ecCode#
        <isNotEmpty prepend="and" property="prdCode">
            fm.PRODUCT_CODE = #prdCode#
        </isNotEmpty>
        <isNotEmpty prepend="and" property="pkgCode">
            fm.package_code = #pkgCode#
        </isNotEmpty>
        <isNotEmpty prepend="" property="apnName">
            <isNotEqual property="apnName" compareValue="APN">
                and mpp.apn_name = #apnName#
            </isNotEqual>
        </isNotEmpty>
        and rownum=1

    </select>

  </sqlMap>