<?xml version="1.0" encoding="UTF-8"?>

<!DOCTYPE sqlMap
 PUBLIC "-//ibatis.apache.org//DTD SQL Map 2.0//EN"
 "http://ibatis.apache.org/dtd/sql-map-2.dtd">

<sqlMap>

	<sql id="productBillCom">
		<isNotEmpty prepend="and" property="mainType">
			<isEqual property="mainType" compareValue="1"><!-- 车联网主体产品 -->
				msisdn in (
					select MSISDN from IOV_CARD where STATE = 'ENABLED'
					 <isNotEmpty prepend="and" property="ecCode">
						ec_code = #ecCode#
					</isNotEmpty>
				)
			</isEqual>
			<isEqual property="mainType" compareValue="2"><!-- 机器卡主体产品 -->
				msisdn in (
					select MSISDN from MAC_CARD where STATE = 'ENABLED'
					 <isNotEmpty prepend="and" property="ecCode">
						ec_code = #ecCode#
					</isNotEmpty>
				)
			</isEqual>
			<isEqual property="mainType" compareValue="3"><!-- NB-IOT主体产品 -->
				 msisdn in (
					select MSISDN from NB_CARD where  STATE = 'ENABLED'
					 <isNotEmpty prepend="and" property="ecCode">
						ec_code = #ecCode#
					</isNotEmpty>
				)
			</isEqual>
			<isEqual property="mainType" compareValue="4"><!-- 和对讲 -->
				 msisdn in (
					select MSISDN from WLW_CARD where STATE = 'ENABLED'
					 <isNotEmpty prepend="and" property="ecCode">
						ec_code = #ecCode#
					</isNotEmpty>
				)
			</isEqual>
			<isEqual property="mainType" compareValue="6"><!-- 9105 -->
				 msisdn in (
					select MSISDN from CARD_9105 where STATE = 'ENABLED'
					 <isNotEmpty prepend="and" property="ecCode">
						ec_code = #ecCode#
					</isNotEmpty>
				)
			</isEqual>
		</isNotEmpty>
	</sql>
	
	
	<select id="findProductCodeForBill" resultClass="string">
		select distinct PRODUCTCODE from BILL_EC where 1=1
		<include refid="productBillCom"/> 
		<isNotEmpty prepend="and" property="ecCode">
			ec_code = #ecCode#
		</isNotEmpty>
	</select>
	
	<select id="findProductBillList" resultClass="com.lenovo.iotpro3.vo.account.ProductBillVo">
	 	<include refid="pageSqlStart"/> 
			select months,sum(per_amount) perAmount,sum(total_amount) totalAmount  from BILL_EC where 1=1
			<include refid="productBillCom"/> 
			<isNotEmpty prepend="and" property="productcode">
				productcode = #productcode#
			</isNotEmpty>
			<isNotEmpty prepend="and" property="monthStart">
				months >= #monthStart#
			</isNotEmpty>
			<isNotEmpty prepend="and" property="monthEnd">
				months <![CDATA[<=]]> #monthEnd#
			</isNotEmpty>
			<isNotEmpty prepend="and" property="ecCode">
				ec_code = #ecCode#
			</isNotEmpty>
			group by months
		<include refid="pageSqlEnd"/> 
	</select>
	
	<select id="findProductBillCount" resultClass="Long">
		select count(1) from 
			(select months from BILL_EC where 1=1
			<include refid="productBillCom"/> 
				<isNotEmpty prepend="and" property="productcode">
					productcode = #productcode#
				</isNotEmpty>
				<isNotEmpty prepend="and" property="monthStart">
					months >= #monthStart#
				</isNotEmpty>
				<isNotEmpty prepend="and" property="monthEnd">
					months <![CDATA[<=]]> #monthEnd#
				</isNotEmpty>
				<isNotEmpty prepend="and" property="ecCode">
					ec_code = #ecCode#
				</isNotEmpty>
			group by months
		)
	</select>
	
	<select id="findProductBillDetailList" resultClass="com.lenovo.iotpro3.vo.account.ProductBillVo">
	 	<include refid="pageSqlStart"/> 
			select * from BILL_EC where 1=1
			<include refid="productBillCom"/> 
			<isNotEmpty prepend="and" property="months">
				months = #months#
			</isNotEmpty>
			<isNotEmpty prepend="and" property="productcode">
				productcode = #productcode#
			</isNotEmpty>
			<isNotEmpty prepend="and" property="monthStart">
				months >= #monthStart#
			</isNotEmpty>
			<isNotEmpty prepend="and" property="monthEnd">
				months <![CDATA[<=]]> #monthEnd#
			</isNotEmpty>
			<isNotEmpty prepend="and" property="feeStart">
				<isEqual property="feetype" compareValue="totalAmount">
					decode(TOTAL_AMOUNT,null,0.0,TOTAL_AMOUNT) >= #feeStart#
				</isEqual>
				<isEqual property="feetype" compareValue="anoAmount">
					decode(TOTAL_AMOUNT,null,0.0,TOTAL_AMOUNT)-decode(PER_AMOUNT,null,0.0,PER_AMOUNT) >= #feeStart#
				</isEqual>
				<isEqual property="feetype" compareValue="totalAmount">
					decode(PER_AMOUNT,null,0.0,PER_AMOUNT) >= #feeStart#
				</isEqual>
			</isNotEmpty>
			<isNotEmpty prepend="and" property="feeEnd">
				<isEqual property="feetype" compareValue="totalAmount">
					decode(TOTAL_AMOUNT,null,0.0,TOTAL_AMOUNT) <![CDATA[<=]]> #feeEnd#
				</isEqual>
				<isEqual property="feetype" compareValue="anoAmount">
					decode(TOTAL_AMOUNT,null,0.0,TOTAL_AMOUNT)-decode(PER_AMOUNT,null,0.0,PER_AMOUNT) <![CDATA[<=]]> #feeEnd#
				</isEqual>
				<isEqual property="feetype" compareValue="totalAmount">
					decode(PER_AMOUNT,null,0.0,PER_AMOUNT) <![CDATA[<=]]> #feeEnd#
				</isEqual>
			</isNotEmpty>
			<isNotEmpty prepend="and" property="ecCode">
				ec_code = #ecCode#
			</isNotEmpty>
		<include refid="pageSqlEnd"/> 
	</select>
	
	<select id="findProductBillDetailCount" resultClass="Long">
		select count(1) from BILL_EC where 1=1
		<include refid="productBillCom"/> 
			<isNotEmpty prepend="and" property="months">
				months = #months#
			</isNotEmpty>
			<isNotEmpty prepend="and" property="productcode">
				productcode = #productcode#
			</isNotEmpty>
			<isNotEmpty prepend="and" property="monthStart">
				months >= #monthStart#
			</isNotEmpty>
			<isNotEmpty prepend="and" property="monthEnd">
				months <![CDATA[<=]]> #monthEnd#
			</isNotEmpty>
			<isNotEmpty prepend="and" property="feeStart">
				<isEqual property="feetype" compareValue="totalAmount">
					decode(TOTAL_AMOUNT,null,0.0,TOTAL_AMOUNT) >= #feeStart#
				</isEqual>
				<isEqual property="feetype" compareValue="anoAmount">
					decode(TOTAL_AMOUNT,null,0.0,TOTAL_AMOUNT)-decode(PER_AMOUNT,null,0.0,PER_AMOUNT) >= #feeStart#
				</isEqual>
				<isEqual property="feetype" compareValue="totalAmount">
					decode(PER_AMOUNT,null,0.0,PER_AMOUNT) >= #feeStart#
				</isEqual>
			</isNotEmpty>
			<isNotEmpty prepend="and" property="feeEnd">
				<isEqual property="feetype" compareValue="totalAmount">
					decode(TOTAL_AMOUNT,null,0.0,TOTAL_AMOUNT) <![CDATA[<=]]> #feeEnd#
				</isEqual>
				<isEqual property="feetype" compareValue="anoAmount">
					decode(TOTAL_AMOUNT,null,0.0,TOTAL_AMOUNT)-decode(PER_AMOUNT,null,0.0,PER_AMOUNT) <![CDATA[<=]]> #feeEnd#
				</isEqual>
				<isEqual property="feetype" compareValue="totalAmount">
					decode(PER_AMOUNT,null,0.0,PER_AMOUNT) <![CDATA[<=]]> #feeEnd#
				</isEqual>
			</isNotEmpty>
			<isNotEmpty prepend="and" property="ecCode">
				ec_code = #ecCode#
			</isNotEmpty>
	</select>
	
	
	
	
	<select id="findProductBillByMsisdnList" resultClass="com.lenovo.iotpro3.vo.account.ProductBillVo">
	 	<include refid="pageSqlStart"/> 
			select * from BILL_EC where 1=1
			<include refid="productBillCom"/> 
			<isNotEmpty prepend="and" property="months">
				months = #months#
			</isNotEmpty>
			<isNotEmpty prepend="and" property="ecCode">
				ec_code = #ecCode#
			</isNotEmpty>
			 <isNotEmpty prepend="and" property="msisdn">
				msisdn = #msisdn#
			</isNotEmpty>
			<isNotEmpty prepend="and" property="productcode">
				productcode = #productcode#
			</isNotEmpty>
		<include refid="pageSqlEnd"/> 
	</select>
	
	<select id="findProductBillByMsisdnCount" resultClass="Long">
		select count(1) from BILL_EC where 1=1
		<include refid="productBillCom"/> 
		<isNotEmpty prepend="and" property="months">
			months = #months#
		</isNotEmpty>
		<isNotEmpty prepend="and" property="ecCode">
			ec_code = #ecCode#
		</isNotEmpty>
		 <isNotEmpty prepend="and" property="msisdn">
			msisdn = #msisdn#
		</isNotEmpty>
		<isNotEmpty prepend="and" property="productcode">
			productcode = #productcode#
		</isNotEmpty>
	</select>

</sqlMap>