<?xml version="1.0" encoding="UTF-8" ?>
<!DOCTYPE mapper PUBLIC "-//mybatis.org//DTD Mapper 3.0//EN" "http://mybatis.org/dtd/mybatis-3-mapper.dtd">
<mapper namespace="com.hvgroup.modules.business.dao.BusinessOrderDao">
	    
	 <sql id="commonCon">
	 	<if test="id != null and id != ''">
			and a.id = #{id}
		</if>
		<if test="areaId != null and areaId != ''">
			and a.area_id = #{areaId}
		</if>
		<if test="businessNo != null and businessNo != ''">
			and (a.business_no like '%'||#{businessNo}||'%' or a.business_name like '%'||#{businessNo}||'%')
		</if>
		<if test="businessName != null and businessName != ''">
			and a.business_name like '%'||#{businessName}||'%'
		</if>
		<if test="businessLevel != null and businessLevel != ''">
			and a.business_level = #{businessLevel}
		</if>
		<if test="tradeId != null and tradeId != ''">
			and a.trade_id = #{tradeId}
		</if>
		<if test="signCus != null and signCus != ''">
			and (a.sign_cus like '%'||#{signCus}||'%' or a.use_cus like '%'||#{signCus}||'%')
		</if>
		<if test="orderState != null and orderState != ''">
			and a.order_state = #{orderState}
		</if>
		<if test="isRed != null and isRed != '' and isRed == 1 ">
			and a.is_red = #{isRed}
		</if>
		<if test="isRed != null and isRed != '' and isRed == 0 ">
			and (a.is_red = #{isRed}  or  a.is_red is null)
		</if>
		<if test="dataFlag == null or dataFlag == ''">
			and a.operation_Id = #{createBy.id} 
		</if>
		<if test="dataFlag != null and dataFlag != '' and dataFlag == 'pro'"> <!-- 去掉超级管理员数据 -->
			and a.operation_Id <![CDATA[<>]]> '1' <!-- and (a.DEAL_PERSON_ID = #{createBy.id}  or order_state = '已完成') -->
			and ( exists (select 1 from act_hi_actinst where proc_inst_id_ = a.procinsid and act_name_ = '省管理员审批')
				or a.operation_name like '%省管理员导入%' )
		</if>
		<if test="dataFlag != null and dataFlag != '' and dataFlag != 'pro' and dataFlag != 'admin' "> <!-- 地市产品经理  非本人申请已提交的或者是自己申请未提交的 -->
			and a.area_id = #{dataFlag} <!-- and (order_state <![CDATA[<>]]> '未提交' or (a.operation_Id = #{createBy.id} and order_state = '未提交')) -->
			and (exists (select 1 from act_hi_actinst where proc_inst_id_ = a.procinsid and act_name_ = '产品经理审批' or act_name_ = '产品经理申请')
				or a.operation_name like '%省管理员导入%'  )
			and (order_state <![CDATA[<>]]> '未提交' or (a.operation_Id = #{createBy.id} and order_state = '未提交'))
		</if>
		<if test="firstTradeScence != null and firstTradeScence != ''">
			and a.first_Trade_Scence = #{firstTradeScence}
		</if>
		<if test="secondTradeScence != null and secondTradeScence != ''">
			and a.second_Trade_Scence = #{secondTradeScence}
		</if>
		<if test="scenceLargeType != null and scenceLargeType != ''">
			and a.scence_Large_Type = #{scenceLargeType}
		</if>
		<if test="scenceSmallType != null and scenceSmallType != ''">
			and a.scence_Small_Type = #{scenceSmallType}
		</if>
		<if test="isIct != null and isIct != ''">
			and a.is_Ict = #{isIct}
		</if>
		<if test="is5g != null and is5g != ''">
			and a.is_5g = #{is5g}
		</if>
		<if test="prodMsg != null and prodMsg != ''">
			and a.prod_Msg like '%'||#{prodMsg}||'%'
		</if>
		<if test="isTerminal != null and isTerminal != ''">
			and a.terminal is not null
		</if>
		<if test="terminalMode != null and terminalMode != ''">
			and a.terminal_Mode = #{terminalMode}
		</if>
		<if test="network != null and network != ''">
			and a.network = #{network}
		</if>
		<if test="isPlatform != null and isPlatform != ''">
			and a.platform is not null
		</if>
		<if test="businessTimeStart != null and businessTimeStart != ''">
			and a.business_Time >= #{businessTimeStart}
		</if>
		<if test="businessTimeEnd != null and businessTimeEnd != ''">
			and a.business_Time <![CDATA[<=]]> #{businessTimeEnd}
		</if>
		<if test="projStage != null and projStage != ''">
			and a.proj_Stage = #{projStage}
		</if>
		<if test="contactName != null and contactName != ''">
			and a.contact_Name like '%'||#{contactName}||'%'
		</if>
		<if test="signTimeStart != null and signTimeStart != ''">
			and a.sign_Time >= #{signTimeStart}
		</if>
		<if test="signTimeEnd != null and signTimeEnd != ''">
			and a.sign_Time <![CDATA[<=]]> #{signTimeEnd}
		</if>
		<if test="contractIncomeStart != null and contractIncomeStart != ''">
			and a.contract_Income >= #{contractIncomeStart}
		</if>
		<if test="contractIncomeEnd != null and contractIncomeEnd != ''">
			and a.contract_Income <![CDATA[<=]]> #{contractIncomeEnd}
		</if>
		<if test="contractIotIncomeStart != null and contractIotIncomeStart != ''">
			and a.contract_iot_Income >= #{contractIotIncomeStart}
		</if>
		<if test="contractIotIncomeEnd != null and contractIotIncomeEnd != ''">
			and a.contract_iot_Income <![CDATA[<=]]> #{contractIotIncomeEnd}
		</if>
		<if test="contractCycle != null and contractCycle != ''">
			and a.contract_Cycle = #{contractCycle}
		</if>
	 </sql>
	 
	 
	 <select id="findNextNo" resultType="string">
	 	select to_char(max(substr(business_no,5))+1,'FM0000') from F_BUSINESS_ORDER where area_id = #{areaId} and state = 'ENABLED'
	 </select>
	 
	 
	 <select id="findApprovalByBusinessNo" resultType="BusinessOrder">
		select
			a.*,
			case when a.terminal is null or a.terminal = '' then '0'  else '1'  end as isTerminal,
			case when a.platform is null or a.platform = '' then '0'  else '1'  end as isPlatform,
			case when a.platform is null then ''
			when ( select 1 from sys_dict where type = 'sj_platform' and label = a.platform) is null 
				then '其他'
			else a.platform end as platformSelect,
			a.operation_Id as "initiator.id",
	    	a.operation_Name as "initiator.name",
	    	a.operation_Id AS commitUserId,
	    	a.operation_Name AS commitUserName,
	    	a.operation_Id as "createBy.id",
	    	a.operation_Name as "createBy.name",
			a.procinsid as "act.procInsId"
		from F_BUSINESS_ORDER a 
		WHERE a.state = 'ENABLED'
		<if test="businessNo != null and businessNo != ''">
			and business_no = #{businessNo}
		</if>
		order by a.submit_date 
	</select>
	
	<select id="findNextUsers" resultType="com.hvgroup.modules.sys.entity.User">
		select ur.user_id AS "id",
	      u.login_name AS "loginName",
	      u.name AS "name",
	      u.email AS "email",
	      u.phone AS "phone",
	      u.mobile AS "mobile"
	      from sys_user u
	      left join sys_user_role ur on u.id = ur.user_id
	      left join (select * from sys_role where enname = #{enname}) a on ur.role_id = a.id
	      left join (select * from sys_office where 1=1 
		      	<if test="code != null and code != ''">
					and area_id in (select id from sys_area where code = #{code})
				</if>
		      ) b on u.office_id = b.id
	      where ur.user_id is not null and a.id is not null and b.id is not null
	     and u.del_flag = 0 and a.del_flag = 0 and b.del_flag = 0
	</select>
	
	    
	 <select id="findRecordListByBusinessNo" resultType="BusinessOrder">
	 		select 
			    a.id as id,
			    a.business_no as businessNo,
			    a.business_name as businessName,
			    a.business_level as businessLevel,
			    a.operation_name as operationName,
			    a.create_date as createDate,
          		to_char(a.submit_date,'yyyy-MM-dd HH24:mi:ss') as updateTime
			from (
			select
			    id,business_no,business_name,business_level,operation_name ,create_date ,submit_date
			  from F_BUSINESS_ORDER a where state = 'ENABLED'
			  	<if test="businessNo != null and businessNo != ''">
					and business_no = #{businessNo}
				</if>
			  ) a order by a.create_date desc
	 </select>
	 
	 <select id="getBuildOrderNo" resultType="String">
		SELECT
		FUNC_GET_NEXT_NO_BUSINESS(#{perfix}) WO_CODE FROM DUAL
	</select>
	
	<select id="countByBusinessNo" resultType="int">
		select count(1) from F_BUSINESS_ORDER where business_no = #{businessNo} and state = 'ENABLED'
	</select>
	
	    
	<select id="get" resultType="BusinessOrder">
		select
			a.*,
			case when a.terminal is null or a.terminal = '' then '0'  else '1'  end as isTerminal,
			case when a.platform is null or a.platform = '' then '0'  else '1'  end as isPlatform,
			case when a.platform is null then ''
			when ( select 1 from sys_dict where type = 'sj_platform' and label = a.platform) is null 
				then '其他'
			else a.platform end as platformSelect,
			a.operation_Id as "initiator.id",
	    	a.operation_Name as "initiator.name",
	    	a.operation_Id AS commitUserId,
	    	a.operation_Name AS commitUserName,
	    	a.operation_Id as "createBy.id",
	    	a.operation_Name as "createBy.name",
			a.procinsid as "act.procInsId"
		from F_BUSINESS_ORDER a 
		WHERE a.ID = #{id} and a.state = 'ENABLED'
		
	</select>
	
	<select id="getOldMsg" resultType="BusinessOrder">
		select * from (
		select
			a.*
		from F_BUSINESS_ORDER a 
		WHERE a.state = 'ENABLED'
		<if test="businessNo != null and businessNo != ''">
			and a.business_no = #{businessNo}
		</if>
		<if test="createDate != null and createDate != ''">
			and a.create_date <![CDATA[<]]> #{createDate}
		</if>
		<if test="id != null and id != ''">
			and a.id <![CDATA[<>]]> #{id}
		</if>
		order by a.create_date desc 
		) where rownum = 1
	</select>
	
	
	<select id="findList" resultType="BusinessOrder">
		select 
			a.ID ,a.BUSINESS_NO ,a.BUSINESS_NAME ,a.AREA_NAME ,a.BUSINESS_LEVEL ,a.SIGN_CUS ,a.USE_CUS , a.TRADE_ID ,
			a.FIRST_TRADE_SCENCE , a.SECOND_TRADE_SCENCE ,a.SCENCE_LARGE_TYPE ,a.SCENCE_SMALL_TYPE , a.IS_ICT ,a.IS_5G ,
			 '项目背景:' || replace(replace(a.PROJ_INTRODUCE,'"',''),'>','') || CHR(10) || '项目内容:' || replace(replace(a.PROJ_CONTENT,'"',''),'>','') || CHR(10) || '项目价值:' || replace(replace(a.PROJ_WORTH,'"',''),'>','') as projIntroduce,
			a.CONNECT_NUM ,a.TOTAL_INCOME ,a.IOT_INCOME ,a.PROD_MSG ,a.PROJ_STAGE ,a.SIGN_TIME,a.ORDER_STATE, a.OPERATION_ID, a.OPERATION_NAME, a.PROCINSID,
		<!-- a.ID, a.BUSINESS_NO , a.BUSINESS_NAME, a.AREA_NAME, a.BUSINESS_LEVEL, a.SIGN_CUS, a.USE_CUS, a.CONTEND_MSG, a.BUSINESS_TIME, 
			a.PROJ_STAGE , a.PROJ_PROGRESS,  a.SIGN_TIME, a.CREATE_DATE,
			a.CONTACT_NAME || '-' || a.CONTACT_MOBI || '-' || a.CONTACT_MAIL as contactName,
			to_char(a.CREATE_DATE,'yyyy-MM-dd HH24:mi:ss') as createDateString , a.ORDER_STATE, 
			a.OPERATION_ID, a.OPERATION_NAME, a.PROCINSID, a.DEAL_PERSON_NAME, 
			case when a.IS_RED = '1' then '是'  else '否'  end as isRed, -->
			a.operation_Id as "initiator.id",
	    	a.operation_Name as "initiator.name",
	    	a.operation_Id AS commitUserId,
	    	a.operation_Name AS commitUserName,
	    	a.operation_Id as "createBy.id",
	    	a.operation_Name as "createBy.name",
			a.procinsid as "act.procInsId"
		 from (
		select
			row_number() over(partition by a.business_no order by submit_date desc) rn,
			a.*
		from F_BUSINESS_ORDER a 
		where a.state = 'ENABLED'
		order by DECODE(a.order_state,'待完善','1','未提交','2','已退回','3','处理中','4','已完成','5'), a.create_date desc
		) a where rn = 1 
			<include refid="commonCon"/>
	</select>
	
	
	<select id="findListByExport" resultType="BusinessOrder">
		select a.ID, a.BUSINESS_NO , a.BUSINESS_NAME, a.AREA_NAME, a.BUSINESS_LEVEL, a.SIGN_CUS, a.USE_CUS, a.CONTEND_MSG, 
			replace(a.trade_id,'sj_','') as tradeId,replace(a.first_trade_scence,'sj_','') as firstTradeScence,
			replace(a.second_trade_scence,'sj_','') as secondTradeScence,replace(a.scence_large_type,'sj_','') as scenceLargeType,
			replace(a.scence_small_type,'sj_','') as scenceSmallType,case when a.IS_ICT = '1' then '是'  else '否'  end as isIct,
			case when a.IS_5G = '1' then '是'  else '否'  end as is5g,a.proj_introduce,a.proj_content,a.proj_worth,
			connect_num as connectNumString,total_income as totalIncomeString,iot_income as iotIncomeString,
			a.prod_msg,a.terminal,a.terminal_mode,a.network,a.platform,a.BUSINESS_TIME, 
			a.PROJ_STAGE , a.PROJ_PROGRESS, a.SIGN_TIME, a.contract_income as contractIncomeString,
			a.contract_iot_income as contractIotIncomeString,a.contract_num as contractNumString ,
			a.contract_cycle as contractCycleString, a.current_income as currentIncomeString, a.next_income as nextIncomeString,
			a.CONTACT_NAME || '-' || a.CONTACT_MOBI || '-' || a.CONTACT_MAIL as contactName,
			to_char(a.CREATE_DATE,'yyyy-MM-dd HH24:mi:ss') as createDateString , a.ORDER_STATE, 
			a.OPERATION_ID, a.OPERATION_NAME, a.PROCINSID, a.DEAL_PERSON_NAME, 
			case when a.IS_RED = '1' then '是'  else '否'  end as isRed
		 from (
		select
			row_number() over(partition by a.business_no order by submit_date desc) rn,
			a.*
		from F_BUSINESS_ORDER a 
		where a.state = 'ENABLED'
		order by DECODE(a.order_state,'待完善','1','未提交','2','已退回','3','处理中','4','已完成','5'), a.create_date desc
		) a where rn = 1
		<include refid="commonCon"/>
	</select>
	


	<insert id="insert">
		INSERT INTO F_BUSINESS_ORDER(
			id,
			business_no,
			business_name,
			area_id,
			area_name,
			business_level,
			sign_cus,
			use_cus,
			contend_msg,
			trade_id,
			first_trade_scence,
			second_trade_scence,
			trade_scence_remark,
			scence_large_type,
			scence_small_type,
			scence_type_remark,
			is_ict,
			is_5g,
			proj_introduce,
			proj_content,
			proj_worth,
			connect_num,
			total_income,
			iot_income,
			prod_msg,
			terminal,
			terminal_mode,
			network,
			platform,
			business_time,
			proj_stage,
			proj_progress,
			contact_name,
			contact_mobi,
			contact_mail,
			sign_time,
			contract_income,
			contract_iot_income,
			contract_num,
			contract_cycle,
			current_income,
			next_income,
			state,
			create_date,
			finish_date,
			order_state,
			operation_id,
			operation_name,
			procinsid,
			deal_person_name,
			deal_person_id,
			is_red,
			submit_date
		)VALUES(
			#{id},
			#{businessNo},
			#{businessName},
			#{areaId},
			#{areaName},
			#{businessLevel},
			#{signCus},
			#{useCus},
			#{contendMsg},
			#{tradeId},
			#{firstTradeScence},
			#{secondTradeScence},
			#{tradeScenceRemark},
			#{scenceLargeType},
			#{scenceSmallType},
			#{scenceTypeRemark},
			#{isIct},
			#{is5g},
			#{projIntroduce},
			#{projContent},
			#{projWorth},
			#{connectNum},
			#{totalIncome},
			#{iotIncome},
			#{prodMsg},
			#{terminal},
			#{terminalMode},
			#{network},
			#{platform},
			#{businessTime},
			#{projStage},
			#{projProgress},
			#{contactName},
			#{contactMobi},
			#{contactMail},
			#{signTime},
			#{contractIncome},
			#{contractIotIncome},
			#{contractNum},
			#{contractCycle},
			#{currentIncome},
			#{nextIncome},
			'ENABLED',
			#{createDate},
			#{finishDate},
			#{orderState},
			#{operationId},
			#{operationName},
			#{procinsid},
			#{dealPersonName},
			#{dealPersonId},
			#{isRed},
			#{submitDate}
		)
	</insert>
	
	<update id="update">
		UPDATE F_BUSINESS_ORDER SET
			business_name=#{businessName},
			business_level=#{businessLevel},
			sign_cus=#{signCus},
			use_cus=#{useCus},
			contend_msg=#{contendMsg},
			trade_id=#{tradeId},
			first_trade_scence=#{firstTradeScence},
			second_trade_scence=#{secondTradeScence},
			trade_scence_remark=#{tradeScenceRemark},
			scence_large_type=#{scenceLargeType},
			scence_small_type=#{scenceSmallType},
			scence_type_remark=#{scenceTypeRemark},
			is_ict=#{isIct},
			is_5g=#{is5g},
			proj_introduce=#{projIntroduce},
			proj_content=#{projContent},
			proj_worth=#{projWorth},
			connect_num=#{connectNum},
			total_income=#{totalIncome},
			iot_income=#{iotIncome},
			prod_msg=#{prodMsg},
			terminal=#{terminal},
			terminal_mode=#{terminalMode},
			network=#{network},
			platform=#{platform},
			business_time=#{businessTime},
			proj_stage=#{projStage},
			proj_progress=#{projProgress},
			contact_name=#{contactName},
			contact_mobi=#{contactMobi},
			contact_mail=#{contactMail},
			sign_time=#{signTime},
			contract_income=#{contractIncome},
			contract_iot_income=#{contractIotIncome},
			contract_num=#{contractNum},
			contract_cycle=#{contractCycle},
			current_income=#{currentIncome},
			next_income=#{nextIncome},
			finish_date=#{finishDate},
			state=#{state},
			order_state=#{orderState},
			deal_person_name=#{dealPerson.name},
			deal_person_id=#{dealPerson.id},
			IS_RED = #{isRed}
    	WHERE ID=#{id}
	</update>
	
	
	<update id="updateOpera">
		UPDATE F_BUSINESS_ORDER SET
			OPERATION_ID=#{operationId},
			OPERATION_NAME=#{operationName}
    	WHERE ID=#{id}
	</update>
	
	<update id="updateOrderState">
		UPDATE F_BUSINESS_ORDER SET
			finish_date=#{finishDate},
			order_state=#{orderState},
			deal_person_name=#{dealPerson.name},
			deal_person_id=#{dealPerson.id},
			IS_RED = #{isRed}
    	WHERE ID=#{id}
	</update>
	
	<update id="updateState">
		update F_BUSINESS_ORDER set state = 'DISABLED' where id=#{id}
	</update>
	
	<update id="updateRed">
		update F_BUSINESS_ORDER set is_Red = '1' where id=#{id}
	</update>
	
	
	<select id="findMyOrderList" resultType="BusinessOrder">
		SELECT
			a.ID AS id,
			a.BUSINESS_NO AS businessNo,
			a.BUSINESS_NAME AS businessName,
			a.CREATE_DATE AS createDate,
			a.OPERATION_ID AS "createBy.id",
			a.OPERATION_NAME AS "createBy.name",
			a.DEAL_PERSON_ID AS "dealPerson.id",
			a.DEAL_PERSON_NAME AS "dealPerson.name",
			a.ORDER_STATE AS orderState
		FROM
			F_BUSINESS_ORDER a
		WHERE
			a .OPERATION_ID = #{createBy.id} and a.state = 'ENABLED'
			<include refid="commonCon"/>
		order by F.create_Date DESC
	</select>
	
	
	<select id="findBusinessNameOrNoForImport" resultType="int">
		select count(1) from F_BUSINESS_ORDER where  state = 'ENABLED'
		<if test="businessName != null and businessName != ''">
			and business_name = #{businessName}
		</if>
		<if test="businessNo != null and businessNo != ''">
			and business_no = #{businessNo}
		</if>
	</select>
	
	
	<select id="getProcinsid"  parameterType="java.util.List" resultType="string">
	select procinsid from f_business_order where business_no in (
		select business_no from f_business_order where procinsid in
		<foreach item="procinsid" collection="list" open="(" separator=","
			close=")">
			#{procinsid}
		</foreach>
		)
	</select>
	
	<select id="findNotReadyCount" resultType="int">
		select count(1) from f_business_order where state = 'ENABLED' and order_state = '待完善'
		<if test="(dataFlag == null or dataFlag == '' or (dataFlag != 'pro' and dataFlag != 'admin')) and (areaId != null and areaId != '')"> <!-- 地市客户经理 -->
			and area_id = #{areaId}
		</if>
	</select>
	
	
</mapper>