<?xml version="1.0" encoding="UTF-8"?>

<!DOCTYPE sqlMap
 PUBLIC "-//ibatis.apache.org//DTD SQL Map 2.0//EN"
 "http://ibatis.apache.org/dtd/sql-map-2.dtd">

<sqlMap>

	<!-- 海外卡-查询日用量企业所属的号码 -->
	<select id="queryDayFlowMsisdn" resultClass="com.lenovo.intlpro.entity.flow.AbroadFlowStatVo" resultSetType="SCROLL_INSENSITIVE">
		SELECT distinct msisdn as msisdn
		FROM CM_OISIM_USAGE c
		WHERE exists (select 1 from CM_OISIM cm where cm.type in ('0','1') and c.CUST_CODE = cm.CUSTCODE
		  <isNotEmpty prepend="and" property="msisdn">
			cm.msisdn like '%'|| #msisdn# || '%'
		</isNotEmpty>
		<isNotEmpty prepend="and" property="directionName">
			cm.direction_name = #directionName#
		</isNotEmpty>)
	</select>
	
	<!-- 查询海外卡-月用量企业所属的号码(近六个月)  -->
	<select id="queryMonthFlowMsisdn" resultClass="com.lenovo.intlpro.entity.flow.AbroadFlowStatVo" resultSetType="SCROLL_INSENSITIVE">
	<include refid="pageSqlStart" />
		SELECT distinct msisdn as msisdn
		FROM CM_OISIM_USAGE c
		WHERE
		  to_char(to_date(c.START_TIME, 'yyyy-MM-dd hh24:mi:ss'), 'yyyy-MM') >
		  to_char(add_months(trunc(sysdate),-6),'yyyy-MM')
		and exists (select 1 from CM_OISIM cm where cm.type in ('0','1') and c.CUST_CODE = cm.CUSTCODE
		  <isNotEmpty prepend="and" property="msisdn">
			cm.msisdn like '%'|| #msisdn# || '%'
		</isNotEmpty>
		<isNotEmpty prepend="and" property="directionName">
			cm.direction_name = #directionName#
		</isNotEmpty>)
		<include refid="pageSqlEnd" />
	</select>	
	
	<!-- 查询海外卡-月用量企业所属的号码的count(近六个月)  -->
	<select id="queryMonthFlowMsisdnCount" resultClass="java.lang.Long" resultSetType="SCROLL_INSENSITIVE">
		SELECT COUNT(distinct msisdn)
		FROM CM_OISIM_USAGE c
		WHERE 
		  to_char(to_date(c.START_TIME, 'yyyy-MM-dd hh24:mi:ss'), 'yyyy-MM') >
		  to_char(add_months(trunc(sysdate),-6),'yyyy-MM')
		and exists (select 1 from CM_OISIM cm where cm.type in ('0','1') and c.CUST_CODE = cm.CUSTCODE
		  <isNotEmpty prepend="and" property="msisdn">
			cm.msisdn like '%'|| #msisdn# || '%'
		</isNotEmpty>
		<isNotEmpty prepend="and" property="directionName">
			cm.direction_name = #directionName#
		</isNotEmpty>)
	</select>	
	
	<!-- 海外卡-月用量查询(近六个月) -->
	<select id="queryMonthAbroadflow" resultClass="com.lenovo.intlpro.entity.flow.AbroadFlowSVo" resultSetType="SCROLL_INSENSITIVE">
	  SELECT msisdn, sum(USAGE) as usage, to_char(to_date(c.START_TIME, 'yyyy-MM-dd hh24:mi:ss'), 'yyyy-MM') as month 
	  FROM CM_OISIM_USAGE c
      WHERE 
		  to_char(to_date(c.START_TIME, 'yyyy-MM-dd hh24:mi:ss'), 'yyyy-MM') >
		  to_char(add_months(trunc(sysdate),-6),'yyyy-MM')
		  and exists (select 1 from CM_OISIM cm where cm.type in ('0','1') and c.CUST_CODE = cm.CUSTCODE
		  <isNotEmpty prepend="and" property="msisdn">
			cm.msisdn like '%'|| #msisdn# || '%'
		</isNotEmpty>
		<isNotEmpty prepend="and" property="directionName">
			cm.direction_name = #directionName#
		</isNotEmpty>
		  )
       GROUP BY  to_char(to_date(c.START_TIME, 'yyyy-MM-dd hh24:mi:ss'), 'yyyy-MM'), msisdn
	</select>
	
	<!-- 海外卡-月用量count查询(近六个月) -->
	<select id="queryMonthAbroadflowCount" resultClass="java.lang.Long" resultSetType="SCROLL_INSENSITIVE">
		SELECT count(1)
		  FROM CM_OISIM_USAGE c WHERE 
		  to_char(to_date(c.START_TIME, 'yyyy-MM-dd hh24:mi:ss'), 'yyyy-MM') >
		  to_char(add_months(trunc(sysdate),-6),'yyyy-MM')
		  and exists (select 1 from CM_OISIM cm where cm.type in ('0','1') and c.CUST_CODE = cm.CUSTCODE
		  <isNotEmpty prepend="and" property="msisdn">
			cm.msisdn like '%'|| #msisdn# || '%'
		</isNotEmpty>
		<isNotEmpty prepend="and" property="directionName">
			cm.direction_name = #directionName#
		</isNotEmpty>)
	</select>
	
	<!-- 日用量查询 -->
	<select id="queryDayAbroadflow" resultClass="com.lenovo.intlpro.entity.flow.AbroadFlowSVo" resultSetType="SCROLL_INSENSITIVE">
		SELECT c.ID as id,
		       c.SUBSID as subsId,
		       c.CUST_ID as custId,
		       c.CUST_CODE as custCode,
		       c.ICCID as iccid,
		       c.IMSI as imsi,
		       c.MSISDN as msisdn,
		       substr(c.START_TIME, 9, 2) as day,
		       c.END_TIME as endTime,
		       c.REORD_TIME as reordTime,
		       c.CHARGE_ID as changeId,
		       c.USAGE as usage,
		       c.APN_NAME as apnNamE
		  FROM CM_OISIM_USAGE c
		  WHERE exists (select 1 from CM_OISIM cm where cm.type in ('0','1') and c.CUST_CODE = cm.CUSTCODE
		  <isNotEmpty prepend="and" property="msisdn">
			cm.msisdn like '%'|| #msisdn# || '%'
		</isNotEmpty>
		<isNotEmpty prepend="and" property="directionName">
			cm.direction_name = #directionName#
		</isNotEmpty>)
	</select>
	
	 <select id="queryAllDirectionName" resultClass="java.lang.String">
	 	select distinct DIRECTION_NAME as directionName from CM_OISIM WHERE type in ('0','1')
	 </select>
	 
 </sqlMap>