<?xml version="1.0" encoding="UTF-8"?>

<!DOCTYPE sqlMap
 PUBLIC "-//ibatis.apache.org//DTD SQL Map 2.0//EN"
 "http://ibatis.apache.org/dtd/sql-map-2.dtd">

<sqlMap>

	<!-- 国外号码list -->
	<select id="queryIntlFlowMsisdnList" resultClass="com.lenovo.intlpro.entity.flow.IntlMonthFlowEntity" resultSetType="SCROLL_INSENSITIVE">
		<include refid="pageSqlStart" />
		select distinct msisdn,iccid as iccid,MAP_ICCID as mapIccid from cm_oisim where 1=1
		and type in ('3','4')
		<!-- <isNotEmpty prepend="and" property="ecCode">
			custcode = #ecCode#
		</isNotEmpty> -->
		<isNotEmpty prepend="and" property="msisdn">
			msisdn like '%'|| #msisdn# || '%'
		</isNotEmpty>
		<isNotEmpty prepend="and" property="directionName">
			direction_name = #directionName#
		</isNotEmpty>
		<include refid="pageSqlEnd" />
	</select>
	 
	 <select id="queryIntlFlowMsisdnCount" resultClass="java.lang.Long">
		select count(distinct msisdn) from cm_oisim where 1=1
		and type in ('3','4')
		<!-- <isNotEmpty prepend="and" property="ecCode">
			custcode = #ecCode#
		</isNotEmpty> -->
		<isNotEmpty prepend="and" property="msisdn">
			msisdn like '%'|| #msisdn# || '%'
		</isNotEmpty>
		<isNotEmpty prepend="and" property="directionName">
			direction_name = #directionName#
		</isNotEmpty>
	 </select>
	 
	 <!-- 按月统计号码流量 -->
	 <select id="findMonthUsageByMsisdn" resultClass="java.lang.Long">
	 	select sum(USAGE) from cm_oisim_usage where 1=1
	 	<isNotEmpty prepend="and" property="msisdn">
			msisdn = #msisdn#
		</isNotEmpty>
		<isNotEmpty prepend="and" property="befMonthStr">
			substr(start_time,0,7) = #befMonthStr#
		</isNotEmpty>
		group by msisdn
	 </select>
	 
	 
	  <!-- 按日统计号码流量 -->
	 <select id="findDayUsageByMsisdn" resultClass="java.lang.Long">
	 	select sum(USAGE) from cm_oisim_usage where 1=1
	 	<isNotEmpty prepend="and" property="msisdn">
			msisdn = #msisdn#
		</isNotEmpty>
		<isNotEmpty prepend="and" property="befMonthStr">
			substr(start_time,0,10) = #befMonthStr#
		</isNotEmpty>
		group by msisdn
	 </select>
	 
	 
	 <!-- 国内号码list -->
	<select id="queryFlowMsisdnList" resultClass="com.lenovo.intlpro.entity.flow.IntlMonthFlowEntity" resultSetType="SCROLL_INSENSITIVE">
		<include refid="pageSqlStart" />
		select iccid as iccid,MAP_ICCID as mapIccid from cm_oisim o
			where exists (select 1 from cm_subscriber_info c 
					where o.map_iccid = c.iccid
						<isNotEmpty prepend="and" property="msisdn">
							msisdn like '%'|| #msisdn# || '%'
						</isNotEmpty> )
			and o.type in ('3','4')
		<!-- <isNotEmpty prepend="and" property="ecCode">
			custcode = #ecCode#
		</isNotEmpty> -->
		<include refid="pageSqlEnd" />
	</select>
	
	 <select id="queryFlowMsisdnCount" resultClass="java.lang.Long">
		select count(1) from cm_oisim o
			where exists (select 1 from cm_subscriber_info c 
					where o.map_iccid = c.iccid
						<isNotEmpty prepend="and" property="msisdn">
							msisdn like '%'|| #msisdn# || '%'
						</isNotEmpty> )
				and o.type in ('3','4')
		<!-- <isNotEmpty prepend="and" property="ecCode">
			custcode = #ecCode#
		</isNotEmpty> -->
	 </select>
	 
	 <select id="findSubsidByIccid" resultClass="com.lenovo.intlpro.entity.flow.IntlMonthFlowEntity">
	 	select subsid,msisdn from cm_subscriber_info where iccid = #iccid#
	 </select>

	 
 </sqlMap>