<?xml version="1.0" encoding="UTF-8"?>

<!DOCTYPE sqlMap
 PUBLIC "-//ibatis.apache.org//DTD SQL Map 2.0//EN"
 "http://ibatis.apache.org/dtd/sql-map-2.dtd">

<sqlMap>
	<!-- 分页SQL语句开头语句 -->
	<sql id="pageSqlStart">
		<isNotNull property="pageNo">
		select * from
			(
			 select a.*, rownum rn from 
				(
		</isNotNull>
	</sql>
	<!-- 分页SQL语句结尾语句 -->
	<sql id="pageSqlEnd">
		<isNotNull property="pageSize">
				) a
			 where rownum <![CDATA[<=]]> #pageNo#*#pageSize#
			)
		where rn > (#pageNo#-1)*#pageSize#
		</isNotNull>
	</sql>
</sqlMap>
