<?xml version="1.0" encoding="UTF-8" ?>
<!DOCTYPE mapper
        PUBLIC "-//mybatis.org//DTD Mapper 3.0//EN"
        "http://mybatis.org/dtd/mybatis-3-mapper.dtd">

<mapper namespace="apnInfoMapper">

	<select id="findApnInfoByMsisdnMAC" resultType="java.util.Map">
		SELECT b.apn_name apnName, b.package_code packageCode,b.status
		apnState,to_char(mp.start_date,'yyyyMMddHH24miss') apnActiTime
		from
		MAC_CONNECT_INFO b
		left join MAC_FUNC_PKG mp on mp.SUBSPRODID =
		b.SUBSPRODID
		where
		b.STATE='ENABLED'
		and b.msisdn = #{msisdn}
		and mp.MSISDN =#{msisdn}
		<if test="month !=null and month !='' ">
			AND mp.START_DATE<![CDATA[ < ]]>add_months(TO_DATE(#{month},
			'yyyymm'), 1) - 1
			AND mp.END_DATE<![CDATA[ > ]]>add_months(TO_DATE(#{month},
			'yyyymm'), 0)
		</if>
		and b.package_code in
		('I00010100035','I00010100085','I00010100092','I00010100093','I00011100008')

	</select>

	<select id="findApnInfoByMsisdnNB" resultType="java.util.Map">
		SELECT b.apn_name apnName, b.package_code packageCode,b.status
		apnState,to_char(mp.start_date,'yyyyMMddHH24miss') apnActiTime
		from
		NB_CONNECT_INFO b
		left join NB_FUNC_PKG mp on mp.SUBSPRODID =
		b.SUBSPRODID
		where
		b.STATE='ENABLED'
		and b.msisdn = #{msisdn}
		and
		mp.MSISDN =#{msisdn}
		<if test="month !=null and month !='' ">
			AND mp.START_DATE<![CDATA[ < ]]>add_months(TO_DATE(#{month},
			'yyyymm'), 1) - 1
			AND mp.END_DATE<![CDATA[ > ]]>add_months(TO_DATE(#{month},
			'yyyymm'), 0)
		</if>
		and b.package_code in
		('I00010100035','I00010100085','I00010100092','I00010100093','I00011100008')
	</select>

	<select id="findApnInfoByMsisdn9105" resultType="java.util.Map">
		select apn_name apnName,
		package_code packageCode,
		state apnState,
		to_char(start_date, 'yyyyMMddHH24miss') apnActiTime
		from OTH_PKG_9105
		where STATE = 'ENABLED'
		and MSISDN = #{msisdn}
		<if test="month !=null and month !='' ">
		AND START_DATE <![CDATA[ < ]]> add_months(TO_DATE(#{month}, 'yyyymm'), 1) - 1
		AND END_DATE <![CDATA[ > ]]> add_months(TO_DATE(#{month}, 'yyyymm'), 0)
		</if>
		and (package_code = 'PV.LTE.2G3G' or package_code like '%.GPRS')
		union
		select apn_name apnName,
		package_code packageCode,
		state apnState,
		to_char(start_date, 'yyyyMMddHH24miss') apnActiTime
		from FUNC_PKG_9105
		where STATE = 'ENABLED'
		and MSISDN = #{msisdn}
		<if test="month !=null and month !='' ">
		AND START_DATE <![CDATA[ < ]]> add_months(TO_DATE(#{month}, 'yyyymm'), 1) - 1
		AND END_DATE <![CDATA[ > ]]> add_months(TO_DATE(#{month}, 'yyyymm'), 0)
		</if>
		and (package_code = 'PV.LTE.2G3G' or package_code like '%.GPRS')
	</select>

	<select id="findApnInfoByMsisdnIOV" resultType="java.util.Map">
		SELECT b.apn_name apnName, b.package_code packageCode,b.status
		apnState,to_char(mp.start_date,'yyyyMMddHH24miss') apnActiTime
		from
		IOV_CONNECT_INFO b
		left join IOV_FUNC_PKG mp on mp.SUBSPRODID =
		b.SUBSPRODID
		where
		b.STATE='ENABLED'
		and b.msisdn = #{msisdn}
		and
		mp.MSISDN = #{msisdn}
		<if test="month !=null and month !='' ">
			AND mp.START_DATE<![CDATA[ < ]]>add_months(TO_DATE(#{month},
			'yyyymm'), 1) - 1
			AND mp.END_DATE<![CDATA[ > ]]>add_months(TO_DATE(#{month},
			'yyyymm'), 0)
		</if>
		and b.package_code in
		('I00010100035','I00010100085','I00010100092','I00010100093','I00011100008')
	</select>

	<select id="findApnInfoByMsisdnDynamic" resultType="java.util.Map">
		<choose>
			<when test="cInfo == 'CONNECT_INFO_9105'">
				select apn_name apnName,
				package_code packageCode,
				state apnState,
				to_char(start_date, 'yyyyMMddHH24miss') apnActiTime
				from OTH_PKG_9105
				where <!-- STATE = 'ENABLED'
				and  -->MSISDN = #{msisdn}
				<if test="month !=null and month !='' ">
				AND START_DATE <![CDATA[ < ]]> add_months(TO_DATE(#{month}, 'yyyymm'), 1) - 1
				AND END_DATE <![CDATA[ > ]]> add_months(TO_DATE(#{month}, 'yyyymm'), 0)
				</if>
				and (package_code = 'PV.LTE.2G3G' or package_code like '%.GPRS')
				union
				select apn_name apnName,
				package_code packageCode,
				state apnState,
				to_char(start_date, 'yyyyMMddHH24miss') apnActiTime
				from FUNC_PKG_9105
				where <!-- STATE = 'ENABLED'
				and  -->MSISDN = #{msisdn}
				<if test="month !=null and month !='' ">
				AND START_DATE <![CDATA[ < ]]> add_months(TO_DATE(#{month}, 'yyyymm'), 1) - 1
				AND END_DATE <![CDATA[ > ]]> add_months(TO_DATE(#{month}, 'yyyymm'), 0)
				</if>
				and (package_code = 'PV.LTE.2G3G' or package_code like '%.GPRS')
			</when>
			<otherwise>
				SELECT b.apn_name apnName, b.package_code packageCode,b.status
				apnState,to_char(mp.start_date,'yyyyMMddHH24miss') apnActiTime
				from ${cInfo} b
				left join ${funcTable} mp on mp.SUBSPRODID = b.SUBSPRODID
				where b.STATE='ENABLED'
				and b.msisdn = #{msisdn}
				and mp.MSISDN =#{msisdn}
				<if test="month !=null and month !='' ">
					AND mp.START_DATE<![CDATA[ < ]]>add_months(TO_DATE(#{month},'yyyymm'), 1) - 1
					AND mp.END_DATE<![CDATA[ > ]]>add_months(TO_DATE(#{month},'yyyymm'), 0)
				</if>
			</otherwise>
		</choose>
	</select>

</mapper>