<?xml version="1.0" encoding="UTF-8"?>
<!DOCTYPE mapper
        PUBLIC "-//mybatis.org//DTD Mapper 3.0//EN"
        "http://mybatis.org/dtd/mybatis-3-mapper.dtd">
        
<mapper namespace="BaseUtilsFrom9105">
	
	
	<!-- 获取订购关系集合 -->
	<select id="listPkgByCardTypeFrom9105" parameterType="java.util.Map" resultType="java.util.Map">
		select 
			rp.STATE,
			rp.DATA_SOURCE,
			to_char(rp.STATE_TIME,'yyyyMMddHH24miss') STATE_TIME,
			rp.SUBSPRODID
		from PRI_PKG_9105 rp
			where 1=1 
			<if test="msisdn !=null and msisdn !=''">
				and rp.MSISDN = #{msisdn}
			</if>
			<if test="month == null or month == ''">
				and rp.START_DATE <![CDATA[ < ]]> SYSDATE
				and rp.END_DATE <![CDATA[ > ]]> SYSDATE
			</if>
			<if test="month != null and month != ''">
				and rp.START_DATE <![CDATA[ < ]]> ADD_MONTHS(TO_DATE(#{month}, 'yyyymm'), 1)-1
				and rp.END_DATE <![CDATA[ > ]]> ADD_MONTHS(TO_DATE(#{month}, 'yyyymm'), 0)
			</if>
			<if test="list != null">
				and rp.PACKAGE_CODE in
				<foreach collection="list" item="pkgCode" open="(" separator="," close=")">
					#{pkgCode}
				</foreach>
			</if>
			and rp.STATE = 'ENABLED'
		UNION
		select 
			fp.STATE,
			fp.DATA_SOURCE,
			to_char(fp.STATE_TIME,'yyyyMMddHH24miss') STATE_TIME,
			fp.SUBSPRODID
		from FUNC_PKG_9105 fp
			where 1=1 
			<if test="msisdn !=null and msisdn !=''">
				and fp.MSISDN = #{msisdn}
			</if>
			<if test="month == null or month == ''">
				and fp.START_DATE <![CDATA[ < ]]> SYSDATE
				and fp.END_DATE <![CDATA[ > ]]> SYSDATE
			</if>
			<if test="month != null and month != ''">
				and fp.START_DATE <![CDATA[ < ]]> ADD_MONTHS(TO_DATE(#{month}, 'yyyymm'), 1)-1
				and fp.END_DATE <![CDATA[ > ]]> ADD_MONTHS(TO_DATE(#{month}, 'yyyymm'), 0)
			</if>
			<if test="list != null">
				and fp.PACKAGE_CODE in
				<foreach collection="list" item="pkgCode" open="(" separator="," close=")">
					#{pkgCode}
				</foreach>
			</if>
			and fp.STATE = 'ENABLED'
		UNION
		select 
			op.STATE,
			op.DATA_SOURCE,
			to_char(op.STATE_TIME,'yyyyMMddHH24miss') STATE_TIME,
			op.SUBSPRODID
		from OTH_PKG_9105 op 
			where 1=1 
			<if test="msisdn !=null and msisdn !=''">
				and op.MSISDN = #{msisdn}
			</if>
			<if test="month == null or month == ''">
				and op.START_DATE <![CDATA[ < ]]> SYSDATE
				and op.END_DATE <![CDATA[ > ]]> SYSDATE
			</if>
			<if test="month != null and month != ''">
				and op.START_DATE <![CDATA[ < ]]> ADD_MONTHS(TO_DATE(#{month}, 'yyyymm'), 1)-1
				and op.END_DATE <![CDATA[ > ]]> ADD_MONTHS(TO_DATE(#{month}, 'yyyymm'), 0)
			</if>
			<if test="list != null">
				and op.PACKAGE_CODE in
				<foreach collection="list" item="pkgCode" open="(" separator="," close=")">
					#{pkgCode}
				</foreach>
			</if>
			and op.STATE = 'ENABLED'
	</select>

	<!-- 根据msisdn获取集团编码 -->
	<select id="queryEcCodeByMsisdnFrom9105" parameterType="java.lang.String" resultType="java.lang.String">
		select c.EC_CODE from CARD_9105 c 
			where 
				c.MSISDN = #{msisdn} 
			and 
				c.STATE = 'ENABLED'
	</select>
	
	<select id="queryVoiceByMsisdnFrom9105" parameterType="java.util.Map" resultType="java.util.HashMap">
		select STATUS,DATA_SOURCE,to_char(STATE_TIME,'yyyyMMddHH24miss') STATE_TIME FROM M2M_VOICE_INFO_9105
		WHERE 1=1
		<if test="msisdn!=null and msisdn!=''">
		and msisdn=#{msisdn}
		</if>
	</select>
	
	<!-- 根据号码和套餐编码更新语音功能信息 -->
	<update id="updateVoiceByMsisdnAndPkgCodeFrom9105" parameterType="java.util.Map">
		update M2M_VOICE_INFO_9105 vi set vi.STATE = #{state}
			where vi.MSISDN = #{msisdn}
	</update>
	
	<!-- 判断号码和套餐编码查询信息是否存在进行更新或新增 -->
	<update id="updateOrInsertVoiceByConditionInfoIsExistFrom9105" parameterType="java.util.Map">
		MERGE INTO M2M_VOICE_INFO_9105 vi USING (
			SELECT 
				#{msisdn,jdbcType=VARCHAR} AS A
			FROM dual) S 
				ON (vi.MSISDN = S.A)
		WHEN MATCHED THEN
			UPDATE SET 
				vi.STATUS = #{voicestatus,jdbcType=VARCHAR}, 
				vi.DATA_SOURCE = #{datasource,jdbcType=VARCHAR} 
			where 
				vi.MSISDN=#{msisdn,jdbcType=VARCHAR}
		WHEN NOT MATCHED THEN
			INSERT (
				vi.MSISDN, 
				vi.STATUS, 
				vi.STATE, 
				vi.DATA_SOURCE, 
				vi.create_time
			)
			VALUES(
				#{msisdn,jdbcType=VARCHAR},
				#{voicestatus,jdbcType=VARCHAR},
				'ENABLED',
				#{datasource,jdbcType=VARCHAR},
				to_date(#{start_time,jdbcType=VARCHAR},
				'yyyy-mm-dd HH24:mi:ss')
			)	
	</update>
	
	<!-- 查询号码状态是否US10 -->
	<select id="queryMsisdnRunCodeIsUS10From9105" parameterType="java.lang.String" resultType="java.util.Map">
		select msisdn from CARD_9105
		where 
			RUN_CODE = 'US10' 
		and 
			STATE = 'ENABLED' 
		and 
			MSISDN = #{msisdn} and rownum=1
	</select>
	
	<!-- 根据号码获取号码状态信息 -->
	<select id="getRunCodeByMsisdnFrom9105"  resultType="java.util.HashMap">
		select RUN_CODE, DATA_SOURCE,TO_CHAR(RUN_CODE_TIME,'yyyymmddHH24miss') run_code_time,LIFE_CYCLE,
		TO_CHAR(ACTIVATE_DATE,'yyyymmddHH24miss') activate_date ,STATE
		from CARD_9105 
		where 
			MSISDN = #{msisdn}
	</select>

	<!-- 根据号码更新卡表号码状态信息 -->
	<update id="updateCardRunCodeByMisisdnFrom9105" parameterType="java.util.Map">
		update CARD_9105
		<trim prefix="set" suffixOverrides=","> 
		    STATE_TIME = SYSDATE,
			<if test="activateDate !=null and activateDate !=''">
				ACTIVATE_DATE = TO_DATE(#{activateDate},'yyyymmddHH24miss'),
			</if>
			<if test="activateDate !=null and activateDate ==''">
				ACTIVATE_DATE = TO_DATE('','yyyymmddHH24miss'),
			</if>
			<if test="status !=null and status !=''">
				RUN_CODE = #{status} ,
			</if>
			<if test="dataSource !=null and dataSource !=''">
				data_source = #{dataSource},
			</if>
			<if test="life_cycle !=null and life_cycle !=''">
				life_cycle = upper(#{life_cycle}),
			</if>
			<if test="startdate !=null and startdate !=''">
				run_code_time = TO_DATE(#{startdate},'yyyymmddHH24miss'),
			</if>
	    </trim>
		where msisdn = #{msisdn} and STATE = 'ENABLED'
	</update>
	
	<!-- 查询过去到现在的套餐信息 -->
	<select id="queryPastToPresentPackageInfoFrom9105" parameterType="java.util.Map" resultType="java.util.Map">
			select 
				rp.PACKAGE_CODE, 
				rp.EC_CODE,
				rp.STATE,
				to_char(rp.START_DATE,'yyyyMMddHH24miss') START_DATE,
				to_char(rp.end_date,'yyyyMMddHH24miss') END_DATE,
				ap.PACKAGE_NAME
			from PRI_PKG_9105 rp ,ATOMIC_PRODUCTS ap
				where rp.PACKAGE_CODE = ap.PACKAGE_CODE
				<if test="pkgCode != null and pkgCode != ''">
					and rp.PACKAGE_CODE = #{pkgCode}
				</if>
				<if test="msisdn != null and msisdn != ''">
					and rp.MSISDN = #{msisdn}
				</if>
				<if test="subSprodId != null and subSprodId !=''">
					and rp.SUBSPRODID = #{subSprodId}
				</if>
		union 
			select 
				rp.PACKAGE_CODE, 
				rp.EC_CODE,
				rp.STATE,
				to_char(rp.START_DATE,'yyyyMMddHH24miss') START_DATE,
				to_char(rp.end_date,'yyyyMMddHH24miss') END_DATE,
				ap.PACKAGE_NAME
			from FUNC_PKG_9105 rp ,ATOMIC_PRODUCTS ap
				where rp.PACKAGE_CODE = ap.PACKAGE_CODE
				<if test="pkgCode != null and pkgCode != ''">
					and rp.PACKAGE_CODE = #{pkgCode}
				</if>
				<if test="msisdn != null and msisdn != ''">
					and rp.MSISDN = #{msisdn}
				</if>
				<if test="subSprodId != null and subSprodId !=''">
					and rp.SUBSPRODID = #{subSprodId}
				</if>
		union
			select 
				rp.PACKAGE_CODE, 
				rp.EC_CODE,
				rp.STATE,
				to_char(rp.START_DATE,'yyyyMMddHH24miss') START_DATE,
				to_char(rp.end_date,'yyyyMMddHH24miss') END_DATE,
				ap.PACKAGE_NAME
			from OTH_PKG_9105 rp ,ATOMIC_PRODUCTS ap
				where rp.PACKAGE_CODE = ap.PACKAGE_CODE
				<if test="pkgCode != null and pkgCode != ''">
					and rp.PACKAGE_CODE = #{pkgCode}
				</if>
				<if test="msisdn != null and msisdn != ''">
					and rp.MSISDN = #{msisdn}
				</if>
				<if test="subSprodId != null and subSprodId !=''">
					and rp.SUBSPRODID = #{subSprodId}
				</if>
	</select>
	
	<!-- 查询流量套餐信息 -->
	<select id="findPackageInfoByMsisdnFrom9105" resultType="com.openapi3.entity.PkgInfo" >
		(
		SELECT
			distinct MP.MSISDN msisdn,
			(case when 
				(select 
					PRODUCT_CODE 
				from CARD_9105 
					where msisdn=MP.MSISDN 
					and STATE='ENABLED' 
					and MP.END_DATE  <![CDATA[ > ]]>(SYSDATE-1) AND ROWNUM=1 ) is null 
						then '' else (select PRODUCT_CODE from CARD_9105 where msisdn=MP.MSISDN and STATE='ENABLED' and MP.END_DATE  <![CDATA[ > ]]>(SYSDATE-1) AND ROWNUM=1 )  end
				) prdCode,
			MP.PACKAGE_CODE pkgCode,
			AP.PACKAGE_NAME pkgName,
			MP.SUBSPRODID subsprodid,
			to_char(MP.START_DATE,'yyyyMMddHH24miss') startDate,
			to_char(MP.END_DATE,'yyyyMMddHH24miss') endDate,
			MP.APN_NAME apnName
		FROM PRI_PKG_9105 MP ,ATOMIC_PRODUCTS AP
			WHERE MP.PACKAGE_CODE=AP.PACKAGE_CODE
			AND MP.STATE = 'ENABLED'
			AND AP.VISIBLE=1
			AND AP.STATE = 'ENABLED'
			AND AP.BUS_CATEGORY='FLOW'
			AND MP.END_DATE  <![CDATA[ > ]]>(SYSDATE-1)
			<!-- <if test="msisdn !=null and msisdn !=''"> -->
			    AND mp.msisdn =#{msisdn}
			<!-- </if>     -->           
		)
		union
		(
		SELECT
			distinct MP.MSISDN msisdn,
			(case when 
				(select 
					PRODUCT_CODE 
				from CARD_9105 
					where msisdn=MP.MSISDN 
					and STATE='ENABLED' 
					and MP.END_DATE  <![CDATA[ > ]]>(SYSDATE-1) AND ROWNUM=1 ) is null 
						then '' else (select PRODUCT_CODE from CARD_9105 where msisdn=MP.MSISDN and STATE='ENABLED'and MP.END_DATE  <![CDATA[ > ]]>(SYSDATE-1) AND ROWNUM=1 ) end
				) as prdCode,
			MP.PACKAGE_CODE pkgCode,
			AP.PACKAGE_NAME pkgName,
			MP.SUBSPRODID subsprodid,
			to_char(MP.START_DATE,'yyyyMMddHH24miss') startDate,
			to_char(MP.END_DATE,'yyyyMMddHH24miss') endDate,
			MP.APN_NAME apnName
		FROM OTH_PKG_9105 MP ,ATOMIC_PRODUCTS AP
			WHERE MP.PACKAGE_CODE=AP.PACKAGE_CODE
			AND MP.STATE = 'ENABLED'
			AND AP.VISIBLE=1
			AND AP.STATE = 'ENABLED'
			AND AP.BUS_CATEGORY='FLOW'
			AND MP.END_DATE  <![CDATA[ > ]]>(SYSDATE-1)
			<!-- <if test="msisdn !=null and msisdn !=''"> -->
			    AND mp.msisdn =#{msisdn}
			<!-- </if>   -->                     
			) 
    </select>
    
    <!--9105号码 单个/批量流量共享产品  9105号码没有apnname-->
    <select id="queryShareFlowProductAndApnNameByMsisdnFrom9105" parameterType="java.util.Map"  resultType="com.openapi3.entity.ShareInfoEntity">
   		select
	        fm.product_code as prdCode,
	        '' as apnName,
	        fm.package_code pkgCode              
	    from FLUX_POOL_MEM fm, CARD_9105 mp
	        where
	        fm.msisdn = mp.msisdn
	        and mp.state='ENABLED' 
	        and fm.POOL_PACKAGE in ('I00010300040','I00010300047','I00010101843','I00010101844','I00010111843','I00010111844,'I00010700443','I00010700444','I00010100443','I00010100444','I00010100743','I00010100744')
	        and fm.EFF_TYPE=0
	        and fm.END_DATE  <![CDATA[ > ]]> (SYSDATE-1)            
	   		and to_char(fm.EFF_DATE,'YYYY-MM')<![CDATA[ < ]]>to_char(sysdate,'YYYY-MM')               		
	         <if test="msisdn !=null and msisdn !=''">
	            and fm.msisdn=#{msisdn}
	        </if>
    </select>
    
    <!-- 根据号码查询短信状态 -->
    <select id="getSmsStatusByMsisdnFrom9105" resultType="java.util.HashMap" parameterType="java.util.Map">
    	select 
			STATUS, 
			DATA_SOURCE, 
			to_char(STATE_TIME,'yyyyMMddHH24miss') STATE_TIME
		from M2M_SMS_INFO_9105 
			where 1 = 1
		 	<if test="msisdn != null and msisdn != ''">
				and msisdn = #{msisdn}
			</if>
			and STATE = 'ENABLED'
    </select>
    
    <!-- 鉴权使用 -->
    <select id="queryPermissionForm9105" parameterType="java.util.HashMap" resultType="java.lang.String">
    	SELECT
			T .run_code RUNCODE
		FROM
			NUM_ROUTE NR,
			CARD_9105 T
		WHERE
			NR.MSISDN = T .MSISDN
			AND T .state = 'ENABLED'
			<if test="ecCode !=null and ecCode !=''">
	    		AND t.ec_code=#{ecCode}
	    	</if>
	    	<if test="msisdn !=null and msisdn !=''">
	    		AND NR.msisdn=#{msisdn}
	    	</if>
	    	<if test="iccid !=null and iccid !=''">
	    		AND NR.iccid=#{iccid}
	    	</if>
	    	<if test="imsi !=null and imsi !=''">
	    		AND NR.imsi=#{imsi}
	    	</if>
	    	<if test="imei !=null and imei !=''">
	    		AND NR.imei=#{imei}
	    	</if>
			AND NR.EC_MAIN_PROD_ID IS NOT NULL
    </select>
    
    <update id="updateSmsStateFrom9105" parameterType="java.util.Map">
		update M2M_SMS_INFO_9105 set state='DISABLED'
		where 1=1
		<if test="msisdn!=null and msisdn!=''">
		and msisdn=#{msisdn}
		</if>
	</update>
    
        <update id="updateSmsStateFrom91051" parameterType="java.util.Map">
		update M2M_SMS_INFO_9105 set state='ENABLED'
		where 1=1
		<if test="msisdn!=null and msisdn!=''">
		and msisdn=#{msisdn}
		</if>
	</update>
    
     <!-- 短信校验 -->
	<update id="updateSmsStateFrom91052" parameterType="java.util.Map">
        MERGE INTO M2M_SMS_INFO_9105 T
        USING (SELECT #{msisdn} as a FROM dual) S
        ON (T.msisdn = S.a)
        WHEN MATCHED THEN
        update set T.STATUS=#{smsstatus},T.data_source=#{datasource}
        where msisdn=#{msisdn}
        WHEN NOT MATCHED THEN
        insert (T.MSISDN, T.STATUS, STATE, T.DATA_SOURCE, T.STATE_TIME)
        VALUES(#{msisdn},#{smsstatus},'ENABLED',#{datasource},to_date(#{start_time},'yyyy-mm-dd HH24:mi:ss'))
	</update>
    
    <!-- 判断号码是否订购国漫基础服务I00010100421 -->
    <select id="queryMsisdn9105I00010100421" parameterType="java.util.HashMap"
        resultType="java.lang.String">
        select func.package_code from FUNC_PKG_9105 func
        where func.MSISDN = #{msisdn}
        and func.package_code = 'I00010100421'
        and func.state = 'ENABLED'
    </select>
    
    <!-- 根据msisdn获取卡表数据 -->
    <select id="queryCardInfoByMsisdnFrom9105" parameterType="java.util.HashMap" resultType="java.util.Map">
        select card.PRODUCT_CODE from CARD_9105 card 
            where 
        card.MSISDN = #{msisdn} and card.STATE = 'ENABLED'
    </select>
</mapper>