<?xml version="1.0" encoding="UTF-8"?>
<!DOCTYPE mapper
        PUBLIC "-//mybatis.org//DTD Mapper 3.0//EN"
        "http://mybatis.org/dtd/mybatis-3-mapper.dtd">
        
<mapper namespace="BaseUtilsFromMac">
  
  	<!-- 获取ApnName -->
	<select id="getApnNameByMsisdnFromMAC" parameterType="java.util.Map" resultType="java.util.Map">
		select upper(rp.APN_NAME) apn_name from MAC_CONNECT_INFO rp
			where 1=1 
			<if test="msisdn !=null and msisdn !=''">
				and rp.MSISDN = #{msisdn}
			</if>
			<choose>
				<when test="flag == 'NO'">
					<if test="pkgArr != null">
					and rp.PACKAGE_CODE not in
						<foreach collection="pkgArr" item="pkgCode" open="(" separator="," close=")">
							#{pkgCode}
						</foreach>
					</if>
				</when>
				<otherwise>
					<if test="pkgArr != null">
					and rp.PACKAGE_CODE in
						<foreach collection="pkgArr" item="pkgCode" open="(" separator="," close=")">
							#{pkgCode}
						</foreach>
					</if>
				</otherwise>
			</choose>
			and EXISTS (
					SELECT
						mp.APN_NAME
					FROM
						MAC_FUNC_PKG mp
					WHERE
						mp.MSISDN = #{msisdn}
						AND mp.SUBSPRODID = rp.SUBSPRODID
						AND mp.START_DATE<![CDATA[ < ]]>add_months(TO_DATE(#{month}, 'yyyymm'), 1) - 1
						AND mp.END_DATE<![CDATA[ > ]]>add_months(TO_DATE(#{month}, 'yyyymm'), 0)
					)
	</select>

  	<!-- 获取订购关系集合 -->
	<select id="listPkgByCardTypeFromMAC" parameterType="java.util.Map" resultType="java.util.Map">
		select 
			rp.STATE,
			rp.DATA_SOURCE,
			to_char(rp.STATE_TIME,'yyyyMMddHH24miss') STATE_TIME, 
			rp.SUBSPRODID, 
			rp.APN_NAME,
			rp.PACKAGE_CODE
		from MAC_PRI_PKG rp
			where 1=1 
			<if test="msisdn !=null and msisdn !=''">
				and rp.MSISDN = #{msisdn}
			</if>
			<if test="month == null or month == ''">
				and rp.START_DATE <![CDATA[ < ]]> SYSDATE
				and rp.END_DATE <![CDATA[ > ]]> SYSDATE
			</if>
			<if test="month != null and month != ''">
				and rp.START_DATE <![CDATA[ < ]]> ADD_MONTHS(TO_DATE(#{month}, 'yyyymm'), 1)-1
				and rp.END_DATE <![CDATA[ > ]]> ADD_MONTHS(TO_DATE(#{month}, 'yyyymm'), 0)
			</if>
			<if test="apnName != null and apnName != ''">
				and rp.apnName = #{apnName}
			</if>
			<if test="pkgArr != null">
				and rp.PACKAGE_CODE in
				<foreach collection="pkgArr" item="pkgCode" open="(" separator="," close=")">
					#{pkgCode}
				</foreach>
			</if>

			and rp.STATE = 'ENABLED'
		UNION
		select 
			fp.STATE,
			fp.DATA_SOURCE,
			to_char(fp.STATE_TIME,'yyyyMMddHH24miss') STATE_TIME,
			fp.SUBSPRODID, 
			fp.APN_NAME,
			fp.PACKAGE_CODE
		from MAC_FUNC_PKG fp
			where 1=1 
			<if test="msisdn !=null and msisdn !=''">
				and fp.MSISDN = #{msisdn}
			</if>
			<if test="month == null or month == ''">
				and fp.START_DATE <![CDATA[ < ]]> SYSDATE
				and fp.END_DATE <![CDATA[ > ]]> SYSDATE
			</if>
			<if test="month != null and month != ''">
				and fp.START_DATE <![CDATA[ < ]]> ADD_MONTHS(TO_DATE(#{month}, 'yyyymm'), 1)-1
				and fp.END_DATE <![CDATA[ > ]]> ADD_MONTHS(TO_DATE(#{month}, 'yyyymm'), 0)
			</if>
			<if test="apnName != null and apnName != ''">
				and rp.apnName = #{apnName}
			</if>
			<if test="pkgArr != null">
				and fp.PACKAGE_CODE in
				<foreach collection="pkgArr" item="pkgCode" open="(" separator="," close=")">
					#{pkgCode}
				</foreach>
			</if>
			and fp.STATE = 'ENABLED'
		UNION
		select 
			op.STATE,
			op.DATA_SOURCE,
			to_char(op.STATE_TIME,'yyyyMMddHH24miss') STATE_TIME,
			op.SUBSPRODID, 
			op.APN_NAME,
			op.PACKAGE_CODE
		from MAC_OTH_PKG op 
			where 1=1 
			<if test="msisdn !=null and msisdn !=''">
				and op.MSISDN = #{msisdn}
			</if>
			<if test="month == null or month == ''">
				and op.START_DATE <![CDATA[ < ]]> SYSDATE
				and op.END_DATE <![CDATA[ > ]]> SYSDATE
			</if>
			<if test="month != null and month != ''">
				and op.START_DATE <![CDATA[ < ]]> ADD_MONTHS(TO_DATE(#{month}, 'yyyymm'), 1)-1
				and op.END_DATE <![CDATA[ > ]]> ADD_MONTHS(TO_DATE(#{month}, 'yyyymm'), 0)
			</if>
			<if test="apnName != null and apnName != ''">
				and rp.apnName = #{apnName}
			</if>
			<if test="pkgArr != null">
				and op.PACKAGE_CODE in
				<foreach collection="pkgArr" item="pkgCode" open="(" separator="," close=")">
					#{pkgCode}
				</foreach>
			</if>
			and op.STATE = 'ENABLED'
	</select>

	<!-- 根据msisdn获取集团编码 -->
	<select id="queryEcCodeByMsisdnFromMAC" parameterType="java.lang.String" resultType="java.lang.String">
		select mac.EC_CODE from MAC_CARD mac 
			where 
		mac.MSISDN = #{msisdn} and mac.STATE = 'ENABLED'
	</select>
	
	<!-- 根据号码查询获取上网功能信息 -->
	<select id="queryGprsByMsisdnFromMAC" parameterType="java.util.Map" resultType="java.util.Map">
		select ci.MSISDN, ci.PACKAGE_CODE, ci.APN_NAME, ci.STATUS as APN_STATE,to_char(ci.STATUS_CHANGE_TIME, 'yyyyMMddHH24miss') from MAC_CONNECT_INFO ci
			where 1 = 1
			<if test="msisdn != null and msisdn != ''">
				and ci.MSISDN = #{msisdn}
			</if>
			<if test="iccid != null and iccid != ''">
				and ci.iccid = #{iccid}
			</if>
			and ci.STATE = 'ENABLED' 
	</select>
	
	<select id="queryVoiceByMsisdnFromMAC" parameterType="java.util.Map" resultType="java.util.HashMap">
		select STATUS,DATA_SOURCE,to_char(STATE_TIME,'yyyyMMddHH24miss') STATE_TIME FROM MAC_VOICE_INFO
		WHERE 1=1
		<if test="msisdn!=null and msisdn!=''">
		and msisdn=#{msisdn}
		</if>
	</select>
	
	<!-- 根据号码和套餐编码更新语音功能信息 -->
	<update id="updateVoiceByMsisdnAndPkgCodeFromMAC" parameterType="java.util.Map">
		update MAC_VOICE_INFO vi 
			set vi.STATE = #{state}
			where vi.MSISDN = #{msisdn}
			<if test="packageCode != null and packageCode !=''">
				and vi.PACKAGE_CODE = #{packageCode}
			</if>
	</update>
	
	<!-- 判断号码和套餐编码查询信息是否存在进行更新或新增 -->
	<update id="updateOrInsertVoiceByConditionInfoIsExistFromMAC" parameterType="java.util.Map">
		MERGE INTO MAC_VOICE_INFO vi USING (
			SELECT 
				#{msisdn,jdbcType=VARCHAR} AS A, 
				#{package_code,jdbcType=VARCHAR} AS B 
			FROM dual) S 
				ON (vi.MSISDN = S.A AND vi.PACKAGE_CODE = S.B)
		WHEN MATCHED THEN
			UPDATE SET 
				vi.STATUS = #{voicestatus,jdbcType=VARCHAR}, 
				vi.DATA_SOURCE = #{datasource,jdbcType=VARCHAR} 
			where 
				vi.MSISDN=#{msisdn,jdbcType=VARCHAR}
		WHEN NOT MATCHED THEN
			INSERT (
				vi.MSISDN, 
				vi.SUBSPRODID,
				vi.STATUS, 
				vi.STATE, 
				vi.DATA_SOURCE, 
				vi.PACKAGE_CODE,
				vi.create_time
			)
			VALUES(
				#{msisdn,jdbcType=VARCHAR},
				<choose>
					<when test="subsprodid!=null and subsprodid!=''">
						#{subsprodid,jdbcType=VARCHAR},
					</when>
					<otherwise>
						' ',
					</otherwise>
				</choose>
				#{voicestatus,jdbcType=VARCHAR},
				'ENABLED',
				#{datasource,jdbcType=VARCHAR},
				#{package_code,jdbcType=VARCHAR},
				to_date(#{start_time,jdbcType=VARCHAR},
				'yyyy-mm-dd HH24:mi:ss')
			)	
	</update>
	
	<!-- 查询号码状态是否US10 -->
	<select id="queryMsisdnRunCodeIsUS10FromMAC" parameterType="java.lang.String" resultType="java.util.Map">
		select msisdn from MAC_CARD 
		where 
			RUN_CODE = 'US10' 
		and 
			STATE = 'ENABLED' 
		and 
			MSISDN = #{msisdn}
	</select>
	
	<!-- 根据号码获取号码状态信息 -->
	<select id="getRunCodeByMsisdnFromMAC"  resultType="java.util.HashMap">
		select RUN_CODE, DATA_SOURCE,TO_CHAR(RUN_CODE_TIME,'yyyymmddHH24miss') run_code_time,LIFE_CYCLE,
		TO_CHAR(ACTIVATE_DATE,'yyyymmddHH24miss') activate_date,STATE
		from MAC_CARD 
		where 
			MSISDN = #{msisdn}
	</select>
	
	<!-- 根据号码更新卡表号码状态信息 -->
	<update id="updateCardRunCodeByMisisdnFromMAC" parameterType="java.util.Map">
		update MAC_CARD
		<trim prefix="set" suffixOverrides=","> 
		    STATE_TIME = SYSDATE,
			<if test="activateDate !=null and activateDate !=''">
				ACTIVATE_DATE = TO_DATE(#{activateDate},'yyyymmddHH24miss'),
			</if>
			<if test="activateDate !=null and activateDate ==''">
				ACTIVATE_DATE = TO_DATE('','yyyymmddHH24miss'),
			</if>
			<if test="status !=null and status !=''">
				RUN_CODE = #{status} ,
			</if>
			<if test="dataSource !=null and dataSource !=''">
				data_source = #{dataSource},
			</if>
			<if test="life_cycle !=null and life_cycle !=''">
				life_cycle = upper(#{life_cycle}),
			</if>
			<choose>
				<when test="status !=null and status !=''">
					<choose>
						<when test="startdate !=null and startdate !=''">
							run_code_time = TO_DATE(#{startdate},'yyyymmddHH24miss'),
						</when>
						<otherwise>
							run_code_time = null,
						</otherwise>
					</choose>
				</when>
				<when test="life_cycle !=null and life_cycle !=''">
					<choose>
						<when test="startdate !=null and startdate !=''">
							run_code_time = TO_DATE(#{startdate},'yyyymmddHH24miss'),
						</when>
						<otherwise>
							run_code_time = null,
						</otherwise>
					</choose>
				</when>
			</choose>
		</trim>
		where msisdn = #{msisdn}
	</update>
	
	<!-- 查询apnName下的serviceCode信息是否存在 -->
	<select id="queryServiceCodeByApnIsExistFromMAC" parameterType="java.util.Map" resultType="java.lang.Integer">
		SELECT
			COUNT (PROPERTY_NAME)
		FROM
			M2M_STRATEGYPROPERTY ms,
			MAC_CONNECT_INFO ci
		WHERE
			ms.SUBSPRODID = ci.SUBSPRODID
			and ci.MSISDN = #{msisdn}
			and ci.APN_NAME = #{apnName}
			and ms.PROPERTY_NAME = #{serviceCode}
	</select>
	
	<!-- 查询过去到现在的套餐信息 -->
	<select id="queryPastToPresentPackageInfoFromMAC" parameterType="java.util.Map" resultType="java.util.Map">
			select 
				rp.PACKAGE_CODE, 
				rp.EC_CODE, 
				APN_NAME, 
				rp.STATE,
				to_char(rp.START_DATE,'yyyyMMddHH24miss') START_DATE,
				 to_char(rp.end_date,'yyyyMMddHH24miss') END_DATE,
				ap.PACKAGE_NAME
			from MAC_PRI_PKG rp ,ATOMIC_PRODUCTS ap
				where rp.PACKAGE_CODE = ap.PACKAGE_CODE
				<if test="pkgCode != null and pkgCode != ''">
					and rp.PACKAGE_CODE = #{pkgCode}
				</if>
				<if test="msisdn != null and msisdn != ''">
					and rp.MSISDN = #{msisdn}
				</if>
				<if test="subSprodId != null and subSprodId !=''">
					and rp.SUBSPRODID = #{subSprodId}
				</if>
		union 
			select 
				rp.PACKAGE_CODE, 
				rp.EC_CODE, 
				APN_NAME, 
				rp.STATE,
				to_char(rp.START_DATE,'yyyyMMddHH24miss') START_DATE,
				 to_char(rp.end_date,'yyyyMMddHH24miss') END_DATE,
				ap.PACKAGE_NAME
			from MAC_FUNC_PKG rp ,ATOMIC_PRODUCTS ap
				where rp.PACKAGE_CODE = ap.PACKAGE_CODE
				<if test="pkgCode != null and pkgCode != ''">
					and rp.PACKAGE_CODE = #{pkgCode}
				</if>
				<if test="msisdn != null and msisdn != ''">
					and rp.MSISDN = #{msisdn}
				</if>
				<if test="subSprodId != null and subSprodId !=''">
					and rp.SUBSPRODID = #{subSprodId}
				</if>
		union
			select 
				rp.PACKAGE_CODE, 
				rp.EC_CODE, 
				APN_NAME, 
				rp.STATE,
				to_char(rp.START_DATE,'yyyyMMddHH24miss') START_DATE,
				 to_char(rp.end_date,'yyyyMMddHH24miss') END_DATE,
				ap.PACKAGE_NAME
			from MAC_OTH_PKG rp ,ATOMIC_PRODUCTS ap
				where rp.PACKAGE_CODE = ap.PACKAGE_CODE
				<if test="pkgCode != null and pkgCode != ''">
					and rp.PACKAGE_CODE = #{pkgCode}
				</if>
				<if test="msisdn != null and msisdn != ''">
					and rp.MSISDN = #{msisdn}
				</if>
				<if test="subSprodId != null and subSprodId !=''">
					and rp.SUBSPRODID = #{subSprodId}
				</if>
	</select> 
	
	<!-- 查询流量套餐信息 -->
	<select id="queryPackageInfoByMsisdnFromMAC" resultType="com.openapi3.entity.PkgInfo" >
		(
		SELECT
			distinct MP.MSISDN msisdn,
			(case when 
				(select 
					PRODUCT_CODE 
				from MAC_CARD 
					where msisdn=MP.MSISDN 
					and STATE='ENABLED' 
					and MP.END_DATE  <![CDATA[ > ]]>(SYSDATE-1) AND ROWNUM=1 ) is null 
						then '' else (select PRODUCT_CODE from MAC_CARD where msisdn=MP.MSISDN and STATE='ENABLED' and MP.END_DATE  <![CDATA[ > ]]>(SYSDATE-1) AND ROWNUM=1 )  end
				) as prdCode,
			MP.PACKAGE_CODE pkgCode,
			AP.PACKAGE_NAME pkgName,
			MP.SUBSPRODID subsprodid,
			to_char(MP.START_DATE,'yyyyMMddHH24miss') startDate,
			to_char(MP.END_DATE,'yyyyMMddHH24miss') endDate,
			MP.APN_NAME apnName
		FROM MAC_PRI_PKG MP ,ATOMIC_PRODUCTS AP
			WHERE MP.PACKAGE_CODE=AP.PACKAGE_CODE
			AND MP.STATE = 'ENABLED'
			AND AP.VISIBLE=1
			AND AP.STATE = 'ENABLED'
			AND AP.BUS_CATEGORY='FLOW'
			AND MP.END_DATE  <![CDATA[ > ]]>(SYSDATE-1)
			<if test="msisdn !=null and msisdn !=''">
			    AND mp.msisdn =#{msisdn}
			</if>               
		)
		union
		(SELECT
			distinct MP.MSISDN msisdn,
			(case when 
				(select 
					PRODUCT_CODE 
				from MAC_CARD 
					where msisdn=MP.MSISDN 
					and STATE='ENABLED' 
					and MP.END_DATE  <![CDATA[ > ]]>(SYSDATE-1) AND ROWNUM=1 ) is null 
						then '' else (select PRODUCT_CODE from MAC_CARD where msisdn=MP.MSISDN and STATE='ENABLED'and MP.END_DATE  <![CDATA[ > ]]>(SYSDATE-1) AND ROWNUM=1 ) end
				) as prdCode,
			MP.PACKAGE_CODE pkgCode,
			AP.PACKAGE_NAME pkgName,
			MP.SUBSPRODID subsprodid,
			to_char(MP.START_DATE,'yyyyMMddHH24miss') startDate,
			to_char(MP.END_DATE,'yyyyMMddHH24miss') endDate,
			MP.APN_NAME apnName
		FROM MAC_OTH_PKG MP ,ATOMIC_PRODUCTS AP
			WHERE MP.PACKAGE_CODE=AP.PACKAGE_CODE
			AND MP.STATE = 'ENABLED'
			AND AP.VISIBLE=1
			AND AP.STATE = 'ENABLED'
			AND AP.BUS_CATEGORY='FLOW'
			AND MP.END_DATE  <![CDATA[ > ]]>(SYSDATE-1)
			<if test="msisdn !=null and msisdn !=''">
			    AND mp.msisdn =#{msisdn}
			</if>                       
		)
    </select>
    
    <!-- 机器卡 单个/批量流量共享产品 -->
    <select id="queryShareFlowProductAndApnNameByMsisdnFromMAC" parameterType="java.util.Map"  resultType="com.openapi3.entity.ShareInfoEntity">
		select
		    fm.product_code as prdCode,
		    <!-- (select nvl(wm_concat(distinct mai.apn_name),'null') apn_name from MAC_CONNECT_INFO mai,MAC_FUNC_PKG ma
		            where fm.msisdn=mai.msisdn AND mai.package_code = ma.package_code   
		         AND mai.state = 'ENABLED'
		         AND mp.ec_code = fm.ec_code     
		         AND mp.product_code =fm.product_code
		         AND ma.start_date<![CDATA[ < ]]>sysdate
		        AND decode(ma.end_date,null,sysdate,ma.end_date)<![CDATA[ >= ]]>sysdate
		           )as apnName, -->
		     	(select nvl(wm_concat(distinct t.apn_name),'null') apn_name 
		     	 from MAC_CONNECT_INFO t where t.msisdn = #{msisdn}
		      		)as apnName,
		           fm.package_code pkgCode              
		   from FLUX_POOL_MEM fm, MAC_CARD mp
		   where
		   fm.msisdn = mp.msisdn
		   and mp.state='ENABLED' 
		   and fm.POOL_PACKAGE in ('I00010300040','I00010300047','I00010101843','I00010101844','I00010111843','I00010111844,'I00010700443','I00010700444','I00010100443','I00010100444')
		   and fm.EFF_TYPE=0
		   and fm.END_DATE  <![CDATA[ > ]]> (SYSDATE-1)            
		and to_char(fm.EFF_DATE,'YYYY-MM')<![CDATA[ < ]]>to_char(sysdate,'YYYY-MM')       	
		  <!--  <if test="msisdn !=null and msisdn !=''"> -->
		       and fm.msisdn=#{msisdn}
		   <!-- </if> -->
    </select>
    
    <!-- 根据号码查询短信状态 -->
    <select id="getSmsStatusByMsisdnFromMAC" resultType="java.util.HashMap" parameterType="java.util.Map">
    	select 
			STATUS, 
			DATA_SOURCE, 
			to_char(STATE_TIME,'yyyyMMddHH24miss') STATE_TIME
		from MAC_SMS_INFO 
			where 1 = 1
		 	<if test="msisdn != null and msisdn != ''">
				and msisdn = #{msisdn}
			</if>
			and STATE = 'ENABLED'
    </select>
    
    	<update id="updateSmsStateFromMAC" parameterType="java.util.Map">
		update MAC_SMS_INFO set state='DISABLED'
		where 1=1
		<if test="msisdn!=null and msisdn!=''">
		and msisdn=#{msisdn}
		</if>
		<if test="package_code!=null and package_code!=''">
		and package_code <![CDATA[ <> ]]> #{package_code}
		</if>
	</update>
    
    
     <!-- 鉴权使用 -->
    <select id="queryPermissionFormMAC" parameterType="java.util.HashMap" resultType="java.lang.String">
		SELECT
			T .run_code RUNCODE
		FROM
			NUM_ROUTE NR,
			MAC_CARD T
		WHERE
			NR.MSISDN = T .MSISDN
			AND T .state = 'ENABLED'
			<if test="ecCode !=null and ecCode !=''">
	    		AND t.ec_code=#{ecCode}
	    	</if>
	    	<if test="msisdn !=null and msisdn !=''">
	    		AND NR.msisdn=#{msisdn}
	    	</if>
	    	<if test="iccid !=null and iccid !=''">
	    		AND NR.iccid=#{iccid}
	    	</if>
	    	<if test="imsi !=null and imsi !=''">
	    		AND NR.imsi=#{imsi}
	    	</if>
	    	<if test="imei !=null and imei !=''">
	    		AND NR.imei=#{imei}
	    	</if>
			AND NR.EC_MAIN_PROD_ID IS NOT NULL
    </select>
    
    <!-- 查询流量套餐信息2 -->
	<select id="findPackageInfoByMsisdnFromMAC" parameterType="java.lang.String" resultType="com.openapi3.entity.PkgInfo" >
		(
		SELECT
			distinct MP.MSISDN msisdn,
			(case when 
				(select 
					PRODUCT_CODE 
				from MAC_CARD 
					where msisdn=MP.MSISDN 
					and STATE='ENABLED' 
					and MP.END_DATE  <![CDATA[ > ]]>(SYSDATE-1) AND ROWNUM=1 ) is null 
						then '' else (select PRODUCT_CODE from MAC_CARD where msisdn=MP.MSISDN and STATE='ENABLED' and MP.END_DATE  <![CDATA[ > ]]>(SYSDATE-1) AND ROWNUM=1 )  end
				) as prdCode,
			MP.PACKAGE_CODE pkgCode,
			AP.PACKAGE_NAME pkgName,
			MP.SUBSPRODID subsprodid,
			to_char(MP.START_DATE,'yyyyMMddHH24miss') startDate,
			to_char(MP.END_DATE,'yyyyMMddHH24miss') endDate,
			MP.APN_NAME apnName
		FROM MAC_PRI_PKG MP ,ATOMIC_PRODUCTS AP
			WHERE MP.PACKAGE_CODE=AP.PACKAGE_CODE
			AND MP.STATE = 'ENABLED'
			AND AP.VISIBLE=1
			AND AP.STATE = 'ENABLED'
			AND AP.BUS_CATEGORY='FLOW'
			AND MP.END_DATE  <![CDATA[ > ]]>(SYSDATE-1)
			<!-- <if test="msisdn !=null and msisdn !=''"> -->
			    AND mp.msisdn =#{msisdn}
			<!-- </if>        -->        
		)
		union
		(SELECT
			distinct MP.MSISDN msisdn,
			(case when 
				(select 
					PRODUCT_CODE 
				from MAC_CARD 
					where msisdn=MP.MSISDN 
					and STATE='ENABLED' 
					and MP.END_DATE  <![CDATA[ > ]]>(SYSDATE-1) AND ROWNUM=1 ) is null 
						then '' else (select PRODUCT_CODE from MAC_CARD where msisdn=MP.MSISDN and STATE='ENABLED'and MP.END_DATE  <![CDATA[ > ]]>(SYSDATE-1) AND ROWNUM=1 ) end
				) as prdCode,
			MP.PACKAGE_CODE pkgCode,
			AP.PACKAGE_NAME pkgName,
			MP.SUBSPRODID subsprodid,
			to_char(MP.START_DATE,'yyyyMMddHH24miss') startDate,
			to_char(MP.END_DATE,'yyyyMMddHH24miss') endDate,
			MP.APN_NAME apnName
		FROM MAC_OTH_PKG MP ,ATOMIC_PRODUCTS AP
			WHERE MP.PACKAGE_CODE=AP.PACKAGE_CODE
			AND MP.STATE = 'ENABLED'
			AND AP.VISIBLE=1
			AND AP.STATE = 'ENABLED'
			AND AP.BUS_CATEGORY='FLOW'
			AND MP.END_DATE  <![CDATA[ > ]]>(SYSDATE-1)
			<!-- <if test="msisdn !=null and msisdn !=''"> -->
			    AND mp.msisdn =#{msisdn}
			<!-- </if>        -->                
		)
    </select>
    
    <update id="updateSmsStateFromMAC1" parameterType="java.util.Map">
		update MAC_SMS_INFO set state='ENABLED'
		where 1=1
		<if test="msisdn!=null and msisdn!=''">
		and msisdn=#{msisdn}
		</if>
		<if test="package_code!=null and package_code!=''">
		and package_code = #{package_code}
		</if>
	</update>
    
    	<!-- 短信校验 -->
	<update id="updateSmsStateFromMAC2" parameterType="java.util.Map">
		MERGE INTO MAC_SMS_INFO T 
    	USING (SELECT #{msisdn} as a, #{package_code} as b
		FROM dual) S
     	ON (T.msisdn = S.a and T.Package_Code=S.b)
	    WHEN MATCHED THEN
	    update set T.STATUS=#{smsstatus},T.data_source=#{datasource} where
		msisdn=#{msisdn}
		and package_code=#{package_code}
	    WHEN NOT MATCHED THEN
	    insert (T.MSISDN,T.SUBSPRODID, T.STATUS, STATE, T.DATA_SOURCE, T.PACKAGE_CODE,T.STATE_TIME) VALUES(#{msisdn},#{subsprodid},#{smsstatus},'ENABLED',#{datasource},#{package_code},to_date(#{start_time},'yyyy-mm-dd HH24:mi:ss'))
	</update>
    
    <!-- 判断机器卡号码是否订购国漫基础服务I00010100421 -->
    <select id="queryMsisdnMacI00010100421" parameterType="java.util.HashMap"
        resultType="java.lang.String">
        select func.package_code from MAC_FUNC_PKG func
        where func.MSISDN = #{msisdn}
        and func.package_code = 'I00010100421'
        and func.state = 'ENABLED'
    </select>
    
    <!-- 根据msisdn获取卡表数据 -->
    <select id="queryCardInfoByMsisdnFromMAC" parameterType="java.util.HashMap" resultType="java.util.Map">
        select card.PRODUCT_CODE from MAC_CARD card 
            where 
        card.MSISDN = #{msisdn} and card.STATE = 'ENABLED'
    </select>
    
    <select id="queryRunCodeTime" parameterType="java.util.Map" resultType="java.util.Date">
    	select RUN_CODE_TIME from MAC_CARD where MSISDN = #{msisdn}
    </select>
    
    <select id="queryPackageCode" parameterType="java.util.Map" resultType="java.lang.String">
    	select PACKAGE_CODE from MAC_FUNC_PKG where MSISDN = #{msisdn} and STATE = 'ENABLED'
    </select>
</mapper>