<?xml version="1.0" encoding="UTF-8" ?>
<!DOCTYPE mapper
        PUBLIC "-//mybatis.org//DTD Mapper 3.0//EN"
        "http://mybatis.org/dtd/mybatis-3-mapper.dtd">

<mapper namespace="bizCommon">

	<!-- 鉴权手机号码是否存在于全量号码表 -->
	<select id="isHaveMsisdn" parameterType="java.util.HashMap" resultType="java.lang.String">
    	SELECT MSISDN FROM NUM_ROUTE 
    	WHERE STATE='ENABLED' AND MSISDN=#{msisdn} AND ROWNUM=1
    </select>
    
    <select id="querymsisdnstate" parameterType="java.util.HashMap" resultType="java.lang.String">
    	SELECT LIFE_CYCLE LIFECYCLE 
    	FROM ${msisdncardtype} 
    	WHERE state='ENABLED' 
    	<if test="ecCode !=null and ecCode !=''">
    	AND ec_code=#{ecCode}
    	</if>
    	<if test="msisdn !=null and msisdn !=''">
    	AND msisdn=#{msisdn}
    	</if>
    	<if test="iccid !=null and iccid !=''">
    	AND msisdn=(select msisdn from NUM_ROUTE where iccid=#{iccid} )
    	</if>
    	<if test="imsi !=null and imsi !=''">
    	AND msisdn=(select msisdn from NUM_ROUTE where imsi=#{imsi} )
    	</if>
    	<if test="imei !=null and imei !=''">
    	AND msisdn=(select msisdn from NUM_ROUTE where imei=#{imei} )
    	</if>
    	AND ROWNUM=1
    
    </select>
    
    <!-- 查询根据号码查询集团是否在黑名单内-->
	<select id="queryEccodeIsBlacklistByMsisdn" parameterType="java.util.HashMap" resultType="java.lang.Long">
	select count(1) 
	from ec_black_list 
	where state='ENABLED' 
	and ec_code = (select ec_code from ${msisdntype} 
	where state='ENABLED' and msisdn = #{msisdn} and rownum = 1) 
	</select>
    
	<!-- 按号码查号码类型和区域  -->
	<select id="queryAreaCodePNByMsisdn" parameterType="java.util.HashMap" resultType="java.util.HashMap">
	   SELECT * FROM 
        (
            SELECT 
                PCT.CARD_TYPE as USER_TYPE,nr.AREA_CODE
            FROM NUM_ROUTE nr,PROD_CARD_TYPE pct 
                WHERE NR.STATE = 'ENABLED'
                    AND NR.msisdn=#{msisdn}
                AND pct.MAIN_PROD_ID = nr.PER_MAIN_PROD_ID  
                AND ROWNUM=1
        UNION   
            SELECT 
                pct.CARD_TYPE as USER_TYPE ,nr.AREA_CODE
            FROM NUM_ROUTE nr, PROD_CARD_TYPE pct
                WHERE nr.STATE = 'ENABLED'
                    AND NR.msisdn=#{msisdn}
                AND pct.MAIN_PROD_ID = substr(nr.EC_MAIN_PROD_ID, (CASE when nr.EC_MAIN_PROD_ID LIKE 'AppendAttr%' then '12' ELSE '1' end))
                AND ROWNUM = 1
        ) WHERE rownum = 1
	</select>

	<!-- 根据集团产品编码查询集团级别的订购信息 -->
	<select id="queryProductInfoByPrdCode" parameterType="java.util.HashMap" resultType="java.util.HashMap">
		SELECT pmop.ec_code EC_CODE
				,pmop.product_code PRODUCT_CODE
				,pmop.package_code PACKAGE_CODE
				,pmop.subsprodid SUBSPRODID
		,(
			select a.area_code from areas a where a.area_id=(
				select ec.area_id from enterprise_customer ec where rownum=1 and ec.ec_code=pmop.ec_code
			)
		) AREA_CODE
		FROM pro_member_optional_pkg pmop
		WHERE pmop.state='ENABLED'
			<![CDATA[
		AND pmop.start_date<SYSDATE
		AND pmop.end_date>SYSDATE
			]]>
		<if test="ecCode !=null and ecCode !=''">
		AND pmop.ec_code=#{ecCode}
		</if>
		AND pmop.product_code=#{prdCode}
	</select>
	
	<!-- 根据省boss集团编码得到全网集团编码等信息 -->
	<select id="queryPBossEcCodeByEcCode" parameterType="java.util.HashMap" resultType="java.util.HashMap">
		SELECT 
			ec.pboss_ec_code PBOSSECCODE 
			,a.area_id AREAID
			,a.area_name AREANAME
			,a.area_code AREACODE
		FROM enterprise_customer ec ,areas a
		WHERE ec.area_id = a.area_id 
		AND ec.ec_code = #{ecCode}
	</select>
	
	<select id="findreginName" parameterType="java.util.HashMap" resultType="java.lang.String">
		select AREA_NAME from AREAS where AREA_ID=#{regin} and rownum=1
	</select>
	
	<select id="findMsisdnProduct" parameterType="java.util.HashMap" resultType="java.lang.String">
		SELECT  PRODUCT_CODE  FROM (
			SELECT mac.PRODUCT_CODE FROM MAC_CARD mac WHERE mac.MSISDN=#{msisdn} 
			UNION
			SELECT nb.PRODUCT_CODE FROM NB_CARD nb WHERE nb.MSISDN=#{msisdn}
			UNION
			SELECT iov.PRODUCT_CODE FROM IOV_CARD iov WHERE iov.MSISDN=#{msisdn}
		) t WHERE rownum=1
	</select>
	
	<!-- 更新全网集团编码 -->
	<update id="updatePBossEcCode" parameterType="java.util.HashMap" >
		update enterprise_customer set pboss_ec_code = #{pbosseccode} where ec_code = #{ecCode} 
	</update>
	
	<!-- 鉴权 -->
	 <select id="queryRunCodeByServiceId" parameterType="java.util.HashMap" resultType="java.lang.String">
    	SELECT MAC.run_code RUNCODE 
    	FROM NUM_ROUTE NR LEFT JOIN ${tableName} MAC on NR.MSISDN = MAC.MSISDN
    	WHERE MAC.state='ENABLED' 
    	<if test="ecCode !=null and ecCode !=''">
    	AND MAC.ec_code=#{ecCode}
    	</if>
    	<if test="msisdn !=null and msisdn !=''">
    	AND NR.msisdn=#{msisdn}
    	</if>
    	<if test="iccid !=null and iccid !=''">
    	AND NR.iccid=#{iccid}
    	</if>
    	<if test="imsi !=null and imsi !=''">
    	AND NR.imsi=#{imsi}
    	</if>
    	<if test="imei !=null and imei !=''">
    	AND NR.imei=#{imei}
    	</if>
    
    
    </select>

 	<!-- 获取eccode -->
    <select id="queryEccodeByMsisdn" parameterType="java.util.HashMap" resultType="java.lang.String">
         select  ec_code eccode ,START_DATE state_time  from M2M_GROUP_MEMBER where  msisdn = #{msisdn}
         and state = 'ENABLED'
        ORDER BY state_time DESC
		<!-- <if test="tableName !=null and tableName !=''">
			SELECT ec_code eccode FROM ${tableName}
			WHERE state='ENABLED'
			AND msisdn = #{msisdn}
			<if test="ecCode !=null and ecCode !=''">
			AND ec_code= #{ecCode}
			</if>
			ORDER BY state_time DESC
        </if>
		<if test="tableName ==null or tableName ==''">
		SELECT ec_code eccode ,state_time
		FROM MAC_CARD
		WHERE state = 'ENABLED'
		AND msisdn = #{msisdn}
		<if test="ecCode !=null and ecCode !=''">
			AND ec_code= #{ecCode}
		</if>
		UNION
		SELECT ec_code eccode ,state_time
		FROM CARD_9105
		WHERE state = 'ENABLED'
		AND msisdn = #{msisdn}
		<if test="ecCode !=null and ecCode !=''">
			AND ec_code= #{ecCode}
		</if>
		UNION
		SELECT ec_code eccode ,state_time
		FROM NB_CARD
		WHERE state = 'ENABLED'
		AND msisdn = #{msisdn}
		<if test="ecCode !=null and ecCode !=''">
			AND ec_code= #{ecCode}
		</if>
		UNION
		SELECT ec_code eccode ,state_time
		FROM IOV_CARD
		WHERE state = 'ENABLED'
		AND msisdn = #{msisdn}
		<if test="ecCode !=null and ecCode !=''">
			AND ec_code= #{ecCode}
		</if>
		ORDER BY state_time DESC
		</if> -->
    </select>
    
    <!-- 根据号码信息获取集团编码 -->
    <select id="queryEccodeByNUM" parameterType="java.util.HashMap" resultType="java.lang.String">
        SELECT MEM.EC_CODE
	    FROM M2M_GROUP_MEMBER MEM ,NUM_ROUTE NR
	    WHERE MEM.MSISDN =NR.MSISDN
	    AND MEM.STATE = 'ENABLED'
        <if test="ecCode !=null and ecCode !=''">
            AND MEM.EC_CODE =#{ecCode}
        </if>
        AND NR.STATE = 'ENABLED'
	    <if test="msisdn !=null and msisdn !=''">
            AND NR.MSISDN=#{msisdn}
        </if>
        <if test="iccid !=null and iccid !=''">
            AND NR.ICCID = #{iccid} 
        </if>
        <if test="imsi !=null and imsi !=''">
            AND NR.IMSI=#{imsi}
        </if>
        <if test="imei !=null and imei !=''">
            AND NR.IMEI=#{imei}
        </if>
         ORDER BY MEM.START_DATE desc
    </select>

    <!-- 根据号码信息获取NB卡集团编码 -->
    <select id="queryEccodeByNb" parameterType="java.util.HashMap" resultType="java.lang.String">
        SELECT ec_code eccode FROM NUM_ROUTE NR LEFT JOIN NB_CARD MC ON MC.MSISDN = NR.MSISDN
        WHERE MC.STATE='ENABLED' 
    	<if test="msisdn !=null and msisdn !=''">
    	AND NR.msisdn=#{msisdn}
    	</if>
    	<if test="iccid !=null and iccid !=''">
    	 AND NR.ICCID = #{iccid} 
    	</if>
    	<if test="imsi !=null and imsi !=''">
    	AND NR.imsi=#{imsi}
    	</if>
    	<if test="imei !=null and imei !=''">
    	AND NR.imei=#{imei}
    	</if>
        <if test="ecCode !=null and ecCode !=''">
        AND mc.ec_code= #{ecCode}
        </if>
        ORDER BY state_time DESC
    </select>
    <!-- 根据号码信息获取9105卡集团编码 -->
    <select id="queryEccodeBy9105" parameterType="java.util.HashMap" resultType="java.lang.String">
        SELECT ec_code eccode FROM NUM_ROUTE NR LEFT JOIN CARD_9105 MC ON MC.MSISDN = NR.MSISDN
        WHERE MC.STATE='ENABLED' 
    	<if test="msisdn !=null and msisdn !=''">
    	AND NR.msisdn=#{msisdn}
    	</if>
    	<if test="iccid !=null and iccid !=''">
    	 AND NR.ICCID = #{iccid} 
    	</if>
    	<if test="imsi !=null and imsi !=''">
    	AND NR.imsi=#{imsi}
    	</if>
    	<if test="imei !=null and imei !=''">
    	AND NR.imei=#{imei}
    	</if>
        <if test="ecCode !=null and ecCode !=''">
        AND mc.ec_code= #{ecCode}
        </if>
        ORDER BY state_time DESC
    </select>
    <!-- 根据号码信息获取机器卡集团编码 -->
    <select id="queryEccodeByMac" parameterType="java.util.HashMap" resultType="java.lang.String">
        SELECT ec_code eccode FROM NUM_ROUTE NR LEFT JOIN MAC_CARD MC ON MC.MSISDN = NR.MSISDN
        WHERE MC.STATE='ENABLED' 
    	<if test="msisdn !=null and msisdn !=''">
    	AND NR.msisdn=#{msisdn}
    	</if>
    	<if test="iccid !=null and iccid !=''">
    	 AND NR.ICCID = #{iccid} 
    	</if>
    	<if test="imsi !=null and imsi !=''">
    	AND NR.imsi=#{imsi}
    	</if>
    	<if test="imei !=null and imei !=''">
    	AND NR.imei=#{imei}
    	</if>
        <if test="ecCode !=null and ecCode !=''">
        AND mc.ec_code= #{ecCode}
        </if>
        ORDER BY state_time DESC
    </select>
    <!-- 根据号码信息获取车联网卡集团编码 -->
    <select id="queryEccodeByIov" parameterType="java.util.HashMap" resultType="java.lang.String">
        SELECT ec_code eccode FROM NUM_ROUTE NR LEFT JOIN IOV_CARD MC ON MC.MSISDN = NR.MSISDN
        WHERE MC.STATE='ENABLED' 
    	<if test="msisdn !=null and msisdn !=''">
    	AND NR.msisdn=#{msisdn}
    	</if>
    	<if test="iccid !=null and iccid !=''">
    	 AND NR.ICCID = #{iccid} 
    	</if>
    	<if test="imsi !=null and imsi !=''">
    	AND NR.imsi=#{imsi}
    	</if>
    	<if test="imei !=null and imei !=''">
    	AND NR.imei=#{imei}
    	</if>
        <if test="ecCode !=null and ecCode !=''">
        AND mc.ec_code= #{ecCode}
        </if>
        ORDER BY state_time DESC
    </select>
    
 <!-- 根据msisdn获取卡的类型 -->
    <select id="queryCarddTypeByMsisdn"  parameterType="java.util.HashMap" resultType="java.lang.String"> 
			SELECT 
				PCT.CARD_TYPE 
			FROM NUM_ROUTE nr,PROD_CARD_TYPE pct 
				WHERE NR.STATE = 'ENABLED'
			    <if test="msisdn !=null and msisdn !=''">
		    	    AND NR.msisdn=#{msisdn}
		    	</if>
		    	<if test="iccid !=null and iccid !=''">
		    	    AND NR.ICCID = #{iccid} 
		    	</if>
		    	<if test="imsi !=null and imsi !=''">
		    	    AND NR.imsi=#{imsi}
		    	</if>
		    	<if test="imei !=null and imei !=''">
		    	    AND NR.imei=#{imei}
		    	</if>
				AND pct.MAIN_PROD_ID = nr.PER_MAIN_PROD_ID  
				AND ROWNUM=1
		UNION   
			SELECT 
				pct.CARD_TYPE 
			FROM NUM_ROUTE nr, PROD_CARD_TYPE pct
				WHERE nr.STATE = 'ENABLED'
				 <if test="msisdn !=null and msisdn !=''">
		    	    AND NR.msisdn=#{msisdn}
		    	</if>
		    	<if test="iccid !=null and iccid !=''">
		    	    AND NR.ICCID = #{iccid} 
		    	</if>
		    	<if test="imsi !=null and imsi !=''">
		    	    AND NR.imsi=#{imsi}
		    	</if>
		    	<if test="imei !=null and imei !=''">
		    	    AND NR.imei=#{imei}
		    	</if>
				AND pct.MAIN_PROD_ID = substr(nr.EC_MAIN_PROD_ID, (CASE when nr.EC_MAIN_PROD_ID LIKE 'AppendAttr%' then '12' ELSE '1' end))
				AND ROWNUM = 1
    </select>
    
   	<select id="queryPkgTypeByPkgCode" parameterType="java.util.HashMap" resultType="java.lang.String">
	  SELECT ap.PKG_TYPE PKGTYPE FROM ATOMIC_PRODUCTS ap WHERE ap.package_code = #{packageCode}
	</select>

   	<select id="queryBusCategoryByPkgCode" parameterType="java.util.HashMap" resultType="java.lang.String">
	  SELECT ap.BUS_CATEGORY busCategory FROM ATOMIC_PRODUCTS ap WHERE ap.package_code = #{packageCode}
	</select>
	
	<!-- 按套餐编码查询新旧资费标志 -->
	<select id="queryPkgFlagByCode" parameterType="java.util.HashMap" resultType="java.lang.String">
		SELECT ap.RELEASE NEWOLDFLAG FROM ATOMIC_PRODUCTS ap WHERE ap.package_code = #{packageCode}
	</select>
	
	<select id="queryMsisdnPkgRelease" parameterType="java.util.HashMap" resultType="java.util.HashMap">
		SELECT mem.package_code PACKAGECODE,ap.AMOUNT FROM ${pageTableName} mem, ATOMIC_PRODUCTS ap
		WHERE mem.package_code=ap.package_code
		AND ap.PKG_CATEGORY='PKG_CAT_BUSINESS'
		AND ap.BUS_CATEGORY <![CDATA[ <> ]]> 'VOICE'
		<if test="msisdn != null and msisdn != ''">
			AND mem.msisdn=#{msisdn}
		</if>
		<if test="packageCode != null and packageCode != ''">
			AND mem.package_code=#{packageCode}
		</if>
		<if test="release != null and release != ''">
			AND ap.RELEASE = #{release}
		</if>
		<if test="apnName != null and apnName != ''">
			AND mem.APN_NAME = #{apnName}
		</if>
	</select>
	
	<select id="queryPackageRelationship" parameterType="java.util.HashMap" resultType="java.util.HashMap">
		SELECT
			d.PACKAGE_CODE
		FROM
			GROUP_REL a
		LEFT JOIN SERVICE_PKG b ON
			a.FROM_CODE = b.PRODUCT_CODE
		LEFT JOIN SERVICE_PKG c ON
			a.TO_CODE = c.PRODUCT_CODE
		LEFT JOIN ${priTable} d ON
			c.PACKAGE_CODE = d.PACKAGE_CODE
		WHERE
			d.MSISDN = #{msisdn}
			AND d.STATE = 'ENABLED'
			AND b.PACKAGE_CODE = #{packageCode}
			AND a.STATE = 'ENABLED'
			AND a.RELATION = #{relation}
			<if test="effectiveMode == 1">
			AND d.START_DATE <![CDATA[ < ]]> SYSDATE 
			AND d.END_DATE <![CDATA[ > ]]> SYSDATE
			</if>
			<if test="effectiveMode == 2">
			<!-- 下个月存在办理又退情况，不取下个月初时间进行判断 -->
			AND d.START_DATE <![CDATA[ <= ]]> add_months(to_date(SYSDATE),1) 
			AND d.END_DATE <![CDATA[ >= ]]> add_months(to_date(SYSDATE),1) 
			</if>
			<if test="relation == 'inside' and apnName != null and apnName != ''">
				AND d.APN_NAME = #{apnName}
			</if>
		UNION
		SELECT
			c.PACKAGE_CODE
		FROM
			GROUP_REL a
		LEFT JOIN SERVICE_PKG b ON
			a.FROM_CODE = b.PRODUCT_CODE
		LEFT JOIN ${funcTable} c ON
			a.TO_CODE = c.PACKAGE_CODE
		WHERE
			c.MSISDN = #{msisdn}
			AND c.STATE = 'ENABLED'
			AND b.PACKAGE_CODE = #{packageCode}
			AND a.STATE = 'ENABLED'
			AND a.RELATION = #{relation}
			<if test="effectiveMode == '1'">
			AND c.START_DATE <![CDATA[ < ]]> SYSDATE 
			AND c.END_DATE <![CDATA[ > ]]> SYSDATE
			</if>
			<if test="effectiveMode == '2'">
			<!-- 下个月存在办理又退情况，不取下个月初时间进行判断 -->
			AND c.START_DATE <![CDATA[ <= ]]> add_months(to_date(SYSDATE),1) 
			AND c.END_DATE <![CDATA[ >= ]]> add_months(to_date(SYSDATE),1) 
			</if>
	</select>
	
	<select id="queryAtomicProductsInfo" parameterType="java.util.HashMap" resultType="java.util.HashMap">
		SELECT ap.RELEASE AS NEWOLDFLAG,ap.PACKAGE_CODE,ap.PACKAGE_NAME,ap.PKG_TYPE,ap.AMOUNT
		FROM ATOMIC_PRODUCTS ap 
		WHERE 1=1
		<if test="packageCode != null and packageCode != ''">
			AND ap.package_code = #{packageCode}
		</if>
		<if test="canHandle != null">
			AND ap.CAN_HANDLE = ${canHandle}
		</if>
	</select>
	
	<select id="queryPackageLimit" parameterType="java.util.HashMap" resultType="java.util.HashMap">
		SELECT
			b.MONTHPACKAGELIMIT,
			b.POSEPACKAGELIMIT,
			b.VOICEPOSEPACKAGELIMIT,
			b.OVERMONTHLIMIT
		FROM
			EC_POSECOUNT b
		LEFT JOIN MAC_CARD a ON
			a.EC_CODE = b.EC_CODE 
		WHERE a.MSISDN = #{msisdn}
	</select>

	<!-- 查找号码未退订的流量月包信息，还没到生效时间的不算在内 -->
	<select id="queryNowPkgInfoByMsisdn" parameterType="java.util.HashMap" resultType="java.util.HashMap">
		SELECT mem.package_code PACKAGECODE,ap.package_name PACKAGENAME,ap.AMOUNT,mem.APN_NAME,to_char(mem.END_DATE,'yyyyMMdd') as END_YYYYMMDD
		FROM ${pageTableName}
		mem, ATOMIC_PRODUCTS ap
		WHERE mem.package_code=ap.package_code
		AND mem.state='ENABLED'
		AND mem.start_date <![CDATA[ < ]]> SYSDATE
		AND ap.PKG_CATEGORY='PKG_CAT_BUSINESS'
		AND ap.BUS_CATEGORY='FLOW'
		AND ap.PKG_TYPE='PKG_TYPE_MONTH'
		AND mem.msisdn=#{msisdn}
	</select>
 
	<!-- 查找号码订购的流量套餐信息，不包含安心包、加油包，包含未生效的 -->
	<select id="queryFlowPkgByMsisdn" parameterType="java.util.HashMap" resultType="java.util.HashMap">
		select m.package_code,to_char(m.start_date,'yyyymmdd') start_date,to_char(m.end_date,'yyyymmdd') end_date, a.release
		  from ${pageTableName} m, atomic_products a
		 where m.package_code = a.package_code
		   and a.bus_category = 'FLOW'
		   and a.PKG_CATEGORY='PKG_CAT_BUSINESS'
		   and m.state = 'ENABLED'
  		   and a.pkg_type in('PKG_TYPE_TEST','PKG_TYPE_MONTH','PKG_TYPE_MARKET','PKG_TYPE_QUARTER','PKG_TYPE_HALF_YEAR','PKG_TYPE_YEAR','PKG_TYPE_IDLE')
		   and m.end_date <![CDATA[ >]]> sysdate 
		   and m.msisdn=#{msisdn} 
	</select>

 	<!-- 查找号码订购的生效月套餐信息-->
	<select id="queryMonthPkgByMsisdn" parameterType="java.util.HashMap" resultType="java.util.HashMap">
		select m.package_code,to_char(m.start_date,'yyyymmdd') start_date,to_char(m.end_date,'yyyymmdd') end_date, a.release
		  from ${pageTableName} m, atomic_products a
		 where m.package_code = a.package_code
 		   and a.PKG_CATEGORY='PKG_CAT_BUSINESS'
		   and m.state = 'ENABLED'
  		   and a.pkg_type in('PKG_TYPE_TEST','PKG_TYPE_MONTH')
		   and m.start_date <![CDATA[ < ]]> sysdate
		   and m.end_date <![CDATA[ >]]> sysdate 
		   and m.msisdn=#{msisdn} 
	</select>
	
	<!-- 查询号码是否订购过月套餐 或者是长周期套餐 -->
<!--<select id="queryMsisdnTpyeMonth" parameterType="java.util.HashMap" resultType="java.util.HashMap">
		SELECT mem.PACKAGE_CODE PACKAGECODE,ap.PACKAGE_NAME PACKAGENAME
		FROM ${pkgTable1}  mem join ATOMIC_PRODUCTS ap on mem.PACKAGE_CODE = ap.PACKAGE_CODE
		where ap.PKG_TYPE='PKG_TYPE_MONTH' or ap.PKG_TYPE='PKG_TYPE_QUARTER' or ap.PKG_TYPE='PKG_TYPE_HALF_YEAR' or ap.PKG_TYPE='PKG_TYPE_YEAR'
		AND mem.start_date <![CDATA[ < ]]>  SYSDATE
		AND mem.msisdn=#{msisdn}
		UNION
		SELECT memm.PACKAGE_CODE PACKAGECODE,ap.PACKAGE_NAME PACKAGENAME
		FROM ${pkgTable2}  memm join ATOMIC_PRODUCTS ap on memm.PACKAGE_CODE = ap.PACKAGE_CODE
		where ap.PKG_TYPE='PKG_TYPE_MONTH' or ap.PKG_TYPE='PKG_TYPE_QUARTER' or ap.PKG_TYPE='PKG_TYPE_HALF_YEAR' or ap.PKG_TYPE='PKG_TYPE_YEAR'
		AND memm.start_date <![CDATA[ < ]]>  SYSDATE
		AND memm.msisdn=#{msisdn}
		UNION
		SELECT memmm.PACKAGE_CODE PACKAGECODE,ap.PACKAGE_NAME PACKAGENAME
		FROM ${pkgTable3}  memmm join ATOMIC_PRODUCTS ap on memmm.PACKAGE_CODE = ap.PACKAGE_CODE
		where ap.PKG_TYPE='PKG_TYPE_MONTH' or ap.PKG_TYPE='PKG_TYPE_QUARTER' or ap.PKG_TYPE='PKG_TYPE_HALF_YEAR' or ap.PKG_TYPE='PKG_TYPE_YEAR'
		AND memmm.start_date <![CDATA[ < ]]>  SYSDATE
		AND memmm.msisdn=#{msisdn}
	</select>  -->	
	
	<select id="queryMsisdnTpyeMonth" parameterType="java.util.HashMap" resultType="java.util.HashMap">
		SELECT mem.package_code PACKAGECODE FROM	${pkgTable1}  mem
		WHERE EXISTS(select ap.package_code from ATOMIC_PRODUCTS	ap where
		ap.PKG_TYPE='PKG_TYPE_MONTH' or ap.PKG_TYPE='PKG_TYPE_QUARTER'	or
		ap.PKG_TYPE='PKG_TYPE_HALF_YEAR' or ap.PKG_TYPE='PKG_TYPE_YEAR' and	mem.package_code=ap.package_code )
		AND	mem.start_date <![CDATA[ < ]]>  	SYSDATE 	AND mem.msisdn=#{msisdn}
		UNION
			SELECT mem.package_code PACKAGECODE FROM	${pkgTable2}  mem
		WHERE EXISTS(select ap.package_code from ATOMIC_PRODUCTS	ap where
		ap.PKG_TYPE='PKG_TYPE_MONTH' or ap.PKG_TYPE='PKG_TYPE_QUARTER'	or
		ap.PKG_TYPE='PKG_TYPE_HALF_YEAR' or ap.PKG_TYPE='PKG_TYPE_YEAR' and	mem.package_code=ap.package_code )
		AND	mem.start_date <![CDATA[ < ]]>  	SYSDATE 	AND mem.msisdn=#{msisdn}
		UNION
				SELECT mem.package_code PACKAGECODE FROM	${pkgTable3}  mem
		WHERE EXISTS(select ap.package_code from ATOMIC_PRODUCTS	ap where
		ap.PKG_TYPE='PKG_TYPE_MONTH' or ap.PKG_TYPE='PKG_TYPE_QUARTER'	or
		ap.PKG_TYPE='PKG_TYPE_HALF_YEAR' or ap.PKG_TYPE='PKG_TYPE_YEAR' and	mem.package_code=ap.package_code )
		AND	mem.start_date <![CDATA[ < ]]>  	SYSDATE 	AND mem.msisdn=#{msisdn}
	</select>

	<!-- 获取号码的主体产品code -->
	<select id="queryMainCode" parameterType="java.util.HashMap" resultType="java.util.HashMap">
		SELECT EC_MAIN_PROD_ID,PER_MAIN_PROD_ID FROM NUM_ROUTE
		WHERE STATE='ENABLED' AND MSISDN=#{msisdn}
		AND ROWNUM=1
	</select>
	
	<!-- 获取一批号码的主体产品code -->
    <select id="queryMainCodeByMsisdns" parameterType="java.util.HashMap" resultType="java.util.HashMap">
     SELECT EC_MAIN_PROD_ID MAIN_PROD_CODE FROM NUM_ROUTE
     	WHERE STATE='ENABLED' 
    	 	AND MSISDN in
     		<foreach item="msisdn" collection="msisdns" index="index" open="(" separator=" , " close=")" >
     			#{msisdn}
     		</foreach>
    </select>


	<!-- 查询号码订购的套餐 -->
	<select id="queryPkgCodeByMsisdn" parameterType="java.util.HashMap" resultType="java.util.HashMap">
		<foreach item="item" collection="typeTableSet" index="index" open="" separator=" UNION " close="" >
			SELECT mem.package_code PACKAGECODE,ap.package_name PACKAGENAME,ap.AMOUNT,mem.APN_NAME
			FROM ${item} mem, ATOMIC_PRODUCTS ap
			WHERE mem.package_code=ap.package_code
			<if test="ecCode !=null and ecCode !=''">
				AND mem.ec_code=#{ecCode}
			</if>
			AND mem.msisdn=#{msisdn}
			AND mem.state='ENABLED'
			AND mem.start_date <![CDATA[ < ]]> SYSDATE
		</foreach>
	</select>
	
	<select id="queryAllApnNameByMsisdn" parameterType="java.util.HashMap" resultType="java.util.HashMap">
		SELECT mem.APN_NAME,mem.PACKAGE_CODE
		FROM ${connTName} mem
		WHERE mem.state='ENABLED' 
		AND (mem.PACKAGE_CODE='I00010100035' or mem.PACKAGE_CODE='I00010100085' or mem.PACKAGE_CODE='I00010100092' or mem.PACKAGE_CODE='I00010100093'
		OR mem.PACKAGE_CODE='I00010100085_1' OR mem.PACKAGE_CODE='I00010100092_1')
		AND mem.msisdn=#{msisdn}
	</select>
	
	<select id="queryVoiceFuncByMsisdn" parameterType="java.util.HashMap" resultType="java.util.HashMap">
		SELECT mem.PACKAGE_CODE
		FROM ${voiceTName} mem
		WHERE mem.state='ENABLED' 
		AND mem.PACKAGE_CODE='I00010100095'
		AND mem.msisdn=#{msisdn}
	</select>
	
	<!-- 查找号码未退订的流量月包信息 -->
	<select id="queryMonthPkgInfoByMsisdn" parameterType="java.util.HashMap" resultType="java.util.HashMap">
		SELECT mem.package_code PACKAGECODE,ap.package_name PACKAGENAME,ap.AMOUNT,mem.APN_NAME
		FROM ${bizPkgTName} 
		mem, ATOMIC_PRODUCTS ap 
		WHERE mem.package_code=ap.package_code  
		AND ap.PKG_CATEGORY='PKG_CAT_BUSINESS'
		AND ap.BUS_CATEGORY='FLOW'
		AND ap.PKG_TYPE='PKG_TYPE_MONTH'
		AND mem.msisdn=#{msisdn}
		AND mem.state='ENABLED' 
	</select>
	
	<!-- 获取单个号码订购的通用APNNAME信息 -->
	<select id="queryNormalApnNameByMsisdn" parameterType="java.util.HashMap" resultType="java.util.HashMap">
		SELECT mem.APN_NAME,mem.PACKAGE_CODE
		FROM ${connTName} mem
		WHERE mem.state='ENABLED' 
		AND mem.msisdn=#{msisdn}
		AND (mem.PACKAGE_CODE='I00010100035' or mem.PACKAGE_CODE='I00010100085')
	</select>

	<!-- 获取号码集团能订购的套餐code -->
	<select id="queryEcCodeWhite" parameterType="java.util.HashMap" resultType="java.lang.String">
		select RELATIONSHIP from EC_PACKAGE_REL t where ec_code = #{ecCode} and state = 'ENABLED' and package_code=#{pkCode}
	</select>
	
		<!-- 号码集团能订购的套餐code,有对应套餐数据表示该套餐有权限订购 -->
	<select id="queryEcPackageRelList" parameterType="java.util.HashMap" resultType="java.lang.String">
		select ec.PACKAGE_CODE from EC_PACKAGE_REL ec,ATOMIC_PRODUCTS pro
		where ec.PACKAGE_CODE = pro.PACKAGE_CODE and ec.EC_CODE = #{ecCode} 
		and ec.PACKAGE_CODE in
		<foreach item="pkCode" collection="pkCodes" index="index" open="(" separator=" , " close=")" >
        #{pkCode}
        </foreach>
		and pro.STATE = 'ENABLED'
	</select>

	<select id="querymsisdnstateperson" parameterType="java.util.HashMap" resultType="java.lang.String">
		SELECT LIFE_CYCLE LIFECYCLE
		FROM ${msisdncardtype}
		WHERE state='ENABLED'
		<if test="ecCode !=null and ecCode !=''">
			AND ec_code=#{ecCode}
		</if>
		<if test="msisdn !=null and msisdn !=''">
			AND msisdn=#{msisdn}
		</if>
		<if test="iccid !=null and iccid !=''">
			AND iccid=#{iccid}
		</if>
		<if test="imsi !=null and imsi !=''">
			AND imsi=#{imsi}
		</if>
		<if test="imei !=null and imei !=''">
			AND imei=#{imei}
		</if>
		AND ROWNUM=1

	</select>

	<!-- 获取号码订购的多专用APNNAME信息 分表分库版之后补充 查询套餐订购表，这个套餐编码是功能的-->
	<select id="queryMoreApnNameByMsisdn" parameterType="java.util.HashMap" resultType="java.util.HashMap">
		SELECT mem.APN_NAME,mem.PACKAGE_CODE
		FROM ${packageTableName} mem
		WHERE mem.state='ENABLED'
		<if test="ecCode !=null and ecCode !=''">
			AND mem.ec_code=#{ecCode}
		</if>
		AND mem.msisdn=#{msisdn}
		AND (mem.PACKAGE_CODE='I00010100092' or mem.PACKAGE_CODE='I00010100093')
	</select>

	<!-- 查找成员号码测试套餐 -->
	<select id="findMemberTestPkg" parameterType="java.util.HashMap" resultType="java.lang.String">
		<foreach item="item" collection="typeTableSet" index="index" open="" separator=" UNION " close="" >
			SELECT mg.package_code PACKAGECODE
			FROM ${item} mg
			WHERE mg.state='ENABLED'
			AND mg.start_date <![CDATA[ < ]]> SYSDATE
			AND mg.end_date <![CDATA[ > ]]> SYSDATE
			AND mg.msisdn=#{msisdn}
			AND mg.package_code IN
			<foreach item="packageCode" collection="pkgCodeList" open="(" separator=" , " close=")" >
				#{packageCode}
			</foreach>
			<if test="ecCode !=null and ecCode !=''">
				AND mg.ec_code=#{ecCode}
			</if>
		</foreach>
	</select>

	<!-- 查询订购功能表 -->
	<select id="queryPkgTable" parameterType="java.util.HashMap" resultType="java.util.HashMap">
		<foreach item="item" collection="typeTableSet" index="index" open="" separator=" UNION " close="" >
			SELECT *
			FROM ${item} mg
			WHERE mg.state='ENABLED'
			AND mg.start_date <![CDATA[ < ]]> SYSDATE
			AND mg.end_date <![CDATA[ > ]]> SYSDATE
			<if test="msisdn !=null and msisdn !=''">
				AND mg.msisdn=#{msisdn}
			</if>
			<if test="ecCode !=null and ecCode !=''">
				AND mg.ec_code=#{ecCode}
			</if>
		</foreach>
	</select>
	
	<!-- 获取号码 生命周期信息 -->
	<select id="queryLifeCycleByMsisdns" parameterType="java.util.HashMap" resultType="java.util.HashMap">
		(
			SELECT mem.msisdn MSISDN, max(mem.life_cycle) LIFECYCLE
				FROM MAC_CARD mem
			WHERE mem.state='ENABLED' 
			<if test="ecCode !=null and ecCode !=''">
				AND mem.ec_code=#{ecCode}
			</if>
			AND mem.msisdn in
			<foreach item="msisdn" collection="msisdns" index="index" open="(" separator=" , " close=")" >
				#{msisdn}
			</foreach>
			group by mem.msisdn
		)
		union
		(
			SELECT mem.msisdn MSISDN, max(mem.life_cycle) LIFECYCLE
				FROM NB_CARD mem
			WHERE mem.state='ENABLED' 
			<if test="ecCode !=null and ecCode !=''">
				AND mem.ec_code=#{ecCode}
			</if>
			AND mem.msisdn in
			<foreach item="msisdn" collection="msisdns" index="index" open="(" separator=" , " close=")" >
				#{msisdn}
			</foreach>
			group by mem.msisdn
		)
		union
		(
			SELECT mem.msisdn MSISDN, max(mem.life_cycle) LIFECYCLE
				FROM IOV_CARD mem
			WHERE mem.state='ENABLED' 
			<if test="ecCode !=null and ecCode !=''">
				AND mem.ec_code=#{ecCode}
			</if>
			AND mem.msisdn in
			<foreach item="msisdn" collection="msisdns" index="index" open="(" separator=" , " close=")" >
				#{msisdn}
			</foreach>
			group by mem.msisdn
		)
		union
		(
			SELECT mem.msisdn MSISDN, max(mem.life_cycle) LIFECYCLE
				FROM CARD_9105 mem
			WHERE mem.state='ENABLED' 
			<if test="ecCode !=null and ecCode !=''">
				AND mem.ec_code=#{ecCode}
			</if>
			AND mem.msisdn in
			<foreach item="msisdn" collection="msisdns" index="index" open="(" separator=" , " close=")" >
				#{msisdn}
			</foreach>
			group by mem.msisdn
		)
	</select>
	
	<!-- 查询原子产品表 -->
	<select id="queryAtomicProducts" parameterType="java.util.HashMap" resultType="java.util.HashMap">
		select ap.*,
        (select sp.product_code from service_pkg sp where sp.package_code=ap.package_code and rownum=1) PARENT_CODE 
        from ATOMIC_PRODUCTS ap
		where ap.STATE = 'ENABLED'
		<if test="packageCode !=null and packageCode !=''">
			AND ap.PACKAGE_CODE=#{packageCode}
		</if>
	</select>
	
	<!-- 获取套餐对应的产品包 -->
	<!-- <select id="queryServicePkg" parameterType="java.util.HashMap" resultType="java.lang.String">
	
		select sp.product_code from service_pkg sp where 1=1
		<if test="packageCode !=null and packageCode !=''">
			AND sp.package_code=#{packageCode}
		</if>
		and rownum=1
	</select>
	 -->
	
	
	<!-- 获取号码的白名单角色ID -->
	<select id="queryRoldByMsisdn" parameterType="java.lang.String" resultType="java.lang.String">
		SELECT ROLE_ID FROM API_BLACKLIST_ROLE_MSISDN WHERE USE_STATE ='ENABLED' and MSISDN = #{msisdn}
	</select>
	
	<!-- 根据手机号码获取集团编码 -->
    <select id="getEcCodeByMsisdn" parameterType="java.util.HashMap" resultType="java.lang.String">
    SELECT EC_CODE FROM MAC_CARD 
    	WHERE STATE='ENABLED' 
    	AND MSISDN=#{msisdn}
    	AND ROWNUM=1
    union
      SELECT EC_CODE FROM CARD_9105 
    	WHERE STATE='ENABLED' 
    	AND MSISDN=#{msisdn}
    	AND ROWNUM=1
    union
      SELECT EC_CODE FROM NB_CARD 
    	WHERE STATE='ENABLED' 
    	AND MSISDN=#{msisdn}
    	AND ROWNUM=1
        union
      SELECT EC_CODE FROM IOV_CARD 
    	WHERE STATE='ENABLED' 
    	AND MSISDN=#{msisdn}
    	AND ROWNUM=1
    </select>

	<select id="queryM2mGrpmem" parameterType="java.util.HashMap" resultType="java.util.HashMap">
		SELECT MSISDN,PACKAGE_CODE,EC_CODE,APN_NAME,STATE,END_DATE,STATE_TIME,PKG_SOURCE,DATA_SOURCE,CREATE_DATE,SUBSPRODID,ORDER_DATE,AREA_CODE,REC_DATE,to_char(START_DATE,'yyyyMMddHHmmss') as START_DATE
		FROM MAC_PRI_PKG mem
		<include refid="base_condition"/>
		UNION
		SELECT MSISDN,PACKAGE_CODE,EC_CODE,APN_NAME,STATE,END_DATE,STATE_TIME,PKG_SOURCE,DATA_SOURCE,CREATE_DATE,SUBSPRODID,ORDER_DATE,AREA_CODE,REC_DATE,to_char(START_DATE,'yyyyMMddHHmmss') as START_DATE
		FROM PRI_PKG_9105 mem
		<include refid="base_condition"/>
		UNION
		SELECT MSISDN,PACKAGE_CODE,EC_CODE,APN_NAME,STATE,END_DATE,STATE_TIME,PKG_SOURCE,DATA_SOURCE,CREATE_DATE,SUBSPRODID,ORDER_DATE,AREA_CODE,REC_DATE,to_char(START_DATE,'yyyyMMddHHmmss') as START_DATE
		FROM NB_PRI_PKG mem
		<include refid="base_condition"/>
		UNION
		SELECT MSISDN,PACKAGE_CODE,EC_CODE,APN_NAME,STATE,END_DATE,STATE_TIME,PKG_SOURCE,DATA_SOURCE,CREATE_DATE,SUBSPRODID,ORDER_DATE,AREA_CODE,REC_DATE,to_char(START_DATE,'yyyyMMddHHmmss') as START_DATE
		FROM IOV_PRI_PKG mem
		<include refid="base_condition"/>
	</select>
	<sql id="base_condition">
		WHERE mem.state='ENABLED'
		<if test="ecCode !=null and ecCode !=''">
			AND mem.ec_code=#{ecCode}
		</if>
		<if test="msisdn !=null and msisdn !=''">
			AND mem.msisdn=#{msisdn}
		</if>
		<if test="APN_NAME !=null and APN_NAME !=''">
			AND mem.APN_NAME=#{APN_NAME}
		</if>
		<if test="packageList !=null">
			and mem.PACKAGE_CODE in
			<foreach collection="packageList" item="item" open="( " close=" ) " separator=",">
				#{item}
			</foreach>
		</if>
	</sql>

	<select id="queryM2mGrpmemDynamic" parameterType="java.util.HashMap" resultType="java.util.HashMap">
		<foreach collection="priPkgTable.entrySet()" item="value" index="key" separator="UNION">
		SELECT MSISDN,PACKAGE_CODE,EC_CODE,APN_NAME,STATE,END_DATE,STATE_TIME,PKG_SOURCE,DATA_SOURCE,CREATE_DATE,SUBSPRODID,ORDER_DATE,AREA_CODE,REC_DATE,to_char(START_DATE,'yyyyMMddHHmmss') as START_DATE
		FROM ${value} mem
		<include refid="base_condition"/>
		</foreach>
	</select>

    <select id="queryEccodeByIccid" parameterType="java.util.HashMap" resultType="java.lang.String">
        SELECT ec_code eccode FROM MAC_CARD WHERE
        msisdn = (select msisdn from NUM_ROUTE where iccid = #{iccid} )
        and state = 'ENABLED'
        <if test="ecCode !=null and ecCode !=''">
            AND ec_code= #{ecCode}
        </if>
        union
        select ec_code eccode from CARD_9105 WHERE
        msisdn = (select msisdn from NUM_ROUTE where iccid = #{iccid} )
        and state = 'ENABLED'
        <if test="ecCode !=null and ecCode !=''">
            AND ec_code= #{ecCode}
        </if>
        union
        select ec_code eccode from NB_CARD WHERE
        msisdn = (select msisdn from NUM_ROUTE where iccid = #{iccid} )
        and state = 'ENABLED'
        <if test="ecCode !=null and ecCode !=''">
            AND ec_code= #{ecCode}
        </if>
        union
        select ec_code eccode from IOV_CARD WHERE
        msisdn = (select msisdn from NUM_ROUTE where iccid = #{iccid} )
        and state = 'ENABLED'
        <if test="ecCode !=null and ecCode !=''">
            AND ec_code= #{ecCode}
        </if>
    </select>
	
	<!-- 获取多个号码的专用通用APN信息 -->
    <select id="queryAllApnNameByMsisdns" parameterType="java.util.HashMap"
        resultType="java.util.HashMap">
        SELECT apnList.MSISDN,nvl(WM_CONCAT(apnList.commApn), '') as COMMAPN,nvl(WM_CONCAT(apnList.specApn), '') as SPECAPN
        FROM (
            SELECT ss.msisdn,
            (case when ss.PACKAGE_CODE in ('I00010100035','I00010100085','I00011100008','I00011100008_1','I00010100085_1')
            then ss.APN_NAME
            else ''
            END) commApn,
            (case when ss.PACKAGE_CODE in ('I00010100092','I00010100093','I00010100092_1')
            then ss.APN_NAME
            else ''
            END) specApn
            FROM (
                SELECT pkg.MSISDN,upper(pkg.APN_NAME) AS APN_NAME,pkg.PACKAGE_CODE FROM MAC_CONNECT_INFO pkg WHERE pkg.STATE='ENABLED' 
                AND (pkg.PACKAGE_CODE='I00010100035' OR pkg.PACKAGE_CODE='I00010100085' OR pkg.PACKAGE_CODE='I00010100092' OR pkg.PACKAGE_CODE='I00010100093')
                AND pkg.msisdn in 
                <foreach item="msisdn" collection="msisdns" index="index"
                    open="(" separator=" , " close=")">
                    #{msisdn}
                </foreach>
                UNION 
                SELECT pkg.MSISDN,upper(pkg.APN_NAME) AS APN_NAME,pkg.PACKAGE_CODE FROM IOV_CONNECT_INFO pkg WHERE pkg.STATE='ENABLED' 
                AND (pkg.PACKAGE_CODE='I00010100035' OR pkg.PACKAGE_CODE='I00010100085' OR pkg.PACKAGE_CODE='I00010100092' OR pkg.PACKAGE_CODE='I00010100093')
                AND pkg.msisdn in 
                <foreach item="msisdn" collection="msisdns" index="index"
                    open="(" separator=" , " close=")">
                    #{msisdn}
                </foreach>
                UNION 
                SELECT pkg.MSISDN,upper(pkg.APN_NAME) AS APN_NAME,pkg.PACKAGE_CODE FROM NB_CONNECT_INFO pkg WHERE pkg.STATE='ENABLED' 
                AND (pkg.PACKAGE_CODE='I00011100008' OR pkg.PACKAGE_CODE='I00011100008_1')
                AND pkg.msisdn in 
                <foreach item="msisdn" collection="msisdns" index="index"
                    open="(" separator=" , " close=")">
                    #{msisdn}
                </foreach>
                UNION 
                SELECT pkg.MSISDN,upper(pkg.APN_NAME) AS APN_NAME,pkg.PACKAGE_CODE FROM WLW_CONNECT_INFO pkg WHERE pkg.STATE='ENABLED' 
                AND (pkg.PACKAGE_CODE='I00010100085_1' OR pkg.PACKAGE_CODE='I00010100092_1')
                AND pkg.msisdn in 
                <foreach item="msisdn" collection="msisdns" index="index"
                    open="(" separator=" , " close=")">
                    #{msisdn}
                </foreach>
            ) ss
        )apnList
        group by apnList.MSISDN
    </select>
	
	<!-- 获取号码多个订购的多专用APNNAME信息 -->
	<select id="queryMoreApnNameByMsisdns" parameterType="java.util.HashMap" resultType="java.util.HashMap">
		SELECT
			mem.MSISDN,
		 	nvl(WM_CONCAT (mem.APN_NAME), '') as APNNAME
		FROM
			${tName} mem
		WHERE mem.state = 'ENABLED'
		<if test="msisdn !=null and msisdn !=''">
			AND mem.MSISDN = #{msisdn}
		</if>
		AND (
			mem.PACKAGE_CODE = 'I00010100092'
			OR mem.PACKAGE_CODE = 'I00010100093'
		 )
		GROUP BY mem.MSISDN
	</select>
	
	
	
<!-- 实名解绑插订单表 -->
	<insert id="insertRealnameUnbind" parameterType="java.util.HashMap">
		insert into REALNAME_UNBIND_ORDER
		(ORDER_NO
		<if test="servnumber !=null">,servnumber</if>
		<if test="certtype !=null">,certtype</if>
<!-- 		<if test="certid !=null">,certid</if>
		<if test="linkphone !=null">,linkphone</if> -->
		<if test="retcode !=null">,retcode</if>
		<if test="retmsg !=null">,retmsg</if>
		<if test="create_time !=null">,create_time</if>
		)
		values
		(#{order_no}
		<if test="servnumber !=null">,#{servnumber}</if>
		<if test="certtype !=null">,#{certtype}</if>
<!-- 		<if test="certid !=null">,#{certid}</if>
		<if test="linkphone !=null">,#{linkphone}</if> -->
		<if test="retcode !=null">,#{retcode}</if>
		<if test="retmsg !=null">,#{retmsg}</if>
		<if test="create_time !=null">,#{create_time}</if>
		)

	</insert>
	
	<!-- 实名解绑通过号码找到物联网号码 -->
	<select id="selectPhonebyMsisdn"   parameterType="java.lang.String"
		resultType="java.lang.String">
		select phone AS PHONE
		from contact_ref  where msisdn=#{msisdn}  and rownum=1
	</select>
	

	<!-- 更新允许实名确认返回表 -->
	<update id="update_Real_verify_record" parameterType="java.util.Map">
		MERGE INTO
		REAL_VERIFY_RECORD T
		USING (SELECT #{msisdn} as a, #{state} as b
		FROM
		dual) S
		ON (T.msisdn = S.a )
		WHEN MATCHED THEN
		update set
		T.STATE=#{state} where 1=1 and msisdn=#{msisdn}
		WHEN NOT MATCHED THEN
		insert (T.msisdn,T.STATE)
		values(#{msisdn},#{state})
	</update>
	<!-- 查询实名确认表是否有记录 -->
	<select id="select_Real_verify_record" parameterType="java.util.Map" resultType="java.lang.String">
		select state from REAL_VERIFY_RECORD where msisdn=#{msisdn}  and rownum=1
	</select>
	
	<!-- 查询号码是否在实名成功表有记录 -->
	<select id="findmsisdnautonym" parameterType="java.util.Map" resultType="java.util.HashMap">
		select  cr.MSISDN,cr.flag,cr.reg_status from contact_ref cr where cr.msisdn=#{msisdn}  and cr.state='ENABLED'  
	</select>
	
	<update id="updateContactRef" parameterType="java.util.Map">
		update contact_ref r 
        <trim prefix="set" suffixOverrides=",">
        	<if test="regStatus !=null and regStatus !=''">
				r.reg_status=#{regStatus},
			</if> 
        	<if test="regDate !=null and regDate !=''">
				r.reg_date= #{regDate},
			</if> 			
            <if test="flag !=null and flag !=''">
                r.flag=#{flag},
            </if> 
        	<if test="modChanTime !=null and modChanTime !=''">
				r.mod_chan_time=#{modChanTime},
			</if>             
            <if test=" dataSource!=null and  dataSource!=''">
                r.data_source=#{dataSource},
            </if>
        </trim> 
		 where r.msisdn=#{msisdn} 
	</update>
	
	
	<!-- 查询号码订购的套餐,不关联原子套餐表,不过滤时间 -->
	<select id="queryAllPkgByMsisdnMAC" parameterType="java.util.HashMap"
		resultType="java.util.HashMap">
		SELECT mem.package_code PACKAGECODE,mem.APN_NAME
	        FROM MAC_PRI_PKG mem
	        WHERE mem.state='ENABLED'
	        AND mem.msisdn=#{msisdn}
	    UNION
	    SELECT mem.package_code PACKAGECODE,mem.APN_NAME
	        FROM MAC_FUNC_PKG mem
	        WHERE mem.state='ENABLED'
	        AND mem.msisdn=#{msisdn}
	    UNION
	    SELECT mem.package_code PACKAGECODE,mem.APN_NAME
	        FROM MAC_OTH_PKG mem
	        WHERE mem.state='ENABLED'
	        AND mem.msisdn=#{msisdn}
	</select>
	<select id="queryAllPkgByMsisdn9105" parameterType="java.util.HashMap"
		resultType="java.util.HashMap">
		SELECT mem.package_code PACKAGECODE,mem.APN_NAME
	        FROM PRI_PKG_9105 mem
	        WHERE mem.state='ENABLED'
	        AND mem.msisdn=#{msisdn}
	    UNION
	    SELECT mem.package_code PACKAGECODE,mem.APN_NAME
	        FROM FUNC_PKG_9105 mem
	        WHERE mem.state='ENABLED'
	        AND mem.msisdn=#{msisdn}
	    UNION
	    SELECT mem.package_code PACKAGECODE,mem.APN_NAME
	        FROM OTH_PKG_9105 mem
	        WHERE mem.state='ENABLED'
	        AND mem.msisdn=#{msisdn}
	</select>
	<select id="queryAllPkgByMsisdnNB" parameterType="java.util.HashMap"
		resultType="java.util.HashMap">
		SELECT mem.package_code PACKAGECODE,mem.APN_NAME
	        FROM NB_PRI_PKG mem
	        WHERE mem.state='ENABLED'
	        AND mem.msisdn=#{msisdn}
	    UNION
	    SELECT mem.package_code PACKAGECODE,mem.APN_NAME
	        FROM NB_FUNC_PKG mem
	        WHERE mem.state='ENABLED'
	        AND mem.msisdn=#{msisdn}
	    UNION
	    SELECT mem.package_code PACKAGECODE,mem.APN_NAME
	        FROM NB_OTH_PKG mem
	        WHERE mem.state='ENABLED'
	        AND mem.msisdn=#{msisdn}
	</select>
	<select id="queryAllPkgByMsisdnIOV" parameterType="java.util.HashMap"
		resultType="java.util.HashMap">
		SELECT mem.package_code PACKAGECODE,mem.APN_NAME
	        FROM IOV_PRI_PKG mem
	        WHERE mem.state='ENABLED'
	        AND mem.msisdn=#{msisdn}
	    UNION
	    SELECT mem.package_code PACKAGECODE,mem.APN_NAME
	        FROM IOV_FUNC_PKG mem
	        WHERE mem.state='ENABLED'
	        AND mem.msisdn=#{msisdn}
	    UNION
	    SELECT mem.package_code PACKAGECODE,mem.APN_NAME
	        FROM IOV_OTH_PKG mem
	        WHERE mem.state='ENABLED'
	        AND mem.msisdn=#{msisdn}
	</select>
	
	<!-- 根据机器卡号码查询集团信息 -->
    <select id="queryMacEcInfoByMsisdn" parameterType="java.util.HashMap" resultType="java.util.HashMap">
        SELECT card.EC_CODE,card.AREA_CODE,card.PRODUCT_CODE,
		to_char(card.ACTIVATE_DATE,'yyyyMMddHH24miss') BEGIN_TIME,customer.EC_NAME 
		FROM MAC_CARD card
		LEFT JOIN ENTERPRISE_CUSTOMER customer ON card.EC_CODE = customer.EC_CODE
		WHERE card.STATE = 'ENABLED'
		AND customer.STATE = 'ENABLED'
		AND card.MSISDN = #{msisdn}
    </select>
	<!-- 根据NB卡号码查询集团信息 -->
    <select id="queryNbEcInfoByMsisdn" parameterType="java.util.HashMap" resultType="java.util.HashMap">
        SELECT card.EC_CODE,card.AREA_CODE,card.PRODUCT_CODE,
		to_char(card.ACTIVATE_DATE,'yyyyMMddHH24miss') BEGIN_TIME,customer.EC_NAME 
		FROM NB_CARD card
		LEFT JOIN ENTERPRISE_CUSTOMER customer ON card.EC_CODE = customer.EC_CODE
		WHERE card.STATE = 'ENABLED'
		AND customer.STATE = 'ENABLED'
		AND card.MSISDN = #{msisdn}
    </select>
	<!-- 根据车联网卡号码查询集团信息 -->
    <select id="queryIovEcInfoByMsisdn" parameterType="java.util.HashMap" resultType="java.util.HashMap">
        SELECT card.EC_CODE,card.AREA_CODE,card.PRODUCT_CODE,
		to_char(card.ACTIVATE_DATE,'yyyyMMddHH24miss') BEGIN_TIME,customer.EC_NAME 
		FROM IOV_CARD card
		LEFT JOIN ENTERPRISE_CUSTOMER customer ON card.EC_CODE = customer.EC_CODE
		WHERE card.STATE = 'ENABLED'
		AND customer.STATE = 'ENABLED'
		AND card.MSISDN = #{msisdn}
    </select>
	<!-- 根据9105卡号码查询集团信息 -->
    <select id="query9105EcInfoByMsisdn" parameterType="java.util.HashMap" resultType="java.util.HashMap">
        SELECT card.EC_CODE,card.AREA_CODE,card.PRODUCT_CODE,
		to_char(card.ACTIVATE_DATE,'yyyyMMddHH24miss') BEGIN_TIME,
		customer.EC_NAME as EC_NAME
		FROM CARD_9105 card
		LEFT JOIN ENTERPRISE_CUSTOMER customer ON card.EC_CODE = customer.EC_CODE
		WHERE card.STATE = 'ENABLED'
		AND customer.STATE = 'ENABLED'
		AND card.MSISDN = #{msisdn}
    </select>


	<!-- 获取号码的运营模式-->
    <select id="queryFlagByContactRef" parameterType="java.lang.String" resultType="java.lang.String">
        SELECT ref.FLAG
		FROM CONTACT_REF ref
		WHERE ref.STATE = 'ENABLED'
		AND ref.MSISDN = #{msisdn}
		AND rownum=1
    </select>
    
	<!-- 获取子appKey对应的号码-->
    <select id="queryMsisdnBySubAppkey" parameterType="java.util.HashMap" resultType="java.lang.String">
        SELECT DISTINCT asset.MSISDN FROM PRO_ASSET asset
		LEFT JOIN PRO_USER_DEPT dept ON dept.DEPT_ID = asset.DEPT_ID
		LEFT JOIN PRO_USERS users ON users.ID = dept.USER_ID
		WHERE asset.STATE='enabled' 
		<if test="loginName!=null">
			AND users.LOGIN_NAME = #{loginName}     
		</if>
        <if test="msisdn!=null">
    		AND asset.MSISDN = #{msisdn}
        </if>
    </select>
    
    <select id="queryMsisdnProvinceName" parameterType="java.util.HashMap" resultType="java.lang.Integer">
    	SELECT count(1) FROM 
    		MONITOR_WHOLE_REFINE_PERSON a 
    	INNER JOIN API_ROAM_CITY_CONFIG b ON a.CITY_CODE = b.CITY_CODE
    	WHERE 
    		a.msisdn = #{msisdn}
    	
    </select>
    
    <!-- 按产品编码查产品信息  -->
	<select id="queryProdInfoByProdCode" parameterType="java.util.HashMap" resultType="java.util.HashMap">
	   SELECT * FROM iot.EC_PROD WHERE 
	   PRODUCT_CODE=#{prodCode} AND STATE = 'ENABLED'
	   <if test="ecCode!=null">
	   AND EC_CODE = #{ecCode}
	   </if>
	   and rownum = 1
	</select>
	
	<!-- 根据号码信息获取机器卡集团编码 -->
    <select id="queryEccodeByDynamic" parameterType="java.util.HashMap" resultType="java.lang.String">
        SELECT ec_code eccode FROM NUM_ROUTE NR LEFT JOIN ${cardTable} MC ON MC.MSISDN = NR.MSISDN
        WHERE MC.STATE='ENABLED' 
    	<if test="msisdn !=null and msisdn !=''">
    	AND NR.msisdn=#{msisdn}
    	</if>
    	<if test="iccid !=null and iccid !=''">
    	 AND NR.ICCID = #{iccid} 
    	</if>
    	<if test="imsi !=null and imsi !=''">
    	AND NR.imsi=#{imsi}
    	</if>
    	<if test="imei !=null and imei !=''">
    	AND NR.imei=#{imei}
    	</if>
        <if test="ecCode !=null and ecCode !=''">
        AND mc.ec_code= #{ecCode}
        </if>
        ORDER BY state_time DESC
    </select>
    
    <!-- 鉴权使用 -->
    <select id="queryPermissionFormDynamic" parameterType="java.util.HashMap" resultType="java.lang.String">
		SELECT
			T .run_code RUNCODE
		FROM
			NUM_ROUTE NR,
			${cardTable} T
		WHERE
			NR.MSISDN = T .MSISDN
			AND T .state = 'ENABLED'
			<if test="ecCode !=null and ecCode !=''">
	    		AND t.ec_code=#{ecCode}
	    	</if>
	    	<if test="msisdn !=null and msisdn !=''">
	    		AND NR.msisdn=#{msisdn}
	    	</if>
	    	<if test="iccid !=null and iccid !=''">
	    		AND NR.iccid=#{iccid}
	    	</if>
	    	<if test="imsi !=null and imsi !=''">
	    		AND NR.imsi=#{imsi}
	    	</if>
	    	<if test="imei !=null and imei !=''">
	    		AND NR.imei=#{imei}
	    	</if>
			AND NR.EC_MAIN_PROD_ID IS NOT NULL
    </select>
    
    	<!-- 查询号码订购的套餐,不关联原子套餐表,不过滤时间 -->
	<select id="queryAllPkgByMsisdnCMOT" parameterType="java.util.HashMap"
		resultType="java.util.HashMap">
		   		SELECT mem.package_code PACKAGECODE,mem.APN_NAME
	        FROM WLW_PRI_PKG mem
	        WHERE mem.state='ENABLED'
	        AND mem.msisdn=#{msisdn}
	    UNION
	    SELECT mem.package_code PACKAGECODE,mem.APN_NAME
	        FROM WLW_FUNC_PKG mem
	        WHERE mem.state='ENABLED'
	        AND mem.msisdn=#{msisdn}
	    UNION
	    SELECT mem.package_code PACKAGECODE,mem.APN_NAME
	        FROM WLW_OTH_PKG mem
	        WHERE mem.state='ENABLED'
	        AND mem.msisdn=#{msisdn}
	</select>
    
        	<!-- 查询号码订购的套餐,不关联原子套餐表,不过滤时间 -->
	<select id="queryAllPkgByMsisdnNew" parameterType="java.util.HashMap"
		resultType="java.util.HashMap">
		   		SELECT mem.package_code PACKAGECODE,mem.APN_NAME
	        FROM ${priTable} mem
	        WHERE mem.state='ENABLED'
	        AND mem.msisdn=#{msisdn}
	    UNION
	    SELECT mem.package_code PACKAGECODE,mem.APN_NAME
	        FROM ${funcTable} mem
	        WHERE mem.state='ENABLED'
	        AND mem.msisdn=#{msisdn}
	    UNION
	    SELECT mem.package_code PACKAGECODE,mem.APN_NAME
	        FROM ${othTable} mem
	        WHERE mem.state='ENABLED'
	        AND mem.msisdn=#{msisdn}
	</select>
    
        <!-- 查询是否订购大流量客户专属 标识-->
	<select id="isOrderExclusiveFlow" parameterType="java.util.HashMap" resultType="java.lang.Long">
		select count(1)
		  from ADC_ATTRIBUTE_FOR906 m
		 where m.msisdn = #{msisdn}
		   and m.attribute_name = 'REPOPTNUMBER'
		   and m.attribute_value = '2'
		   and m.start_date <![CDATA[ < ]]> sysdate
		   and m.end_date <![CDATA[ > ]]> sysdate 
	</select>
	
</mapper>