<?xml version="1.0" encoding="UTF-8" ?>
<!DOCTYPE mapper
        PUBLIC "-//mybatis.org//DTD Mapper 3.0//EN"
        "http://mybatis.org/dtd/mybatis-3-mapper.dtd">

<mapper namespace="cyclestatusModifyMapper">
	
	<!-- 是否为测试期 (MAC) -->
	<select id="testPeriodQueryMAC" parameterType="java.util.HashMap" resultType="java.lang.String">
		select 1 from	MAC_PRI_PKG mg,MAC_CARD  mp,ATOMIC_PRODUCTS a
		  where MG.package_code=a.package_code
		and MG.msisdn=mp.msisdn
		and MG.state = 'ENABLED' 
		and Mp.state = 'ENABLED'
		and mp.run_code='US10'
		and a.PKG_TYPE='PKG_TYPE_TEST'
		  and mp.msisdn=#{msisdn}
		
	</select>
	
	<!-- 是否为测试期 (9105) -->
	<select id="testPeriodQuery9105" parameterType="java.util.HashMap" resultType="java.lang.String">
			select 1 from	PRI_PKG_9105 mg,CARD_9105  mp,ATOMIC_PRODUCTS a
		  where MG.package_code=a.package_code
		and MG.msisdn=mp.msisdn
		and MG.state = 'ENABLED' 
		and Mp.state = 'ENABLED'
		and mp.run_code='US10'
		and a.PKG_TYPE='PKG_TYPE_TEST'
		  and mp.msisdn=#{msisdn}
	</select>
	
	<!-- 是否为测试期 (NB) -->
	<select id="testPeriodQueryNB" parameterType="java.util.HashMap" resultType="java.lang.String">
				select 1 from	NB_PRI_PKG mg,NB_CARD  mp,ATOMIC_PRODUCTS a
		  where MG.package_code=a.package_code
		and MG.msisdn=mp.msisdn
		and MG.state = 'ENABLED' 
		and Mp.state = 'ENABLED'
		and mp.run_code='US10'
		and a.PKG_TYPE='PKG_TYPE_TEST'
		  and mp.msisdn=#{msisdn}
	</select>
	
	<!-- 是否为测试期 (IOV) -->
	<select id="testPeriodQueryIOV" parameterType="java.util.HashMap" resultType="java.lang.String">
				select 1 from	IOV_PRI_PKG mg,IOV_CARD  mp,ATOMIC_PRODUCTS a
		  where MG.package_code=a.package_code
		and MG.msisdn=mp.msisdn
		and MG.state = 'ENABLED' 
		and Mp.state = 'ENABLED'
		and mp.run_code='US10'
		and a.PKG_TYPE='PKG_TYPE_TEST'
		  and mp.msisdn=#{msisdn}
	</select>
	
	<!-- 是否有库存期产品 (MAC)-->
    <select id="periodofstoreQueryMAC" parameterType="java.util.HashMap" resultType="java.lang.String">
		    (select 1 from
		          MAC_PRI_PKG  mg                     
		        where 1=1
		        and MG.state = 'ENABLED' 
		        and mg.package_code='pv.periodofstore' 
		        <if test="msisdn !=null and msisdn !=''">
		            and mg.msisdn=#{msisdn}
		        </if>
		) 
		UNION
		 (select 1 from  MAC_FUNC_PKG  mg
		        where 1=1
		        and MG.state = 'ENABLED' 
		        and mg.package_code='pv.periodofstore' 
		        <if test="msisdn !=null and msisdn !=''">
		            and mg.msisdn=#{msisdn}
		        </if>
		) 
		UNION
		 (select 1 from  MAC_OTH_PKG  mg
		        where 1=1
		        and MG.state = 'ENABLED' 
		        and mg.package_code='pv.periodofstore' 
		        <if test="msisdn !=null and msisdn !=''">
		            and mg.msisdn=#{msisdn}
		        </if>
		) 
    </select>
    
    <!-- 是否有库存期产品 (9105)-->
    <select id="periodofstoreQuery9105" parameterType="java.util.HashMap" resultType="java.lang.String">
    			    (select 1 from
		          PRI_PKG_9105  mg                     
		        where 1=1
		        and MG.state = 'ENABLED' 
		        and mg.package_code='pv.periodofstore' 
		        <if test="msisdn !=null and msisdn !=''">
		            and mg.msisdn=#{msisdn}
		        </if>
		) 
		UNION
		 (select 1 from  FUNC_PKG_9105  mg
		        where 1=1
		        and MG.state = 'ENABLED' 
		        and mg.package_code='pv.periodofstore' 
		        <if test="msisdn !=null and msisdn !=''">
		            and mg.msisdn=#{msisdn}
		        </if>
		) 
		UNION
		 (select 1 from  OTH_PKG_9105  mg
		        where 1=1
		        and MG.state = 'ENABLED' 
		        and mg.package_code='pv.periodofstore' 
		        <if test="msisdn !=null and msisdn !=''">
		            and mg.msisdn=#{msisdn}
		        </if>
		) 
    </select>
    
    <!-- 是否有库存期产品 (NB)-->
    <select id="periodofstoreQueryNB" parameterType="java.util.HashMap" resultType="java.lang.String">
    	    			    (select 1 from
		          NB_PRI_PKG  mg                     
		        where 1=1
		        and MG.state = 'ENABLED' 
		        and mg.package_code='pv.periodofstore' 
		        <if test="msisdn !=null and msisdn !=''">
		            and mg.msisdn=#{msisdn}
		        </if>
		) 
		UNION
		 (select 1 from  NB_FUNC_PKG  mg
		        where 1=1
		        and MG.state = 'ENABLED' 
		        and mg.package_code='pv.periodofstore' 
		        <if test="msisdn !=null and msisdn !=''">
		            and mg.msisdn=#{msisdn}
		        </if>
		) 
		UNION
		 (select 1 from  NB_OTH_PKG  mg
		        where 1=1
		        and MG.state = 'ENABLED' 
		        and mg.package_code='pv.periodofstore' 
		        <if test="msisdn !=null and msisdn !=''">
		            and mg.msisdn=#{msisdn}
		        </if>
		) 
    </select>
    
    <!-- 是否有库存期产品 (IOV)-->
    <select id="periodofstoreQueryIOV" parameterType="java.util.HashMap" resultType="java.lang.String">
    	(select 1 from
		          IOV_PRI_PKG  mg                     
		        where 1=1
		        and MG.state = 'ENABLED' 
		        and mg.package_code='pv.periodofstore' 
		        <if test="msisdn !=null and msisdn !=''">
		            and mg.msisdn=#{msisdn}
		        </if>
		) 
		UNION
		 (select 1 from  IOV_FUNC_PKG  mg
		        where 1=1
		        and MG.state = 'ENABLED' 
		        and mg.package_code='pv.periodofstore' 
		        <if test="msisdn !=null and msisdn !=''">
		            and mg.msisdn=#{msisdn}
		        </if>
		) 
		UNION
		 (select 1 from  IOV_OTH_PKG  mg
		        where 1=1
		        and MG.state = 'ENABLED' 
		        and mg.package_code='pv.periodofstore' 
		        <if test="msisdn !=null and msisdn !=''">
		            and mg.msisdn=#{msisdn}
		        </if>
		) 
    </select>
    
    <!-- 机器卡 获取号码的生命周期状态 -->
	<select id="getMsisdnLifecycleMAC" parameterType="java.util.HashMap"
		resultType="java.lang.String">
		SELECT p.life_cycle  FROM MAC_CARD p   WHERE p.state='ENABLED' 
            AND p.msisdn = #{msisdn} and rownum =1 
	</select>
	
	  <!-- 9105 获取号码的生命周期状态 -->
	<select id="getMsisdnLifecycle9105" parameterType="java.util.HashMap"
		resultType="java.lang.String">
		SELECT p.life_cycle  FROM CARD_9105 p   WHERE p.state='ENABLED' 
            AND p.msisdn = #{msisdn} and rownum =1 
	</select>
	
	<!-- nb 获取号码的生命周期状态 -->
	<select id="getMsisdnLifecycleNB" parameterType="java.util.HashMap"
		resultType="java.lang.String">
		SELECT p.life_cycle  FROM NB_CARD p   WHERE p.state='ENABLED' 
            AND p.msisdn = #{msisdn} and rownum =1 
	</select>
	
		<!-- iov 获取号码的生命周期状态 -->
	<select id="getMsisdnLifecycleIOV" parameterType="java.util.HashMap"
		resultType="java.lang.String">
		SELECT p.life_cycle  FROM IOV_CARD p  WHERE p.state='ENABLED' 
            AND p.msisdn = #{msisdn} and rownum =1 
	</select>
	
		<!-- 修改卡表state 机器卡 -->
	<update id="updateMsisdnStateMAC"  parameterType="java.util.Map">
		update  MAC_CARD mac  set mac.state='DISABLED' ,mac.run_code=#{status},mac.life_cycle=#{lift},mac.state_time=sysdate where mac.msisdn=#{msisdn} and mac.state='ENABLED'
	</update>
	
	<!-- 修改卡表state 9105 -->
	<update id="updateMsisdnState9105"  parameterType="java.util.Map">
		update  CARD_9105 mac  set mac.state='DISABLED' ,mac.run_code=#{status},mac.life_cycle=#{lift},mac.state_time=sysdate where mac.msisdn=#{msisdn} and mac.state='ENABLED'
	</update>
	
	<!-- 修改卡表state NB -->
	<update id="updateMsisdnStateNB"  parameterType="java.util.Map">
		update  NB_CARD mac  set mac.state='DISABLED' ,mac.run_code=#{status},mac.life_cycle=#{lift},mac.state_time=sysdate where mac.msisdn=#{msisdn} and mac.state='ENABLED'
	</update>
	
	<!-- 修改卡表state IOV -->
	<update id="updateMsisdnStateIOV"  parameterType="java.util.Map">
		update  IOV_CARD mac  set mac.state='DISABLED' ,mac.run_code=#{status},mac.life_cycle=#{lift},mac.state_time=sysdate where mac.msisdn=#{msisdn} and mac.state='ENABLED'
	</update>
	
		<!-- 删除号码在路由表数据 -->
	<delete id="deleteMsisdnNumroute" parameterType="java.util.Map">
		delete from NUM_ROUTE n where n.msisdn=#{msisdn} and n.state='ENABLED'
	</delete>
	
	<!-- 修改集团成员表 -->
	<update id="updateMsisdnStateGroup"  parameterType="java.util.Map">
		update  M2M_GROUP_MEMBER mg  set mg.state='DISABLED' where mg.msisdn=#{msisdn} and mg.state='ENABLED'
	</update>
	
</mapper>