<?xml version="1.0" encoding="UTF-8" ?>
<!DOCTYPE mapper
        PUBLIC "-//mybatis.org//DTD Mapper 3.0//EN"
        "http://mybatis.org/dtd/mybatis-3-mapper.dtd">

<mapper namespace="GroupInfo">

	<!-- 新版本企业门户->首页/成员状态分析 方式优化 -->
	<select id="queryGroupSimInfo"  resultType="com.openapi3.msg.groupinfoquery.TriGroupInfoQueryRsp">
		<choose>
			<when test="cardTable!=null">
			SELECT SUM(b.totalCount) AS totalCount,
				SUM(b.normalCount) AS normalCount,
				SUM(b.silentCount) AS silentCount,
				SUM(b.inventoryCount) AS inventoryCount,
				SUM(b.preCloseCount) AS preCloseCount,
				SUM(b.stopCount) AS stopCount,
				SUM(b.freezingCount) AS freezingCount,
				SUM(b.testCount) AS testCount
			FROM
				(
				<foreach collection="cardTable.entrySet()" item="value" index="key" separator="UNION">
				SELECT
					COUNT( DISTINCT CASE WHEN a.STATE = 'ENABLED' THEN a.msisdn ELSE NULL END ) AS totalCount,
					COUNT( DISTINCT CASE WHEN a.LIFE_CYCLE = 'NORMAL' THEN a.msisdn ELSE NULL END ) AS normalCount,
					COUNT( DISTINCT CASE WHEN a.LIFE_CYCLE = 'SILENT' THEN a.msisdn ELSE NULL END ) AS silentCount,
					COUNT( DISTINCT CASE WHEN a.LIFE_CYCLE = 'STOCK' THEN a.msisdn ELSE NULL END ) AS inventoryCount,
					COUNT( DISTINCT CASE WHEN a.LIFE_CYCLE = 'PRECLOSE' THEN a.msisdn ELSE NULL END ) AS preCloseCount,
					COUNT( DISTINCT CASE WHEN a.LIFE_CYCLE = 'STOP' THEN a.msisdn ELSE NULL END ) AS stopCount,
					COUNT( DISTINCT CASE WHEN a.LIFE_CYCLE = 'FREEZING' THEN a.msisdn ELSE NULL END ) AS freezingCount,
					COUNT( DISTINCT CASE WHEN a.LIFE_CYCLE = 'TEST' THEN a.msisdn ELSE NULL END ) AS testCount
				FROM
					${value} a
				WHERE
					a.EC_CODE = #{ecCode}
					AND a.STATE = 'ENABLED'
				</foreach>
				)b
			</when>
			<otherwise>
			SELECT '' AS totalCount, '' AS normalCount, '' AS silentCount, '' AS inventoryCount, 
			'' AS preCloseCount, '' AS stopCount, '' AS testCountSELECT '' AS totalCount, 
			'' AS normalCount, '' AS silentCount, '' AS inventoryCount, '' AS preCloseCount, 
			'' AS stopCount, '' AS freezingCount, '' AS testCount from dual
			</otherwise>
		</choose>
    </select>
    
	<!--查询集团名称  -->
	<select id="queryGroupName" resultType="String">
		select ec_name  AS ec_name
		from enterprise_customer where ec_code=#{ecCode}
	</select>
	
	
</mapper>