<?xml version="1.0" encoding="UTF-8" ?>
<!DOCTYPE mapper
        PUBLIC "-//mybatis.org//DTD Mapper 3.0//EN"
        "http://mybatis.org/dtd/mybatis-3-mapper.dtd">

<mapper namespace="GroupFlowMember">

	<!-- 成员apn(机器卡)  -->
    <select id="queryApnInfoMAC"  resultType="String" parameterType="java.util.HashMap">
    select distinct upper(mp.APN_NAME)  from  MAC_FUNC_PKG mp where  DECODE(mp.END_DATE,NULL,SYSDATE,mp.END_DATE) <![CDATA[ > ]]>  (SYSDATE-1)
	    and mp.START_DATE <![CDATA[ < ]]>  sysdate
	    and mp.state='ENABLED'
	    and mp.package_code in ('I00010100085','I00010100035','I00010100092','I00010100093')
		<if test="msisdn !=null and msisdn !=''">
            and mp.msisdn =#{msisdn}
         </if>	
         <if test="iccid !=null and iccid !=''">                
              and mp.msisdn=(select msisdn from NUM_ROUTE where iccid=#{iccid}  and rownum=1 )            
          </if>
          
      </select>
      <!-- 成员apn(NB-IOT)  -->
    <select id="queryApnInfoNB"  resultType="String" parameterType="java.util.HashMap">
     select distinct upper(mp.APN_NAME)  from  NB_FUNC_PKG mp where  DECODE(mp.END_DATE,NULL,SYSDATE,mp.END_DATE) <![CDATA[ > ]]>  (SYSDATE-1)
	    and mp.START_DATE <![CDATA[ < ]]>  sysdate
	    and mp.state='ENABLED'
	    and mp.package_code in ('I00010100085','I00010100035','I00010100092','I00010100093')
		<if test="msisdn !=null and msisdn !=''">
            and mp.msisdn =#{msisdn}
         </if>	
         <if test="iccid !=null and iccid !=''">                
              and mp.msisdn=(select msisdn from NUM_ROUTE where iccid=#{iccid}  and rownum=1 )            
          </if>
	</select>

	 <!-- 成员apn(车联卡)  -->
    <select id="queryApnInfoIOV"  resultType="String" parameterType="java.util.HashMap">
      select distinct upper(mp.APN_NAME)  from  IOV_FUNC_PKG mp where  DECODE(mp.END_DATE,NULL,SYSDATE,mp.END_DATE) <![CDATA[ > ]]>  (SYSDATE-1)
	    and mp.START_DATE <![CDATA[ < ]]>  sysdate
	    and mp.state='ENABLED'
	    and mp.package_code in ('I00010100085','I00010100035','I00010100092','I00010100093')
		<if test="msisdn !=null and msisdn !=''">
            and mp.msisdn =#{msisdn}
         </if>	
         <if test="iccid !=null and iccid !=''">                
              and mp.msisdn=(select msisdn from NUM_ROUTE where iccid=#{iccid}  and rownum=1 )            
          </if>
    </select>
    
	 <!-- 成员apn(9105)  -->
    <select id="queryApnInfo9105"  resultType="String" parameterType="java.util.HashMap">
      select distinct upper(mp.APN_NAME)  from  OTH_PKG_9105 mp where  DECODE(mp.END_DATE,NULL,SYSDATE,mp.END_DATE) <![CDATA[ > ]]>  (SYSDATE-1)
	    and mp.START_DATE <![CDATA[ < ]]>  sysdate
	    and mp.state='ENABLED'
	    and (mp.package_code = 'PV.LTE.2G3G' or mp.package_code like '%.GPRS')
		<if test="msisdn !=null and msisdn !=''">
            and mp.msisdn =#{msisdn}
         </if>	
         <if test="iccid !=null and iccid !=''">                
              and mp.msisdn=(select msisdn from NUM_ROUTE where iccid=#{iccid}  and rownum=1 )            
          </if>
	</select>
	
	<select id="queryUserType" resultType="String">
			SELECT 
				PCT.CARD_TYPE 
			FROM NUM_ROUTE nr,PROD_CARD_TYPE pct 
				WHERE NR.STATE = 'ENABLED'
			    <if test="msisdn !=null and msisdn !=''">
		    	    AND NR.msisdn=#{msisdn}
		    	</if>
		    	<if test="iccid !=null and iccid !=''">
		    	    AND NR.ICCID = #{iccid} 
		    	</if>
		    	<if test="imsi !=null and imsi !=''">
		    	    AND NR.imsi=#{imsi}
		    	</if>
		    	<if test="imei !=null and imei !=''">
		    	    AND NR.imei=#{imei}
		    	</if>
				AND pct.MAIN_PROD_ID = nr.PER_MAIN_PROD_ID  
				AND ROWNUM=1
		UNION   
			SELECT 
				pct.CARD_TYPE 
			FROM NUM_ROUTE nr, PROD_CARD_TYPE pct
				WHERE nr.STATE = 'ENABLED'
				 <if test="msisdn !=null and msisdn !=''">
		    	    AND NR.msisdn=#{msisdn}
		    	</if>
		    	<if test="iccid !=null and iccid !=''">
		    	    AND NR.ICCID = #{iccid} 
		    	</if>
		    	<if test="imsi !=null and imsi !=''">
		    	    AND NR.imsi=#{imsi}
		    	</if>
		    	<if test="imei !=null and imei !=''">
		    	    AND NR.imei=#{imei}
		    	</if>
				AND pct.MAIN_PROD_ID = substr(nr.EC_MAIN_PROD_ID, (CASE when nr.EC_MAIN_PROD_ID LIKE 'AppendAttr%' then '12' ELSE '1' end))
				AND ROWNUM = 1
	</select>

</mapper>