<?xml version="1.0" encoding="UTF-8" ?>
<!DOCTYPE mapper
        PUBLIC "-//mybatis.org//DTD Mapper 3.0//EN"
        "http://mybatis.org/dtd/mybatis-3-mapper.dtd">

<mapper namespace="MemberIccid">

	<select id="singleQueryMemberIccid" resultType="com.openapi3.msg.membericcidsinglequery.TriMemberIccidSingleQueryRsp">

		SELECT 
			<if test="msisdn !=null and msisdn !=''">
			(t.msisdn) MSISDN,WM_CONCAT(t.iccid) ICCID,WM_CONCAT(t.imsi) IMSI,WM_CONCAT(t.imei) IMEI
			</if>
			<if test="iccid !=null and iccid !=''">
			WM_CONCAT(t.msisdn) MSISDN,(t.iccid) ICCID,WM_CONCAT(t.imsi) IMSI,WM_CONCAT(t.imei) IMEI
			</if>
			<if test="imsi !=null and imsi !=''">
			WM_CONCAT(t.msisdn) MSISDN,WM_CONCAT(t.iccid) ICCID,(t.imsi) IMSI,WM_CONCAT(t.imei) IMEI
			</if>
			<if test="imei !=null and imei !=''">
			WM_CONCAT(t.msisdn) MSISDN,WM_CONCAT(t.iccid) ICCID,WM_CONCAT(t.imsi) IMSI,(t.imei) IMEI
			</if>
		FROM (
			SELECT 
				msisdn, iccid, imsi, imei
			FROM NUM_ROUTE 
			WHERE state = 'ENABLED'
			<if test="msisdn !=null and msisdn !=''">
                 AND msisdn =#{msisdn}                
			</if>
			<if test="iccid !=null and iccid !=''">
                 AND iccid =#{iccid}
 			</if>
			<if test="imsi !=null and imsi !=''">
                 AND imsi=#{imsi}
			</if>
			<if test="imei !=null and imei !=''">
                 AND imei =#{imei}
			</if>  
		) t
		GROUP BY 
			<if test="msisdn !=null and msisdn !=''">
			t.msisdn
			</if>
			<if test="iccid !=null and iccid !=''">
			t.iccid
			</if>
			<if test="imsi !=null and imsi !=''">
			t.imsi
			</if>
			<if test="imei !=null and imei !=''">
			t.imei
			</if>

	</select>

    <select id="batchQueryMemberIccid" resultType="com.openapi3.msg.membericcidbatchquery.MsisdnInfo">

		SELECT 
			<if test="msisdns !=null ">
			(t.msisdn) MSISDN,WM_CONCAT(t.iccid) ICCID,WM_CONCAT(t.imsi) IMSI,WM_CONCAT(t.imei) IMEI
			</if>
			<if test="iccids !=null ">
			WM_CONCAT(t.msisdn) MSISDN,(t.iccid) ICCID,WM_CONCAT(t.imsi) IMSI,WM_CONCAT(t.imei) IMEI
			</if>
			<if test="imsis !=null ">
			WM_CONCAT(t.msisdn) MSISDN,WM_CONCAT(t.iccid) ICCID,(t.imsi) IMSI,WM_CONCAT(t.imei) IMEI
			</if>
			<if test="imeis !=null ">
			WM_CONCAT(t.msisdn) MSISDN,WM_CONCAT(t.iccid) ICCID,WM_CONCAT(t.imsi) IMSI,(t.imei) IMEI
			</if>
		FROM (
			SELECT 
				msisdn, iccid, imsi, imei
			FROM NUM_ROUTE 
			WHERE state = 'ENABLED'
			
			<if test="msisdns !=null ">
				AND MSISDN IN
				<foreach  item="item" collection="msisdns" index="index"  open="(" separator="," close=")">
					#{item}
				</foreach>
			</if>
			<if test="iccids !=null ">
				AND iccid IN
				<foreach  item="item" collection="iccids" index="index"  open="(" separator="," close=")">
					#{item}
				</foreach>
			</if>
			<if test="imsis !=null ">
				AND imsi IN
				<foreach  item="item" collection="imsis" index="index"  open="(" separator="," close=")">
					#{item}
				</foreach>
			</if>
			<if test="imeis !=null ">
				AND imei IN
				<foreach  item="item" collection="imeis" index="index"  open="(" separator="," close=")">
					#{item}
				</foreach>
			</if>

		) t
		GROUP BY 
			<if test="msisdns !=null ">
			t.msisdn
			</if>
			<if test="iccids !=null ">
			t.iccid
			</if>
			<if test="imsis !=null ">
			t.imsi
			</if>
			<if test="imeis !=null ">
			t.imei
			</if>
     
    </select>

</mapper>