<?xml version="1.0" encoding="UTF-8" ?>
<!DOCTYPE mapper
        PUBLIC "-//mybatis.org//DTD Mapper 3.0//EN"
        "http://mybatis.org/dtd/mybatis-3-mapper.dtd">

<mapper namespace="MemberFunctStatus">
	
	<select id="queryGprsAll" resultType="java.util.HashMap">
		select t.MSISDN,t.EC_CODE,t.FORCE_SWITCH,t.LIFE_CYCLE,t.RUN_CODE from ${msisdncard} t 
	   	where 1=1 
		   	<if test="msisdn !=null and msisdn !=''">
				and t.msisdn = #{msisdn} 
			</if>
			<if test="iccid !=null and iccid !=''">
				and t.msisdn=(select msisdn from NUM_ROUTE where iccid=#{iccid} )
			</if>
   			and t.state='ENABLED' 
	</select>
	
	<!-- 获取可配置 -->
	<select id="querySysDictAll"  resultType="String">
		select s.value from sys_dict s where s.type='api_misdn'
	</select>

		
	<select id="queryliftcycle" resultType="String">
			select t.LIFE_CYCLE from ${msisdncard} t 
		  	where 1=1 
		   	<if test="msisdn !=null and msisdn !=''">
				and t.msisdn = #{msisdn} 
			</if>
			<if test="iccid !=null and iccid !=''">
				and t.msisdn=(select msisdn from NUM_ROUTE where iccid=#{iccid} )
			</if>
   			and t.state='ENABLED' 
	</select>

	<!--根据手机号码查询Member信息-->
    <select id="adci_queryMemberInfoByMsisdn" parameterType="java.util.HashMap" resultType="java.util.HashMap"
            resultSetType="SCROLL_INSENSITIVE">
        SELECT 
          p.ec_code, p.EC_MAIN_PROD_CODE
        FROM ${msisdncard} p 
        WHERE p.state='ENABLED' 
            AND p.msisdn = #{msisdn} 
    </select>
    
     	<!--根据手机号码查询Person信息-->
    <select id="adci_queryPersonInfoByMsisdn" parameterType="java.lang.String" resultType="java.util.HashMap"
            resultSetType="SCROLL_INSENSITIVE">
             (
			SELECT 
				PCT.CARD_TYPE 
			FROM NUM_ROUTE nr,PROD_CARD_TYPE pct 
				WHERE NR.STATE = 'ENABLED'
			    <if test="msisdn !=null and msisdn !=''">
		    	    AND NR.msisdn=#{msisdn}
		    	</if>
		    	<if test="iccid !=null and iccid !=''">
		    	    AND NR.ICCID = #{iccid} 
		    	</if>
		    	<if test="imsi !=null and imsi !=''">
		    	    AND NR.imsi=#{imsi}
		    	</if>
		    	<if test="imei !=null and imei !=''">
		    	    AND NR.imei=#{imei}
		    	</if>
				AND pct.MAIN_PROD_ID = nr.PER_MAIN_PROD_ID  
				AND ROWNUM=1
			)
			UNION   
			(
				SELECT 
					pct.CARD_TYPE 
				FROM NUM_ROUTE nr, PROD_CARD_TYPE pct
					WHERE nr.STATE = 'ENABLED'
					 <if test="msisdn !=null and msisdn !=''">
			    	    AND NR.msisdn=#{msisdn}
			    	</if>
			    	<if test="iccid !=null and iccid !=''">
			    	    AND NR.ICCID = #{iccid} 
			    	</if>
			    	<if test="imsi !=null and imsi !=''">
			    	    AND NR.imsi=#{imsi}
			    	</if>
			    	<if test="imei !=null and imei !=''">
			    	    AND NR.imei=#{imei}
			    	</if>
					AND pct.MAIN_PROD_ID = substr(nr.EC_MAIN_PROD_ID, (CASE when nr.EC_MAIN_PROD_ID LIKE 'AppendAttr%' then '12' ELSE '1' end))
					AND ROWNUM = 1
			)
       
    </select>

	<!--  根据相对应的apnname取sub -->
	<select id="findapnamesub" resultType="java.lang.String" >
		select mp.subsprodid from ${packagingTableName} mp
		where mp.msisdn=#{msisdn}  and mp.apn_name =#{apnname}
		and mp.start_date  <![CDATA[ <= ]]> sysdate
		and mp.state='ENABLED'
	</select>


	<!-- 根据策略subi查询相关的策略ServiceUsageState及他们的值-->
	<select id="findmsisdnserviceusage" resultType="java.lang.String">
		select ms.PROPERTY_VALUE from M2M_STRATEGYPROPERTY ms
		where ms.msisdn=#{msisdn}
		and ms.SUBSPRODID=#{subsprodid}
		and ms.PROPERTY_NAME=#{ServiceUsageStatename}
	</select>

	<!-- 根据策略subi查询相关的策略servicecode及他们的值 -->
	<select id="findmsisdnservice" resultType="java.util.HashMap">
		select ms.PROPERTY_NAME,ms.PROPERTY_VALUE from M2M_STRATEGYPROPERTY ms where ms.msisdn=#{msisdn} and ms.SUBSPRODID=#{subsprodid}
		and ms.PROPERTY_NAME like 'ServiceCode%'
	</select>
	<!-- 根据策略servicecode查询相关的策略ServiceId及他们的值 -->
	<select id="findmsisdnserviceId" resultType="java.lang.String">
	  select s.service_code from  STRATEGY_LIST s where  s.pcrf_service_code=#{serviceId}
	</select>

	<!-- 根据策略subi查询相关的策略ServiceUsageState及他们的值-->
	<select id="findServiceUsage" resultType="java.util.HashMap">
		select ms.PROPERTY_VALUE ,  to_char(ms.UPDATE_DATE,'yyyyMMdd') as UPDATE_DATE ,PACKAGE_CODE from M2M_STRATEGYPROPERTY ms where ms.msisdn=#{msisdn} and ms.SUBSPRODID=#{subsprodid}
		and ms.PROPERTY_NAME=#{ServiceUsageStatename}
	</select>

	<!--  根据相对应的apnname取功能套餐编码 MAC -->
	<select id="findapnameCodeMAC" resultType="java.lang.String" >
		select mp.PACKAGE_CODE from MAC_CONNECT_INFO mp,MAC_FUNC_PKG pk  where mp.msisdn=#{msisdn} 
			and pk.package_code=mp.package_code 
			and pk.START_DATE<![CDATA[ <= ]]>sysdate
			and decode(pk.END_DATE,null,sysdate,pk.END_DATE)<![CDATA[ >= ]]>sysdate
			and mp.APN_NAME = #{apnname} 
			and mp.PACKAGE_CODE in ('I00010100035','I00010100085','I00010100092','I00010100093')
			and rownum =1 
	</select>
	
		<!--  根据相对应的apnname取功能套餐编码 NB -->
	<select id="findapnameCodeNB" resultType="java.lang.String" >
		select mp.PACKAGE_CODE from NB_CONNECT_INFO mp,NB_FUNC_PKG pk  where mp.msisdn=#{msisdn} 
			and pk.package_code=mp.package_code 
			and pk.START_DATE<![CDATA[ <= ]]>sysdate
			and decode(pk.END_DATE,null,sysdate,pk.END_DATE)<![CDATA[ >= ]]>sysdate
			and mp.APN_NAME = #{apnname} 
			and mp.PACKAGE_CODE in ('I00010100035','I00010100085','I00010100092','I00010100093')
			and rownum =1 
	</select>
	
	<!--  根据相对应的apnname取功能套餐编码 IOV -->
	<select id="findapnameCodeIOV" resultType="java.lang.String" >
		select mp.PACKAGE_CODE from IOV_CONNECT_INFO mp,IOV_FUNC_PKG pk  where mp.msisdn=#{msisdn} 
			and pk.package_code=mp.package_code 
			and pk.START_DATE<![CDATA[ <= ]]>sysdate
			and decode(pk.END_DATE,null,sysdate,pk.END_DATE)<![CDATA[ >= ]]>sysdate
			and mp.APN_NAME = #{apnname} 
			and mp.PACKAGE_CODE in ('I00010100035','I00010100085','I00010100092','I00010100093')
			and rownum =1 
	</select>
	
	<!--  根据相对应的apnname取sub MAC-->
	<select id="findapnamesubMAC" resultType="java.lang.String" >
		select mp.subsprodid from MAC_FUNC_PKG mp where mp.msisdn=#{msisdn}  and mp.PACKAGE_CODE=#{code} 
			and mp.start_date  <![CDATA[ <= ]]> sysdate 
			and mp.state='ENABLED'
			 <if test="apnname !=null and apnname !=''">
			  and mp.APN_NAME=#{apnname}
			 </if>
			and decode(mp.end_date,null,sysdate,mp.end_date) <![CDATA[ >= ]]>  sysdate and  rownum=1
	</select>
	
		<!--  根据相对应的apnname取sub NB-->
	<select id="findapnamesubNB" resultType="java.lang.String" >
		select mp.subsprodid from NB_FUNC_PKG mp where mp.msisdn=#{msisdn}  and mp.PACKAGE_CODE=#{code} 
			and mp.start_date  <![CDATA[ <= ]]> sysdate 
			and mp.state='ENABLED'
			<if test="apnname !=null and apnname !=''">
			  and mp.APN_NAME=#{apnname}
			 </if>
			and decode(mp.end_date,null,sysdate,mp.end_date) <![CDATA[ >= ]]>  sysdate and  rownum=1
	</select>
	
	<!--  根据相对应的apnname取sub IOV-->
	<select id="findapnamesubIOV" resultType="java.lang.String" >
		select mp.subsprodid from IOV_FUNC_PKG mp where mp.msisdn=#{msisdn}  and mp.PACKAGE_CODE=#{code} 
			and mp.start_date  <![CDATA[ <= ]]> sysdate 
			and mp.state='ENABLED'
			<if test="apnname !=null and apnname !=''">
			  and mp.APN_NAME=#{apnname}
			 </if>
			and decode(mp.end_date,null,sysdate,mp.end_date) <![CDATA[ >= ]]>  sysdate and  rownum=1
	</select>
	
	<!-- 根据特定的apnname查询指定的策略 MAC-->
	<select id="findapnnameserviceMAC" resultType="java.util.HashMap">
		select  to_char(mp.status_change_time,'yyyymmddHH24miss') CHANGE_TIME
		,mp.SUBSPRODID from MAC_CONNECT_INFO mp where  mp.state='ENABLED'
		and mp.PACKAGE_CODE in('PCRF00010100035','PCRF00010100085','PCRF00010100092','PCRF00010100093')
		and mp.msisdn=#{msisdn}
		and mp.subsprodid=#{subsprodid}
	</select>

		<!-- 根据特定的apnname查询指定的策略 NB-->
	<select id="findapnnameserviceNB" resultType="java.util.HashMap">
		select  to_char(mp.status_change_time,'yyyymmddHH24miss') CHANGE_TIME
		,mp.SUBSPRODID from NB_CONNECT_INFO mp where  mp.state='ENABLED'
		and mp.PACKAGE_CODE in('PCRF00010100035','PCRF00010100085','PCRF00010100092','PCRF00010100093')
		and mp.msisdn=#{msisdn}
		and mp.subsprodid=#{subsprodid}
	</select>
	
			<!-- 根据特定的apnname查询指定的策略 IOV-->
	<select id="findapnnameserviceIOV" resultType="java.util.HashMap">
		select  to_char(mp.status_change_time,'yyyymmddHH24miss') CHANGE_TIME
		,mp.SUBSPRODID from IOV_CONNECT_INFO mp where   mp.state='ENABLED'
		and mp.PACKAGE_CODE in('PCRF00010100035','PCRF00010100085','PCRF00010100092','PCRF00010100093')
		and mp.msisdn=#{msisdn}
		and mp.subsprodid=#{subsprodid}
	</select>
	
	<select id="queryServiceCodeById" resultType="java.lang.String">
		SELECT
			st.service_code
		FROM
			STRATEGY_LIST st
		WHERE
			st.PCRF_SERVICE_CODE = #{serviceId}
		AND st.EC_CODE = (
				select EC_CODE from M2M_GROUP_MEMBER where STATE = 'ENABLED' and rownum =1 and MSISDN = #{msisdn}
		)
	</select>



</mapper>