<?xml version="1.0" encoding="UTF-8" ?>
<!DOCTYPE mapper
        PUBLIC "-//mybatis.org//DTD Mapper 3.0//EN"
        "http://mybatis.org/dtd/mybatis-3-mapper.dtd">

<mapper namespace="MemberFunctStatus3">
	
	
	<!--根据语音功能状态表：MAC_VOICE_INFO  查询语音功能状态 -->
	<select id="queryVoiceStatusByMAC" resultType="java.util.HashMap">
	SELECT  mvi.MSISDN,
		NR.ICCID,
		mvi.PACKAGE_CODE,
		to_char(mvi.STATE_TIME,'yyyyMMddHH24miss') STATE_TIME,
		mvi.STATUS
 		FROM NUM_ROUTE NR LEFT JOIN MAC_VOICE_INFO MVI ON NR.MSISDN = MVI.MSISDN
		where mvi.STATE='ENABLED'
		AND MVI.Package_Code='I00010100095'
		<if test="iccid !=null and iccid !=''">
		AND NR.iccid = #{iccid}
		</if>
		<if test="msisdn !=null and msisdn !=''">
		AND NR.msisdn = #{msisdn}
		</if>
	</select>
	
	
	<!--根据语音功能状态表：NB_VOICE_INFO  查询语音功能状态 -->
	<select id="queryVoiceStatusByNB" resultType="java.util.HashMap">
	SELECT  mvi.MSISDN,
		NR.ICCID,
		mvi.PACKAGE_CODE,
		to_char(mvi.STATE_TIME,'yyyyMMddHH24miss') STATE_TIME,
		mvi.STATUS
 		FROM NUM_ROUTE NR LEFT JOIN NB_VOICE_INFO MVI ON NR.MSISDN = MVI.MSISDN
		where mvi.STATE='ENABLED'
		AND MVI.Package_Code='I00010100095'
		<if test="iccid !=null and iccid !=''">
		AND NR.iccid = #{iccid}
		</if>
		<if test="msisdn !=null and msisdn !=''">
		AND mvi.msisdn = #{msisdn}
		</if>
	</select>
	
	<!--根据语音功能状态表：IOV_VOICE_INFO  查询语音功能状态 -->
	<select id="queryVoiceStatusByIOV" resultType="java.util.HashMap">
	SELECT  mvi.MSISDN,
		NR.ICCID,
		mvi.PACKAGE_CODE,
		to_char(mvi.STATE_TIME,'yyyyMMddHH24miss') STATE_TIME,
		mvi.STATUS
 		FROM NUM_ROUTE NR LEFT JOIN IOV_VOICE_INFO MVI ON NR.MSISDN = MVI.MSISDN
		where mvi.STATE='ENABLED'
		AND MVI.Package_Code='I00010100095'
		<if test="iccid !=null and iccid !=''">
		AND NR.iccid = #{iccid}
		</if>
		<if test="msisdn !=null and msisdn !=''">
		AND mvi.msisdn = #{msisdn}
		</if>
	</select>
	
	
	<!-- 原来的表 -->
	<select id="queryVoiceStatusBy9105" resultType="java.util.HashMap">
		SELECT  mvi.MSISDN,
		NR.ICCID,
		'' as PACKAGE_CODE,
		to_char(mvi.STATE_TIME,'yyyyMMddHH24miss') STATE_TIME,
		mvi.STATUS
 		FROM NUM_ROUTE NR LEFT JOIN M2M_VOICE_INFO_9105 MVI ON NR.MSISDN = MVI.MSISDN
		where mvi.STATE='ENABLED'
		<if test="iccid !=null and iccid !=''">
		AND NR.iccid = #{iccid}
		</if>
		<if test="msisdn !=null and msisdn !=''">
		AND mvi.msisdn = #{msisdn}
		</if>
	</select>
	
	
	<!--根据语音功能状态表：MAC_VOICE_INFO  查询语音功能状态 -->
	<select id="queryVoiceStatusByDynamic" resultType="java.util.HashMap">
	<choose>
		<when test="voiceInfo == 'M2M_VOICE_INFO_9105'">
			SELECT  mvi.MSISDN,
			NR.ICCID,
			'' as PACKAGE_CODE,
			to_char(mvi.STATE_TIME,'yyyyMMddHH24miss') STATE_TIME,
			mvi.STATUS
	 		FROM NUM_ROUTE NR LEFT JOIN M2M_VOICE_INFO_9105 MVI ON NR.MSISDN = MVI.MSISDN
			where mvi.STATE='ENABLED'
			<if test="iccid !=null and iccid !=''">
			AND NR.iccid = #{iccid}
			</if>
			<if test="msisdn !=null and msisdn !=''">
			AND mvi.msisdn = #{msisdn}
			</if>
		</when>
		<otherwise>
			SELECT  mvi.MSISDN,
			NR.ICCID,
			mvi.PACKAGE_CODE,
			to_char(mvi.STATE_TIME,'yyyyMMddHH24miss') STATE_TIME,
			mvi.STATUS
	 		FROM NUM_ROUTE NR LEFT JOIN ${voiceInfo} MVI ON NR.MSISDN = MVI.MSISDN
			where mvi.STATE='ENABLED'
			AND MVI.Package_Code='I00010100095'
			<if test="iccid !=null and iccid !=''">
			AND NR.iccid = #{iccid}
			</if>
			<if test="msisdn !=null and msisdn !=''">
			AND NR.msisdn = #{msisdn}
			</if>
		</otherwise>
	</choose>
	</select>
	
	
	<select id="querySms" resultType="java.util.HashMap">
	
			<!-- 旧sql会导致查询数据为空 -->
<!--   SELECT distinct MP.MSISDN, mp.package_code PACKAGE_CODE,to_char(mp.STATE_TIME,'yyyyMMddHHmmss') as STATE_TIME,
   MI.USER_TYPE USEPRODUCT
		FROM M2M_PERSON MI,M2M_GRPMEM  MP ,ATOMIC_PRODUCTS PP
			WHERE MP.START_DATE <![CDATA[ <= ]]> SYSDATE
			 	AND MP.END_DATE <![CDATA[ > ]]> SYSDATE 
			 	AND MP.STATE = 'ENABLED' 
			 	and MI.MSISDN=MP.MSISDN
			    and PP.PACKAGE_CODE = MP.PACKAGE_CODE
				and pp.BUS_CATEGORY = 'SMS' 
			 	<if test="msisdn !=null and msisdn !=''">
			 	and MI.msisdn = #{msisdn}
			 	</if>
			 	<if test="iccid !=null and iccid !=''">
			 	and MI.iccid = #{iccid}
			 	</if>
union
  SELECT distinct MP.MSISDN, mp.package_code PACKAGE_CODE, to_char(mp.STATE_TIME,'yyyyMMddHHmmss') as STATE_TIME,
   MI.USER_TYPE USEPRODUCT
		FROM M2M_PERSON MI,M2M_PER_PKG MP ,ATOMIC_PRODUCTS PP
			WHERE MP.START_DATE <![CDATA[ <= ]]> SYSDATE 
				AND MP.END_DATE <![CDATA[ > ]]> SYSDATE
			 	AND MP.STATE = 'ENABLED' 
			 	and MI.MSISDN=MP.MSISDN
			    and PP.PACKAGE_CODE = MP.PACKAGE_CODE
				and pp.BUS_CATEGORY = 'SMS' 
			 	<if test="msisdn !=null and msisdn !=''">
			 	and MI.msisdn = #{msisdn}
			 	</if>
			 	<if test="iccid !=null and iccid !=''">
			 	and MI.iccid = #{iccid}
			 	</if> -->
			 	
	SELECT distinct MPMG.MSISDN,MPMG.PACKAGE_CODE PACKAGE_CODE,MPMG.STATE_TIME,MPMG.USER_TYPE USEPRODUCT,MGAP.BUS_CATEGORY
		FROM
		(SELECT MG.MSISDN,MG.PACKAGE_CODE,TO_CHAR (MG.STATE_TIME,'yyyyMMddHH24miss') AS STATE_TIME,MP.USER_TYPE
			FROM M2M_PERSON MP,M2M_GRPMEM MG
				WHERE MG.START_DATE <![CDATA[ <= ]]> SYSDATE
					AND MG.END_DATE <![CDATA[ > ]]> SYSDATE
					AND MG.STATE = 'ENABLED'
					AND MP.MSISDN = MG.MSISDN
					<if test="msisdn !=null and msisdn !=''">
					AND MG.msisdn = #{msisdn}
					</if>
					<if test="iccid !=null and iccid !=''">
					AND MP.iccid = #{iccid}
					</if>
		) MPMG
		LEFT JOIN 
		(SELECT MG.MSISDN,AP.BUS_CATEGORY
			FROM M2M_GRPMEM MG,ATOMIC_PRODUCTS AP
				WHERE MG.PACKAGE_CODE = AP.PACKAGE_CODE 
					AND AP.BUS_CATEGORY = 'SMS'
		) MGAP 
		ON MPMG.MSISDN = MGAP.MSISDN 
		
	union
	SELECT distinct MPMG.MSISDN,MPMG.PACKAGE_CODE PACKAGE_CODE,MPMG.STATE_TIME,MPMG.USER_TYPE USEPRODUCT,MGAP.BUS_CATEGORY
		FROM
		(SELECT MG.MSISDN,MG.PACKAGE_CODE,TO_CHAR (MG.STATE_TIME,'yyyyMMddHH24miss') AS STATE_TIME,MP.USER_TYPE
			FROM M2M_PERSON MP,M2M_PER_PKG MG
				WHERE MG.START_DATE <![CDATA[ <= ]]> SYSDATE
					AND MG.END_DATE <![CDATA[ > ]]> SYSDATE
					AND MG.STATE = 'ENABLED'
					AND MP.MSISDN = MG.MSISDN
					<if test="msisdn !=null and msisdn !=''">
					AND MG.msisdn = #{msisdn}
					</if>
					<if test="iccid !=null and iccid !=''">
					AND MP.iccid = #{iccid}
					</if>
		) MPMG
		LEFT JOIN 
		(SELECT MG.MSISDN,AP.BUS_CATEGORY
			FROM M2M_PER_PKG MG,ATOMIC_PRODUCTS AP
				WHERE MG.PACKAGE_CODE = AP.PACKAGE_CODE 
					AND AP.BUS_CATEGORY = 'SMS'
		) MGAP 
		ON MPMG.MSISDN = MGAP.MSISDN 	 	
	
	</select>
	
	
	<!-- 4.1.1.3.7单个号码短信状态查询 9105 -->
	<select id="querySmsStatusBy9105" parameterType="java.lang.String" resultType="com.openapi3.entity.MemberSmsInfo">
	select  
	MSISDN AS msisdn,
	STATUS AS status,
	STATE AS state,
	CHANGE_TIME AS changeTime,
	CREATE_TIME AS createTime,
	DATA_SOURCE AS dataSource,
	STATE_TIME  AS stateTime
	from M2M_SMS_INFO_9105   where msisdn = #{msisdn} and STATE = 'ENABLED'
	</select>
	
	<!-- 4.1.1.3.7单个号码短信状态查询 MAC -->
	<select id="querySmsStatusByMAC" parameterType="java.lang.String" resultType="com.openapi3.entity.MemberSmsInfo">
	select  
	MSISDN AS msisdn,
	STATUS AS status,
	STATE AS state,
	status_change_time AS changeTime,
	CREATE_TIME AS createTime,
	DATA_SOURCE AS dataSource,
	STATE_TIME  AS stateTime
	from MAC_SMS_INFO   where msisdn = #{msisdn} and STATE = 'ENABLED'
	</select>
	
	
	<!-- 4.1.1.3.7单个号码短信状态查询 NB -->
	<select id="querySmsStatusByNB" parameterType="java.lang.String" resultType="com.openapi3.entity.MemberSmsInfo">
	select  
	MSISDN AS msisdn,
	STATUS AS status,
	STATE AS state,
	status_change_time AS changeTime,
	CREATE_TIME AS createTime,
	DATA_SOURCE AS dataSource,
	STATE_TIME  AS stateTime
	from NB_SMS_INFO   where msisdn = #{msisdn} and STATE = 'ENABLED'
	</select>
	
	
	<!-- 4.1.1.3.7单个号码短信状态查询 IOV -->
	<select id="querySmsStatusByIOV" parameterType="java.lang.String" resultType="com.openapi3.entity.MemberSmsInfo">
	select  
	MSISDN AS msisdn,
	STATUS AS status,
	STATE AS state,
	status_change_time AS changeTime,
	CREATE_TIME AS createTime,
	DATA_SOURCE AS dataSource,
	STATE_TIME  AS stateTime
	from IOV_SMS_INFO   where msisdn = #{msisdn} and STATE = 'ENABLED'
	</select>
	
	
	
	
	<!-- 获取机器卡表中的号码LIFE_CYCLE-->
	<select id="queryStateByMAC" resultType="java.util.HashMap" parameterType="java.util.HashMap">
	select MC.LIFE_CYCLE,to_char(MC.STATE_TIME,'yyyymmddHH24miss') STATE_TIME from NUM_ROUTE UR LEFT JOIN MAC_CARD MC ON UR.MSISDN = MC.MSISDN
		where 1=1
			<if test="msisdn !=null and msisdn !=''">
				and UR.msisdn = #{msisdn} 
			</if>
			<if test="iccid !=null and iccid !=''">
				and UR.iccid=#{iccid}
			</if>
			and UR.state='ENABLED'
			and rownum=1
	</select>
	
	<!-- 获取9105卡表中的号码LIFE_CYCLE-->
	<select id="queryStateBy9105" resultType="java.util.HashMap" parameterType="java.util.HashMap">
	select MC.LIFE_CYCLE,to_char(MC.STATE_TIME,'yyyymmddHH24miss') STATE_TIME from NUM_ROUTE UR LEFT JOIN CARD_9105 MC ON UR.MSISDN = MC.MSISDN
		where 1=1
			<if test="msisdn !=null and msisdn !=''">
				and UR.msisdn = #{msisdn} 
			</if>
			<if test="iccid !=null and iccid !=''">
				and UR.iccid=#{iccid}
			</if>
			and UR.state='ENABLED'
			and rownum=1
	</select>
	
	<!-- 获取NB卡表中的号码LIFE_CYCLE-->
	<select id="queryStateByNB" resultType="java.util.HashMap" parameterType="java.util.HashMap">
	select MC.LIFE_CYCLE,to_char(MC.STATE_TIME,'yyyymmddHH24miss') STATE_TIME from NUM_ROUTE UR LEFT JOIN NB_CARD MC ON UR.MSISDN = MC.MSISDN
		where 1=1
			<if test="msisdn !=null and msisdn !=''">
				and UR.msisdn = #{msisdn} 
			</if>
			<if test="iccid !=null and iccid !=''">
				and UR.iccid=#{iccid}
			</if>
			and UR.state='ENABLED'
			and rownum=1
	</select>
	
	<!-- 获取车联网卡表中的号码LIFE_CYCLE-->
	<select id="queryStateByIOV" resultType="java.util.HashMap" parameterType="java.util.HashMap"> 
	select MC.LIFE_CYCLE,to_char(MC.STATE_TIME,'yyyymmddHH24miss') STATE_TIME from NUM_ROUTE UR LEFT JOIN IOV_CARD MC ON UR.MSISDN = MC.MSISDN
		where 1=1
			<if test="msisdn !=null and msisdn !=''">
				and UR.msisdn = #{msisdn} 
			</if>
			<if test="iccid !=null and iccid !=''">
				and UR.iccid=#{iccid}
			</if>
			and UR.state='ENABLED'
			and rownum=1
	</select>
	
	<select id="findsmspkg" resultType="String">
		select package_code from ATOMIC_PRODUCTS where BUS_CATEGORY='SMS'
	</select>
	
	<!-- 查询对应的apnname对应的功能套餐 -->
	<select id="findMsisdnPackagecode" resultType="java.util.HashMap">
		select  mp.PACKAGE_CODE  from  m2m_apn_info mp 
		 where mp.APN_NAME=#{apnname} and mp.msisdn=#{msisdn}  
		 and mp.START_TIME<![CDATA[ <= ]]>sysdate
		 and decode(mp.END_TIME,null,sysdate,mp.END_TIME)<![CDATA[ >= ]]>sysdate
	</select>	
	
	<!-- 查询相对应的策略套餐的信息 -->
	<select id="findMsisdnstrate" resultType="java.util.HashMap">
		select mp.PACKAGE_CODE , mp.STATE ,mp.APN_STATE ,to_char(mp.CHANGE_TIME,'yyyymmddHH24miss') CHANGE_TIME 
			from m2m_apn_info mp  
			where  mp.msisdn=#{msisdn} and mp.PACKAGE_CODE=#{packagecode}  
			and mp.START_TIME<![CDATA[ <= ]]>sysdate
			and decode(mp.END_TIME,null,sysdate,mp.END_TIME)<![CDATA[ >= ]]>sysdate
	</select>
	
	<!-- 查询该号码全部35,85,92,93策略套餐 -->
	<select id="findAllState" resultType="java.util.HashMap">
		select  mp.PACKAGE_CODE,mp.apn_name,to_char(mp.STATE_TIME,'yyyymmddHH24miss') CHANGE_TIME
		  ,mp.SUBSPRODID from ${apnInfoTable} mp where
		mp.state='ENABLED'
		and mp.PACKAGE_CODE in('PCRF00010100035','PCRF00010100085','PCRF00010100092','PCRF00010100093')
		and mp.msisdn=#{msisdn}
	</select>

	<select id="findAllStatePCRF" resultType="java.util.HashMap">
		select m.package_code,m.subsprodid,m.apn_name,max(to_char(m.statu_time,'yyyyMMddHH24miss')) CHANGE_TIME 
			FROM m2m_apn_stratge m 
		where m.msisdn=#{msisdn}
			<if test="apnName !=null and apnName !=''">
			  and m.apn_name=#{apnName}
			 </if>	
			<if test="subsprodid !=null and subsprodid !=''">
			  and m.subsprodid=#{subsprodid}
			 </if>		
			and m.package_code in('PCRF00010100035','PCRF00010100085','PCRF00010100092','PCRF00010100093')
		 group by m.package_code,m.subsprodid,m.apn_name
	</select>
		
		<!-- 修改取apnname  MAC-->
	<select id="findservicecodeapnnameMAC" resultType="java.lang.String" >
		select  mp.apn_name from MAC_CONNECT_INFO mp where  mp.state='ENABLED'
			and mp.PACKAGE_CODE=#{code}
			and mp.msisdn=#{msisdn}
			and rownum=1
	</select>
	
			<!-- 修改取apnname  9105-->
	<select id="findservicecodeapnname9105" resultType="java.lang.String" >
		select  mp.apn_name from CONNECT_INFO_9105 mp pk where  mp.state='ENABLED'
			and mp.PACKAGE_CODE=#{code}
			and mp.msisdn=#{msisdn}
			and rownum=1
	</select>
	
	<!-- 修改取apnname  NB-->
	<select id="findservicecodeapnnameNB" resultType="java.lang.String" >
		select  mp.apn_name from NB_CONNECT_INFO mp where  mp.state='ENABLED'
			and mp.PACKAGE_CODE=#{code}
			and mp.msisdn=#{msisdn}
			and rownum=1
	</select>
	
		<!-- 修改取apnname  IOV-->
	<select id="findservicecodeapnnameIOV" resultType="java.lang.String" >
		select  mp.apn_name from IOV_CONNECT_INFO mp where mp.state='ENABLED'
			and mp.PACKAGE_CODE=#{code}
			and mp.msisdn=#{msisdn}
			and rownum=1
	</select>
	
	
	<!-- 根据特定的功能套餐查询对应的apnname -->
	<select id="findspname" resultType="java.lang.String">
		select mp.APN_NAME  from m2m_apn_info mp  where mp.msisdn=#{msisdn} 
			and mp.START_TIME<![CDATA[ <= ]]>sysdate
			and decode(mp.END_TIME,null,sysdate,mp.END_TIME)<![CDATA[ >= ]]>sysdate
		 <if test="packagecode !=null and packagecode !=''">
			and mp.PACKAGE_CODE = #{packagecode} 
		</if>
	</select>
	
	
	<!-- 根据MAC获取user_type -->
	<select id="queryGprsAllByMAC" resultType="java.util.HashMap" parameterType="java.util.HashMap">
	select MC.MSISDN,MC.EC_CODE,UR.EC_MAIN_PROD_ID,MC.FORCE_SWITCH from NUM_ROUTE UR LEFT JOIN MAC_CARD MC ON UR.MSISDN = MC.MSISDN
	   	where 1=1 
		   	<if test="msisdn !=null and msisdn !=''">
				and MC.msisdn = #{msisdn} 
			</if>
		   	<if test="msisdns !=null and msisdns !=''">
				and MC.msisdn in (${msisdns}) 
			</if>
			<if test="iccid !=null and iccid !=''">
				and UR.iccid=#{iccid}
			</if>
			<if test="iccids !=null and iccids !=''">
				and UR.iccid in (#{iccids})
			</if>
   			and UR.state='ENABLED' 
	</select>
	
	<!-- 根据9105卡表获取user_type -->
	<select id="queryGprsAllBy9105" resultType="java.util.HashMap" parameterType="java.util.HashMap">
	select MC.MSISDN,MC.EC_CODE,UR.EC_MAIN_PROD_ID,MC.FORCE_SWITCH from NUM_ROUTE UR LEFT JOIN CARD_9105 MC ON UR.MSISDN = MC.MSISDN
	   	where 1=1 
		   	<if test="msisdn !=null and msisdn !=''">
				and MC.msisdn = #{msisdn} 
			</if>
		   	<if test="msisdns !=null and msisdns !=''">
				and MC.msisdn in (${msisdns}) 
			</if>
			<if test="iccid !=null and iccid !=''">
				and UR.iccid=#{iccid}
			</if>
			<if test="iccids !=null and iccids !=''">
				and UR.iccid in (#{iccids})
			</if>
   			and UR.state='ENABLED' 
	</select>
	
	
	<!-- 根据NB_CARD获取user_type -->
	<select id="queryGprsAllByNB" resultType="java.util.HashMap" parameterType="java.util.HashMap">
	select MC.MSISDN,MC.EC_CODE,UR.EC_MAIN_PROD_ID,MC.FORCE_SWITCH from NUM_ROUTE UR LEFT JOIN NB_CARD MC ON UR.MSISDN = MC.MSISDN
	   	where 1=1 
		   	<if test="msisdn !=null and msisdn !=''">
				and MC.msisdn = #{msisdn} 
			</if>
		   	<if test="msisdns !=null and msisdns !=''">
				and MC.msisdn in (${msisdns}) 
			</if>
			<if test="iccid !=null and iccid !=''">
				and UR.iccid=#{iccid}
			</if>
			<if test="iccids !=null and iccids !=''">
				and UR.iccid in (#{iccids})
			</if>
   			and UR.state='ENABLED' 
	</select>
	
	
	<!-- 根据IOV获取user_type -->
	<select id="queryGprsAllByIOV" resultType="java.util.HashMap" parameterType="java.util.HashMap">
	select MC.MSISDN,MC.EC_CODE,UR.EC_MAIN_PROD_ID,MC.FORCE_SWITCH from NUM_ROUTE UR LEFT JOIN IOV_CARD MC ON UR.MSISDN = MC.MSISDN
	   	where 1=1 
		   	<if test="msisdn !=null and msisdn !=''">
				and MC.msisdn = #{msisdn} 
			</if>
		   	<if test="msisdns !=null and msisdns !=''">
				and MC.msisdn in (${msisdns}) 
			</if>
			<if test="iccid !=null and iccid !=''">
				and UR.iccid=#{iccid}
			</if>
			<if test="iccids !=null and iccids !=''">
				and UR.iccid in (#{iccids})
			</if>
   			and UR.state='ENABLED' 
	</select>
	

		
		
    
	
	<!-- MAC_CONNECT_INFO表查询 -->
	<select id="queryGprsByMAC" resultType="java.util.HashMap" parameterType="java.util.HashMap">
	select MCI.msisdn, MCI.package_code, MCI.apn_name, MCI.status APN_STATE,to_char(MCI.STATE_TIME,'yyyyMMddHH24miss') STATE_TIME
	  ,MCI.SUBSPRODID  from  MAC_CONNECT_INFO MCI 
	 		where MCI.state = 'ENABLED' 
	 		and MCI.package_code in ('I00010100085','I00010100035','I00010100093','I00010100092','PCRF00010100085','PCRF00010100035','PCRF00010100093','PCRF00010100092','I00011100008','I00011100008_1')
		<if test="msisdn !=null and msisdn !=''">
			and MCI.MSISDN =#{msisdn}
		</if>
		<if test="apnName !=null and apnName !=''">
			and MCI.apn_name =#{apnName}
		</if>
	</select>
	
	
	<!-- NB_CONNECT_INFO表查询 -->
	<select id="queryGprsByNB" resultType="java.util.HashMap" parameterType="java.util.HashMap">
	select MCI.msisdn, MCI.package_code, MCI.apn_name, MCI.status APN_STATE,to_char(MCI.STATE_TIME,'yyyyMMddHH24miss') STATE_TIME
	 ,MCI.SUBSPRODID  from NB_CONNECT_INFO MCI
	 		where MCI.state = 'ENABLED' 
	 		and MCI.package_code in ('I00010100085','I00010100035','I00010100093','I00010100092','PCRF00010100085','PCRF00010100035','PCRF00010100093','PCRF00010100092','I00011100008','I00011100008_1')
		<if test="msisdn !=null and msisdn !=''">
			and MCI.MSISDN =#{msisdn}
		</if>
		<if test="apnName !=null and apnName !=''">
			and MCI.apn_name =#{apnName}
		</if>
	</select>
	
	
	
	<!-- IOV_CONNECT_INFO表查询 -->
	<select id="queryGprsByIOV" resultType="java.util.HashMap" parameterType="java.util.HashMap">
	select MCI.msisdn, MCI.package_code, MCI.apn_name, MCI.status APN_STATE,to_char(MCI.STATE_TIME,'yyyyMMddHH24miss') STATE_TIME
	  ,MCI.SUBSPRODID  from  IOV_CONNECT_INFO MCI 
	 		where MCI.state = 'ENABLED' 
	 		and MCI.package_code in ('I00010100085','I00010100035','I00010100093','I00010100092','PCRF00010100085','PCRF00010100035','PCRF00010100093','PCRF00010100092','I00011100008','I00011100008_1')
		<if test="msisdn !=null and msisdn !=''">
			and MCI.MSISDN =#{msisdn}
		</if>
		<if test="apnName !=null and apnName !=''">
			and MCI.apn_name =#{apnName}
		</if>
	</select>
	
	 <select id="queryGprsPN" resultType="java.util.HashMap">
	 				select distinct t.msisdn, t.package_code, t.apn_name, to_char(t.STATE_TIME,'yyyyMMddHH24miss') STATE_TIME
	  		from PRI_PKG_9105 t
	 		where t.state = 'ENABLED' 
	 		AND t.START_DATE <![CDATA[<= ]]>SYSDATE
			AND t.END_DATE <![CDATA[> ]]> SYSDATE
		<if test="msisdn !=null and msisdn !=''">
			and T.MSISDN =#{msisdn}
		</if>
		union
		select distinct t.msisdn, t.package_code, t.apn_name,to_char(t.STATE_TIME,'yyyyMMddHH24miss') STATE_TIME
	  		from FUNC_PKG_9105 t
	 		where t.state = 'ENABLED'
	 		AND t.START_DATE <![CDATA[<= ]]>SYSDATE
			AND t.END_DATE <![CDATA[> ]]> SYSDATE
		<if test="msisdn !=null and msisdn !=''">
			and T.MSISDN =#{msisdn}
		</if>
	 	union
		select distinct t.msisdn, t.package_code, t.apn_name,to_char(t.STATE_TIME,'yyyyMMddHH24miss') STATE_TIME
	  		from OTH_PKG_9105 t
	 		where t.state = 'ENABLED'
	 		AND t.START_DATE <![CDATA[<= ]]>SYSDATE
			AND t.END_DATE <![CDATA[> ]]> SYSDATE
		<if test="msisdn !=null and msisdn !=''">
			and T.MSISDN =#{msisdn}
		</if>	
	 
	</select>
<!--	select distinct t.msisdn, t.package_code, t.apn_name, m.STATE,t.STATE_TIME
  		from M2M_PER_PKG t
  		left join M2M_APN_INFO m
  		  on t.msisdn = m.msisdn and t.package_code=m.package_code
  		   
 		where t.state = 'ENABLED' 
 		and m.state = 'ENABLED'
 		AND t.START_DATE <![CDATA[<= ]]>SYSDATE
		AND t.END_DATE <![CDATA[> ]]> SYSDATE
	<if test="msisdn !=null and msisdn !=''">
		and T.MSISDN =#{msisdn}
	</if>
	union
	select distinct t.msisdn, t.package_code, t.apn_name, m.STATE,t.STATE_TIME
  		from M2M_GRPMEM t
  		left join M2M_APN_INFO m
    	on t.msisdn = m.msisdn and t.package_code=m.package_code
    	
 		where t.state = 'ENABLED'
 		and m.state = 'ENABLED'
 		AND t.START_DATE <![CDATA[<= ]]>SYSDATE
		AND t.END_DATE <![CDATA[> ]]> SYSDATE
	<if test="msisdn !=null and msisdn !=''">
		and T.MSISDN =#{msisdn}
	</if>
	
	<if test="eccode !=null and eccode !=''">
		and ec_code = #{eccode}
	</if>

			
	
</select> -->	

	<!-- 上网功能校验MAC -->
	<select id="findApnStateByMAC" parameterType="java.util.Map" resultType="java.util.HashMap">
		select STATUS,DATA_SOURCE,to_char(state_time,'yyyyMMddHH24miss') STATE_TIME,STATE,APN_NAME FROM MAC_CONNECT_INFO
		WHERE 1=1
		<if test="msisdn!=null and msisdn!=''">
		and msisdn=#{msisdn}
		</if>
		<if test="apnName!=null and apnName!=''">
		and apn_name=#{apnName}
		</if>
		<if test="package_code!=null and package_code!=''">
		and package_code=#{package_code}
		</if>
		<if test="subsprodid!=null and subsprodid!=''">
		and SUBSPRODID=#{subsprodid}
		</if>
	</select>
	
	
	<!-- 上网功能校验 9105-->
	<select id="findApnStateBy9105" parameterType="java.util.Map" resultType="java.util.HashMap">
		select STATUS,DATA_SOURCE,to_char(STATE_TIME,'yyyyMMddHH24miss') STATE_TIME,STATE FROM CONNECT_INFO_9105
		WHERE 1=1
		<if test="msisdn!=null and msisdn!=''">
		and msisdn=#{msisdn}
		</if>
		<!-- <if test="apnName!=null and apnName!=''">
		and apn_name=#{apnName}
		</if> -->
		<if test="package_code!=null and package_code!=''">
		and package_code=#{package_code}
		</if>
		<if test="subsprodid!=null and subsprodid!=''">
		and SUBSPRODID=#{subsprodid}
		</if>
	</select>
	
	<!-- 上网功能校验 NB -->
	<select id="findApnStateByNB" parameterType="java.util.Map" resultType="java.util.HashMap">
		select STATUS,DATA_SOURCE,to_char(STATE_TIME,'yyyyMMddHH24miss') STATE_TIME,STATE,APN_NAME FROM NB_CONNECT_INFO
		WHERE 1=1
		<if test="msisdn!=null and msisdn!=''">
		and msisdn=#{msisdn}
		</if>
		<if test="apnName!=null and apnName!=''">
		and apn_name=#{apnName}
		</if> 
		<if test="package_code!=null and package_code!=''">
		and package_code=#{package_code}
		</if>
		<if test="subsprodid!=null and subsprodid!=''">
		and SUBSPRODID=#{subsprodid}
		</if>
	</select>

    <!-- 上网功能校验 IOV -->
	<select id="findApnStateByIOV" parameterType="java.util.Map" resultType="java.util.HashMap">
		select STATUS,DATA_SOURCE,to_char(STATE_TIME,'yyyyMMddHH24miss') STATE_TIME,STATE,APN_NAME FROM IOV_CONNECT_INFO
		WHERE 1=1
		<if test="msisdn!=null and msisdn!=''">
		and msisdn=#{msisdn}
		</if>
		<if test="apnName!=null and apnName!=''">
		and apn_name=#{apnName}
		</if> 
		<if test="package_code!=null and package_code!=''">
		and package_code=#{package_code}
		</if>
		<if test="subsprodid!=null and subsprodid!=''">
		and SUBSPRODID=#{subsprodid}
		</if>
	</select>

	<!-- 单个号码上网功能校验MAC -->
	<update id="updateApnInfoApnStateByMAC" parameterType="java.util.Map">
	   MERGE INTO MAC_CONNECT_INFO T 
        USING (SELECT #{msisdn} as a, #{package_code} as b,#{subsprodid} as c
        FROM dual) S
        ON (T.msisdn = S.a and T.Package_Code=S.b and T.SUBSPRODID = S.c)
        WHEN MATCHED THEN
        update set T.status=#{apnState},T.STATE='ENABLED',T.data_source=#{datasource},T.APN_NAME = #{apnname,jdbcType=VARCHAR},T.STATE_TIME = SYSDATE 
        where 1=1
        and msisdn=#{msisdn}
        and package_code=#{package_code}
        and SUBSPRODID=#{subsprodid}
        WHEN NOT MATCHED THEN
        insert (T.MSISDN, T.STATUS, T.STATE, T.DATA_SOURCE, T.PACKAGE_CODE,T.STATE_TIME,T.CREATE_TIME,T.SUBSPRODID,T.APN_NAME) 
        VALUES(#{msisdn},#{apnState},'ENABLED',#{datasource},#{package_code},SYSDATE,SYSDATE,#{subsprodid},#{apnname,jdbcType=VARCHAR})
	</update>
	
	<!-- 单个号码上网功能校验9105 -->
	<update id="updateApnInfoApnStateBy9105" parameterType="java.util.Map">
	   MERGE INTO CONNECT_INFO_9105 T 
        USING (SELECT #{msisdn} as a, #{package_code} as b,#{subsprodid} as c
        FROM dual) S
        ON (T.msisdn = S.a and T.Package_Code=S.b and T.SUBSPRODID = S.c)
        WHEN MATCHED THEN
        update set T.status=#{apnState},T.STATE='ENABLED',T.data_source=#{datasource},T.STATE_TIME = SYSDATE where 1=1
        and msisdn=#{msisdn}
        and package_code=#{package_code}
        and SUBSPRODID=#{subsprodid}
        WHEN NOT MATCHED THEN
        insert (T.MSISDN, T.STATUS, T.STATE, T.DATA_SOURCE, T.PACKAGE_CODE,T.STATE_TIME,T.CREATE_TIME,T.SUBSPRODID) 
        VALUES(#{msisdn},#{apnState},'ENABLED',#{datasource},#{package_code},SYSDATE,SYSDATE,#{subsprodid})
	</update>
	
	
	<!-- 单个号码上网功能校验NB -->
	<update id="updateApnInfoApnStateByNB" parameterType="java.util.Map">
	   MERGE INTO NB_CONNECT_INFO T 
        USING (SELECT #{msisdn} as a, #{package_code} as b,#{subsprodid} as c
        FROM dual) S
        ON (T.msisdn = S.a and T.Package_Code=S.b and T.SUBSPRODID = S.c)
        WHEN MATCHED THEN
        update set T.status=#{apnState},T.STATE='ENABLED',T.data_source=#{datasource},T.APN_NAME = #{apnname,jdbcType=VARCHAR},T.STATE_TIME = SYSDATE 
        where 1=1
        and msisdn=#{msisdn}
        and package_code=#{package_code}
        and SUBSPRODID=#{subsprodid}
        WHEN NOT MATCHED THEN
        insert (T.MSISDN, T.STATUS, T.STATE, T.DATA_SOURCE, T.PACKAGE_CODE,T.STATE_TIME,T.CREATE_TIME,T.SUBSPRODID,T.APN_NAME) 
        VALUES(#{msisdn},#{apnState},'ENABLED',#{datasource},#{package_code},SYSDATE,SYSDATE,#{subsprodid},#{apnname,jdbcType=VARCHAR})
	</update>
	
	<!-- 单个号码上网功能校验IOV -->
	<update id="updateApnInfoApnStateByIOV" parameterType="java.util.Map">
	   MERGE INTO IOV_CONNECT_INFO T 
        USING (SELECT #{msisdn} as a, #{package_code} as b,#{subsprodid} as c
        FROM dual) S
        ON (T.msisdn = S.a and T.Package_Code=S.b and T.SUBSPRODID = S.c)
        WHEN MATCHED THEN
        update set T.status=#{apnState},T.STATE='ENABLED',T.data_source=#{datasource},T.APN_NAME = #{apnname,jdbcType=VARCHAR},T.STATE_TIME = SYSDATE 
        where 1=1
        and msisdn=#{msisdn}
        and package_code=#{package_code}
        and SUBSPRODID=#{subsprodid}
        WHEN NOT MATCHED THEN
        insert (T.MSISDN, T.STATUS, T.STATE, T.DATA_SOURCE, T.PACKAGE_CODE,T.STATE_TIME,T.CREATE_TIME,T.SUBSPRODID,T.APN_NAME) 
        VALUES(#{msisdn},#{apnState},'ENABLED',#{datasource},#{package_code},SYSDATE,SYSDATE,#{subsprodid},#{apnname,jdbcType=VARCHAR})
	</update>
	
	<!-- 单个号码上网功能校验 更新apnName MAC -->
	<update id="updateApnnameByMAC" parameterType="java.util.Map">
		update MAC_CONNECT_INFO set APN_NAME=#{APNNAME,jdbcType=VARCHAR},STATE_TIME = SYSDATE
		where 1=1
		and msisdn=#{msisdn}
		and SUBSPRODID = #{subsprodid}
		and package_code=#{package_code}
	</update>

	<!-- 单个号码上网功能校验 更新apnName NB -->
	<update id="updateApnnameByNB" parameterType="java.util.Map">
		update NB_CONNECT_INFO set APN_NAME=#{APNNAME,jdbcType=VARCHAR},STATE_TIME = SYSDATE
		where 1=1
		and msisdn=#{msisdn}
		and SUBSPRODID = #{subsprodid}
		and package_code=#{package_code}
	</update>

	<!-- 单个号码上网功能校验 更新apnName IOV -->
	<update id="updateApnnameByIOV" parameterType="java.util.Map">
		update IOV_CONNECT_INFO set APN_NAME=#{APNNAME,jdbcType=VARCHAR},STATE_TIME = SYSDATE
		where 1=1
		and msisdn=#{msisdn}
		and SUBSPRODID = #{subsprodid}
		and package_code=#{package_code}
	</update>
	
    <!-- 单个号码上网功能校验 更新state IOV -->
	<update id="updateApnInfoApnStateENByIOV" parameterType="java.util.Map">
	update IOV_CONNECT_INFO set state='ENABLED'
	<if test="status!=null and status!=''">
	   ,status=#{status}
	</if>
	where 1=1
	<if test="msisdn!=null and msisdn!=''">
	and msisdn=#{msisdn}
	</if>
	<if test="pkgcode!=null and pkgcode.size()>0">
	and package_code  in 
	<foreach collection="pkgcode" item="pkgcode1" index="index" open="(" separator="," close=")">#{pkgcode1}</foreach>
	</if>
	</update>

	  <!-- 单个号码上网功能校验 更新state MAC -->
	<update id="updateApnInfoApnStateENByMAC" parameterType="java.util.Map">
	update MAC_CONNECT_INFO set state='ENABLED'
	<if test="status!=null and status!=''">
	   ,status=#{status}
	</if>
	where 1=1
	<if test="msisdn!=null and msisdn!=''">
	and msisdn=#{msisdn}
	</if>
	<if test="pkgcode!=null and pkgcode.size()>0">
	and package_code  in 
	<foreach collection="pkgcode" item="pkgcode1" index="index" open="(" separator="," close=")">#{pkgcode1}</foreach>
	</if>
	</update>
  <!-- 单个号码上网功能校验 更新state MAC -->
	<update id="updateApnInfoApnStateENBy9105" parameterType="java.util.Map">
	update CONNECT_INFO_9105 set state='ENABLED'
	<if test="status!=null and status!=''">
	   ,status=#{status}
	</if>
	where 1=1
	<if test="msisdn!=null and msisdn!=''">
	and msisdn=#{msisdn}
	</if>
	<if test="pkgcode!=null and pkgcode.size()>0">
	and package_code  in 
	<foreach collection="pkgcode" item="pkgcode1" index="index" open="(" separator="," close=")">#{pkgcode1}</foreach>
	</if>
	</update>
	  <!-- 单个号码上网功能校验 更新state NB -->
	<update id="updateApnInfoApnStateENByNB" parameterType="java.util.Map">
	update NB_CONNECT_INFO set state='ENABLED'
	<if test="status!=null and status!=''">
	   ,status=#{status}
	</if>
	where 1=1
	<if test="msisdn!=null and msisdn!=''">
	and msisdn=#{msisdn}
	</if>
	<if test="pkgcode!=null and pkgcode.size()>0">
	and package_code  in 
	<foreach collection="pkgcode" item="pkgcode1" index="index" open="(" separator="," close=")">#{pkgcode1}</foreach>
	</if>
	</update>

	<!-- 单个号码语音功能校验 MAC-->
	<select id="findVoiceStateByMAC" parameterType="java.util.Map" resultType="java.util.HashMap">
	select STATUS,DATA_SOURCE,to_char(status_change_time,'yyyyMMddHH24miss') STATE_TIME,PACKAGE_CODE,SUBSPRODID FROM MAC_VOICE_INFO
		WHERE STATE='ENABLED'
		<if test="msisdn!=null and msisdn!=''">
		and msisdn=#{msisdn}
		</if>
	</select>
	
	<!-- 单个号码语音功能校验 9105-->
	<select id="findVoiceStateBy9105" parameterType="java.util.Map" resultType="java.util.HashMap">
	select STATUS,DATA_SOURCE,to_char(STATE_TIME,'yyyyMMddHH24miss') STATE_TIME FROM M2M_VOICE_INFO_9105
		WHERE STATE='ENABLED'
		<if test="msisdn!=null and msisdn!=''">
		and msisdn=#{msisdn}
		</if>
	</select>
	
	
	<!-- 单个号码语音功能校验 NB-->
	<select id="findVoiceStateByNB" parameterType="java.util.Map" resultType="java.util.HashMap">
	select STATUS,DATA_SOURCE,to_char(status_change_time,'yyyyMMddHH24miss') STATE_TIME,PACKAGE_CODE,SUBSPRODID FROM NB_VOICE_INFO
		WHERE STATE='ENABLED'
		<if test="msisdn!=null and msisdn!=''">
		and msisdn=#{msisdn}
		</if>
	</select>
	
	
	<!-- 单个号码语音功能校验 IOV-->
	<select id="findVoiceStateByIOV" parameterType="java.util.Map" resultType="java.util.HashMap">
	select STATUS,DATA_SOURCE,to_char(status_change_time,'yyyyMMddHH24miss') STATE_TIME ,PACKAGE_CODE,SUBSPRODID FROM IOV_VOICE_INFO
		WHERE STATE='ENABLED'
		<if test="msisdn!=null and msisdn!=''">
		and msisdn=#{msisdn}
		</if>
	</select>
	<!-- 单个号码语音功能校验 MAC -->
	<update id="updateVoiceInfoVoiceStateByMAC" parameterType="java.util.Map">
		update MAC_VOICE_INFO set state='DISABLED',STATE_TIME = SYSDATE
        <if test="datasource !=null and datasource !=''">
        ,data_source=#{datasource}
        </if>
		where 1=1
		and msisdn=#{msisdn}
		and package_code in ('I00010100095','I00010100096','I00010100097')
	</update>
	<!-- 单个号码语音功能校验 9105 -->
	<update id="updateVoiceInfoVoiceStateBy9105" parameterType="java.util.Map">
		update M2M_VOICE_INFO_9105 set state='DISABLED',STATE_TIME = SYSDATE
        <if test="datasource !=null and datasource !=''">
        ,data_source=#{datasource}
        </if>
		where msisdn=#{msisdn}
	</update>
	<!-- 单个号码语音功能校验 NB -->
	<update id="updateVoiceInfoVoiceStateByNB" parameterType="java.util.Map">
		update NB_VOICE_INFO set state='DISABLED',STATE_TIME = SYSDATE
        <if test="datasource !=null and datasource !=''">
        ,data_source=#{datasource}
        </if>
		where 1=1
		and msisdn=#{msisdn}
		and package_code in ('I00010100095','I00010100096','I00010100097')
	</update>
	<!-- 单个号码语音功能校验 IOV -->
	<update id="updateVoiceInfoVoiceStateByIOV" parameterType="java.util.Map">
		update IOV_VOICE_INFO set state='DISABLED',STATE_TIME = SYSDATE
        <if test="datasource !=null and datasource !=''">
        ,data_source=#{datasource}
        </if>
		where 1=1
		and msisdn=#{msisdn}
		and package_code in ('I00010100095','I00010100096','I00010100097')
	</update>
	
	
	<!-- 单个号码语音功能校验 MAC -->
	<update id="updateVoiceInfoByMAC" parameterType="java.util.Map">
		MERGE INTO MAC_VOICE_INFO T USING (
			SELECT #{msisdn,jdbcType=VARCHAR} AS A, #{package_code,jdbcType=VARCHAR} AS B FROM dual
		) S ON (T.MSISDN = S.A AND T.PACKAGE_CODE = S.B)
		WHEN MATCHED THEN
			UPDATE SET T.STATUS = #{voicestatus,jdbcType=VARCHAR}, T.DATA_SOURCE = #{datasource,jdbcType=VARCHAR},T.STATE_TIME = SYSDATE where T.MSISDN=#{msisdn,jdbcType=VARCHAR}
		WHEN NOT MATCHED THEN
			INSERT (
				T.MSISDN, T.SUBSPRODID,T.STATUS, T.STATE, T.DATA_SOURCE, T.PACKAGE_CODE,T.status_change_time
			)
			VALUES(
				#{msisdn,jdbcType=VARCHAR},
				<choose>
				<when test="subsprodid!=null and subsprodid!=''">
				#{subsprodid,jdbcType=VARCHAR},
				</when>
				<otherwise>
				' ',
				</otherwise>
				</choose>
				#{voicestatus,jdbcType=VARCHAR},
				'ENABLED',#{datasource,jdbcType=VARCHAR},#{package_code,jdbcType=VARCHAR},
					to_date(#{start_time,jdbcType=VARCHAR},'yyyy-mm-dd HH24:mi:ss')
			)
	</update>
	<!-- 单个号码语音功能校验 9105 -->
	<update id="updateVoiceInfoBy9105" parameterType="java.util.Map">
		MERGE INTO M2M_VOICE_INFO_9105 T USING (
			SELECT #{msisdn,jdbcType=VARCHAR} AS A FROM dual
		) S ON (T.MSISDN = S.A )
		WHEN MATCHED THEN
			UPDATE SET T.STATUS = #{voicestatus,jdbcType=VARCHAR}, T.DATA_SOURCE = #{datasource,jdbcType=VARCHAR},T.STATE_TIME = SYSDATE where T.MSISDN=#{msisdn,jdbcType=VARCHAR}
		WHEN NOT MATCHED THEN
			INSERT (
				T.MSISDN, T.STATUS, T.STATE, T.DATA_SOURCE, T.STATE_TIME 
			)
			VALUES(
				#{msisdn,jdbcType=VARCHAR},
				#{voicestatus,jdbcType=VARCHAR},
				'ENABLED',
				#{datasource,jdbcType=VARCHAR},
					to_date(#{start_time,jdbcType=VARCHAR},'yyyy-mm-dd HH24:mi:ss')
			)
	</update>
	<!-- 单个号码语音功能校验 NB -->
	<update id="updateVoiceInfoByNB" parameterType="java.util.Map">
		MERGE INTO NB_VOICE_INFO T USING (
			SELECT #{msisdn,jdbcType=VARCHAR} AS A, #{package_code,jdbcType=VARCHAR} AS B FROM dual
		) S ON (T.MSISDN = S.A AND T.PACKAGE_CODE = S.B)
		WHEN MATCHED THEN
			UPDATE SET T.STATUS = #{voicestatus,jdbcType=VARCHAR}, T.DATA_SOURCE = #{datasource,jdbcType=VARCHAR},T.STATE_TIME = SYSDATE where T.MSISDN=#{msisdn,jdbcType=VARCHAR}
		WHEN NOT MATCHED THEN
			INSERT (
				T.MSISDN, T.SUBSPRODID,T.STATUS, T.STATE, T.DATA_SOURCE, T.PACKAGE_CODE,T.status_change_time
			)
			VALUES(
				#{msisdn,jdbcType=VARCHAR},
				<choose>
				<when test="subsprodid!=null and subsprodid!=''">
				#{subsprodid,jdbcType=VARCHAR},
				</when>
				<otherwise>
				' ',
				</otherwise>
				</choose>
				#{voicestatus,jdbcType=VARCHAR},
				'ENABLED',#{datasource,jdbcType=VARCHAR},#{package_code,jdbcType=VARCHAR},
					to_date(#{start_time,jdbcType=VARCHAR},'yyyy-mm-dd HH24:mi:ss')
			)
	</update>
	<!-- 单个号码语音功能校验 IOV -->
	<update id="updateVoiceInfoByIOV" parameterType="java.util.Map">
		MERGE INTO IOV_VOICE_INFO T USING (
			SELECT #{msisdn,jdbcType=VARCHAR} AS A, #{package_code,jdbcType=VARCHAR} AS B FROM dual
		) S ON (T.MSISDN = S.A AND T.PACKAGE_CODE = S.B)
		WHEN MATCHED THEN
			UPDATE SET T.STATUS = #{voicestatus,jdbcType=VARCHAR}, T.DATA_SOURCE = #{datasource,jdbcType=VARCHAR},T.STATE_TIME = SYSDATE where T.MSISDN=#{msisdn,jdbcType=VARCHAR}
		WHEN NOT MATCHED THEN
			INSERT (
				T.MSISDN, T.SUBSPRODID,T.STATUS, T.STATE, T.DATA_SOURCE, T.PACKAGE_CODE,T.status_change_time
			)
			VALUES(
				#{msisdn,jdbcType=VARCHAR},
				<choose>
				<when test="subsprodid!=null and subsprodid!=''">
				#{subsprodid,jdbcType=VARCHAR},
				</when>
				<otherwise>
				' ',
				</otherwise>
				</choose>
				#{voicestatus,jdbcType=VARCHAR},
				'ENABLED',#{datasource,jdbcType=VARCHAR},#{package_code,jdbcType=VARCHAR},
					to_date(#{start_time,jdbcType=VARCHAR},'yyyy-mm-dd HH24:mi:ss')
			)
	</update>
	
	<!-- 单个号码语音校验  -->
	<update id="updateVoiceStatus" parameterType="java.util.Map">
		update ${tableName} set state='DISABLED',STATE_TIME = SYSDATE
		<if test="datasource !=null and datasource !=''">
        ,data_source=#{datasource}
        </if>
		<if test="voicestatus!=null and voicestatus!=''">
		,status=#{voicestatus}
		</if>
		where 1=1 
		and msisdn=#{msisdn}
		and package_code in 
		<foreach collection="noPkgList" item="pkgcode" index="index" open="(" separator="," close=")">
		  #{pkgcode}
		</foreach>
	</update>
	
	<!-- 单个号码语音校验 -->
	<update id="updateVoiceInfoStatus" parameterType="java.util.Map">
		update ${tableName} set state='ENABLED',STATE_TIME = SYSDATE
		<if test="datasource !=null and datasource !=''">
        ,data_source=#{datasource}
        </if>
		<if test="voicestatus!=null and voicestatus!=''">
		,status=#{voicestatus}
		</if>
		where 1=1
		<!-- and decode(state_time,null,sysdate,state_time)<![CDATA[ >= ]]>sysdate -->
		and msisdn=#{msisdn}
		and package_code in 
        <foreach collection="pkgList" item="pkgcode" index="index" open="(" separator="," close=")">
          #{pkgcode}
        </foreach>
	</update>
	
	<!-- 单个号码短信校验 -->
	<select id="findSmsStateBy9105" parameterType="java.util.Map" resultType="java.util.HashMap">
		select STATUS,DATA_SOURCE,to_char(CHANGE_TIME,'yyyyMMddHH24miss') STATE_TIME FROM M2M_SMS_INFO_9105
		WHERE 1=1
		and STATE_TIME <![CDATA[ < ]]>sysdate
		<if test="msisdn!=null and msisdn!=''">
		and msisdn=#{msisdn}
		</if>
	</select>
	
	<!-- 单个号码短信校验 -->
	<select id="findSmsState" parameterType="java.util.Map" resultType="java.util.HashMap">
		select STATUS,DATA_SOURCE,to_char(STATE_TIME,'yyyyMMddHH24miss') STATE_TIME FROM ${tableName}
		WHERE  STATE='ENABLED' 
		<if test="msisdn!=null and msisdn!=''">
		and msisdn=#{msisdn}
		</if>
	</select>
	
	<!-- 短信校验 -->
	<update id="updateSmsStateInfo" parameterType="java.util.Map">
		MERGE INTO ${tableName} T 
    	USING (SELECT #{msisdn} as a 
    	<if test="package_code!=null and package_code!=''">
    	, #{package_code} as b
    	</if>
		FROM dual) S
     	ON (T.msisdn = S.a 
     	<if test="package_code!=null and package_code!=''">
     	and T.Package_Code=S.b
     	</if>)
	    WHEN MATCHED THEN
	    update set T.STATUS=#{smsstatus},T.data_source=#{datasource},T.STATE_TIME = SYSDATE where
		msisdn=#{msisdn}
		<if test="package_code!=null and package_code!=''">
		and package_code=#{package_code}
		</if>
	    WHEN NOT MATCHED THEN
	    insert (T.MSISDN
	    <if test="subsprodid!=null and subsprodid!=''">
	    ,T.SUBSPRODID
	    </if>
	    , T.STATUS, T.STATE, T.DATA_SOURCE
	    <if test="package_code!=null and package_code!=''">
	    ,T.PACKAGE_CODE
	    </if>
	    ,T.STATE_TIME) VALUES(#{msisdn}
	     <if test="subsprodid!=null and subsprodid!=''">
	    ,#{subsprodid}
	    </if>
	    ,#{smsstatus},'ENABLED',#{datasource}
	    <if test="package_code!=null and package_code!=''">
	    ,#{package_code}
	    </if>
	    ,SYSDATE)
	</update>
	
	<!-- 单个号码短信校验 -->
   <update id="updateSmsStatesInfoBy9105" parameterType="java.util.Map">
		update M2M_SMS_INFO_9105 set state='ENABLED',STATE_TIME = SYSDATE
		where 1=1
		<if test="msisdn!=null and msisdn!=''">
		and msisdn=#{msisdn}
		</if>
	</update>
	
	<!-- 单个号码短信校验 -->
   <update id="updateSmsStatesInfo" parameterType="java.util.Map">
		update ${tableName} set state='ENABLED',STATE_TIME = SYSDATE
		where 1=1
		<if test="msisdn!=null and msisdn!=''">
		and msisdn=#{msisdn}
		</if>
		<if test="package_code!=null and package_code!=''">
		and package_code = #{package_code}
		</if>
	</update>
	
	
	
	<!-- 单个号码短信校验 -->
	<update id="updateSmsState" parameterType="java.util.Map">
		update ${tableName} set state='DISABLED',data_source=#{datasource,jdbcType=VARCHAR},STATE_TIME = SYSDATE
		where 1=1
		<if test="msisdn!=null and msisdn!=''">
		and msisdn=#{msisdn}
		</if>
		<if test="package_code!=null and package_code!=''">
		and package_code <![CDATA[ <> ]]> #{package_code}
		</if>
	</update>
	
	
	<!-- 生命周期校验  查询号码状态是否us10 -->
	<select id="querymsisdnisus10ByTab" resultType="String">
		select msisdn from ${tableName} where RUN_CODE='US10' 
		and STATE='ENABLED'
		and msisdn=#{msisdn}
	</select>
	
	<!-- 	单个号码状态校验查询（内部接口） -->
	<select id="queryRunCodeByTable"  resultType="java.util.HashMap">
	select run_code ,data_source,to_char(run_code_time,'yyyymmddHH24miss') run_code_time,LIFE_CYCLE   from ${tableName}
	where 
	<if test="msisdn !=null and msisdn !=''">
		 msisdn =#{msisdn}
	</if>
	<if test="iccid !=null and iccid !=''">
		 iccid=#{iccid}
	</if>
	</select>
	
	<!-- 	单个号码状态校验查询（内部接口）更新操作-->
	<update id="updateRunCodeByTabMsisdn" >
	update ${tableName}
		<trim prefix="set" suffixOverrides=","> 
		STATE_TIME = SYSDATE,
		<if test="activateDate !=null and activateDate !=''">
		ACTIVATE_DATE=TO_DATE(#{activateDate},'yyyymmddHH24miss'), 
		</if>
		<if test="activateDate !=null and activateDate ==''">
		ACTIVATE_DATE=TO_DATE('','yyyymmddHH24miss'), 
		</if>
		<if test="status !=null and status !=''">
		 run_code=#{status} ,
		</if>
		<if test="dataSource !=null and dataSource !=''">
		data_source= #{dataSource},
		</if>
		<if test="startdate !=null and startdate !=''">
		 run_code_time=TO_DATE(#{startdate},'yyyymmddHH24miss'),
		</if>
		<if test="life_cycle !=null and life_cycle !=''">
		 life_cycle=upper(#{life_cycle}) 
		</if>
		</trim> 
	where STATE='ENABLED'
	<if test="msisdn !=null and msisdn !=''">
		and msisdn =#{msisdn}
	</if>
	<if test="iccid !=null and iccid !=''">
		and iccid=#{iccid}
	</if>
	</update>
	
	<!-- 订购关系 根据 -->
	<select id="querySubsprodidByTable" resultType="java.util.HashMap">
	select t.subsprodid 
	,to_char(t.START_DATE,'yyyy-MM-dd HH24:mi:ss') START_DATE
	,to_char(t.END_DATE,'yyyy-MM-dd HH24:mi:ss') END_DATE
	,t.DATA_SOURCE DATA_SOURCE
	,t.APN_NAME APN_NAME
	,(select ap.package_name from atomic_products ap where ap.package_code=t.package_code) PACKAGENAME
	,t.STATE STATE
	<if test="checkOthpkg != null and checkOthpkg !=''">
		,t.CANSHARE
	</if>
	from ${tableName} t
		 where t.MSISDN = #{MSISDN} 
		 and t.subsprodid=#{SUBSPRODID}   
		 and t.package_code = #{PKGCODE}
</select>
	
	
	<!--3.3.1.35.单个号码订购关系校验查询（selsect）   -->
<select id="queryPkgByPRI" resultType="java.util.HashMap">
	select 
		to_char(t.START_DATE,'yyyy-MM-dd HH24:mi:ss') START_DATE
		,to_char(t.end_date,'yyyy-mm-dd hh24:mi:ss') END_DATE 
		,t.apn_name APN_NAME
		,t.data_source DATA_SOURCE
		,(select ap.package_name from atomic_products ap where ap.package_code=t.package_code) PACKAGENAME
		,t.state STATE
  		from ${tableName} t
 		where t.MSISDN = #{MSISDN}
 		and t.subsprodid=#{SUBSPRODID} 
</select>


<!--3.3.1.35.单个号码订购关系校验查询（insert）   -->
<insert id="insertPkgFromADC" parameterType="java.util.HashMap" >
	insert into ${tableName}
  (MSISDN,
   PACKAGE_CODE,
   EC_CODE,
   STATE,
   START_DATE,
   END_DATE,
   STATE_TIME,
   DATA_SOURCE,
   SUBSPRODID,
   PKG_SOURCE, 
   create_date,
   OPERATE_DATE
   <if test="areaCode != null and areaCode != ''">
   ,AREA_CODE
   </if>
   <if test="orderdate !=null and orderdate !=''">
   ,ORDER_DATE
   </if>
   <if test="apnName !=null and apnName !=''">
		   ,apn_name
		</if>
	<if test="checkOthpkg !=null and checkOthpkg !=''">	
		<if test="canShare !=null and canShare !=''">
			,CANSHARE
		</if>
	</if>
   <if test="grpProdCode !=null and grpProdCode !=''">
   ,PRODUCT_CODE
   </if>
   )
values
  (#{MSISDN},
   #{PKGCODE},
   #{ECCODE},
   'ENABLED',
   to_date(#{PKGBEGINTIME}, 'yyyy-MM-dd HH24:mi:ss'),
   to_date(#{PKGENDTIME}, 'yyyy-MM-dd HH24:mi:ss'),
   	sysdate,
   #{datesource},
   #{SUBSPRODID},
   #{pkgsource},
  	sysdate,
  	sysdate
   <if test="areaCode != null and areaCode != ''">
   ,#{areaCode}
   </if>
   <if test="orderdate !=null and MSISDN !=''">
   ,#{orderdate}
   </if>
   <if test="apnName !=null and apnName !=''">
		   ,#{apnName}
		</if>
	<if test="checkOthpkg !=null and checkOthpkg !=''">		
		<if test="canShare !=null and canShare !=''">
			,#{canShare}
		</if>	
	</if>
   <if test="grpProdCode !=null and grpProdCode !=''">
   ,#{grpProdCode}
   </if>
   )

</insert>

<!--3.3.1.35.单个号码订购关系校验查询（update）   -->
<update id="updatePkgByTableFun" parameterType="java.util.HashMap" >
	update ${tableName} t set 
	t.state='ENABLED'
	,t.end_date = to_date(#{PKGENDTIME}, 'yyyy-MM-dd HH24:mi:ss')
	,t.DATA_SOURCE=#{datesource}
	,t.SUBSPRODID=#{SUBSPRODID}
	
	<if test="orderdate !=null and MSISDN !=''">
	,t.ORDER_DATE=#{orderdate}
	</if>
	<if test="apnName !=null and apnName !=''">
	,t.apn_name=#{apnName}
	</if>
	
 where t.MSISDN = #{MSISDN}
   and t.package_code = #{PKGCODE}
   and t.start_date =
       to_date(#{PKGBEGINTIME}, 'yyyy-MM-dd HH24:mi:ss')
</update>

<!-- 单个号码订购关系校验 -->
<update id="updateStateTimeByTableName" parameterType="java.util.HashMap" >
	update ${tableName} t set 
		t.state='ENABLED',t.STATE_TIME = SYSDATE
		<if test="PKGBEGINTIME !=null and PKGBEGINTIME !=''">
		,t.start_date = to_date(#{PKGBEGINTIME}, 'yyyy-MM-dd HH24:mi:ss')
		</if>
		<if test="PKGENDTIME !=null and PKGENDTIME !=''">
    	,t.end_date = to_date(#{PKGENDTIME}, 'yyyy-MM-dd HH24:mi:ss')
		</if>
  		<if test="apnName !=null and apnName !=''">
		,t.apn_name=#{apnName}
		</if>
  		<if test="datesource !=null and datesource !=''">
		,t.data_source=#{datesource}
		</if>
	where t.MSISDN = #{MSISDN} 
		and  t.SUBSPRODID=#{Subsprodid2} 
		<!-- and  t.package_code = #{PKGCODE}  -->
</update>

<update id="updatecanShare" parameterType="java.util.HashMap" >
	update ${tableName} t set 
		t.MSISDN = #{MSISDN}
		<if test="CANSHARE !=null and CANSHARE !=''">
			,t.canshare=#{CANSHARE}
		</if>
	where t.MSISDN = #{MSISDN} 
		and  t.SUBSPRODID=#{Subsprodid2} 
		<!-- and  t.package_code = #{PKGCODE}  -->
</update>


<!-- 订购关系校验 -->
<select id="queryFuncPkgSub" resultType="java.util.HashMap">
	select t.subsprodid 
	,to_char(t.START_DATE,'yyyy-MM-dd HH24:mi:ss') START_DATE
	,to_char(t.END_DATE,'yyyy-MM-dd HH24:mi:ss') END_DATE
	,t.DATA_SOURCE DATA_SOURCE
	,t.APN_NAME APN_NAME
	,(select ap.package_name from atomic_products ap where ap.package_code=t.package_code) PACKAGENAME
	from ${tableName} t
		 where t.MSISDN = #{MSISDN} 
		 and t.subsprodid=#{SUBSPRODID}   
		 and  t.package_code = #{PKGCODE}
</select>

<!-- 离合主建查询 -->
<select id="queryFuncPkgByTableName" resultType="java.util.HashMap">
	select 
		to_char(t.START_DATE,'yyyy-MM-dd HH24:mi:ss') START_DATE
		,to_char(t.end_date,'yyyy-mm-dd hh24:mi:ss') END_DATE 
		,t.data_source DATA_SOURCE
		,t.apn_name APN_NAME
		,(select ap.package_name from atomic_products ap where ap.package_code=t.package_code) PACKAGENAME
		
	 from ${tableName} t
	where t.MSISDN = #{MSISDN}
   		and t.package_code = #{PKGCODE}
  		and t.start_date = to_date(#{PKGBEGINTIME},'yyyy-MM-dd HH24:mi:ss')
  		and t.package_code=#{GRPPRODCODE}
</select>

<!--3.3.1.35.单个号码订购关系校验查询（update ）   -->
<update id="updatePkgByTableName" parameterType="java.util.HashMap"  >
	update ${tableName} t
	set t.state='ENABLED',t.STATE_TIME = SYSDATE
	<if test="PKGENDTIME !=null and PKGENDTIME !=''">
	,t.end_date = to_date(#{PKGENDTIME}, 'yyyy-MM-dd HH24:mi:ss')
	</if>
	,t.DATA_SOURCE=#{datesource}
	<if test="orderdate !=null and MSISDN !=''">
	,t.ORDER_DATE=#{orderdate}
	</if>
	<if test="apnName !=null and apnName !=''">
	,t.apn_name=#{apnName}
	</if>
	where t.MSISDN = #{MSISDN}
		and t.SUBSPRODID=#{SUBSPRODID}
		<!--  and t.package_code = #{PKGCODE}
		and t.start_date = to_date(#{PKGBEGINTIME}, 'yyyy-MM-dd HH24:mi:ss')-->
</update>


<!--3.3.1.35.单个号码订购关系校验查询（insert）   -->
<insert id="insertPkgTableInfo" parameterType="java.util.HashMap" >
	insert into ${tableName}
  (MSISDN,
   EC_CODE,
   PACKAGE_CODE,
   STATE,
   STATE_TIME,
   START_DATE,
   END_DATE,
   DATA_SOURCE,
   SUBSPRODID,
   create_date
   
   <if test="orderdate !=null and MSISDN !=''">
   ,ORDER_DATE
   </if>
    <if test="apnName !=null and apnName !=''">
		   ,apn_name
		</if>
              )
   values(
   #{MSISDN},
   #{ECCO},
   #{PKGCODE},
   'ENABLED',
   sysdate,
    to_date(#{PKGBEGINTIME}, 'yyyy-MM-dd HH24:mi:ss'),
   to_date(#{PKGENDTIME}, 'yyyy-MM-dd HH24:mi:ss'),
   #{datesource},
    #{SUBSPRODID},
    sysdate
   
    <if test="orderdate !=null and MSISDN !=''">
   ,#{orderdate}
   </if>
   <if test="apnName !=null and apnName !=''">
		   ,#{apnName}
		</if>
    )
   

</insert>

<!-- 订购关系更新 -->
<update id="updateTimeByTab" parameterType="java.util.HashMap" >
	update ${tableName} t set 
		t.state='ENABLED'
		<if test="PKGBEGINTIME !=null and PKGBEGINTIME !=''">
		,t.start_date = to_date(#{PKGBEGINTIME}, 'yyyy-MM-dd HH24:mi:ss')
		</if>
		<if test="PKGENDTIME !=null and PKGENDTIME !=''">
    	,t.end_date = to_date(#{PKGENDTIME}, 'yyyy-MM-dd HH24:mi:ss')
		</if>
 		<if test="apnName !=null and apnName !=''">
		,t.apn_name=#{apnName}
		</if>
  		<if test="datesource !=null and datesource !=''">
		,t.data_source=#{datesource}
		</if>
    where t.MSISDN = #{MSISDN} 
   and  t.SUBSPRODID=#{Subsprodid2}
</update>

	<!--3.3.1.35.单个号码订购关系校验查询（selsect）   -->
<select id="queryAllPriPkg" resultType="java.util.HashMap">
	<foreach collection="pkgTableSet" item="pkg" separator="UNION">
		select to_char(t.start_date,'yyyy-mm-dd hh24:mi:ss') PKGBEGINTIME ,t.package_code PKGCODE,to_char(t.end_date,'yyyy-mm-dd hh24:mi:ss') PKGENDTIME
	  		,SUBSPRODID,PKG_SOURCE GRPPRODCODE from ${pkg} t
	 		where t.MSISDN = #{msisdn}
	 		and t.state = 'ENABLED'
 	</foreach>
</select>

<!-- 订购关系update -->
<update id="updateStatePkg" parameterType="java.util.HashMap" >
	update ${tableName} t
   set t.state = 'DISABLED' ,t.state_time = sysdate, t.data_source =#{datesource} 
    where t.MSISDN = #{msisdn} 
   and  t.SUBSPRODID=#{SUBSPRODID}
   <!--and  t.package_code = #{PKGCODE}
   and  t.start_date = to_date(#{PKGBEGINTIME}, 'yyyy-MM-dd HH24:mi:ss')  -->
</update>
<!-- 订购关系update  -->
<update id="updateStateFun" parameterType="java.util.HashMap" >
	update ${tableName} t
    set t.state = 'DISABLED' , t.state_time = sysdate, t.data_source =#{datesource}
	where t.MSISDN = #{MSISDN}
	and  t.package_code = #{PKGCODE}
	and  t.start_date = to_date(#{PKGBEGINTIME}, 'yyyy-MM-dd HH24:mi:ss')

</update>

	   <!-- 根据原子产品表获取套餐的类型-PkgCategory -->
	<select id="findPkgCategory" resultType="String" parameterType="java.lang.String">
	   select PKG_CATEGORY from ATOMIC_PRODUCTS where PACKAGE_CODE=#{pakecode}
	</select>

	<!--根据产品编码查询对应的地市编码 -->
	<select id="findProCodeArea" resultType="String" parameterType="java.lang.String">
		 SELECT A.AREA_CODE
	    FROM ENTERPRISE_CUSTOMER EC, AREAS A ,EC_PROD E
	    WHERE EC.AREA_ID = A.AREA_ID AND EC.EC_CODE = E.EC_CODE AND E.PRODUCT_CODE=#{prdcode}
	</select>


<!-- 更新套餐信息 -->
<update id="updataPKGInfo" parameterType="java.util.HashMap" >
	update ${tableName} t
    set t.state = 'DISABLED' , t.state_time = sysdate, t.data_source =#{datesource}
	where t.MSISDN = #{MSISDN}
	and  t.package_code = #{PKGCODE}
	and  t.start_date = to_date(#{PKGBEGINTIME}, 'yyyy-MM-dd HH24:mi:ss')

</update>

<!-- 查询语音套餐code -->
<select id="queryvoicepkg" resultType="String">
		select package_code from atomic_products where BUS_CATEGORY='VOICE'
	</select>

	<update id="updateApnInfoApnState1MAC" parameterType="java.util.Map">
		update MAC_CONNECT_INFO set state='DISABLED',STATE_TIME = SYSDATE
		<if test="dataSource !=null and dataSource !=''">
            ,data_source= #{dataSource}
        </if>
		where 1=1
		<if test="msisdn!=null and msisdn!=''">
		and msisdn=#{msisdn}
		</if>
		<if test="pkgcode!=null and pkgcode.size()>0">
		and package_code not in 
		<foreach collection="pkgcode" item="pkgcode1" index="index" open="(" separator="," close=")">#{pkgcode1}</foreach>
		</if>
	</update>

	<update id="updateApnInfoApnState19105" parameterType="java.util.Map">
		update CONNECT_INFO_9105 set state='DISABLED',STATE_TIME = SYSDATE
        <if test="dataSource !=null and dataSource !=''">
            ,data_source= #{dataSource}
        </if>
		where 1=1
		<if test="msisdn!=null and msisdn!=''">
		and msisdn=#{msisdn}
		</if>
		<if test="pkgcode!=null and pkgcode.size()>0">
		and package_code not in 
		<foreach collection="pkgcode" item="pkgcode1" index="index" open="(" separator="," close=")">#{pkgcode1}</foreach>
		</if>
	</update>
	
		<update id="updateApnInfoApnState1NB" parameterType="java.util.Map">
		update NB_CONNECT_INFO set state='DISABLED',STATE_TIME = SYSDATE
        <if test="dataSource !=null and dataSource !=''">
            ,data_source= #{dataSource}
        </if>
		where 1=1
		<if test="msisdn!=null and msisdn!=''">
		and msisdn=#{msisdn}
		</if>
		<if test="pkgcode!=null and pkgcode.size()>0">
		and package_code not in 
		<foreach collection="pkgcode" item="pkgcode1" index="index" open="(" separator="," close=")">#{pkgcode1}</foreach>
		</if>
	</update>
	
	<update id="updateApnInfoApnState1IOV" parameterType="java.util.Map">
		update IOV_CONNECT_INFO set state='DISABLED',STATE_TIME = SYSDATE
        <if test="dataSource !=null and dataSource !=''">
            ,data_source= #{dataSource}
        </if>
		where 1=1
		<if test="msisdn!=null and msisdn!=''">
		and msisdn=#{msisdn}
		</if>
		<if test="pkgcode!=null and pkgcode.size()>0">
		and package_code not in 
		<foreach collection="pkgcode" item="pkgcode1" index="index" open="(" separator="," close=")">#{pkgcode1}</foreach>
		</if>
	</update>
	
	<update id="updateApnInfoApnState2MAC" parameterType="java.util.Map">
		update MAC_CONNECT_INFO set state='ENABLED',STATE_TIME = SYSDATE
        <if test="dataSource !=null and dataSource !=''">
            ,data_source= #{dataSource}
        </if>
		where 1=1
		<if test="msisdn!=null and msisdn!=''">
		and msisdn=#{msisdn}
		</if>
		<if test="pkgcode!=null and pkgcode.size()>0">
		and package_code in 
		<foreach collection="pkgcode" item="pkgcode1" index="index" open="(" separator="," close=")">#{pkgcode1}</foreach>
		</if>
	</update>

	<update id="updateApnInfoApnState29105" parameterType="java.util.Map">
		update CONNECT_INFO_9105 set state='ENABLED',STATE_TIME = SYSDATE
        <if test="dataSource !=null and dataSource !=''">
            ,data_source= #{dataSource}
        </if>
		where 1=1
		<if test="msisdn!=null and msisdn!=''">
		and msisdn=#{msisdn}
		</if>
		<if test="pkgcode!=null and pkgcode.size()>0">
		and package_code in 
		<foreach collection="pkgcode" item="pkgcode1" index="index" open="(" separator="," close=")">#{pkgcode1}</foreach>
		</if>
	</update>

	<update id="updateApnInfoApnState2NB" parameterType="java.util.Map">
		update NB_CONNECT_INFO set state='ENABLED',STATE_TIME = SYSDATE
        <if test="dataSource !=null and dataSource !=''">
            ,data_source= #{dataSource}
        </if>
		where 1=1
		<if test="msisdn!=null and msisdn!=''">
		and msisdn=#{msisdn}
		</if>
		<if test="pkgcode!=null and pkgcode.size()>0">
		and package_code in 
		<foreach collection="pkgcode" item="pkgcode1" index="index" open="(" separator="," close=")">#{pkgcode1}</foreach>
		</if>
	</update>

	<update id="updateApnInfoApnState2IOV" parameterType="java.util.Map">
		update IOV_CONNECT_INFO set state='ENABLED',STATE_TIME = SYSDATE
        <if test="dataSource !=null and dataSource !=''">
            ,data_source= #{dataSource}
        </if>
		where 1=1
		<if test="msisdn!=null and msisdn!=''">
		and msisdn=#{msisdn}
		</if>
		<if test="pkgcode!=null and pkgcode.size()>0">
		and package_code in 
		<foreach collection="pkgcode" item="pkgcode1" index="index" open="(" separator="," close=")">#{pkgcode1}</foreach>
		</if>
	</update>

	<select id="queryAreaCodeByMsisdn" resultType="java.lang.String">
		select 
			area_code 
		from num_route 
			where msisdn = #{msisdn} 
			and area_code is not null
			and rownum = 1
	</select>
	
	<!-- 根据号码和对应的subi查询策略值 -->
	<select id="findPropertyBy" resultType="com.openapi3.entity.Property">
		select ms.PROPERTY_NAME AS propertyName,ms.PROPERTY_VALUE AS propertyValue from M2M_STRATEGYPROPERTY ms
		where ms.msisdn=#{msisdn}
		and ms.SUBSPRODID=#{subsprodid}
		and (ms.PROPERTY_NAME LIKE 'ServiceUsageState%' OR ms.PROPERTY_NAME LIKE  'ServiceCode%' ) 		
	</select>
	
	<!-- 根据号码和对应的subi修改值 -->
	<update id="updatePropertyBy" parameterType="java.util.Map">
			update M2M_STRATEGYPROPERTY set UPDATE_DATE=SYSDATE,PROPERTY_VALUE=#{propertyValue}
		where msisdn=#{msisdn} AND SUBSPRODID=#{subsprodid} AND PROPERTY_NAME=#{propertyName}
	</update>
	
	<!-- 插入缺失的策略相关属性 -->
	<insert id="insertPropertyBy" parameterType="java.util.Map">
		   INSERT  INTO M2M_STRATEGYPROPERTY (MSISDN,SUBSPRODID,DATA_SOURCE,CREATE_DATE,PROPERTY_NAME,PROPERTY_VALUE,PACKAGE_CODE)
  			 VALUES (#{msisdn},#{subsprodid},'triopi.member.gprs.adc.query',SYSDATE,#{propertyName},#{propertyValue},#{packageCode})
	</insert>
	
	 <!--9105 查询该套餐对应的产品编码 -->
	<select id="findProCode9105" resultType="String" parameterType="java.util.Map">
	   select rp.product_code from PRI_PKG_9105 rp where rp.msisdn=#{msisdn} and rp.subsprodid =#{subsprodid}
		union 
		select fg.product_code from FUNC_PKG_9105 fg where fg.msisdn=#{msisdn} and fg.subsprodid=#{subsprodid}
		union 
		select op.product_code from OTH_PKG_9105 op where op.msisdn=#{msisdn} and op.subsprodid=#{subsprodid}
	</select>
	
	<!-- 查询该套餐对应的产品编码 -->
	<select id="findProCode" resultType="String" parameterType="java.util.Map">
	   select mp.product_code  from ${tableName} mp where mp.msisdn=#{msisdn}
	</select>
	
	
	<update id="updateConnectInfoMAC" parameterType="java.util.Map">
		update MAC_CONNECT_INFO set state='DISABLED',STATE_TIME = SYSDATE
		<if test="datasource !=null and datasource !=''">
            ,data_source= #{datasource}
        </if>
		where  msisdn=#{msisdn} and SUBSPRODID=#{subsprodid}
	</update>
	
	<update id="updateConnectInfo9105" parameterType="java.util.Map">
		update CONNECT_INFO_9105 set state='DISABLED',STATE_TIME = SYSDATE
		<if test="datasource !=null and datasource !=''">
            ,data_source= #{datasource}
        </if>
		where  msisdn=#{msisdn} and SUBSPRODID=#{subsprodid}
	</update>
	
	<update id="updateConnectInfoNB" parameterType="java.util.Map">
		update NB_CONNECT_INFO set state='DISABLED',STATE_TIME = SYSDATE
		<if test="datasource !=null and datasource !=''">
            ,data_source= #{datasource}
        </if>
		where  msisdn=#{msisdn} and SUBSPRODID=#{subsprodid}
	</update>
	
	<update id="updateConnectInfoIOV" parameterType="java.util.Map">
		update IOV_CONNECT_INFO set state='DISABLED',STATE_TIME = SYSDATE
		<if test="datasource !=null and datasource !=''">
            ,data_source= #{datasource}
        </if>
		where  msisdn=#{msisdn} and SUBSPRODID=#{subsprodid}
	</update>


	<update id="updateMacFuncPkgState" parameterType="java.util.Map">
		update MAC_FUNC_PKG set state='DISABLED',STATE_TIME = SYSDATE
		<if test="datasource !=null and datasource !=''">
            ,data_source= #{datasource}
        </if>
		where msisdn=#{msisdn}
	</update>
	<update id="updateMacPriPkgState" parameterType="java.util.Map">
		update MAC_PRI_PKG set state='DISABLED',STATE_TIME = SYSDATE
		<if test="datasource !=null and datasource !=''">
            ,data_source= #{datasource}
        </if>
		where msisdn=#{msisdn}
	</update>
	<update id="updateMacOthPkgState" parameterType="java.util.Map">
		update MAC_OTH_PKG set state='DISABLED',STATE_TIME = SYSDATE
		<if test="datasource !=null and datasource !=''">
            ,data_source= #{datasource}
        </if>
		where msisdn=#{msisdn}
	</update>

	<update id="updateNbFuncPkgState" parameterType="java.util.Map">
		update NB_FUNC_PKG set state='DISABLED',STATE_TIME = SYSDATE
		<if test="datasource !=null and datasource !=''">
            ,data_source= #{datasource}
        </if>
		where msisdn=#{msisdn}
	</update>
	<update id="updateNbPriPkgState" parameterType="java.util.Map">
		update NB_PRI_PKG set state='DISABLED',STATE_TIME = SYSDATE
		<if test="datasource !=null and datasource !=''">
            ,data_source= #{datasource}
        </if>
		where msisdn=#{msisdn}
	</update>
	<update id="updateNbOthPkgState" parameterType="java.util.Map">
		update NB_OTH_PKG set state='DISABLED',STATE_TIME = SYSDATE
		<if test="datasource !=null and datasource !=''">
            ,data_source= #{datasource}
        </if>
		where msisdn=#{msisdn}
	</update>

	<update id="update9105FuncPkgState" parameterType="java.util.Map">
		update FUNC_PKG_9105 set state='DISABLED',STATE_TIME = SYSDATE
		<if test="datasource !=null and datasource !=''">
            ,data_source= #{datasource}
        </if>
		where msisdn=#{msisdn}
	</update>
	<update id="update9105PriPkgState" parameterType="java.util.Map">
		update PRI_PKG_9105 set state='DISABLED',STATE_TIME = SYSDATE
		<if test="datasource !=null and datasource !=''">
            ,data_source= #{datasource}
        </if>
		where msisdn=#{msisdn}
	</update>
	<update id="update9105OthPkgState" parameterType="java.util.Map">
		update OTH_PKG_9105 set state='DISABLED',STATE_TIME = SYSDATE
		<if test="datasource !=null and datasource !=''">
            ,data_source= #{datasource}
        </if>
		where msisdn=#{msisdn}
	</update>

	<!-- 将语音过期的套餐改为distable MAC-->
	<update id="updateVoiceInfoBylMAC" parameterType="java.util.Map">
		update MAC_VOICE_INFO set state='DISABLED',STATE_TIME = SYSDATE
		<if test="datasource !=null and datasource !=''">
            ,data_source= #{datasource}
        </if>
		where msisdn=#{msisdn} and SUBSPRODID=#{subsprodid}
	</update>
	
		<!-- 将语音过期的套餐改为distable NB-->
	<update id="updateVoiceInfoBylNB" parameterType="java.util.Map">
		update NB_VOICE_INFO set state='DISABLED',STATE_TIME = SYSDATE
		<if test="datasource !=null and datasource !=''">
            ,data_source= #{datasource}
        </if>
		where msisdn=#{msisdn} and SUBSPRODID=#{subsprodid}
	</update>
	
	
		<!-- 将语音过期的套餐改为distable IOV-->
	<update id="updateVoiceInfoBylIOV" parameterType="java.util.Map">
		update IOV_VOICE_INFO set state='DISABLED',STATE_TIME = SYSDATE
		<if test="datasource !=null and datasource !=''">
            ,data_source= #{datasource}
        </if>
		where msisdn=#{msisdn} and SUBSPRODID=#{subsprodid}
	</update>

	<!-- 将多余失效的套餐默认改为1 MAC-->
	<update id="updateVoiceInfoBysMAC"  parameterType="java.util.Map">
	    update MAC_VOICE_INFO set STATUS='1',STATE_TIME = SYSDATE
            		<if test="datasource !=null and datasource !=''">
            ,data_source= #{datasource}
        </if>
		where msisdn=#{msisdn} and SUBSPRODID=#{subsprodid} AND  state='ENABLED'
	</update>

		<!-- 将多余失效的套餐默认改为1 NB-->
	<update id="updateVoiceInfoBysNB"  parameterType="java.util.Map">
	    update NB_VOICE_INFO set STATUS='1',STATE_TIME = SYSDATE
            		<if test="datasource !=null and datasource !=''">
            ,data_source= #{datasource}
        </if>
		where msisdn=#{msisdn} and SUBSPRODID=#{subsprodid} AND  state='ENABLED'
	</update>

			<!-- 将多余失效的套餐默认改为1 IOV-->
	<update id="updateVoiceInfoBysIOV"  parameterType="java.util.Map">
	    update IOV_VOICE_INFO set STATUS='1',STATE_TIME = SYSDATE
            		<if test="datasource !=null and datasource !=''">
            ,data_source= #{datasource}
        </if>
		where msisdn=#{msisdn} and SUBSPRODID=#{subsprodid} AND  state='ENABLED'
	</update>


</mapper>