<?xml version="1.0" encoding="UTF-8" ?>
<!DOCTYPE mapper
        PUBLIC "-//mybatis.org//DTD Mapper 3.0//EN"
        "http://mybatis.org/dtd/mybatis-3-mapper.dtd">

<mapper namespace="MemberActitimeMapper">

	<select id="querySingleMemberActitime" resultType="com.openapi3.msg.memberactitimesinglequery.TriMemberActitimeSingleQueryRsp">

		select distinct 
		to_char(MI.activate_date,'yyyyMMddHH24miss') time
		from ${msisdncard} 	MI where state='ENABLED'
		<if test="msisdn !=null and msisdn !=''">
			AND MI.MSISDN =#{msisdn}
		</if>
		<if test="iccid !=null and iccid !=''">
			and MI.iccid =#{iccid}
		</if>
		and rownum=1
		
	</select>

	<select id="querySingleMemberActitimemac" resultType="com.openapi3.msg.memberactitimesinglequery.TriMemberActitimeSingleQueryRsp">

		select distinct 
		to_char(mi.activate_date,'yyyyMMddHH24miss') time
		from MAC_CARD 	mi where state='ENABLED'
		<if test="msisdn !=null and msisdn !=''">
			and mi.MSISDN =#{msisdn}
		</if>
		<if test="iccid !=null and iccid !=''">
			and mi.MSISDN =(select msisdn from NUM_ROUTE where iccid=#{iccid} )
		</if>
		
	</select>
	
		<select id="querySingleMemberActitimeo" resultType="com.openapi3.msg.memberactitimesinglequery.TriMemberActitimeSingleQueryRsp">

		select distinct 
		to_char(mi.activate_date,'yyyyMMddHH24miss') time
		from CARD_9105	mi where state='ENABLED'
		<if test="msisdn !=null and msisdn !=''">
			and mi.MSISDN =#{msisdn}
		</if>
		<if test="iccid !=null and iccid !=''">
			and mi.MSISDN =(select msisdn from NUM_ROUTE where iccid=#{iccid} )
		</if>
		
	</select>
	
		<select id="querySingleMemberActitimenb" resultType="com.openapi3.msg.memberactitimesinglequery.TriMemberActitimeSingleQueryRsp">

		select distinct 
		to_char(mi.activate_date,'yyyyMMddHH24miss') time
		from NB_CARD	mi where state='ENABLED'
		<if test="msisdn !=null and msisdn !=''">
			and mi.MSISDN =#{msisdn}
		</if>
		<if test="iccid !=null and iccid !=''">
			and mi.MSISDN =(select msisdn from NUM_ROUTE where iccid=#{iccid} )
		</if>
		
	</select>
	
	
		<select id="querySingleMemberActitimeiov" resultType="com.openapi3.msg.memberactitimesinglequery.TriMemberActitimeSingleQueryRsp">

		select distinct 
		to_char(mi.activate_date,'yyyyMMddHH24miss') time
		from IOV_CARD  mi where state='ENABLED'
		<if test="msisdn !=null and msisdn !=''">
			and mi.MSISDN =#{msisdn}
		</if>
		<if test="iccid !=null and iccid !=''">
			and mi.MSISDN =(select msisdn from NUM_ROUTE where iccid=#{iccid} )
		</if>
		
	</select>
	
	<!-- 查询号码的开户时间 -->
	<select id="findMemberOpentime" parameterType="java.util.Map" resultType="java.lang.String">
		select to_char(p.open_time,'yyyyMMddHH24miss') from ${msisdncard} p  where p.msisdn=#{msisdn} and p.state='ENABLED'
	</select>
	
	<!-- 根据号码更新库单个号码开户时间 -->
	<update id="updateSingleMemberOpentime" parameterType="java.util.Map">
		update ${msisdncard} p 
			set p.OPEN_TIME = to_Date(#{opentime},'yyyyMMddHH24miss'),p.STATE_TIME = SYSDATE
			where p.state='ENABLED'  AND p.MSISDN =#{msisdn}
	</update>
	
	
	<!-- 根据号码更新库单个号码激活状态信息 -->
	<update id="updateSingleMemberActitime" parameterType="java.util.Map">
		update ${msisdncard} p 
			set p.activate_date = to_Date(#{time},'yyyyMMddHH24miss'),p.STATE_TIME = SYSDATE
			where p.state='ENABLED'
			<if test="msisdn !=null and msisdn !=''">
				AND p.MSISDN =#{msisdn}
			</if>
	</update>
	
    <!-- 机器卡清空号码激活时间 -->
	<update id="updateSingleMemberEmptyActitimeMAC" parameterType="java.util.Map">
		update MAC_CARD p 
			set p.activate_date = null,STATE_TIME = SYSDATE
			where p.state='ENABLED' AND p.MSISDN =#{msisdn}
	</update>
	
	    <!-- 9105 清空号码激活时间 -->
	<update id="updateSingleMemberEmptyActitime9105" parameterType="java.util.Map">
		update CARD_9105 p 
			set p.activate_date = null,STATE_TIME = SYSDATE
			where p.state='ENABLED' AND p.MSISDN =#{msisdn}
	</update>
	
	<!--NB 清空号码激活时间 -->
	<update id="updateSingleMemberEmptyActitimeNB" parameterType="java.util.Map">
		update NB_CARD p 
			set p.activate_date = null,STATE_TIME = SYSDATE
			where p.state='ENABLED' AND p.MSISDN =#{msisdn}
	</update>
	
		<!--IOV 清空号码激活时间 -->
	<update id="updateSingleMemberEmptyActitimeIOV" parameterType="java.util.Map">
		update IOV_CARD p 
			set p.activate_date = null,STATE_TIME = SYSDATE
			where p.state='ENABLED' AND p.MSISDN =#{msisdn}
	</update>
	
</mapper>