<?xml version="1.0" encoding="UTF-8" ?>
<!DOCTYPE mapper
        PUBLIC "-//mybatis.org//DTD Mapper 3.0//EN"
        "http://mybatis.org/dtd/mybatis-3-mapper.dtd">

<mapper namespace="MemberLiftcycleMapper">
		
	<!-- 生命周期 非成员查询-->
	<select id="singleQueryPersonLiftcycle" resultType="java.util.HashMap" >         

			SELECT DISTINCT mi.msisdn, mi.iccid,
			
			(
				CASE WHEN 
					mi.run_code='US10' AND 
					(
						
						EXISTS (SELECT 1 FROM m2m_per_pkg mpp
							WHERE mpp.msisdn=mi.msisdn 
							AND mpp.state = 'ENABLED'
							AND exists(select 1 from atomic_products ap where ap.pkg_type='PKG_TYPE_TEST' and ap.package_code=mpp.package_code)
							AND mpp.start_date <![CDATA[ < ]]> SYSDATE 
							AND mpp.end_date <![CDATA[ > ]]> SYSDATE 
						)
					)
				THEN 'test'
				ELSE mi.run_code END
			) AS status, 
			 to_char(MI.RUN_CODE_TIME,'yyyyMMddHH24miss') statusTime
			FROM per_member_info 

			mi 
			WHERE mi.state='ENABLED'
			
			<if test="msisdn !=null and msisdn !=''">
				AND msisdn =#{msisdn}
			</if>
			<if test="iccid !=null and iccid !=''">
				AND iccid =#{iccid}
			</if>
			 
	</select>
	<!-- 生命周期 非成员查询卡类型是MAC-->
	<select id="singleQueryPersonLiftcycleMAC" resultType="java.util.HashMap" >         

			SELECT DISTINCT mi.msisdn, mi.iccid,
			
			(
				CASE WHEN 
					mi.run_code='US10' AND 
					(
						
						EXISTS (
						
						select 1
          from MAC_PRI_PKG  macp
         where msisdn = mi.msisdn 
           AND STATE = 'ENABLED'
           AND exists(select 1 from atomic_products ap where ap.pkg_type='PKG_TYPE_TEST' and ap.package_code=macp.package_code)
           AND start_date  <![CDATA[ < ]]> SYSDATE 
           and END_DATE  <![CDATA[ > ]]> SYSDATE
        union
        select 1
          from MAC_FUNC_PKG   macf
         where msisdn = mi.msisdn 
           AND STATE = 'ENABLED'
           AND exists(select 1 from atomic_products ap where ap.pkg_type='PKG_TYPE_TEST' and ap.package_code=macf.package_code)
           AND start_date  <![CDATA[ < ]]> SYSDATE 
           and END_DATE  <![CDATA[ > ]]> SYSDATE
        union
        select 1
          from MAC_OTH_PKG  maco
         where msisdn = mi.msisdn 
           AND STATE = 'ENABLED'
           AND exists(select 1 from atomic_products ap where ap.pkg_type='PKG_TYPE_TEST' and ap.package_code=maco.package_code)
           AND start_date  <![CDATA[ < ]]> SYSDATE 
           and END_DATE  <![CDATA[ > ]]> SYSDATE
						
						)
					)
				THEN 'test'
				ELSE mi.run_code END
			) AS status, 
			 to_char(MI.RUN_CODE_TIME,'yyyyMMddHH24miss') statusTime
			FROM MAC_CARD mi 
			WHERE mi.state='ENABLED'
			
			<if test="msisdn !=null and msisdn !=''">
				AND msisdn =#{msisdn}
			</if>
	</select>
	
	<!-- 生命周期 非成员查询卡类型是9105-->
	<select id="singleQueryPersonLiftcycle9105" resultType="java.util.HashMap" >         

			SELECT DISTINCT mi.msisdn, mi.iccid,
			
			(
				CASE WHEN 
					mi.run_code='US10' AND 
					(
						
						EXISTS (
						
						select 1
          from PRI_PKG_9105   prip
         where msisdn = mi.msisdn 
           AND STATE = 'ENABLED'
           AND exists(select 1 from atomic_products ap where ap.pkg_type='PKG_TYPE_TEST' and ap.package_code=prip.ackage_code)
           AND start_date  <![CDATA[ < ]]> SYSDATE 
           and END_DATE  <![CDATA[ > ]]> SYSDATE
        union
        select 1
          from FUNC_PKG_9105  funcp
         where msisdn = mi.msisdn 
           AND STATE = 'ENABLED'
           AND exists(select 1 from atomic_products ap where ap.pkg_type='PKG_TYPE_TEST' and ap.package_code=funcp.package_code)
           AND start_date  <![CDATA[ < ]]> SYSDATE 
           and END_DATE  <![CDATA[ > ]]> SYSDATE
        union
        select 1
          from OTH_PKG_9105  othp
         where msisdn = mi.msisdn 
           AND STATE = 'ENABLED'
           AND exists(select 1 from atomic_products ap where ap.pkg_type='PKG_TYPE_TEST' and ap.package_code=othp.package_code)
           AND start_date  <![CDATA[ < ]]> SYSDATE 
           and END_DATE  <![CDATA[ > ]]> SYSDATE
						
						)
					)
				THEN 'test'
				ELSE mi.run_code END
			) AS status, 
			 to_char(MI.RUN_CODE_TIME,'yyyyMMddHH24miss') statusTime
			FROM CARD_9105 mi 
			WHERE mi.state='ENABLED'
			
			<if test="msisdn !=null and msisdn !=''">
				AND msisdn =#{msisdn}
			</if>
	</select>
	
	<!-- 生命周期 非成员查询卡类型是NB-->
	<select id="singleQueryPersonLiftcycleNB" resultType="java.util.HashMap" >         

			SELECT DISTINCT mi.msisdn, mi.iccid,
			
			(
				CASE WHEN 
					mi.run_code='US10' AND 
					(
						
						EXISTS (
						
						select 1
          from NB_PRI_PKG  nbp
         where msisdn = mi.msisdn 
           AND STATE = 'ENABLED'
           AND exists(select 1 from atomic_products ap where ap.pkg_type='PKG_TYPE_TEST' and ap.package_code=nbp.package_code)
           AND start_date  <![CDATA[ < ]]> SYSDATE 
           and END_DATE  <![CDATA[ > ]]> SYSDATE
        union
        select 1
          from NB_FUNC_PKG	nbf
         where msisdn = mi.msisdn 
           AND STATE = 'ENABLED'
           AND exists(select 1 from atomic_products ap where ap.pkg_type='PKG_TYPE_TEST' and ap.package_code=nbf.package_code)
           AND start_date  <![CDATA[ < ]]> SYSDATE 
           and END_DATE  <![CDATA[ > ]]> SYSDATE
        union
        select 1
          from NB_OTH_PKG	nbo
         where msisdn = mi.msisdn 
           AND STATE = 'ENABLED'
           AND exists(select 1 from atomic_products ap where ap.pkg_type='PKG_TYPE_TEST' and ap.package_code=nbo.package_code)
           AND start_date  <![CDATA[ < ]]> SYSDATE 
           and END_DATE  <![CDATA[ > ]]> SYSDATE
						
						)
					)
				THEN 'test'
				ELSE mi.run_code END
			) AS status, 
			 to_char(MI.RUN_CODE_TIME,'yyyyMMddHH24miss') statusTime
			FROM NB_CARD mi 
			WHERE mi.state='ENABLED'
			
			<if test="msisdn !=null and msisdn !=''">
				AND msisdn =#{msisdn}
			</if>
	</select>
	
	<!-- 生命周期 非成员查询卡类型是IOV-->
	<select id="singleQueryPersonLiftcycleIOV" resultType="java.util.HashMap" >         

			SELECT DISTINCT mi.msisdn, mi.iccid,
			
			(
				CASE WHEN 
					mi.run_code='US10' AND 
					(
						
						EXISTS (
						
						select 1
          from IOV_PRI_PKG  iovp
         where msisdn = mi.msisdn 
           AND STATE = 'ENABLED'
           AND exists(select 1 from atomic_products ap where ap.pkg_type='PKG_TYPE_TEST' and ap.package_code=iovp.package_code)
           AND start_date  <![CDATA[ < ]]> SYSDATE 
           and END_DATE  <![CDATA[ > ]]> SYSDATE
        union
        select 1
          from IOV_FUNC_PKG	iovf
         where msisdn = mi.msisdn 
           AND STATE = 'ENABLED'
           AND exists(select 1 from atomic_products ap where ap.pkg_type='PKG_TYPE_TEST' and ap.package_code=iovf.package_code)
           AND start_date  <![CDATA[ < ]]> SYSDATE 
           and END_DATE  <![CDATA[ > ]]> SYSDATE
        union
        select 1
          from IOV_OTH_PKG	iovo
         where msisdn = mi.msisdn 
           AND STATE = 'ENABLED'
           AND exists(select 1 from atomic_products ap where ap.pkg_type='PKG_TYPE_TEST' and ap.package_code=iovo.package_code)
           AND start_date  <![CDATA[ < ]]> SYSDATE 
           and END_DATE  <![CDATA[ > ]]> SYSDATE
						
						)
					)
				THEN 'test'
				ELSE mi.run_code END
			) AS status, 
			 to_char(MI.RUN_CODE_TIME,'yyyyMMddHH24miss') statusTime
			FROM IOV_CARD mi 
			WHERE mi.state='ENABLED'
			
			<if test="msisdn !=null and msisdn !=''">
				AND msisdn =#{msisdn}
			</if>
	</select>
	
	<!-- 生命周期 单个查询/批量-->
	<select id="singleQuerymemberLiftcycle" resultType="java.util.HashMap" >         

			SELECT DISTINCT mi.MSISDN, (select iccid from NUM_ROUTE where msisdn=mi.msisdn and STATE='ENABLED') as ICCID,mi.LIFE_CYCLE status, 
			 to_char(MI.RUN_CODE_TIME,'yyyyMMddHH24miss') statusTime
			FROM ${typename} 	mi 
			WHERE mi.state='ENABLED'
			<if test="msisdn !=null and msisdn !=''">
				AND mi.msisdn =#{msisdn}
			</if>
			<if test="iccid !=null and iccid !=''">
				AND mi.msisdn =(select msisdn from NUM_ROUTE where iccid=#{iccid} )
			</if>
			<if test="macs !=null ">
				AND MI.MSISDN in
				<foreach item="item" collection="macs" index="index" open="("
								separator="," close=")">
								#{item}
				</foreach>
			</if>
			<if test="macsiccid !=null ">
				and  MI.MSISDN in (
					select msisdn from NUM_ROUTE where iccid in
					<foreach item="item" collection="macsiccid" index="index" open="("
							separator="," close=")">
							#{item}
						</foreach>
				)
			</if>
			 
	</select>
 	
	<!-- 机器卡 生命周期 批量查询-->
	<select id="batchQuerymemberLiftcyclemac" resultType="java.util.HashMap" >         

			SELECT DISTINCT mi.msisdn, (select iccid from NUM_ROUTE where msisdn=mi.msisdn ) as iccid, mi.LIFE_CYCLE status, 
			 to_char(MI.RUN_CODE_TIME,'yyyyMMddHH24miss') statusTime
			FROM  MAC_CARD mi 
			WHERE mi.state='ENABLED'
			<if test="macs !=null ">
				AND MI.MSISDN in
			<foreach item="item" collection="macs" index="index" open="("
							separator="," close=")">
							#{item}
			</foreach>
			</if>
			<if test="macsiccid !=null ">
				and  MI.MSISDN in (
					select msisdn from NUM_ROUTE where iccid in
					<foreach item="item" collection="macsiccid" index="index" open="("
							separator="," close=")">
							#{item}
						</foreach>
				)
			</if>
	</select>
 
 		<!-- 9105号码 生命周期 批量查询-->
	<select id="batchQuerymemberLiftcycleother" resultType="java.util.HashMap" >         

			SELECT DISTINCT mi.msisdn, (select iccid from NUM_ROUTE where msisdn=mi.msisdn ) as iccid, mi.LIFE_CYCLE status, 
			 to_char(MI.RUN_CODE_TIME,'yyyyMMddHH24miss') statusTime
			FROM  CARD_9105 mi 
			WHERE mi.state='ENABLED'
			<if test="others !=null ">
				AND MI.MSISDN in
			<foreach item="item" collection="others" index="index" open="("
							separator="," close=")">
							#{item}
			</foreach>
			</if>
			<if test="othersiccid !=null ">
				and  MI.MSISDN in (
					select msisdn from NUM_ROUTE where iccid in
					<foreach item="item" collection="othersiccid" index="index" open="("
							separator="," close=")">
							#{item}
						</foreach>
				)
			</if>	
	</select>
 
		<!-- nbiot号码 生命周期 批量查询-->
	<select id="batchQuerymemberLiftcyclenb" resultType="java.util.HashMap" >         

			SELECT DISTINCT mi.msisdn, (select iccid from NUM_ROUTE where msisdn=mi.msisdn ) as iccid, mi.LIFE_CYCLE status, 
			 to_char(MI.RUN_CODE_TIME,'yyyyMMddHH24miss') statusTime
			FROM  NB_CARD mi 
			WHERE mi.state='ENABLED'
			<if test="nbs !=null ">
				AND MI.MSISDN in
			<foreach item="item" collection="nbs" index="index" open="("
							separator="," close=")">
							#{item}
			</foreach>
			</if>
			<if test="nbsiccid !=null ">
				and  MI.MSISDN in (
					select msisdn from NUM_ROUTE where iccid in
					<foreach item="item" collection="nbsiccid" index="index" open="("
							separator="," close=")">
							#{item}
						</foreach>
				)
			</if>	
	</select>
	
		<!-- 车联卡 生命周期 批量查询-->
	<select id="batchQuerymemberLiftcycleiov" resultType="java.util.HashMap" >         

			SELECT DISTINCT mi.msisdn, (select iccid from NUM_ROUTE where msisdn=mi.msisdn ) as iccid, mi.LIFE_CYCLE status, 
			 to_char(MI.RUN_CODE_TIME,'yyyyMMddHH24miss') statusTime
			FROM  IOV_CARD mi 
			WHERE mi.state='ENABLED'
			<if test="iovs !=null ">
				AND MI.MSISDN in
			<foreach item="item" collection="iovs" index="index" open="("
							separator="," close=")">
							#{item}
			</foreach>
			</if>
			<if test="iovsiccid !=null ">
				and  MI.MSISDN in (
					select msisdn from NUM_ROUTE where iccid in
					<foreach item="item" collection="iovsiccid" index="index" open="("
							separator="," close=")">
							#{item}
						</foreach>
				)
			</if>	
	</select>
			       

</mapper>