<?xml version="1.0" encoding="UTF-8" ?>
<!DOCTYPE mapper
        PUBLIC "-//mybatis.org//DTD Mapper 3.0//EN"
        "http://mybatis.org/dtd/mybatis-3-mapper.dtd">

<mapper namespace="MemberInfo">
	
	<!-- 查询集团区域 -->
	<select id="queryEccodeares" parameterType="java.util.HashMap" resultType="java.lang.String">
		select area_code from areas where area_id=(select DISTINCT area_id from enterprise_customer where ec_code = #{ecCode})
	</select>
	
	
	<!-- 改变已取消订单的 -->
	<update id="updateReserveSwitchCancel" parameterType="java.util.HashMap">
		UPDATE BUSINESS_RESERVE
		SET STATE = '4'
		WHERE
		MSISDN = #{MSISDN} AND BOSS_TRAN_ORDER = #{BOSS_TRAN_ORDER}
	</update>
	
	<!-- 根据订单号修改BOSS返回的信息 -->
	<update id="updateReserveSwitchBack" parameterType="java.util.HashMap" >
		UPDATE BUSINESS_RESERVE
		SET STATE = #{STATE},SUBMISSION_TIME = sysdate,
		<if test="BOSS_TRAN_ORDER !=null and BOSS_TRAN_ORDER !=''">
		BOSS_TRAN_ORDER = #{BOSS_TRAN_ORDER},
		</if>
		RESULT = #{RESULT}
		WHERE IOT_CLOUD_ORDER = #{IOT_CLOUD_ORDER}
	</update>
	
	<!-- 插入号码预约停开机订单基础数据 -->
	<insert id="insertReserveSwitchBasis" parameterType="java.util.HashMap" >
		INSERT INTO BUSINESS_RESERVE
		(MSISDN,CALL_FORM,IOT_CLOUD_ORDER,
		<if test="BOSS_TRAN_ORDER !=null and BOSS_TRAN_ORDER !=''">
		BOSS_TRAN_ORDER,
		</if>
		TYPE,START_PROCESSS_TIME,
		<if test="PLAN_EXEC_DATE !=null and PLAN_EXEC_DATE !=''">
		PLAN_EXEC_DATE,
		</if>
		<if test="RESULT !=null and RESULT !=''">	
		RESULT,
		</if>
		STATE)
		VALUES
		(#{MSISDN},#{CALL_FORM},#{IOT_CLOUD_ORDER},
		<if test="BOSS_TRAN_ORDER !=null and BOSS_TRAN_ORDER !=''">
		#{BOSS_TRAN_ORDER},
		</if>
		#{TYPE},to_date(#{START_PROCESSS_TIME}, 'YYYYMMDDHH24MISS'),
		<if test="PLAN_EXEC_DATE !=null and PLAN_EXEC_DATE !=''">		
		to_date(#{PLAN_EXEC_DATE}, 'YYYYMMDDHH24MISS'),
		</if>
		<if test="RESULT !=null and RESULT !=''">	
		#{RESULT},
		</if>
		#{STATE})
	</insert>
	
	<!-- 查询号码预约停开机有无该订单 -->
	<select id="queryReserveSwitchIOTOrder" parameterType="java.util.HashMap" resultType="java.util.Map">
		SELECT DISTINCT STATE,BOSS_TRAN_ORDER FROM BUSINESS_RESERVE WHERE IOT_CLOUD_ORDER = #{iotorder} and msisdn=#{msisdn} AND BOSS_TRAN_ORDER IS NOT NULL
	</select>
	
	<!-- 查询号码预约停开机信息 -->
	<select id="queryReserveSwitchFrequency" parameterType="java.util.HashMap" resultType="java.util.HashMap">
		SELECT 
			t.STATE,t.TYPE
		FROM 
			(SELECT STATE,TYPE,PLAN_EXEC_DATE,IOT_CLOUD_ORDER,BOSS_TRAN_ORDER FROM BUSINESS_RESERVE WHERE MSISDN = #{msisdn}) t
		WHERE 
			1 = 1
			<if test="planTimeDate !=null and planTimeDate !=''">
			AND #{planTimeDate} = to_char(t.PLAN_EXEC_DATE,'yyyyMM')
			</if>
			<if test="BOSS_TRAN_ORDER !=null and BOSS_TRAN_ORDER !=''">
			AND t.BOSS_TRAN_ORDER = #{BOSS_TRAN_ORDER}
			</if>
			<if test="iotorder !=null and iotorder !=''">
			AND t.IOT_CLOUD_ORDER = #{iotorder}
			</if>
	</select>
	
	
	<!-- 单个号码信息查询 -->
	<select id="querySingleMemberInfo" resultType="com.openapi3.msg.memberinfosinglequery.TriMemberInfoSingleQueryRsp" >
			SELECT 
			   	MI.MSISDN msisdn,
			    to_char(max(MI.OPEN_TIME),'yyyyMMddHH24miss') openTime,
			    to_char(max(MI.RUN_CODE_TIME),'yyyyMMddHH24miss') statusTime,
			    (case
			    
				    when max(MI.LIFE_CYCLE) ='TEST' THEN '测试期'            
	        		when max(MI.LIFE_CYCLE) ='SILENT' THEN '沉默期'            
	       			when max(MI.LIFE_CYCLE) ='STOCK' THEN '库存期'  
					when max(MI.LIFE_CYCLE) ='NORMAL' THEN '正使用'
					when max(MI.LIFE_CYCLE) ='STOP' THEN '停机' 
					when max(MI.LIFE_CYCLE) ='PRECLOSE' THEN '预约销户' 
					when max(MI.LIFE_CYCLE) ='CANCEL' THEN '销户' 
					when max(MI.LIFE_CYCLE) ='OTHERS' THEN '其他' 
					
					ELSE '-'  
				end) status,
				wm_concat(MI.PRODUCT_CODE) productCode
			    FROM  ${typename} 
			    MI 
				WHERE  MI.STATE = 'ENABLED'
			 <if test="msisdn !=null and msisdn !=''">
                 and MI.msisdn =#{msisdn}
                 </if>
                 <if test="iccid !=null and iccid !=''">                
                 and MI.msisdn=(select msisdn from NUM_ROUTE where STATE = 'ENABLED' and iccid=#{iccid} )            
                </if>
                   
		group by MI.msisdn		  
	</select>
	
	<!-- 单个成员套餐信息查询 -->
		<select id="querySinglePackageInfo" resultType="HashMap" >
		(SELECT
				distinct MP.MSISDN msisdn,
				MP.PACKAGE_CODE pkgCode,
				AP.PACKAGE_NAME pkgName,
				MP.APN_NAME apnName,
				(case when ( MP.START_DATE <![CDATA[ > ]]> sysdate and MP.STATE='ENABLED' ) then '未生效' 
					  when ( (MP.END_DATE   <![CDATA[ > ]]> sysdate or MP.END_DATE is null) and MP.STATE='ENABLED' ) then '生效'
					  ELSE '失效' end) pkgStatus,
				to_char(MP.START_DATE,'yyyyMMddHH24miss') pkgEfftTime,
				to_char(MP.END_DATE,'yyyyMMddHH24miss') pkgExpireTime,
				(case when MP.SUBSPRODID is null then '-' else MP.SUBSPRODID end) subsprodid,
				AP.VISIBLE VISIBLE
				FROM ${pripkg} 
				MP ,ATOMIC_PRODUCTS AP
				WHERE MP.PACKAGE_CODE=AP.PACKAGE_CODE
					<!-- 套餐结束时间小于当前时间的套餐 不显示  （失效套餐不显示） -->
				  AND MP.END_DATE > sysdate
				  AND MP.STATE='ENABLED'
				  AND MP.END_DATE <![CDATA[ > ]]> add_months(sysdate,-6)
				<if test="msisdn !=null and msisdn !=''">
					and mp.msisdn =#{msisdn}
				</if>
				<if test="iccid !=null and iccid !=''">
					and mp.msisdn=(select msisdn from NUM_ROUTE
					where rownum=1 and STATE='ENABLED' and iccid=#{iccid})
				</if>
		)
		union
		(SELECT
				distinct MP.MSISDN msisdn,
				MP.PACKAGE_CODE pkgCode,
				AP.PACKAGE_NAME pkgName,
				MP.APN_NAME apnName,
				(case when ( MP.START_DATE <![CDATA[ > ]]> sysdate and MP.STATE='ENABLED' ) then '未生效' 
					  when ( MP.END_DATE   <![CDATA[ > ]]> sysdate and MP.STATE='ENABLED' ) then '生效' 
					  ELSE '失效' end) pkgStatus,
				to_char(MP.START_DATE,'yyyyMMddHH24miss') pkgEfftTime,
				to_char(MP.END_DATE,'yyyyMMddHH24miss') pkgExpireTime,
				(case when MP.SUBSPRODID is null then '-' else MP.SUBSPRODID end) subsprodid,
				AP.VISIBLE VISIBLE
				FROM ATOMIC_PRODUCTS AP , ${funcpkg} MP
            WHERE mp.package_code = ap.package_code
				<!-- 套餐结束时间小于当前时间的套餐 不显示  （失效套餐不显示） -->
				  AND MP.END_DATE > sysdate
				  AND MP.STATE='ENABLED'
				  AND mp.end_date <![CDATA[ > ]]> ADD_MONTHS(SYSDATE,-6)
				<if test="msisdn !=null and msisdn !=''">
					and mp.msisdn =#{msisdn}
				</if>
				<if test="iccid !=null and iccid !=''">
					and mp.msisdn=(select msisdn from NUM_ROUTE
					where rownum=1 and STATE='ENABLED' and iccid=#{iccid})
				</if>
		)
				union
		(SELECT
				distinct MP.MSISDN msisdn,
				MP.PACKAGE_CODE pkgCode,
				AP.PACKAGE_NAME pkgName,
				MP.APN_NAME apnName,
				(case when ( MP.START_DATE <![CDATA[ > ]]> sysdate and MP.STATE='ENABLED' ) then '未生效' 
					  when ( MP.END_DATE   <![CDATA[ > ]]> sysdate and MP.STATE='ENABLED' ) then '生效' 
					  ELSE '失效' end) pkgStatus,
				to_char(MP.START_DATE,'yyyyMMddHH24miss') pkgEfftTime,
				to_char(MP.END_DATE,'yyyyMMddHH24miss') pkgExpireTime,
				(case when MP.SUBSPRODID is null then '-' else MP.SUBSPRODID end) subsprodid,
				AP.VISIBLE VISIBLE
				FROM ${othpkg} 
				MP ,ATOMIC_PRODUCTS AP
				WHERE mp.package_code = ap.package_code
				<!-- 套餐结束时间小于当前时间的套餐 不显示  （失效套餐不显示） -->
				  AND MP.END_DATE > sysdate
				  AND mp.end_date <![CDATA[ > ]]> ADD_MONTHS(SYSDATE,-6)
				<if test="msisdn !=null and msisdn !=''">
					and mp.msisdn =#{msisdn}
				</if>
				<if test="iccid !=null and iccid !=''">
					and mp.msisdn=(select msisdn from NUM_ROUTE
					where rownum=1 and STATE='ENABLED' and iccid=#{iccid})
				</if>
		)
		
	</select>
	
	<!-- 查询号码的类型 -->
	<select id="getMsisdnTypeNew" resultType="String" >
		select p.CARD_TYPE
	  	from NUM_ROUTE n, PROD_CARD_TYPE p
	    where (case
	         when n.ec_main_prod_id is null then
	          n.per_main_prod_id
	         else
	          replace(n.ec_main_prod_id, 'AppendAttr.', '')
	       end) = p.main_prod_id
	    and n.STATE = 'ENABLED'
       <if test="msisdn !=null and msisdn !=''">
        and n.msisdn =#{msisdn}
      </if>
       <if test="iccid !=null and iccid !=''">
        and n.iccid =#{iccid}
	   </if>	   
	   and rownum = 1 
	<!-- 
	    select t.CARD_TYPE from (
	     select p.CARD_TYPE from NUM_ROUTE n ,PROD_CARD_TYPE p 
	    where n.EC_MAIN_PROD_ID=p.MAIN_PROD_ID  and n.STATE='ENABLED' 
	       <if test="msisdn !=null and msisdn !=''">
	        and n.msisdn =#{msisdn}
	      </if>
	       <if test="iccid !=null and iccid !=''">
	        and n.iccid =#{iccid}
				</if>
	 		union
	 	 	select p.CARD_TYPE from NUM_ROUTE n ,PROD_CARD_TYPE p 
			  where n.PER_MAIN_PROD_ID=p.MAIN_PROD_ID  and n.STATE='ENABLED' 
			   <if test="msisdn !=null and msisdn !=''">
					and n.msisdn =#{msisdn}
				</if>
				 <if test="iccid !=null and iccid !=''">
					and n.iccid =#{iccid}
				</if>
				) t where rownum=1 -->
	</select>
	
	<!--机器卡 批量成员套餐信息查询 -->
	<select id="queryBatchPackageInfomac" resultType="HashMap" >
      ( SELECT distinct
        MP.MSISDN msisdn,
        MP.PACKAGE_CODE pkgCode,
        AP.PACKAGE_NAME pkgName,
        MP.APN_NAME apnName,
        to_char(MI.OPEN_TIME,'yyyyMMddHH24miss') openTime,
        MI.run_code status,
        (case when ( MP.START_DATE > sysdate and MP.STATE='ENABLED' ) then '未生效'
        when ( MP.END_DATE   > sysdate and MP.STATE='ENABLED' ) then '生效'
        ELSE '失效' end) pkgStatus,
        to_char(MP.START_DATE,'yyyyMMddHH24miss') pkgEfftTime,
        to_char(MP.END_DATE,'yyyyMMddHH24miss') pkgExpireTime,
        (case when MP.SUBSPRODID is null then '-' else MP.SUBSPRODID end) subsprodid
        FROM ATOMIC_PRODUCTS AP
        , MAC_CARD MI
        , MAC_PRI_PKG MP
        WHERE 1 = 1
        AND AP.PACKAGE_CODE = MP.PACKAGE_CODE
        AND AP.VISIBLE = 1
        AND MI.STATE = 'ENABLED'
        AND MI.MSISDN = MP.MSISDN
        AND MP.END_DATE > sysdate
        AND mp.end_date > ADD_MONTHS(SYSDATE, -6)
        <if test="macs !=null ">
            AND MP.MSISDN in
            <foreach item="item" collection="macs" index="index" open="("
                     separator="," close=")">
                #{item}
            </foreach>
        </if>
        <if test="macsiccid !=null ">
            and MP.MSISDN in (
            select msisdn from NUM_ROUTE where iccid in
            <foreach item="item" collection="macsiccid" index="index" open="("
                     separator="," close=")">
                #{item}
            </foreach>
            )
        </if>
      )
        union
      (   SELECT distinct MP.MSISDN msisdn,
        MP.PACKAGE_CODE pkgCode,
        AP.PACKAGE_NAME pkgName,
        MP.APN_NAME apnName,
        to_char(MI.OPEN_TIME,'yyyyMMddHH24miss') openTime,
        MI.run_code status,
        (case when ( MP.START_DATE > sysdate and MP.STATE='ENABLED' ) then '未生效'
        when ( MP.END_DATE   > sysdate and MP.STATE='ENABLED' ) then '生效'
        ELSE '失效' end) pkgStatus,
        to_char(MP.START_DATE,'yyyyMMddHH24miss') pkgEfftTime,
        to_char(MP.END_DATE,'yyyyMMddHH24miss') pkgExpireTime,
        (case when MP.SUBSPRODID is null then '-' else MP.SUBSPRODID end) subsprodid
        FROM
        ATOMIC_PRODUCTS AP
        , MAC_CARD MI
        , MAC_FUNC_PKG MP
        WHERE 1 = 1
        AND AP.VISIBLE = 1
        AND AP.PACKAGE_CODE = MP.PACKAGE_CODE
        AND MI.STATE = 'ENABLED'
        AND MI.MSISDN = MP.MSISDN
        AND MP.END_DATE > sysdate
        AND MP.end_date > ADD_MONTHS(SYSDATE, -6)
        <if test="macs !=null ">
            AND MP.MSISDN in
            <foreach item="item" collection="macs" index="index" open="("
                     separator="," close=")">
                #{item}
            </foreach>
        </if>
        <if test="macsiccid !=null ">
            and MP.MSISDN in (
            select msisdn from NUM_ROUTE where iccid in
            <foreach item="item" collection="macsiccid" index="index" open="("
                     separator="," close=")">
                #{item}
            </foreach>
            )
        </if>
      )
        union
        (SELECT distinct MP.MSISDN msisdn,
        MP.PACKAGE_CODE pkgCode,
        AP.PACKAGE_NAME pkgName,
        MP.APN_NAME apnName,
        to_char(MI.OPEN_TIME,'yyyyMMddHH24miss') openTime,
        MI.run_code status,
        (case when ( MP.START_DATE > sysdate and MP.STATE='ENABLED' ) then '未生效'
        when ( MP.END_DATE  > sysdate and MP.STATE='ENABLED' ) then '生效'
        ELSE '失效' end) pkgStatus,
        to_char(MP.START_DATE,'yyyyMMddHH24miss') pkgEfftTime,
        to_char(MP.END_DATE,'yyyyMMddHH24miss') pkgExpireTime,
        (case when MP.SUBSPRODID is null then '-' else MP.SUBSPRODID end) subsprodid
        FROM ATOMIC_PRODUCTS AP
        , MAC_CARD MI
        , MAC_OTH_PKG MP
        WHERE 1=1
        AND AP.VISIBLE = 1
        AND AP.PACKAGE_CODE = MP.PACKAGE_CODE
        AND MI.MSISDN = MP.MSISDN
        AND MI.STATE = 'ENABLED'
        AND MP.end_date > ADD_MONTHS(SYSDATE, -6)
        <if test="macs !=null ">
            AND MP.MSISDN in
            <foreach item="item" collection="macs" index="index" open="("
                     separator="," close=")">
                #{item}
            </foreach>
        </if>
        <if test="macsiccid !=null ">
            and MP.MSISDN in (
            select msisdn from NUM_ROUTE where iccid in
            <foreach item="item" collection="macsiccid" index="index" open="("
                     separator="," close=")">
                #{item}
            </foreach>
            )
        </if>
      )

    </select>
	
	<!-- 查询9105号码的套餐信息 -->
		<select id="queryBatchPackageInfoother" resultType="HashMap" >
		(SELECT distinct 
				MP.MSISDN msisdn,
				MP.PACKAGE_CODE pkgCode,
				AP.PACKAGE_NAME pkgName,
				MP.APN_NAME apnName,
				to_char(MI.OPEN_TIME,'yyyyMMddHH24miss') openTime,
				MI.run_code status,
				(case when ( MP.START_DATE <![CDATA[ > ]]> sysdate and MP.STATE='ENABLED' ) then '未生效' 
					  when ( MP.END_DATE   <![CDATA[ > ]]> sysdate and MP.STATE='ENABLED' ) then '生效' 
					  ELSE '失效' end) pkgStatus,
				to_char(MP.START_DATE,'yyyyMMddHH24miss') pkgEfftTime,
				to_char(MP.END_DATE,'yyyyMMddHH24miss') pkgExpireTime,
				(case when MP.SUBSPRODID is null then '-' else MP.SUBSPRODID end) subsprodid
				FROM PRI_PKG_9105  MP ,CARD_9105 MI,
				ATOMIC_PRODUCTS AP
				WHERE MP.MSISDN = MI.MSISDN and MP.PACKAGE_CODE=AP.PACKAGE_CODE
				AND AP.VISIBLE=1
				<!-- 套餐结束时间小于当前时间的套餐 不显示  （失效套餐不显示） -->
				AND MP.END_DATE > sysdate
				AND mp.end_date <![CDATA[ > ]]> ADD_MONTHS(SYSDATE,-6)
			<if test="others !=null ">
				AND MI.MSISDN in
			<foreach item="item" collection="others" index="index" open="("
							separator="," close=")">
							#{item}
			</foreach>
			</if>
			<if test="othersiccid !=null ">
				and  MI.MSISDN in (
					select msisdn from NUM_ROUTE where iccid in  			
					<foreach item="item" collection="othersiccid" index="index" open="("
							separator="," close=")">
							#{item}
						</foreach>
				)
			</if>				
				AND MI.STATE='ENABLED')
		union					
		(SELECT	distinct MP.MSISDN msisdn,
					MP.PACKAGE_CODE pkgCode,
					AP.PACKAGE_NAME pkgName,
					MP.APN_NAME apnName,
					to_char(MI.OPEN_TIME,'yyyyMMddHH24miss') openTime,
					MI.run_code status,
					(case when ( MP.START_DATE <![CDATA[ > ]]> sysdate and MP.STATE='ENABLED' ) then '未生效' 
					  when ( MP.END_DATE   <![CDATA[ > ]]> sysdate and MP.STATE='ENABLED' ) then '生效' 
					  ELSE '失效' end) pkgStatus,
					to_char(MP.START_DATE,'yyyyMMddHH24miss') pkgEfftTime,
					to_char(MP.END_DATE,'yyyyMMddHH24miss') pkgExpireTime,
					(case when MP.SUBSPRODID is null then '-' else MP.SUBSPRODID end) subsprodid
					FROM FUNC_PKG_9105  MP ,CARD_9105 MI,
					ATOMIC_PRODUCTS AP
					WHERE MP.MSISDN = MI.MSISDN and MP.PACKAGE_CODE=AP.PACKAGE_CODE
					AND AP.VISIBLE=1
					<!-- 套餐结束时间小于当前时间的套餐 不显示  （失效套餐不显示） -->
					AND MP.END_DATE > sysdate
					AND mp.end_date <![CDATA[ > ]]> ADD_MONTHS(SYSDATE,-6)
					<if test="others !=null ">
						AND MI.MSISDN in
					<foreach item="item" collection="others" index="index" open="("
									separator="," close=")">
									#{item}
					</foreach>
					</if>
					<if test="othersiccid !=null ">
						and  MI.MSISDN in (
							select msisdn from NUM_ROUTE where iccid in  			
							<foreach item="item" collection="othersiccid" index="index" open="("
									separator="," close=")">
									#{item}
								</foreach>
						)
					</if>					
					AND MI.STATE='ENABLED')
							union					
					(SELECT	distinct MP.MSISDN msisdn,
					MP.PACKAGE_CODE pkgCode,
					AP.PACKAGE_NAME pkgName,
					MP.APN_NAME apnName,
					to_char(MI.OPEN_TIME,'yyyyMMddHH24miss') openTime,
					MI.run_code status,
					(case when ( MP.START_DATE <![CDATA[ > ]]> sysdate and MP.STATE='ENABLED' ) then '未生效' 
					  when ( MP.END_DATE   <![CDATA[ > ]]> sysdate and MP.STATE='ENABLED' ) then '生效' 
					  ELSE '失效' end) pkgStatus,
					to_char(MP.START_DATE,'yyyyMMddHH24miss') pkgEfftTime,
					to_char(MP.END_DATE,'yyyyMMddHH24miss') pkgExpireTime,
					(case when MP.SUBSPRODID is null then '-' else MP.SUBSPRODID end) subsprodid
					FROM OTH_PKG_9105 MP ,CARD_9105  MI,
					ATOMIC_PRODUCTS AP
					WHERE MP.MSISDN = MI.MSISDN and MP.PACKAGE_CODE=AP.PACKAGE_CODE
					AND AP.VISIBLE=1
					<!-- 套餐结束时间小于当前时间的套餐 不显示  （失效套餐不显示） -->
					AND MP.END_DATE > sysdate
					AND mp.end_date <![CDATA[ > ]]> ADD_MONTHS(SYSDATE,-6)
					<if test="others !=null ">
						AND MI.MSISDN in
					<foreach item="item" collection="others" index="index" open="("
									separator="," close=")">
									#{item}
					</foreach>
					</if>
					<if test="othersiccid !=null ">
						and  MI.MSISDN in (
							select msisdn from NUM_ROUTE where iccid in  			
							<foreach item="item" collection="othersiccid" index="index" open="("
									separator="," close=")">
									#{item}
								</foreach>
						)
					</if>							
					AND MI.STATE='ENABLED')
					
	</select>
	
	
	<!-- 查询nbiot号码的套餐信息 -->
			<select id="queryBatchPackageInfonb" resultType="HashMap" >
		(SELECT distinct 
				MP.MSISDN msisdn,
				MP.PACKAGE_CODE pkgCode,
				AP.PACKAGE_NAME pkgName,
				MP.APN_NAME apnName,
				to_char(MI.OPEN_TIME,'yyyyMMddHH24miss') openTime,
				MI.run_code status,
				(case when ( MP.START_DATE <![CDATA[ > ]]> sysdate and MP.STATE='ENABLED' ) then '未生效' 
					  when ( MP.END_DATE   <![CDATA[ > ]]> sysdate and MP.STATE='ENABLED' ) then '生效' 
					  ELSE '失效' end) pkgStatus,
				to_char(MP.START_DATE,'yyyyMMddHH24miss') pkgEfftTime,
				to_char(MP.END_DATE,'yyyyMMddHH24miss') pkgExpireTime,
				(case when MP.SUBSPRODID is null then '-' else MP.SUBSPRODID end) subsprodid
				FROM NB_PRI_PKG  MP ,NB_CARD MI,
				ATOMIC_PRODUCTS AP
				WHERE MP.MSISDN = MI.MSISDN and MP.PACKAGE_CODE=AP.PACKAGE_CODE
				AND AP.VISIBLE=1
				<!-- 套餐结束时间小于当前时间的套餐 不显示  （失效套餐不显示） -->
				AND MP.END_DATE > sysdate
				AND mp.end_date <![CDATA[ > ]]> ADD_MONTHS(SYSDATE,-6)
			<if test="nbs !=null ">
				AND MI.MSISDN in
			<foreach item="item" collection="nbs" index="index" open="("
							separator="," close=")">
							#{item}
			</foreach>
			</if>
			<if test="nbsiccid !=null ">
				and  MI.MSISDN in (
					select msisdn from NUM_ROUTE where iccid in  			
					<foreach item="item" collection="nbsiccid" index="index" open="("
							separator="," close=")">
							#{item}
						</foreach>
				)
			</if>				
				AND MI.STATE='ENABLED')
		union					
		(SELECT	distinct MP.MSISDN msisdn,
					MP.PACKAGE_CODE pkgCode,
					AP.PACKAGE_NAME pkgName,
					MP.APN_NAME apnName,
					to_char(MI.OPEN_TIME,'yyyyMMddHH24miss') openTime,
					MI.run_code status,
					(case when ( MP.START_DATE <![CDATA[ > ]]> sysdate and MP.STATE='ENABLED' ) then '未生效' 
					  when ( MP.END_DATE   <![CDATA[ > ]]> sysdate and MP.STATE='ENABLED' ) then '生效' 
					  ELSE '失效' end) pkgStatus,
					to_char(MP.START_DATE,'yyyyMMddHH24miss') pkgEfftTime,
					to_char(MP.END_DATE,'yyyyMMddHH24miss') pkgExpireTime,
					(case when MP.SUBSPRODID is null then '-' else MP.SUBSPRODID end) subsprodid
					FROM NB_FUNC_PKG  MP ,NB_CARD MI,
					ATOMIC_PRODUCTS AP
					WHERE MP.MSISDN = MI.MSISDN and MP.PACKAGE_CODE=AP.PACKAGE_CODE
					AND AP.VISIBLE=1
					<!-- 套餐结束时间小于当前时间的套餐 不显示  （失效套餐不显示） -->
					AND MP.END_DATE > sysdate
					AND mp.end_date <![CDATA[ > ]]> ADD_MONTHS(SYSDATE,-6)
					<if test="nbs !=null ">
						AND MI.MSISDN in
					<foreach item="item" collection="nbs" index="index" open="("
									separator="," close=")">
									#{item}
					</foreach>
					</if>
					<if test="nbsiccid !=null ">
						and  MI.MSISDN in (
							select msisdn from NUM_ROUTE where iccid in  			
							<foreach item="item" collection="nbsiccid" index="index" open="("
									separator="," close=")">
									#{item}
								</foreach>
						)
					</if>							
					AND MI.STATE='ENABLED')
							union					
					(SELECT	distinct MP.MSISDN msisdn,
					MP.PACKAGE_CODE pkgCode,
					AP.PACKAGE_NAME pkgName,
					MP.APN_NAME apnName,
					to_char(MI.OPEN_TIME,'yyyyMMddHH24miss') openTime,
					MI.run_code status,
					(case when ( MP.START_DATE <![CDATA[ > ]]> sysdate and MP.STATE='ENABLED' ) then '未生效' 
					  when ( MP.END_DATE   <![CDATA[ > ]]> sysdate and MP.STATE='ENABLED' ) then '生效' 
					  ELSE '失效' end) pkgStatus,
					to_char(MP.START_DATE,'yyyyMMddHH24miss') pkgEfftTime,
					to_char(MP.END_DATE,'yyyyMMddHH24miss') pkgExpireTime,
					(case when MP.SUBSPRODID is null then '-' else MP.SUBSPRODID end) subsprodid
					FROM NB_OTH_PKG MP ,NB_CARD  MI,
					ATOMIC_PRODUCTS AP
					WHERE MP.MSISDN = MI.MSISDN and MP.PACKAGE_CODE=AP.PACKAGE_CODE
					AND AP.VISIBLE=1
					<!-- 套餐结束时间小于当前时间的套餐 不显示  （失效套餐不显示） -->
					AND MP.END_DATE > sysdate
					AND mp.end_date <![CDATA[ > ]]> ADD_MONTHS(SYSDATE,-6)
					<if test="nbs !=null ">
						AND MI.MSISDN in
					<foreach item="item" collection="nbs" index="index" open="("
									separator="," close=")">
									#{item}
					</foreach>
					</if>
					<if test="nbsiccid !=null ">
						and  MI.MSISDN in (
							select msisdn from NUM_ROUTE where iccid in  			
							<foreach item="item" collection="nbsiccid" index="index" open="("
									separator="," close=")">
									#{item}
								</foreach>
						)
					</if>								
					AND MI.STATE='ENABLED')
					
	</select>
	
	
	<!-- 查询车联网卡套餐信息 -->
			<select id="queryBatchPackageInfoiov" resultType="HashMap" >
		(SELECT distinct 
				MP.MSISDN msisdn,
				MP.PACKAGE_CODE pkgCode,
				AP.PACKAGE_NAME pkgName,
				MP.APN_NAME apnName,
				to_char(MI.OPEN_TIME,'yyyyMMddHH24miss') openTime,
				MI.run_code status,
				(case when ( MP.START_DATE <![CDATA[ > ]]> sysdate and MP.STATE='ENABLED' ) then '未生效' 
					  when ( MP.END_DATE   <![CDATA[ > ]]> sysdate and MP.STATE='ENABLED' ) then '生效' 
					  ELSE '失效' end) pkgStatus,
				to_char(MP.START_DATE,'yyyyMMddHH24miss') pkgEfftTime,
				to_char(MP.END_DATE,'yyyyMMddHH24miss') pkgExpireTime,
				(case when MP.SUBSPRODID is null then '-' else MP.SUBSPRODID end) subsprodid
				FROM IOV_PRI_PKG  MP ,IOV_CARD MI,
				ATOMIC_PRODUCTS AP
				WHERE MP.MSISDN = MI.MSISDN and MP.PACKAGE_CODE=AP.PACKAGE_CODE
				AND AP.VISIBLE=1
				<!-- 套餐结束时间小于当前时间的套餐 不显示  （失效套餐不显示） -->
				AND MP.END_DATE > sysdate
				AND mp.end_date <![CDATA[ > ]]> ADD_MONTHS(SYSDATE,-6)
				<if test="iovs !=null ">
					AND MI.MSISDN in
				<foreach item="item" collection="iovs" index="index" open="("
								separator="," close=")">
								#{item}
				</foreach>
				</if>
				<if test="iovsiccid !=null ">
					and  MI.MSISDN in (
						select msisdn from NUM_ROUTE where iccid in  			
						<foreach item="item" collection="iovsiccid" index="index" open="("
								separator="," close=")">
								#{item}
							</foreach>
					)
				</if>				
				AND MI.STATE='ENABLED')
		union					
		(SELECT	distinct MP.MSISDN msisdn,
					MP.PACKAGE_CODE pkgCode,
					AP.PACKAGE_NAME pkgName,
					MP.APN_NAME apnName,
					to_char(MI.OPEN_TIME,'yyyyMMddHH24miss') openTime,
					MI.run_code status,
					(case when ( MP.START_DATE <![CDATA[ > ]]> sysdate and MP.STATE='ENABLED' ) then '未生效' 
					  when ( MP.END_DATE   <![CDATA[ > ]]> sysdate and MP.STATE='ENABLED' ) then '生效' 
					  ELSE '失效' end) pkgStatus,
					to_char(MP.START_DATE,'yyyyMMddHH24miss') pkgEfftTime,
					to_char(MP.END_DATE,'yyyyMMddHH24miss') pkgExpireTime,
					(case when MP.SUBSPRODID is null then '-' else MP.SUBSPRODID end) subsprodid
					FROM IOV_FUNC_PKG  MP ,IOV_CARD MI,
					ATOMIC_PRODUCTS AP
					WHERE MP.MSISDN = MI.MSISDN and MP.PACKAGE_CODE=AP.PACKAGE_CODE
					AND AP.VISIBLE=1
					<!-- 套餐结束时间小于当前时间的套餐 不显示  （失效套餐不显示） -->
					AND MP.END_DATE > sysdate
					AND mp.end_date <![CDATA[ > ]]> ADD_MONTHS(SYSDATE,-6)
					<if test="iovs !=null ">
						AND MI.MSISDN in
					<foreach item="item" collection="iovs" index="index" open="("
									separator="," close=")">
									#{item}
					</foreach>
					</if>
					<if test="iovsiccid !=null ">
						and  MI.MSISDN in (
							select msisdn from NUM_ROUTE where iccid in  			
							<foreach item="item" collection="iovsiccid" index="index" open="("
									separator="," close=")">
									#{item}
								</foreach>
						)
					</if>					
					AND MI.STATE='ENABLED')
							union					
					(SELECT	distinct MP.MSISDN msisdn,
					MP.PACKAGE_CODE pkgCode,
					AP.PACKAGE_NAME pkgName,
					MP.APN_NAME apnName,
					to_char(MI.OPEN_TIME,'yyyyMMddHH24miss') openTime,
					MI.run_code status,
					(case when ( MP.START_DATE <![CDATA[ > ]]> sysdate and MP.STATE='ENABLED' ) then '未生效' 
					  when ( MP.END_DATE   <![CDATA[ > ]]> sysdate and MP.STATE='ENABLED' ) then '生效' 
					  ELSE '失效' end) pkgStatus,
					to_char(MP.START_DATE,'yyyyMMddHH24miss') pkgEfftTime,
					to_char(MP.END_DATE,'yyyyMMddHH24miss') pkgExpireTime,
					(case when MP.SUBSPRODID is null then '-' else MP.SUBSPRODID end) subsprodid
					FROM IOV_OTH_PKG MP ,IOV_CARD  MI,
					ATOMIC_PRODUCTS AP
					WHERE MP.MSISDN = MI.MSISDN and MP.PACKAGE_CODE=AP.PACKAGE_CODE
					AND AP.VISIBLE=1
					<!-- 套餐结束时间小于当前时间的套餐 不显示  （失效套餐不显示） -->
					AND MP.END_DATE > sysdate
					AND mp.end_date <![CDATA[ > ]]> ADD_MONTHS(SYSDATE,-6)
					<if test="iovs !=null ">
						AND MI.MSISDN in
					<foreach item="item" collection="iovs" index="index" open="("
									separator="," close=")">
									#{item}
					</foreach>
					</if>
					<if test="iovsiccid !=null ">
						and  MI.MSISDN in (
							select msisdn from NUM_ROUTE where iccid in  			
							<foreach item="item" collection="iovsiccid" index="index" open="("
									separator="," close=")">
									#{item}
								</foreach>
						)
					</if>						
					AND MI.STATE='ENABLED')
					
	</select>
	
	
	
		    <!--机器卡 批量成员信息查询 -->
	<select id="queryBatchMemberInfomac" resultType="com.openapi3.msg.memberinfobatchquery.MsisdnInfo" >
			SELECT 
			    MI.MSISDN msisdn,
			    to_char(max(MI.OPEN_TIME),'yyyyMMddHH24miss') openTime,
			    to_char(max(MI.RUN_CODE_TIME),'yyyyMMddHH24miss') statusTime,
			   	 (case
			   	 
	                when max(MI.LIFE_CYCLE) ='TEST' THEN '测试期'            
	                when max(MI.LIFE_CYCLE) ='SILENT' THEN '沉默期'            
	                when max(MI.LIFE_CYCLE) ='STOCK' THEN '库存期'  
	                when max(MI.LIFE_CYCLE) ='NORMAL' THEN '正使用'
	                when max(MI.LIFE_CYCLE) ='STOP' THEN '停机' 
	                when max(MI.LIFE_CYCLE) ='PRECLOSE' THEN '预约销户' 
	                when max(MI.LIFE_CYCLE) ='CANCEL' THEN '销户' 
	                when max(MI.LIFE_CYCLE) ='OTHERS' THEN '其他'	
					
					ELSE '-'  
				end) status,
				wm_concat(MI.PRODUCT_CODE) productCode
			    FROM  MAC_CARD  MI
				WHERE  MI.STATE = 'ENABLED'
				<if test="macs !=null ">
					AND MI.MSISDN in
				<foreach item="item" collection="macs" index="index" open="("
								separator="," close=")">
								#{item}
				</foreach>
				</if>
				<if test="macsiccid !=null ">
					and  MI.MSISDN in (
						select msisdn from NUM_ROUTE where iccid in  			
						<foreach item="item" collection="macsiccid" index="index" open="("
								separator="," close=")">
								#{item}
							</foreach>
					)
				</if>	
             
		group by MI.MSISDN 
	</select>
	
	<!-- 9105号码 信息 -->
		<select id="queryBatchMemberInfoother" resultType="com.openapi3.msg.memberinfobatchquery.MsisdnInfo" >
			SELECT 
			    MI.MSISDN msisdn,
			    to_char(max(MI.OPEN_TIME),'yyyyMMddHH24miss') openTime,
			    to_char(max(MI.RUN_CODE_TIME),'yyyyMMddHH24miss') statusTime,
			   	 (case
			   	 
	                when max(MI.LIFE_CYCLE) ='TEST' THEN '测试期'            
	                when max(MI.LIFE_CYCLE) ='SILENT' THEN '沉默期'            
	                when max(MI.LIFE_CYCLE) ='STOCK' THEN '库存期'  
	                when max(MI.LIFE_CYCLE) ='NORMAL' THEN '正使用'
	                when max(MI.LIFE_CYCLE) ='STOP' THEN '停机' 
	                when max(MI.LIFE_CYCLE) ='PRECLOSE' THEN '预约销户' 
	                when max(MI.LIFE_CYCLE) ='CANCEL' THEN '销户' 
	                when max(MI.LIFE_CYCLE) ='OTHERS' THEN '其他'	
					
					ELSE '-'  
				end) status,
				wm_concat(MI.PRODUCT_CODE) productCode
			    FROM  CARD_9105  MI
				WHERE  MI.STATE = 'ENABLED'
				<if test="others !=null ">
					AND MI.MSISDN in
				<foreach item="item" collection="others" index="index" open="("
								separator="," close=")">
								#{item}
				</foreach>
				</if>
				<if test="othersiccid !=null ">
					and  MI.MSISDN in (
						select msisdn from NUM_ROUTE where iccid in  			
						<foreach item="item" collection="othersiccid" index="index" open="("
								separator="," close=")">
								#{item}
							</foreach>
					)
				</if>							
             
		group by MI.MSISDN 
	</select>
	
	
		<!-- nb-iot号码 信息 -->
		<select id="queryBatchMemberInfonb" resultType="com.openapi3.msg.memberinfobatchquery.MsisdnInfo" >
			SELECT 
			    MI.MSISDN msisdn,
			    to_char(max(MI.OPEN_TIME),'yyyyMMddHH24miss') openTime,
			    to_char(max(MI.RUN_CODE_TIME),'yyyyMMddHH24miss') statusTime,
			   	 (case
			   	 
	                when max(MI.LIFE_CYCLE) ='TEST' THEN '测试期'            
	                when max(MI.LIFE_CYCLE) ='SILENT' THEN '沉默期'            
	                when max(MI.LIFE_CYCLE) ='STOCK' THEN '库存期'  
	                when max(MI.LIFE_CYCLE) ='NORMAL' THEN '正使用'
	                when max(MI.LIFE_CYCLE) ='STOP' THEN '停机' 
	                when max(MI.LIFE_CYCLE) ='PRECLOSE' THEN '预约销户' 
	                when max(MI.LIFE_CYCLE) ='CANCEL' THEN '销户' 
	                when max(MI.LIFE_CYCLE) ='OTHERS' THEN '其他'	
					
					ELSE '-'  
				end) status,
				wm_concat(MI.PRODUCT_CODE) productCode
			    FROM  NB_CARD  MI
				WHERE  MI.STATE = 'ENABLED'
				<if test="nbs !=null ">
					AND MI.MSISDN in
				<foreach item="item" collection="nbs" index="index" open="("
								separator="," close=")">
								#{item}
				</foreach>
				</if>
				<if test="nbsiccid !=null ">
					and  MI.MSISDN in (
						select msisdn from NUM_ROUTE where iccid in  			
						<foreach item="item" collection="nbsiccid" index="index" open="("
								separator="," close=")">
								#{item}
							</foreach>
					)
				</if>							
             
		group by MI.MSISDN 
	</select>
	
		<!-- 车联网号码 信息 -->
		<select id="queryBatchMemberInfoiov" resultType="com.openapi3.msg.memberinfobatchquery.MsisdnInfo" >
			SELECT 
			    MI.MSISDN msisdn,
			    to_char(max(MI.OPEN_TIME),'yyyyMMddHH24miss') openTime,
			    to_char(max(MI.RUN_CODE_TIME),'yyyyMMddHH24miss') statusTime,
			   	 (case
			   	 
	                when max(MI.LIFE_CYCLE) ='TEST' THEN '测试期'            
	                when max(MI.LIFE_CYCLE) ='SILENT' THEN '沉默期'            
	                when max(MI.LIFE_CYCLE) ='STOCK' THEN '库存期'  
	                when max(MI.LIFE_CYCLE) ='NORMAL' THEN '正使用'
	                when max(MI.LIFE_CYCLE) ='STOP' THEN '停机' 
	                when max(MI.LIFE_CYCLE) ='PRECLOSE' THEN '预约销户' 
	                when max(MI.LIFE_CYCLE) ='CANCEL' THEN '销户' 
	                when max(MI.LIFE_CYCLE) ='OTHERS' THEN '其他'	
					
					ELSE '-'  
				end) status,
				wm_concat(MI.PRODUCT_CODE) productCode
			    FROM  IOV_CARD  MI
				WHERE  MI.STATE = 'ENABLED'
				<if test="iovs !=null ">
					AND MI.MSISDN in
				<foreach item="item" collection="iovs" index="index" open="("
								separator="," close=")">
								#{item}
				</foreach>
				</if>
				<if test="iovsiccid !=null ">
					and  MI.MSISDN in (
						select msisdn from NUM_ROUTE where iccid in  			
						<foreach item="item" collection="iovsiccid" index="index" open="("
								separator="," close=")">
								#{item}
							</foreach>
					)
				</if>							
             
		group by MI.MSISDN 
	</select>
	
	
	
		<select id="queryMsisdnByMsisdn"  resultType="String">
		select distinct iccid from NUM_ROUTE
		where 
		<if test="msisdn !=null and msisdn !=''">
			 msisdn =#{msisdn}
		</if>
		<if test="iccid !=null and iccid !=''">
			 iccid=#{iccid}
		</if>
	     	
	</select>
	
	<select id="queryMsisdnByMsisdnMain"  resultType="String">
			select distinct EC_MAIN_PROD_ID from NUM_ROUTE
			where 
			<if test="msisdn !=null and msisdn !=''">
				 msisdn =#{msisdn}
			</if>
			<if test="iccid !=null and iccid !=''">
				 iccid=#{iccid}
			</if>
	</select>
	
		    <!-- iccid信息查询 -->
	<select id="queryIccids" resultType="String" >
			SELECT 
			 distinct  MI.iccid iccid
			    FROM  NUM_ROUTE MI
				WHERE  MI.STATE = 'ENABLED'
			 <if test="msisdns !=null ">
                 AND MI.MSISDN in
                 <foreach  item="item" collection="msisdns" index="index"  open="(" separator="," close=")">
					#{item}
				</foreach>
			</if>
			 <if test="iccids !=null ">
                 and MI.iccid in
                 <foreach  item="item" collection="iccids" index="index"  open="(" separator="," close=")">
					#{item}
				</foreach>
             </if>
	</select>
	
	<!-- 查询号码的低功能消耗和定时器 -->
	<select id="queryMemberLowpowermodeAndRautauTimer" resultType="java.util.HashMap">
		select RAUTAUTIMER,LOWPOWERMODE from NB_CARD where STATE='ENABLED'
		<if test="iccid !=null and iccid !=''">
			and  msisdn=(select msisdn from NUM_ROUTE where STATE='ENABLED' and iccid=#{iccid})
		</if>
		<if test="msisdn !=null and msisdn !=''">
			and  msisdn=#{msisdn}
		</if>
	</select>
	
	 	<!-- after数据结构改造 -->
 	<select id="findMemberInfo" parameterType="java.util.List" resultType="com.openapi3.entity.MemberInfo">	
 			select distinct(msisdn) from NUM_ROUTE 

			where state='ENABLED' 
		
			<if test="iccids !=null and iccids !=''">	
				and iccid in
		        <foreach collection="iccids" item="iccid" index="index"
		            open="(" close=")" separator=",">
		            #{iccid}
		        </foreach> 
	        </if>
	        
	        <if test="msisdns !=null and msisdns !='' ">	
				and msisdn in
		        <foreach collection="msisdns" item="msisdn" index="index"
		            open="(" close=")" separator=",">
		            #{msisdn}
		        </foreach>
	        </if>
         
    </select>
	
	
	<select id="findMemberInfoByIccids" parameterType="java.util.List" resultType="com.openapi3.entity.MemberInfo">
	 
		 select distinct(a.column_value) iccid,b.msisdn
	              from table(str2varlist(#{iccids})) a 
	     	 left join NUM_ROUTE  b 
	       	on a.column_value = b.iccid and b.state='ENABLED'
	 </select>
	
	
	<select id="queryMsisdnByIccid"  resultType="String">
		select distinct msisdn from NUM_ROUTE
		where state='ENABLED'
		<if test="msisdn !=null and msisdn !=''">
			and msisdn =#{msisdn}
		</if>
		<if test="iccid !=null and iccid !=''">
			and iccid=#{iccid}
		</if>
	</select>
	
	<select id="findOneEcCodeByMsisdnmac" parameterType="java.util.HashMap" resultType="com.openapi3.entity.MemberInfo">	
 			select ec_code ecCode from MAC_CARD where  state='ENABLED' 
 				<if test="msisdn !=null and msisdn !=''">
					and msisdn =#{msisdn}
				</if>
    </select>
    
   <select id="findOneEcCodeByMsisdn0" parameterType="java.util.HashMap" resultType="com.openapi3.entity.MemberInfo">	
 			select ec_code ecCode from CARD_9105 where  state='ENABLED' 
 				<if test="msisdn !=null and msisdn !=''">
					and msisdn =#{msisdn}
				</if>
    </select>
	
	   <select id="findOneEcCodeByMsisdnnb" parameterType="java.util.HashMap" resultType="com.openapi3.entity.MemberInfo">	
 			select ec_code ecCode from NB_CARD where  state='ENABLED' 
 				<if test="msisdn !=null and msisdn !=''">
					and msisdn =#{msisdn}
				</if>
    </select>
	
	   <select id="findOneEcCodeByMsisdniov" parameterType="java.util.HashMap" resultType="com.openapi3.entity.MemberInfo">	
 			select ec_code ecCode from IOV_CARD where  state='ENABLED' 
 				<if test="msisdn !=null and msisdn !=''">
					and msisdn =#{msisdn}
				</if>
    </select>
	
	
		<!-- 	单个号码是否强制停开机字段更改-->
	<update id="updateForceSwitchByMsisdn" >
		update ${msisdncard}
		set force_switch= #{forceSwitch}
		where msisdn =#{msisdn}
	</update>
	
	<select id="findUserTypeByMsisdn" parameterType="java.util.Map" resultType="java.util.HashMap">
			SELECT 
				PCT.CARD_TYPE as USER_TYPE
			FROM NUM_ROUTE nr,PROD_CARD_TYPE pct 
				WHERE NR.STATE = 'ENABLED'
		    	 AND NR.msisdn=#{msisdn}
				AND pct.MAIN_PROD_ID = nr.PER_MAIN_PROD_ID  
				AND ROWNUM=1
		UNION   
			SELECT 
				pct.CARD_TYPE as USER_TYPE
			FROM NUM_ROUTE nr, PROD_CARD_TYPE pct
				WHERE nr.STATE = 'ENABLED'
		    	 AND NR.msisdn=#{msisdn}
				AND pct.MAIN_PROD_ID = substr(nr.EC_MAIN_PROD_ID, (CASE when nr.EC_MAIN_PROD_ID LIKE 'AppendAttr%' then '12' ELSE '1' end))
				AND ROWNUM = 1		
	</select>
	
	<!-- 月流量判断号码有没有加入流量共享或流量池 -->
	<select id="ifExit" resultType="java.lang.Long">
		SELECT
		(
			SELECT
				COUNT (1)
			FROM
				FLUX_POOL_MEM_SNAPSHOOT fm
			WHERE fm.STAT_MONTH = TO_CHAR (SYSDATE, 'yyyy-mm')
			AND fm.END_DATE > (SYSDATE - 1)
			and to_char(fm.EFF_DATE ,'yyyy-mm')  != to_char(sysdate,'yyyy-mm')            
			<if test="msisdn != null and msisdn !=''">
				AND fm.msisdn = #{msisdn}
			</if>
			<if test="apnName != null and apnName !=''">
				AND fm.apn_name = #{apnName}
			</if>			
			<if test="subsid != null and subsid !=''">
				AND fm.SUBSPRODID = #{subsid}
			</if>
		) + (
			SELECT
				COUNT (1)
			FROM
				FLUX_POOL_MEM fm
			WHERE fm.EFF_TYPE = '0'
			AND fm.END_DATE > (SYSDATE - 1)
			and to_char(fm.EFF_DATE ,'yyyy-mm')  != to_char(sysdate,'yyyy-mm')            
			<if test="msisdn != null and msisdn !=''">
				AND fm.msisdn = #{msisdn}
			</if>
			<if test="apnName != null and apnName !=''">
				AND fm.apn_name = #{apnName}
			</if>			
			<if test="subsid != null and subsid !=''">
				AND fm.SUBSPRODID = #{subsid}
			</if>
		) COUNT
		FROM dual
	</select>
	
	<select id="querysmspkg" resultType="String">
		select package_code from atomic_products where BUS_CATEGORY='SMS'
	</select>
	
	<select id="findSmsStateByMsisdn" parameterType="java.util.Map" resultType="java.util.HashMap">
		select STATUS,DATA_SOURCE,to_char(CHANGE_TIME,'yyyyMMddHH24miss') STATE_TIME FROM m2m_sms_info
		WHERE 1=1
		and START_DATE<![CDATA[ < ]]>sysdate
		and decode(END_DATE,null,sysdate,END_DATE)<![CDATA[ >= ]]>sysdate
		<if test="msisdn!=null and msisdn!=''">
		and msisdn=#{msisdn}
		</if>
	</select>
	<!-- 短信校验 -->
	<update id="updateSmsInfoSmsState" parameterType="java.util.Map">
		MERGE INTO m2m_sms_info T 
    	USING (SELECT #{msisdn} as a, #{package_code} as b
		FROM dual) S
     	ON (T.msisdn = S.a and T.Package_Code=S.b)
	    WHEN MATCHED THEN
	    update set T.STATUS=#{smsstatus},T.data_source=#{datasource} where
		msisdn=#{msisdn}
		and package_code=#{package_code}
	    WHEN NOT MATCHED THEN
	    insert (T.MSISDN,T.SUBSPRODID, T.STATUS, STATE, T.DATA_SOURCE, T.PACKAGE_CODE,T.START_DATE) VALUES(#{msisdn},#{subsprodid},#{smsstatus},'ENABLED',#{datasource},#{package_code},to_date(#{start_time},'yyyy-mm-dd HH24:mi:ss'))
	</update>
	<update id="updateSmsInfoSmsState1" parameterType="java.util.Map">
		update m2m_sms_info set state='DISABLED'
		where 1=1
		<if test="msisdn!=null and msisdn!=''">
		and msisdn=#{msisdn}
		</if>
		<if test="package_code!=null and package_code!=''">
		and package_code <![CDATA[ <> ]]> #{package_code}
		</if>
	</update>
	<update id="updateSmsInfoSmsState2" parameterType="java.util.Map">
		update m2m_sms_info set state='ENABLED'
		where 1=1
		and decode(END_DATE,null,sysdate,END_DATE)<![CDATA[ >= ]]>sysdate
		<if test="msisdn!=null and msisdn!=''">
		and msisdn=#{msisdn}
		</if>
		<if test="package_code!=null and package_code!=''">
		and package_code = #{package_code}
		</if>
	</update>
	
	<update id="updateApnInfoApnState" parameterType="java.util.Map">
		MERGE INTO #{tableName} T 
    	USING (SELECT #{msisdn} as a, #{package_code} as b
		FROM dual) S
     	ON (T.msisdn = S.a and T.Package_Code=S.b)
	    WHEN MATCHED THEN
	    update set T.apn_state=#{apnState},T.data_source=#{datasource} where 1=1
		and msisdn=#{msisdn}
		and package_code=#{package_code}
	    WHEN NOT MATCHED THEN
	    insert (T.MSISDN, T.APN_STATE, STATE, T.DATA_SOURCE, T.PACKAGE_CODE,T.START_TIME) VALUES(#{msisdn},#{apnState},'ENABLED',#{datasource},#{package_code},to_date(#{start_time},'yyyy-mm-dd HH24:mi:ss'))
	
	</update>
	<update id="updateApnname" parameterType="java.util.Map">
		update #{tableName} set APN_NAME=#{APNNAME}
		where 1=1
		<if test="msisdn!=null and msisdn!=''">
		and msisdn=#{msisdn}
		</if>
		and package_code=#{package_code}
	</update>
	<update id="updateApnInfoApnState1" parameterType="java.util.Map">
		update #{tableName} set state='DISABLED'
		where 1=1
		<if test="msisdn!=null and msisdn!=''">
		and msisdn=#{msisdn}
		</if>
		<if test="pkgcode!=null and pkgcode.size()>0">
		and package_code not in 
		<foreach collection="pkgcode" item="pkgcode1" index="index" open="(" separator="," close=")">#{pkgcode1}</foreach>
		</if>
	</update>
	<update id="updateApnInfoApnState2" parameterType="java.util.Map">
		update m2m_apn_info set state='ENABLED'
		where 1=1
		and decode(END_TIME,null,sysdate,END_TIME)<![CDATA[ >= ]]>sysdate
		<if test="msisdn!=null and msisdn!=''">
		and msisdn=#{msisdn}
		</if>
		<if test="pkgcode!=null and pkgcode.size()>0">
		and package_code in 
		<foreach collection="pkgcode" item="pkgcode1" index="index" open="(" separator="," close=")">#{pkgcode1}</foreach>
		</if>
	</update>
	
		<!-- 单个号码信息查询 -->
	<select id="querySingleMemberInfoapn" resultType="com.openapi3.msg.memberinfosinglemanyapnquery.TriMemberInfoSingleManyapnRsp" >
			SELECT 
			   	MI.MSISDN msisdn,
			    to_char(max(MI.OPEN_TIME),'yyyyMMddHH24miss') openTime,
			    to_char(max(MI.RUN_CODE_TIME),'yyyyMMddHH24miss') statusTime,
			    (case
			    
				    when max(MI.LIFE_CYCLE) ='TEST' THEN '测试期'            
	        		when max(MI.LIFE_CYCLE) ='SILENT' THEN '沉默期'            
	       			when max(MI.LIFE_CYCLE) ='STOCK' THEN '库存期'  
					when max(MI.LIFE_CYCLE) ='NORMAL' THEN '正使用'
					when max(MI.LIFE_CYCLE) ='STOP' THEN '停机' 
					when max(MI.LIFE_CYCLE) ='PRECLOSE' THEN '预约销户' 
					when max(MI.LIFE_CYCLE) ='CANCEL' THEN '销户' 
					when max(MI.LIFE_CYCLE) ='OTHERS' THEN '其他' 
					
					ELSE '-'  
				end) status,
				wm_concat(MI.PRODUCT_CODE) productCode
			    FROM  ${typename} 
			    MI 
				WHERE  MI.STATE = 'ENABLED'
			 <if test="msisdn !=null and msisdn !=''">
                 and MI.msisdn =#{msisdn}
                 </if>
                 <if test="iccid !=null and iccid !=''">                
                 and MI.msisdn=(select msisdn from NUM_ROUTE where STATE = 'ENABLED' and iccid=#{iccid} )            
                </if>
                   
		group by MI.msisdn		  
	</select>
	
			    <!--机器卡 批量成员信息查询 -->
	<select id="queryBatchMemberInfomacapn" resultType="com.openapi3.msg.memberinfomanyapnbatchquery.MsisdnInfo" >
			SELECT 
			    MI.MSISDN msisdn,
			    to_char(max(MI.OPEN_TIME),'yyyyMMddHH24miss') openTime,
			    to_char(max(MI.RUN_CODE_TIME),'yyyyMMddHH24miss') statusTime,
			   	 (case
			   	 
	                when max(MI.LIFE_CYCLE) ='TEST' THEN '测试期'            
	                when max(MI.LIFE_CYCLE) ='SILENT' THEN '沉默期'            
	                when max(MI.LIFE_CYCLE) ='STOCK' THEN '库存期'  
	                when max(MI.LIFE_CYCLE) ='NORMAL' THEN '正使用'
	                when max(MI.LIFE_CYCLE) ='STOP' THEN '停机' 
	                when max(MI.LIFE_CYCLE) ='PRECLOSE' THEN '预约销户' 
	                when max(MI.LIFE_CYCLE) ='CANCEL' THEN '销户' 
	                when max(MI.LIFE_CYCLE) ='OTHERS' THEN '其他'	
					
					ELSE '-'  
				end) status,
				wm_concat(MI.PRODUCT_CODE) productCode
			    FROM  MAC_CARD  MI
				WHERE  MI.STATE = 'ENABLED'
				<if test="macs !=null ">
					AND MI.MSISDN in
				<foreach item="item" collection="macs" index="index" open="("
								separator="," close=")">
								#{item}
				</foreach>
				</if>
				<if test="macsiccid !=null ">
					and  MI.MSISDN in (
						select msisdn from NUM_ROUTE where iccid in  			
						<foreach item="item" collection="macsiccid" index="index" open="("
								separator="," close=")">
								#{item}
							</foreach>
					)
				</if>	
             
		group by MI.MSISDN 
	</select>
	
	
		<!-- 9105号码 信息 -->
		<select id="queryBatchMemberInfootherapn" resultType="com.openapi3.msg.memberinfomanyapnbatchquery.MsisdnInfo" >
			SELECT 
			    MI.MSISDN msisdn,
			    to_char(max(MI.OPEN_TIME),'yyyyMMddHH24miss') openTime,
			    to_char(max(MI.RUN_CODE_TIME),'yyyyMMddHH24miss') statusTime,
			   	 (case
			   	 
	                when max(MI.LIFE_CYCLE) ='TEST' THEN '测试期'            
	                when max(MI.LIFE_CYCLE) ='SILENT' THEN '沉默期'            
	                when max(MI.LIFE_CYCLE) ='STOCK' THEN '库存期'  
	                when max(MI.LIFE_CYCLE) ='NORMAL' THEN '正使用'
	                when max(MI.LIFE_CYCLE) ='STOP' THEN '停机' 
	                when max(MI.LIFE_CYCLE) ='PRECLOSE' THEN '预约销户' 
	                when max(MI.LIFE_CYCLE) ='CANCEL' THEN '销户' 
	                when max(MI.LIFE_CYCLE) ='OTHERS' THEN '其他'	
					
					ELSE '-'  
				end) status,
				wm_concat(MI.PRODUCT_CODE) productCode
			    FROM  CARD_9105  MI
				WHERE  MI.STATE = 'ENABLED'
				<if test="others !=null ">
					AND MI.MSISDN in
				<foreach item="item" collection="others" index="index" open="("
								separator="," close=")">
								#{item}
				</foreach>
				</if>
				<if test="othersiccid !=null ">
					and  MI.MSISDN in (
						select msisdn from NUM_ROUTE where iccid in  			
						<foreach item="item" collection="othersiccid" index="index" open="("
								separator="," close=")">
								#{item}
							</foreach>
					)
				</if>							
             
		group by MI.MSISDN 
	</select>
	
			<!-- nb-iot号码 信息 -->
		<select id="queryBatchMemberInfonbapn" resultType="com.openapi3.msg.memberinfomanyapnbatchquery.MsisdnInfo" >
			SELECT 
			    MI.MSISDN msisdn,
			    to_char(max(MI.OPEN_TIME),'yyyyMMddHH24miss') openTime,
			    to_char(max(MI.RUN_CODE_TIME),'yyyyMMddHH24miss') statusTime,
			   	 (case
			   	 
	                when max(MI.LIFE_CYCLE) ='TEST' THEN '测试期'            
	                when max(MI.LIFE_CYCLE) ='SILENT' THEN '沉默期'            
	                when max(MI.LIFE_CYCLE) ='STOCK' THEN '库存期'  
	                when max(MI.LIFE_CYCLE) ='NORMAL' THEN '正使用'
	                when max(MI.LIFE_CYCLE) ='STOP' THEN '停机' 
	                when max(MI.LIFE_CYCLE) ='PRECLOSE' THEN '预约销户' 
	                when max(MI.LIFE_CYCLE) ='CANCEL' THEN '销户' 
	                when max(MI.LIFE_CYCLE) ='OTHERS' THEN '其他'	
					
					ELSE '-'  
				end) status,
				wm_concat(MI.PRODUCT_CODE) productCode
			    FROM  NB_CARD  MI
				WHERE  MI.STATE = 'ENABLED'
				<if test="nbs !=null ">
					AND MI.MSISDN in
				<foreach item="item" collection="nbs" index="index" open="("
								separator="," close=")">
								#{item}
				</foreach>
				</if>
				<if test="nbsiccid !=null ">
					and  MI.MSISDN in (
						select msisdn from NUM_ROUTE where iccid in  			
						<foreach item="item" collection="nbsiccid" index="index" open="("
								separator="," close=")">
								#{item}
							</foreach>
					)
				</if>							
             
		group by MI.MSISDN 
	</select>
	
			<!-- 车联网号码 信息 -->
		<select id="queryBatchMemberInfoiovapn" resultType="com.openapi3.msg.memberinfomanyapnbatchquery.MsisdnInfo" >
			SELECT 
			    MI.MSISDN msisdn,
			    to_char(max(MI.OPEN_TIME),'yyyyMMddHH24miss') openTime,
			    to_char(max(MI.RUN_CODE_TIME),'yyyyMMddHH24miss') statusTime,
			   	 (case
			   	 
	                when max(MI.LIFE_CYCLE) ='TEST' THEN '测试期'            
	                when max(MI.LIFE_CYCLE) ='SILENT' THEN '沉默期'            
	                when max(MI.LIFE_CYCLE) ='STOCK' THEN '库存期'  
	                when max(MI.LIFE_CYCLE) ='NORMAL' THEN '正使用'
	                when max(MI.LIFE_CYCLE) ='STOP' THEN '停机' 
	                when max(MI.LIFE_CYCLE) ='PRECLOSE' THEN '预约销户' 
	                when max(MI.LIFE_CYCLE) ='CANCEL' THEN '销户' 
	                when max(MI.LIFE_CYCLE) ='OTHERS' THEN '其他'	
					
					ELSE '-'  
				end) status,
				wm_concat(MI.PRODUCT_CODE) productCode
			    FROM  IOV_CARD  MI
				WHERE  MI.STATE = 'ENABLED'
				<if test="iovs !=null ">
					AND MI.MSISDN in
				<foreach item="item" collection="iovs" index="index" open="("
								separator="," close=")">
								#{item}
				</foreach>
				</if>
				<if test="iovsiccid !=null ">
					and  MI.MSISDN in (
						select msisdn from NUM_ROUTE where iccid in  			
						<foreach item="item" collection="iovsiccid" index="index" open="("
								separator="," close=")">
								#{item}
							</foreach>
					)
				</if>							
             
		group by MI.MSISDN 
	</select>
	
		<!-- 停机类型 单个查询/批量-->
	<select id="singleQuerymemberStoptype" resultType="java.util.HashMap" >         
			select DISTINCT mi.MSISDN,(select iccid from NUM_ROUTE where msisdn=mi.msisdn and STATE='ENABLED') as ICCID,
			(case when mi.life_cycle = 'STOP'  then (case when  n.stop_type  in(1,2,3,4,5,6,7,8,9) then n.stop_type  else  '-' end) else '-' end) STOPTYPE, 
			(case when mi.life_cycle = 'STOP'  then (case when  n.stop_type  in(1,2,3,4,5,6,7,8,9) and n.state_time is not null then to_char(n.state_time,'yyyyMMddHH24miss')  else  '' end) else '' end)  STATUSTIME 
			from ${typename} mi left join num_stop_lock n on n.msisdn=mi.msisdn
			WHERE mi.state='ENABLED'
			<if test="msisdn !=null and msisdn !=''">
				AND mi.msisdn =#{msisdn}
			</if>
			<if test="iccid !=null and iccid !=''">
				AND mi.msisdn =(select msisdn from NUM_ROUTE where iccid=#{iccid} )
			</if>
			<if test="macs !=null ">
				AND MI.MSISDN in
				<foreach item="item" collection="macs" index="index" open="("
								separator="," close=")">
								#{item}
				</foreach>
			</if>
			<if test="macsiccid !=null ">
				and  MI.MSISDN in (
					select msisdn from NUM_ROUTE where iccid in
					<foreach item="item" collection="macsiccid" index="index" open="("
							separator="," close=")">
							#{item}
						</foreach>
				)
			</if>
			 
	</select>
	
</mapper>