<?xml version="1.0" encoding="UTF-8" ?>
<!DOCTYPE mapper
        PUBLIC "-//mybatis.org//DTD Mapper 3.0//EN"
        "http://mybatis.org/dtd/mybatis-3-mapper.dtd">

<mapper namespace="memberFlow">
	

	<!-- 根据套餐编号查询套餐名称 -->
	<select id="queryMsisdnPackName" resultType="java.lang.String" parameterType="java.lang.String">
		select 
			PACKAGE_NAME
		from
			ATOMIC_PRODUCTS
		where
			PACKAGE_CODE = #{param}
	</select>
    
    	<!-- 根据套餐编号查询套餐名称 -->
	<select id="queryMsisdnPkgType" resultType="java.lang.String" parameterType="java.lang.String">
		select 
			PKG_TYPE
		from
			ATOMIC_PRODUCTS
		where
			PACKAGE_CODE = #{param}
	</select>
    
   <!-- 查询国内的apnname -->
    <select id="querydumMsisdnApnPack" resultType="java.util.Map">
       select  upper(mai.APN_NAME) apn_name  from ${msisdnconnect} mai 
    	where mai.start_date <![CDATA[ < ]]> add_months(TO_DATE(#{month},'yyyymm'),1)-1
  		and mai.end_date <![CDATA[ > ]]> add_months(TO_DATE(#{month},'yyyymm'),0)
  		<if test="msisdn !=null and msisdn !=''">
		    and mai.msisdn = #{msisdn}
		</if>
		<if test="iccid !=null and iccid !=''">
		    and mai.msisdn = (select mp.msisdn from m2m_person mp where mp.state='ENABLED' and mp.iccid=#{iccid} and rownum=1)
		</if>
    	and mai.PACKAGE_CODE in ('I00010100035','I00010100085','I00010100092','I00010100093') 
    </select>
    
     <!-- 查询国内 9005号码 因为9105号码没有apname-->
    <select id="querydumMsisdnApnPacko" resultType="java.util.Map">
       select  mai.msisdn  from ${msisdnconnect} mai 
    	where mai.start_date <![CDATA[ < ]]> add_months(TO_DATE(#{month},'yyyymm'),1)-1
  		and mai.end_date <![CDATA[ > ]]> add_months(TO_DATE(#{month},'yyyymm'),0)
  		<if test="msisdn !=null and msisdn !=''">
		    and mai.msisdn = #{msisdn}
		</if>
		<if test="iccid !=null and iccid !=''">
		    and mai.msisdn = (select mp.msisdn from m2m_person mp where mp.state='ENABLED' and mp.iccid=#{iccid} and rownum=1)
		</if>
    	and mai.PACKAGE_CODE ='I00010100421' 
    </select> 
    
   <!--判断号码是否订购国漫功能套餐(由于国漫没有apn，依赖于数据通信服务或GPRS基础服务apnname) --> 
    <select id="queryroamMsisdnApnPack" resultType="java.lang.String">
    	 select  mai.msisdn msisdn from ${msisdnconnect} mai 
    	where mai.start_date <![CDATA[ < ]]> add_months(TO_DATE(#{month},'yyyymm'),1)-1
  		and mai.end_date <![CDATA[ > ]]> add_months(TO_DATE(#{month},'yyyymm'),0)
  		<if test="msisdn !=null and msisdn !=''">
		    and mai.msisdn = #{msisdn}
		</if>
		<if test="iccid !=null and iccid !=''">
		    and mai.msisdn = (select mp.msisdn from m2m_person mp where mp.state='ENABLED' and mp.iccid=#{iccid} and rownum=1)
		</if>
    	and mai.PACKAGE_CODE='I00010100421'
    </select>
    
  <select id="dayRoamFlowMsisdnApn" resultType="java.util.Map">
select package_code 
from #{msisdnconnect} mai  

<if test="month == null or month == ''">
    where mai.state='ENABLED' 
    and mai.start_time <![CDATA[ < ]]> sysdate 
    and mai.end_time <![CDATA[ > ]]> sysdate
</if>
<if test="month != null and month != ''">
    where mai.start_time <![CDATA[ < ]]> add_months(TO_DATE(#{month},'yyyymm'),1)-1
    and mai.end_time <![CDATA[ > ]]> add_months(TO_DATE(#{month},'yyyymm'),0)
</if>

<if test="msisdn !=null and msisdn !=''">
    and mai.msisdn = #{msisdn}
</if>
<if test="iccid !=null and iccid !=''">
    and mai.msisdn = (select mp.msisdn from NUM_ROUTE mp where mp.state='ENABLED' and mp.iccid=#{iccid} and rownum=1)
</if>
 and mai.package_code='I00010100421'
    </select>
    
    <!-- 根据套餐编号查询新旧资费 -->
	<select id="queryMsisdnRelease" resultType="java.lang.String" parameterType="java.lang.String">
		select 
			RELEASE
		from
			ATOMIC_PRODUCTS
		where
			PACKAGE_CODE = #{param}
	</select>

<!-- 查询漫游套餐apnname -->
<select id="findcomspecpackcodenameMAC" resultType="java.lang.String">
select upper(mai.apn_name) from MAC_PRI_PKG  mai where  mai.msisdn=#{msisdn} and mai.package_code=#{roampackcode}
  and mai.state='ENABLED' and mai.end_date <![CDATA[ > ]]>   add_months(TO_DATE(#{month},'yyyymm'),0)
  and mai.start_date <![CDATA[ > ]]> add_months(TO_DATE(#{month},'yyyymm'),1)-1
</select>

<!-- 查询漫游套餐apnname -->
<select id="findcomspecpackcodename9105" resultType="java.lang.String">
select upper(mai.apn_name) from PRI_PKG_9105  mai where  mai.msisdn=#{msisdn} and mai.package_code=#{roampackcode}
  and mai.state='ENABLED' and mai.end_date <![CDATA[ > ]]>   add_months(TO_DATE(#{month},'yyyymm'),0)
  and mai.start_date <![CDATA[ > ]]> add_months(TO_DATE(#{month},'yyyymm'),1)-1
</select>

<!-- 查询漫游套餐apnname -->
<select id="findcomspecpackcodenameNB" resultType="java.lang.String">
select upper(mai.apn_name) from NB_PRI_PKG  mai where  mai.msisdn=#{msisdn} and mai.package_code=#{roampackcode}
  and mai.state='ENABLED' and mai.end_date <![CDATA[ > ]]>   add_months(TO_DATE(#{month},'yyyymm'),0)
  and mai.start_date <![CDATA[ > ]]> add_months(TO_DATE(#{month},'yyyymm'),1)-1
</select>

<!-- 查询漫游套餐apnname -->
<select id="findcomspecpackcodenameIOV" resultType="java.lang.String">
select upper(mai.apn_name) from IOV_PRI_PKG  mai where  mai.msisdn=#{msisdn} and mai.package_code=#{roampackcode}
  and mai.state='ENABLED' and mai.end_date <![CDATA[ > ]]>   add_months(TO_DATE(#{month},'yyyymm'),0)
  and mai.start_date <![CDATA[ > ]]> add_months(TO_DATE(#{month},'yyyymm'),1)-1
</select>

<!-- 查询号码按内容计费套餐信息 -->
	<select id="findbillingpackcodel" resultType="java.util.HashMap">
   select m.apn_name from  MAC_FUNC_PKG m where m.msisdn=#{msisdn} and m.state='ENABLED' and m.start_date<![CDATA[ <=]]> add_months(TO_DATE(#{month},'yyyymm'),1)-1
      and m.end_date <![CDATA[ >= ]]>  add_months(TO_DATE(#{month},'yyyymm'),0) and m.package_code='iotprod.10086000016332'
     union 
   select m.apn_name from FUNC_PKG_9105 m where m.msisdn=#{msisdn} and m.state='ENABLED' and m.start_date<![CDATA[ <=]]> add_months(TO_DATE(#{month},'yyyymm'),1)-1
      and m.end_date <![CDATA[ >= ]]>  add_months(TO_DATE(#{month},'yyyymm'),0) and m.package_code='iotprod.10086000016332'
   union
   select m.apn_name from NB_FUNC_PKG m where m.msisdn=#{msisdn} and m.state='ENABLED' and m.start_date<![CDATA[ <=]]> add_months(TO_DATE(#{month},'yyyymm'),1)-1
      and m.end_date <![CDATA[ >= ]]>  add_months(TO_DATE(#{month},'yyyymm'),0) and m.package_code='iotprod.10086000016332'
   union
   select m.apn_name from IOV_FUNC_PKG m where m.msisdn=#{msisdn} and m.state='ENABLED' and m.start_date<![CDATA[ <=]]> add_months(TO_DATE(#{month},'yyyymm'),1)-1
      and m.end_date <![CDATA[ >= ]]>  add_months(TO_DATE(#{month},'yyyymm'),0) and m.package_code='iotprod.10086000016332'
		
	</select>
	
	<!--  根据相对应的apnname取sub -->
	<select id="findServiceSub" resultType="java.lang.String" >
	 select t.subsprodid from ( select mp.subsprodid from MAC_FUNC_PKG  mp where mp.msisdn=#{msisdn} and mp.apn_name =#{apnname}  
			and mp.start_date<![CDATA[ <=]]>  sysdate 
			and mp.state='ENABLED'
			and decode(mp.end_date,null,sysdate,mp.end_date)<![CDATA[ >= ]]> sysdate
			and mp.PACKAGE_CODE in('PCRF00010100035','PCRF00010100085','PCRF00010100092','PCRF00010100093')
		union
		 select mp.subsprodid from FUNC_PKG_9105  mp where mp.msisdn=#{msisdn} and mp.apn_name =#{apnname}  
			and mp.start_date<![CDATA[ <=]]>  sysdate 
			and mp.state='ENABLED'
			and decode(mp.end_date,null,sysdate,mp.end_date)<![CDATA[ >= ]]> sysdate
			and mp.PACKAGE_CODE in('PCRF00010100035','PCRF00010100085','PCRF00010100092','PCRF00010100093')
      union
		 select mp.subsprodid from NB_FUNC_PKG  mp where mp.msisdn=#{msisdn} and mp.apn_name =#{apnname}  
			and mp.start_date<![CDATA[ <=]]>  sysdate 
			and mp.state='ENABLED'
			and decode(mp.end_date,null,sysdate,mp.end_date)<![CDATA[ >= ]]> sysdate
			and mp.PACKAGE_CODE in('PCRF00010100035','PCRF00010100085','PCRF00010100092','PCRF00010100093')
      union
		 select mp.subsprodid from IOV_FUNC_PKG  mp where mp.msisdn=#{msisdn} and mp.apn_name =#{apnname}  
			and mp.start_date<![CDATA[ <=]]>  sysdate 
			and mp.state='ENABLED'
			and decode(mp.end_date,null,sysdate,mp.end_date)<![CDATA[ >= ]]> sysdate
			and mp.PACKAGE_CODE in('PCRF00010100035','PCRF00010100085','PCRF00010100092','PCRF00010100093')
      ) t where rownum=1
	</select>
	
	<!-- 查询国内的全部专用的apnname数量 -->
	<select id="findspapnName" resultType="java.lang.String" >
	select mac.apn_name from  MAC_FUNC_PKG mac where mac.package_code in ('I00010100092','I00010100093') 
      and mac.start_date <![CDATA[ < ]]> add_months(TO_DATE(#{month},'yyyymm'),1)-1
      and mac.end_date <![CDATA[ > ]]> add_months(TO_DATE(#{month},'yyyymm'),0)
      <if test="msisdn !=null and msisdn !=''">
      and mac.msisdn=#{msisdn}
      </if>
      <if test="iccid !=null and iccid !=''">
		    and mai.msisdn = (select mp.msisdn from NUM_ROUTE mp where mp.state='ENABLED' and mp.iccid=#{iccid} and rownum=1)
		 </if>
      union
      select mac.apn_name from  FUNC_PKG_9105 mac where mac.package_code in ('I00010100092','I00010100093') 
      and mac.start_date <![CDATA[ < ]]> add_months(TO_DATE(#{month},'yyyymm'),1)-1
      and mac.end_date <![CDATA[ > ]]> add_months(TO_DATE(#{month},'yyyymm'),0)
      <if test="msisdn !=null and msisdn !=''">
      and mac.msisdn=#{msisdn}
      </if>
      <if test="iccid !=null and iccid !=''">
		    and mai.msisdn = (select mp.msisdn from NUM_ROUTE mp where mp.state='ENABLED' and mp.iccid=#{iccid} and rownum=1)
		 </if>
      union
       select mac.apn_name from  NB_FUNC_PKG mac where mac.package_code in ('I00010100092','I00010100093') 
      and mac.start_date <![CDATA[ < ]]> add_months(TO_DATE(#{month},'yyyymm'),1)-1
      and mac.end_date <![CDATA[ > ]]> add_months(TO_DATE(#{month},'yyyymm'),0)
      <if test="msisdn !=null and msisdn !=''">
      and mac.msisdn=#{msisdn}
      </if>
      <if test="iccid !=null and iccid !=''">
		    and mai.msisdn = (select mp.msisdn from NUM_ROUTE mp where mp.state='ENABLED' and mp.iccid=#{iccid} and rownum=1)
		 </if>
     union
      select mac.apn_name from  IOV_FUNC_PKG mac where mac.package_code in ('I00010100092','I00010100093') 
      and mac.start_date <![CDATA[ < ]]> add_months(TO_DATE(#{month},'yyyymm'),1)-1
      and mac.end_date <![CDATA[ > ]]> add_months(TO_DATE(#{month},'yyyymm'),0)
      <if test="msisdn !=null and msisdn !=''">
      and mac.msisdn=#{msisdn}
      </if>
      <if test="iccid !=null and iccid !=''">
		    and mai.msisdn = (select mp.msisdn from NUM_ROUTE mp where mp.state='ENABLED' and mp.iccid=#{iccid} and rownum=1)
	</if>
	</select>

	<!-- 是否订购内容计费标识产品（iotprod.10086000016332）MAC -->
 <select id="queryContentBillingMAC" parameterType="java.util.HashMap" resultType="java.util.HashMap">
		SELECT mem.APN_NAME,mem.PACKAGE_CODE
		FROM MAC_FUNC_PKG 
		mem
		WHERE mem.state='ENABLED' 
		AND mem.msisdn=#{msisdn}
		AND mem.PACKAGE_CODE='iotprod.10086000016332'
		<if test="month !=null and month !=''">
			and mem.start_date <![CDATA[ < ]]> add_months(TO_DATE(#{month},'yyyymm'),1)-1
      		and mem.end_date <![CDATA[ > ]]> add_months(TO_DATE(#{month},'yyyymm'),0)
		</if>
		<if test="month ==null or month ==''">
			 and mem.start_date<![CDATA[ < ]]> sysdate
    		and mem.end_date<![CDATA[ > ]]> sysdate   
		</if>
		
	</select>

	<!-- 是否订购内容计费标识产品（iotprod.10086000016332）9105 -->
 <select id="queryContentBilling9105" parameterType="java.util.HashMap" resultType="java.util.HashMap">
		SELECT mem.APN_NAME,mem.PACKAGE_CODE
		FROM FUNC_PKG_9105 
		mem
		WHERE mem.state='ENABLED' 
		AND mem.msisdn=#{msisdn}
		AND mem.PACKAGE_CODE='iotprod.10086000016332'
		<if test="month !=null and month !=''">
			and mem.start_date <![CDATA[ < ]]> add_months(TO_DATE(#{month},'yyyymm'),1)-1
      		and mem.end_date <![CDATA[ > ]]> add_months(TO_DATE(#{month},'yyyymm'),0)
		</if>
		<if test="month ==null or month ==''">
			 and mem.start_date<![CDATA[ < ]]> sysdate
    		and mem.end_date<![CDATA[ > ]]> sysdate   
		</if>
	</select>
	
		<!-- 是否订购内容计费标识产品（iotprod.10086000016332）NB -->
 <select id="queryContentBillingNB" parameterType="java.util.HashMap" resultType="java.util.HashMap">
		SELECT mem.APN_NAME,mem.PACKAGE_CODE
		FROM NB_FUNC_PKG 
		mem
		WHERE mem.state='ENABLED' 
		AND mem.msisdn=#{msisdn}
		AND mem.PACKAGE_CODE='iotprod.10086000016332'
		<if test="month !=null and month !=''">
			and mem.start_date <![CDATA[ < ]]> add_months(TO_DATE(#{month},'yyyymm'),1)-1
      		and mem.end_date <![CDATA[ > ]]> add_months(TO_DATE(#{month},'yyyymm'),0)
		</if>
		<if test="month ==null or month ==''">
			 and mem.start_date<![CDATA[ < ]]> sysdate
    		and mem.end_date<![CDATA[ > ]]> sysdate   
		</if>
	</select>
	
		<!-- 是否订购内容计费标识产品（iotprod.10086000016332）IOV -->
 <select id="queryContentBillingIOV" parameterType="java.util.HashMap" resultType="java.util.HashMap">
		SELECT mem.APN_NAME,mem.PACKAGE_CODE
		FROM IOV_FUNC_PKG 
		mem
		WHERE mem.state='ENABLED' 
		AND mem.msisdn=#{msisdn}
		AND mem.PACKAGE_CODE='iotprod.10086000016332'
		<if test="month !=null and month !=''">
			and mem.start_date <![CDATA[ < ]]> add_months(TO_DATE(#{month},'yyyymm'),1)-1
      		and mem.end_date <![CDATA[ > ]]> add_months(TO_DATE(#{month},'yyyymm'),0)
		</if>
		<if test="month ==null or month ==''">
			 and mem.start_date<![CDATA[ < ]]> sysdate
    		and mem.end_date<![CDATA[ > ]]> sysdate   
		</if>
	</select>
	
	
			<!--  根据相对应的apnname取sub -->
	<select id="findServiceSubMAC" resultType="java.lang.String" >
      select mp.subsprodid  from MAC_FUNC_PKG mp  where  mp.state='ENABLED' 
      <if test="month == null or month == ''">
      and mp.start_date  <![CDATA[ <= ]]>  sysdate
      and decode(mp.end_date,null,sysdate,mp.end_date) <![CDATA[ >= ]]> sysdate
      </if>
      <if test="month != null and month != ''">
      	 and mp.start_date <![CDATA[ < ]]> add_months(TO_DATE(#{month},'yyyymm'),1)-1
         and mp.end_date <![CDATA[ > ]]> add_months(TO_DATE(#{month},'yyyymm'),0)
      </if> 
      and mp.package_code = #{strategyPackcode}
      and  mp.msisdn=#{msisdn}  and  rownum=1
	</select>
	
	<select id="findServiceSub9105" resultType="java.lang.String" >
		select mp.subsprodid  from FUNC_PKG_9105 mp  where  
		 mp.state='ENABLED'  
		<if test="month == null or month == ''">
		  and mp.start_date  <![CDATA[ <= ]]>  sysdate
	      and decode(mp.end_date,null,sysdate,mp.end_date) <![CDATA[ >= ]]> sysdate
      </if>
      <if test="month != null and month != ''">
      	 and mp.start_date <![CDATA[ < ]]> add_months(TO_DATE(#{month},'yyyymm'),1)-1
         and mp.end_date <![CDATA[ > ]]> add_months(TO_DATE(#{month},'yyyymm'),0)
      </if> 
      and mp.package_code = #{strategyPackcode}
      and  mp.msisdn=#{msisdn}  and  rownum=1 
		
	</select>
	
	<select id="findServiceSubNB" resultType="java.lang.String" >
		      select mp.subsprodid  from NB_FUNC_PKG mp  where  
       mp.state='ENABLED' 
       		<if test="month == null or month == ''">
		  and mp.start_date  <![CDATA[ <= ]]>  sysdate
	      and decode(mp.end_date,null,sysdate,mp.end_date) <![CDATA[ >= ]]> sysdate
      </if>
      <if test="month != null and month != ''">
      	 and mp.start_date <![CDATA[ < ]]> add_months(TO_DATE(#{month},'yyyymm'),1)-1
         and mp.end_date <![CDATA[ > ]]> add_months(TO_DATE(#{month},'yyyymm'),0)
      </if> 
      and mp.package_code =#{strategyPackcode}
      and  mp.msisdn=#{msisdn}  and  rownum=1
		
	</select>
	
	<select id="findServiceSubIOV" resultType="java.lang.String" >
		select mp.subsprodid  from IOV_FUNC_PKG mp  where  
		mp.state='ENABLED' 
	   <if test="month == null or month == ''">
		  and mp.start_date  <![CDATA[ <= ]]>  sysdate
	      and decode(mp.end_date,null,sysdate,mp.end_date) <![CDATA[ >= ]]> sysdate
      </if>
      <if test="month != null and month != ''">
      	 and mp.start_date <![CDATA[ < ]]> add_months(TO_DATE(#{month},'yyyymm'),1)-1
         and mp.end_date <![CDATA[ > ]]> add_months(TO_DATE(#{month},'yyyymm'),0)
      </if> 
      and mp.package_code= #{strategyPackcode}
      and  mp.msisdn=#{msisdn}  and  rownum=1
	</select>
	
	<!--只查询出机器卡国漫的上网信息 --> 
    <select id="queryMacRoamApnInfo" resultType="java.util.Map">
        select connectInfo.msisdn, connectInfo.apn_name, connectInfo.status,
        to_char(connectInfo.status_change_time,'yyyyMMddHH24miss') CHANGE_TIME
        from MAC_CONNECT_INFO connectInfo 
        where 1=1 
        and connectInfo.state = 'ENABLED' 
        and connectInfo.msisdn = #{msisdn}
        and connectInfo.PACKAGE_CODE='I00010100421'
    </select>
	<!--只查询出9105卡国漫的上网信息 --> 
    <select id="query9105RoamApnInfo" resultType="java.util.Map">
        select connectInfo.msisdn, '' as apn_name, connectInfo.status,
        to_char(connectInfo.status_change_time,'yyyyMMddHH24miss') CHANGE_TIME
        from CONNECT_INFO_9105 connectInfo 
        where 1=1 
        and connectInfo.state = 'ENABLED' 
        and connectInfo.msisdn = #{msisdn}
        and connectInfo.PACKAGE_CODE='I00010100421'
    </select>
	<!--只查询出nb卡国漫的上网信息 --> 
    <select id="queryNbRoamApnInfo" resultType="java.util.Map">
        select connectInfo.msisdn, connectInfo.apn_name, connectInfo.status,
        to_char(connectInfo.status_change_time,'yyyyMMddHH24miss') CHANGE_TIME
        from NB_CONNECT_INFO connectInfo 
        where 1=1 
        and connectInfo.state = 'ENABLED' 
        and connectInfo.msisdn = #{msisdn}
        and connectInfo.PACKAGE_CODE='I00010100421'
    </select>
	<!--只查询出车联网卡国漫的上网信息 --> 
    <select id="queryIovRoamApnInfo" resultType="java.util.Map">
        select connectInfo.msisdn, connectInfo.apn_name, connectInfo.status,
        to_char(connectInfo.status_change_time,'yyyyMMddHH24miss') CHANGE_TIME
        from IOV_CONNECT_INFO connectInfo 
        where 1=1 
        and connectInfo.state = 'ENABLED' 
        and connectInfo.msisdn = #{msisdn}
        and connectInfo.PACKAGE_CODE='I00010100421'
    </select>

	<!-- 查询号码按内容计费套餐信息 -->
	<select id="findbillingpackcodelDynamic" resultType="java.util.HashMap">
		<foreach collection="funcPkgTable.entrySet()" item="value" index="key" separator="UNION">
	   	select m.apn_name from  ${value} m where m.msisdn=#{msisdn} and m.state='ENABLED' and m.start_date<![CDATA[ <=]]> add_months(TO_DATE(#{month},'yyyymm'),1)-1
	   	   and m.end_date <![CDATA[ >= ]]>  add_months(TO_DATE(#{month},'yyyymm'),0) and m.package_code='iotprod.10086000016332'
		</foreach>
	</select>
	
	<!--  根据相对应的apnname取sub -->
	<select id="findServiceSubDynamic" resultType="java.lang.String" >
	 select t.subsprodid from (
		<foreach collection="funcPkgTable.entrySet()" item="value" index="key" separator="UNION">
		 select mp.subsprodid from ${value}  mp where mp.msisdn=#{msisdn} and mp.apn_name =#{apnname}  
			and mp.start_date<![CDATA[ <=]]>  sysdate 
			and mp.state='ENABLED'
			and decode(mp.end_date,null,sysdate,mp.end_date)<![CDATA[ >= ]]> sysdate
			and mp.PACKAGE_CODE in('PCRF00010100035','PCRF00010100085','PCRF00010100092','PCRF00010100093')
		</foreach>
      ) t where rownum=1
	</select>
	
	<!-- 查询国内的全部专用的apnname数量 -->
	<select id="findspapnNameDynamic" resultType="java.lang.String" >
		<foreach collection="funcPkgTable.entrySet()" item="value" index="key" separator="UNION">
		  select mac.apn_name from  ${value} mac where mac.package_code in ('I00010100092','I00010100092_1','I00010100093') 
	      and mac.start_date <![CDATA[ < ]]> add_months(TO_DATE(#{month},'yyyymm'),1)-1
	      and mac.end_date <![CDATA[ > ]]> add_months(TO_DATE(#{month},'yyyymm'),0)
	      <if test="msisdn !=null and msisdn !=''">
	      and mac.msisdn=#{msisdn}
	      </if>
	      <if test="iccid !=null and iccid !=''">
		    and mai.msisdn = (select mp.msisdn from NUM_ROUTE mp where mp.state='ENABLED' and mp.iccid=#{iccid} and rownum=1)
		  </if>
		</foreach>
	</select>
</mapper>