<?xml version="1.0" encoding="UTF-8" ?>
<!DOCTYPE mapper
        PUBLIC "-//mybatis.org//DTD Mapper 3.0//EN"
        "http://mybatis.org/dtd/mybatis-3-mapper.dtd">

<mapper namespace="orientVoiceWhiteList">

	<!-- 通过客户编码查询客户类型 -->
    <select id="findGroupTypeByecCode"  parameterType="java.lang.String" resultType="java.lang.String">
	   select aaf.attribute_value
	    from adc_attribute_for205 aaf
	   where aaf.ec_code = #{groupCode}
	   	 and aaf.package_code = 'I00010100097'
	     and aaf.attribute_name = 'GroupType'
	     and aaf.state = 'ENABLED'
	     and rownum = 1
 	</select>

	<!-- 通过客户编码查询客户类型 -->
    <select id="querySysSpecialNumByecCode" parameterType="java.lang.String" resultType="java.util.Map">
	   select aaf.attribute_value SYSSPECIALNUM,
	   		to_char(aaf.create_date,'yyyy-MM-dd HH24:mi:ss') LASTUPDATETIME,
	   		PRODUCT_CODE PROCODE
	    from adc_attribute_for205 aaf
	   where aaf.ec_code = #{groupCode}
	   	 and aaf.package_code = 'I00010100097'
	     and aaf.attribute_name like 'SysSpecialNum%'
	     and aaf.state = 'ENABLED'
 	</select>

	<!-- 判断号码是否订购了定向语音套餐 -->
	<select id="valOrderPackageCount"  resultType="java.lang.Long">
	 	select  count(1)
	       from adc_attribute_for906 aaf
	      where aaf.msisdn = #{msisdn}    
	        and aaf.package_code = 'I00010100096'
	        and aaf.state = 'ENABLED'   
  	</select>
  	
    <select id="queryMsisdnWhiteList" resultType="java.util.Map">
		with tt as
		 (
		  select aaf.msisdn, aaf.subsprodid, aaf.create_date, aaf.attribute_name, aaf.attribute_value
		    from adc_attribute_for906 aaf,
			(select mp.msisdn from ${msisdntype}  mp where mp.state = 'ENABLED' 		    
		    <if test="groupCode != null and groupCode != ''">
			     and mp.ec_code =#{groupCode}
			</if>	
		    <if test="msisdn != null and msisdn != ''">
			    and mp.msisdn= #{msisdn}
			</if>					    
		    ) m
		   where aaf.msisdn = m.msisdn
		    <if test="msisdn != null and msisdn != ''">
			    and aaf.msisdn= #{msisdn}
			</if>		   
		     and aaf.package_code = 'I00010100096'
		     and aaf.attribute_name like 'userWhiteNum%'
		     and aaf.attribute_name !='userWhiteNumOperType'
		     and aaf.state = 'ENABLED'  
		  ) 
		 select tt.msisdn,
		  to_char(tt.create_date,'yyyy-MM-dd HH24:mi:ss') lastUpdateTime,
	      (select a.attribute_value
	         from tt a
	        where tt.msisdn = a.msisdn
	          and tt.subsprodid = a.subsprodid
	          and a.attribute_name = 'userWhiteNumFlag'
	          and rownum = 1) userWhiteNumFlag,
	      tt.attribute_value userWhiteNum
		 from tt  where tt.attribute_name != 'userWhiteNumFlag'
	</select>
	
	<!--MAC 判断号码是否订购了96定向语音套餐 -->
	<select id="queryMsisdn96MAC"  resultType="java.lang.Long">
	 	select  count(1)
	       from MAC_FUNC_PKG aaf
	      where aaf.msisdn = #{msisdn}    
	        and aaf.package_code = 'I00010100096'
	        and aaf.state = 'ENABLED'   
  	</select>
	
		<!--NB 判断号码是否订购了96定向语音套餐 -->
	<select id="queryMsisdn96NB"  resultType="java.lang.Long">
	 	select  count(1)
	       from NB_FUNC_PKG aaf
	      where aaf.msisdn = #{msisdn}    
	        and aaf.package_code = 'I00010100096'
	        and aaf.state = 'ENABLED'   
  	</select>
  	
  		<!--IOV 判断号码是否订购了96定向语音套餐 -->
	<select id="queryMsisdn96IOV"  resultType="java.lang.Long">
	 	select  count(1)
	       from IOV_FUNC_PKG aaf
	      where aaf.msisdn = #{msisdn}    
	        and aaf.package_code = 'I00010100096'
	        and aaf.state = 'ENABLED'   
  	</select>
  	
  			<!-- 判断号码是否存有95语音套餐 附加属性-->
	<select id="queryMsisdn95"  resultType="java.lang.Long">
	 	select  count(1)
	       from API_PKG_ATTR_LOG aaf
	      where aaf.msisdn = #{msisdn}    
	        and aaf.package_code = 'I00010100095'
  	</select>
  	
  	 <!-- 查询号码订购95套餐全部附加属性 -->
    <select id="queryMsisdnAll95" parameterType="java.lang.String" resultType="java.lang.String">
    	SELECT ATTR_VALUE FROM API_PKG_ATTR_LOG  WHERE MSISDN=#{msisdn} AND PACKAGE_CODE='I00010100095' AND ATTR_KEY='M2M_StopOrResume' AND rownum=1   
    </select>
	
	<!--MAC 判断号码是否订购了96定向语音套餐 -->
	<select id="queryMsisdn96Dynamic"  resultType="java.lang.Long">
	 	select  count(1)
	       from ${funcPkg} aaf
	      where aaf.msisdn = #{msisdn}    
	        and aaf.package_code = 'I00010100096'
	        and aaf.state = 'ENABLED'   
  	</select>
	
	
		<!--判断该号码是否已经又重新加入相同的池 -->
	<select id="queryMsisdnIdenticalProdCode"  resultType="java.lang.Long">
	      SELECT count(1) FROM m2m_group_member WHERE MSISDN= #{msisdn}    AND EC_CODE=#{groupCode} AND PRODUCT_CODE=#{prdCode}
     AND to_char(START_DATE, 'yyyy-mm') <![CDATA[ > ]]> to_char(sysdate, 'yyyy-mm')   AND STATE='ENABLED' 
      AND START_DATE <![CDATA[ <> ]]> END_DATE
  	</select>
	
	
		<!--查询号码的主体产品 -->
	<select id="queryMsisdnMainProd"  resultType="java.lang.Long">
	 	     SELECT COUNT(1) FROM ${othTable} WHERE  PACKAGE_CODE LIKE 'AppendAttr%' AND STATE='ENABLED'
     AND EC_CODE=#{groupCode}  AND MSISDN= #{msisdn}   AND END_DATE  <![CDATA[ > ]]>  add_months(sysdate,1)  
  	</select>
	
	
	
</mapper>