<?xml version="1.0" encoding="UTF-8" ?>
<!DOCTYPE mapper
        PUBLIC "-//mybatis.org//DTD Mapper 3.0//EN"
        "http://mybatis.org/dtd/mybatis-3-mapper.dtd">

<mapper namespace="person">
 <select id="findPersonInfoByInfo" parameterType="java.util.HashMap" resultType="java.util.HashMap">
          select n.msisdn MSISDN,n.iccid ICCID,n.imsi IMSI,n.imei IMEI
      from num_route n
      where n.state='ENABLED' 
      <if test="iccid !=null and iccid !=''">
      and n.iccid=#{iccid} 
      </if>
      <if test="imei !=null and imei !=''">
      and n.imei=#{imei} 
      </if>
      <if test="imsi !=null and imsi !=''">
      and n.imsi=#{imsi} 
      </if>
      <if test="msisdn !=null and msisdn !=''">
      and n.msisdn=#{msisdn} 
      </if>
      and rownum=1
    	
    </select>
	<!-- 查询个人全量号码信息 -->
    <select id="findPersonInfoByInfo01" parameterType="java.util.HashMap" resultType="java.util.HashMap">
    	SELECT pmi.msisdn MSISDN 
    			,pmi.iccid ICCID 
    			,pmi.imsi IMSI 
    			,pmi.imei IMEI 
    			,pmi.run_code RUN_CODE 
    			,pmi.area_code AREA_CODE 
    			,pmi.user_type USER_TYPE 
    			,'' PRODUCT_CODE 
				,to_char(open_time,'yyyy-mm-dd HH24:mi:ss') OPEN_TIME 
				,to_char(activate_date,'yyyy-mm-dd HH24:mi:ss') ACTIVATE_DATE 
				,to_char(run_code_time,'yyyy-mm-dd HH24:mi:ss') RUN_CODE_TIME 
		  FROM per_member_info pmi 
		 WHERE pmi.state='ENABLED' 
    	<if test="iccid !=null and iccid !=''">
    	AND pmi.iccid=#{iccid} 
    	</if>
    	<if test="imei !=null and imei !=''">
    	AND pmi.imei=#{imei} 
    	</if>
    	<if test="imsi !=null and imsi !=''">
    	AND pmi.imsi=#{imsi} 
    	</if>
    	<if test="msisdn !=null and msisdn !=''">
    	AND pmi.msisdn=#{msisdn} 
    	</if>
    	<!-- AND not exists (select 1 from m2m_person mp where mp.msisdn=pmi.msisdn) -->
 		and rownum=1
    </select>



</mapper>