<?xml version="1.0" encoding="UTF-8" ?>
<!DOCTYPE mapper
        PUBLIC "-//mybatis.org//DTD Mapper 3.0//EN"
        "http://mybatis.org/dtd/mybatis-3-mapper.dtd">

<mapper namespace="poolInfo">

	    <!-- 获取共享产品的package_code -->
    <select id="getpkgcode1" resultType="String">
	select t.package_code
	from
	(select package_code
	<choose>
	<when test="groupCode !=null and groupCode !=''">
	,ec_code
	</when>
	<otherwise>
	,msisdn 
	</otherwise>
	</choose>
	from MAC_FUNC_PKG
		<if test="groupCode !=null and groupCode !=''">
	where
	ec_code=#{groupCode}
	</if>
	 and package_code in('I00010800001','I00010100001')
	union
	select package_code 
	<choose>
	<when test="groupCode !=null and groupCode !=''">
	,ec_code
	</when>
	<otherwise>
	,msisdn 
	</otherwise>
	</choose>
	from FUNC_PKG_9105
		<if test="groupCode !=null and groupCode !=''">
	where
	ec_code=#{groupCode}
	</if>
	 and package_code in('I00010800001','I00010100001')
	union
	select package_code 
	<choose>
	<when test="groupCode !=null and groupCode !=''">
	,ec_code
	</when>
	<otherwise>
	,msisdn 
	</otherwise>
	</choose>
	from NB_FUNC_PKG
		<if test="groupCode !=null and groupCode !=''">
	where
	ec_code=#{groupCode}
	</if>
	 and package_code in('I00010800001','I00010100001')
	union
	select package_code 
	<choose>
	<when test="groupCode !=null and groupCode !=''">
	,ec_code
	</when>
	<otherwise>
	,msisdn 
	</otherwise>
	</choose>
	from IOV_FUNC_PKG
		<if test="groupCode !=null and groupCode !=''">
	where
	ec_code=#{groupCode}
	</if>
	 and package_code in('I00010800001','I00010100001')
	)t
    </select>
    
    <!-- 根据package_code获取prdname -->
    <select id="getprdname" resultType="String">
    select package_name from ATOMIC_PRODUCTS where package_code=#{pckcode}
    </select>
    
   	<!-- 机器卡 获取package_code -->
    <select id="getpkgcodemac" resultType="String">
	select t.package_code 
	from
	(select package_code
	<!-- <choose>
	<when test="groupCode !=null and groupCode !=''">
	,ec_code
	</when>
	<otherwise> -->
	,msisdn 
	<!-- </otherwise>
	</choose> -->
	from MAC_FUNC_PKG
	<!-- 	<if test="groupCode !=null and groupCode !=''">
	where
	ec_code=#{groupCode}
	</if>
	<if test="msisdn !=null and msisdn !=''"> -->
	where msisdn=#{msisdn}
	<!-- </if> -->
	 and package_code in('I00010700001','I00010800001','I00010100001','I00010300001')
	)t
    </select>
   
       
   	<!-- 9105号码  获取package_code -->
    <select id="getpkgcodeo" resultType="String">
	select t.package_code 
	from
	(select package_code
	<!-- <choose>
	<when test="groupCode !=null and groupCode !=''">
	,ec_code
	</when>
	<otherwise> -->
	,msisdn 
	<!-- </otherwise>
	</choose> -->
	from FUNC_PKG_9105
	<!-- 	<if test="groupCode !=null and groupCode !=''">
	where
	ec_code=#{groupCode}
	</if>
	<if test="msisdn !=null and msisdn !=''"> -->
	where msisdn=#{msisdn}
	<!-- </if> -->
	 and package_code in('I00010700001','I00010800001','I00010100001','I00010300001')
	 )t
    </select>
   
     <!-- nb-iot号码  获取package_code -->
    <select id="getpkgcodenb" resultType="String">
	select t.package_code 
	from
	(select package_code
	<!-- <choose>
	<when test="groupCode !=null and groupCode !=''">
	,ec_code
	</when>
	<otherwise> -->
	,msisdn 
	<!-- </otherwise>
	</choose> -->
	from NB_FUNC_PKG
	<!-- 	<if test="groupCode !=null and groupCode !=''">
	where
	ec_code=#{groupCode}
	</if>
	<if test="msisdn !=null and msisdn !=''"> -->
	where msisdn=#{msisdn}
	<!-- </if> -->
	 and package_code in('I00010700001','I00010800001','I00010100001','I00010300001')
	)t
    </select>
   
    <!-- 车联卡号码  获取package_code -->
    <select id="getpkgcodeiov" resultType="String">
	select t.package_code 
	from
	(select package_code
	<!-- <choose>
	<when test="groupCode !=null and groupCode !=''">
	,ec_code
	</when>
	<otherwise> -->
	,msisdn 
	<!-- </otherwise>
	</choose> -->
	from IOV_FUNC_PKG
		<!-- <if test="groupCode !=null and groupCode !=''">
	where
	ec_code=#{groupCode}
	</if>
	<if test="msisdn !=null and msisdn !=''"> -->
	where msisdn=#{msisdn}
	<!-- </if> -->
	 and package_code in('I00010700001','I00010800001','I00010100001','I00010300001')
	)t
    </select>

	<!-- 需要补充套餐生效、失效时间 -->
	<!-- where MAC_CONNECT_INFO.start_date<![CDATA[ <= ]]>sysdate
			and MAC_CONNECT_INFO.end_date<![CDATA[ >= ]]>sysdate -->
	<select id="poolInfoByEcCode" resultType="com.openapi3.msg.poolinfoquery.PoolInfoPo">
		SELECT
        prdCode,prdName, poolPackage, poolApnName
        ,nvl(WM_CONCAT(DISTINCT apnName), ' ') AS apnName,COUNT(MSISDN) memCount
        FROM (
               SELECT
                 fm.product_code AS prdCode,
                 '-'             AS prdName,
     <!--     (
          SELECT mai.APN_NAME FROM MAC_CONNECT_INFO mai
          WHERE mai.state = 'ENABLED' AND mai.package_code IN ('I00010100035', 'I00010100085', 'I00010100092', 'I00010100093')
                AND mai.MSISDN = fm.MSISDN
           UNION ALL
          SELECT '' FROM CONNECT_INFO_9105 mai
          WHERE mai.state = 'ENABLED' AND mai.package_code IN ('I00010100035', 'I00010100085', 'I00010100092', 'I00010100093')
                AND mai.MSISDN = fm.MSISDN
          UNION ALL
          SELECT mai.APN_NAME FROM NB_CONNECT_INFO mai
          WHERE mai.state = 'ENABLED' AND mai.package_code IN ('I00010100035', 'I00010100085', 'I00010100092', 'I00010100093')
                AND mai.MSISDN = fm.MSISDN
          UNION ALL
          SELECT mai.APN_NAME FROM IOV_CONNECT_INFO mai
          WHERE mai.state = 'ENABLED' AND mai.package_code IN ('I00010100035', 'I00010100085', 'I00010100092', 'I00010100093')
                AND mai.MSISDN = fm.MSISDN
         )   -->    fm.APN_NAME   AS apnName,
         fm.POOL_PACKAGE AS poolPackage,
         fm.APN_NAME     AS poolApnName ,FM.MSISDN AS MSISDN
       FROM FLUX_POOL_MEM fm
       WHERE
         fm.EFF_TYPE = 0
         and fm.POOL_PACKAGE in('I00010300045','I00010300046','I00010300048','I00010101845','I00010101846','I00010111845','I00010111846','I00010100445','I00010100446','I00010700445','I00010700446')		
        <if test="prdCode !=null and prdCode !=''">
            AND fm.PRODUCT_CODE = #{prdCode}
        </if>
         AND fm.ec_code = #{groupCode}
     ) A
    GROUP BY prdCode, prdName, poolPackage, poolApnName
	</select>

	<select id="poolmemberPrd" resultType="com.openapi3.msg.poolmemberinfoquery.PoolInfo">
		select
		fm.product_code as prdCode,
		'-' as prdName,
		(SELECT nvl(WM_CONCAT(distinct mai.apn_name), 'null') AS apn_name
		FROM M2M_PERSON mp,M2M_APN_INFO mai
		WHERE mp.msisdn=mai.msisdn
		AND mai.state = 'ENABLED'
		AND mp.product_code =fm.product_code
		AND mai.START_TIME<![CDATA[ <= ]]>sysdate
		AND decode(mai.END_TIME,null,sysdate,mai.END_TIME)<![CDATA[ >= ]]>sysdate
		<if test="prdCode !=null and prdCode !=''">
			and mp.product_code=#{prdCode}
		</if>
		<if test="groupCode !=null and groupCode !=''">
			and mp.ec_code=#{groupCode}
		</if>
		) AS apnName
		from
		FLUX_POOL_MEM fm
		where
		fm.EFF_TYPE=0
		and fm.POOL_PACKAGE in('I00010300045','I00010300046','I00010300048','I00010101845','I00010101846','I00010111845','I00010111846','I00010100445','I00010100446','I00010700445','I00010700446')		
		<!-- and nvl(fm.END_DATE,SYSDATE) <![CDATA[ > ]]> (SYSDATE-1) -->

		<if test="groupCode !=null and groupCode !=''">
			and fm.ec_code=#{groupCode}
		</if>
		<if test="prdCode !=null and prdCode !=''">
			and fm.product_code=#{prdCode}
		</if>
		group by fm.product_code
	</select>

	<select id="isExitPool" resultType="Long">
		select count(1)
		from FLUX_POOL_MEM fm
		join ${msisdncardtype} mp on fm.msisdn=mp.msisdn
		where
		fm.POOL_PACKAGE in('I00010300045','I00010300046','I00010300048','I00010101845','I00010101846','I00010111845','I00010111846','I00010100445','I00010100446','I00010700445','I00010700446')		
		and fm.EFF_TYPE=0
		and fm.END_DATE  <![CDATA[ > ]]> (SYSDATE-1)
		<if test="msisdn !=null and msisdn !=''">
			and fm.msisdn=#{msisdn}
		</if>
	</select>
	
	<!-- 获取package_code -->
    <select id="getpkgcodePerson" resultType="String">
	select package_code  from
	(

	select package_code,msisdn from #{pripkg}
    union
    select package_code,msisdn from #{funcpkg}
    union
    select package_code,msisdn from #{othpkg}

	)
    where 1=1
	<if test="msisdn !=null and msisdn !=''">
	  and msisdn=#{msisdn}
	</if>
	 and package_code in('I00010700001','I00010800001','I00010100001','I00010300001')
    </select>
    
    <select id="memCount" resultType="Long">
    select count(1) from
       ( select msisdn
        from FLUX_POOL_MEM fm where
        fm.EFF_TYPE=0
        <if test="prdCode !=null and prdCode !=''">
            and fm.product_code=#{prdCode}
        </if>
          <if test="groupCode !=null and groupCode !=''">
            and fm.ec_code=#{groupCode}
        </if>        
         group by msisdn
         )
    </select>
    
    <select id="poolmemberinfo" resultType="com.openapi3.msg.poolmemberinfoquery.Member">
      select fm.msisdn as msisdn,       
        to_char(fm.EFF_DATE,'yyyy-MM-dd') as addDate
        from FLUX_POOL_MEM fm where
        fm.EFF_TYPE=0
        <if test="prdCode !=null and prdCode !=''">
            and fm.product_code=#{prdCode}
        </if>
        <if test="groupCode !=null and groupCode !=''">
            and fm.ec_code=#{groupCode}
        </if>
    </select>
    
    <!-- 获取package_code -->
    <select id="getpkgcode" resultType="String">
    	(SELECT PRI.PACKAGE_CODE FROM MAC_PRI_PKG PRI
        	WHERE PRI.STATE = 'ENABLED'
         	<if test="msisdn!=null">
	            AND PRI.MSISDN=#{msisdn}
	        </if>
	        <if test="groupCode!=null">
	            AND PRI.EC_CODE=#{groupCode}
	        </if> ) 
         UNION 
        (SELECT OTH.EC_CODE FROM MAC_OTH_PKG OTH
        	WHERE OTH.STATE = 'ENABLED'
         	<if test="msisdn!=null">
	            AND OTH.MSISDN=#{msisdn}
	        </if>
	        <if test="groupCode!=null">
	            AND OTH.EC_CODE=#{groupCode}
	        </if> )  
        UNION
        (SELECT FUNC.EC_CODE FROM MAC_FUNC_PKG FUNC
        	WHERE FUNC.STATE = 'ENABLED'
         	<if test="msisdn!=null">
	            AND FUNC.MSISDN=#{msisdn}
	        </if>
	        <if test="groupCode!=null">
	            AND FUNC.EC_CODE=#{groupCode}
	        </if> )  
        UNION
        (SELECT PRI.EC_CODE FROM NB_PRI_PKG PRI
        	WHERE PRI.STATE = 'ENABLED'
         	<if test="msisdn!=null">
	            AND PRI.MSISDN=#{msisdn}
	        </if>
	        <if test="groupCode!=null">
	            AND PRI.EC_CODE=#{groupCode}
	        </if> ) 
         UNION 
        (SELECT OTH.EC_CODE FROM NB_OTH_PKG OTH
        	WHERE OTH.STATE = 'ENABLED'
         	<if test="msisdn!=null">
	            AND OTH.MSISDN=#{msisdn}
	        </if>
	        <if test="groupCode!=null">
	            AND OTH.EC_CODE=#{groupCode}
	        </if> )  
        UNION
        (SELECT FUNC.EC_CODE FROM NB_FUNC_PKG FUNC
        	WHERE FUNC.STATE = 'ENABLED'
         	<if test="msisdn!=null">
	            AND FUNC.MSISDN=#{msisdn}
	        </if>
	        <if test="groupCode!=null">
	            AND FUNC.EC_CODE=#{groupCode}
	        </if> ) 
        UNION
        (SELECT PRI.EC_CODE FROM IOV_PRI_PKG PRI
        	WHERE PRI.STATE = 'ENABLED'
         	<if test="msisdn!=null">
	            AND PRI.MSISDN=#{msisdn}
	        </if>
	        <if test="groupCode!=null">
	            AND PRI.EC_CODE=#{groupCode}
	        </if> ) 
         UNION 
        (SELECT OTH.EC_CODE FROM IOV_OTH_PKG OTH
        	WHERE OTH.STATE = 'ENABLED'
         	<if test="msisdn!=null">
	            AND OTH.MSISDN=#{msisdn}
	        </if>
	        <if test="groupCode!=null">
	            AND OTH.EC_CODE=#{groupCode}
	        </if> )  
        UNION
        (SELECT FUNC.EC_CODE FROM IOV_FUNC_PKG FUNC
        	WHERE FUNC.STATE = 'ENABLED'
         	<if test="msisdn!=null">
	            AND FUNC.MSISDN=#{msisdn}
	        </if>
	        <if test="groupCode!=null">
	            AND FUNC.EC_CODE=#{groupCode}
	        </if> )
        UNION
        (SELECT PRI.EC_CODE FROM PRI_PKG_9105 PRI
        	WHERE PRI.STATE = 'ENABLED'
         	<if test="msisdn!=null">
	            AND PRI.MSISDN=#{msisdn}
	        </if>
	        <if test="groupCode!=null">
	            AND PRI.EC_CODE=#{groupCode}
	        </if> ) 
         UNION 
        (SELECT OTH.EC_CODE FROM OTH_PKG_9105 OTH
        	WHERE OTH.STATE = 'ENABLED'
         	<if test="msisdn!=null">
	            AND OTH.MSISDN=#{msisdn}
	        </if>
	        <if test="groupCode!=null">
	            AND OTH.EC_CODE=#{groupCode}
	        </if> )  
         UNION
        (SELECT FUNC.EC_CODE FROM FUNC_PKG_9105 FUNC
        	WHERE FUNC.STATE = 'ENABLED'
         	<if test="msisdn!=null">
	            AND FUNC.MSISDN=#{msisdn}
	        </if>
	        <if test="groupCode!=null">
	            AND FUNC.EC_CODE=#{groupCode}
	        </if> )
    </select>


	<select id="countPoolMemberByApnName"  resultType="String">
		SELECT count(1)
		FROM (
			   SELECT msisdn
			   FROM (
				 SELECT fm.MSISDN
				 FROM MAC_FUNC_PKG mai, FLUX_POOL_MEM fm
				 WHERE mai.MSISDN = fm.MSISDN
					   AND fm.EFF_TYPE = 0
					   AND fm.ec_code = #{ec_code}
					   AND fm.POOL_PACKAGE in('I00010300045','I00010300046','I00010300048','I00010101845','I00010101846','I00010111845','I00010111846','I00010100445','I00010100446','I00010700445','I00010700446')		
					   AND fm.product_code = #{product_code}
					   AND mai.package_code IN ('I00010100035', 'I00010100085', 'I00010100092', 'I00010100093')
					   AND mai.apn_name = #{apn_name}
				 UNION All
				 SELECT fm.MSISDN
				 FROM NB_FUNC_PKG mai, FLUX_POOL_MEM fm
				 WHERE mai.MSISDN = fm.MSISDN
					   AND fm.EFF_TYPE = 0
					   AND fm.ec_code = #{ec_code}
					   AND fm.POOL_PACKAGE in('I00010300045','I00010300046','I00010300048','I00010101845','I00010101846','I00010111845','I00010111846','I00010100445','I00010100446','I00010700445','I00010700446')		
					   AND fm.product_code = #{product_code}
					   AND mai.package_code IN ('I00010100035', 'I00010100085', 'I00010100092', 'I00010100093')
					   AND mai.apn_name = #{apn_name}
				 UNION All
				 SELECT fm.MSISDN
				 FROM IOV_FUNC_PKG mai, FLUX_POOL_MEM fm
				 WHERE mai.MSISDN = fm.MSISDN
					   AND fm.EFF_TYPE = 0
					   AND fm.ec_code = #{ec_code}
					   AND fm.POOL_PACKAGE in('I00010300045','I00010300046','I00010300048','I00010101845','I00010101846','I00010111845','I00010111846','I00010100445','I00010100446','I00010700445','I00010700446')		
					   AND fm.product_code = #{product_code}
					   AND mai.package_code IN ('I00010100035', 'I00010100085', 'I00010100092', 'I00010100093')
					   AND mai.apn_name = #{apn_name}
			   )
			   GROUP BY msisdn
			 ) a
	</select>

    <select id="poolInfo"  resultType="com.openapi3.msg.poolinfoquery.PoolInfoPo">
        SELECT
        prdCode,
        prdName,
        nvl(WM_CONCAT(DISTINCT apnName), ' ') AS apnName,
        poolPackage,
        poolApnName
        FROM (
        SELECT
        fm.product_code AS prdCode,
        '-' AS prdName,
     <!--    (
        SELECT apn_name
        FROM MAC_CONNECT_INFO mai
        WHERE mai.state = 'ENABLED' AND  SYSDATE >= mai.STATE_TIME
        AND mai.package_code IN ('I00010100035', 'I00010100085', 'I00010100092', 'I00010100093')
        AND fm.msisdn = mai.msisdn
        UNION
        SELECT ''
        FROM CONNECT_INFO_9105 mai
        WHERE mai.state = 'ENABLED' AND  SYSDATE >= mai.STATE_TIME
        AND mai.package_code IN ('I00010100035', 'I00010100085', 'I00010100092', 'I00010100093')
        AND fm.msisdn = mai.msisdn
        UNION
        SELECT apn_name
        FROM NB_CONNECT_INFO mai
        WHERE mai.state = 'ENABLED' AND SYSDATE >= mai.STATE_TIME
        AND mai.package_code IN ('I00010100035', 'I00010100085', 'I00010100092', 'I00010100093')
        AND fm.msisdn = mai.msisdn
        UNION
        SELECT apn_name
        FROM IOV_CONNECT_INFO mai
        WHERE mai.state = 'ENABLED' AND  SYSDATE >= mai.STATE_TIME
        AND mai.package_code IN ('I00010100035', 'I00010100085', 'I00010100092', 'I00010100093')
        AND fm.msisdn = mai.msisdn
        ) AS --> fm.APN_NAME apnName,
        fm.POOL_PACKAGE AS poolPackage,
        fm.APN_NAME AS poolApnName
        FROM FLUX_POOL_MEM fm
        WHERE
        fm.EFF_TYPE = 0
        AND fm.POOL_PACKAGE in('I00010300045','I00010300046','I00010300048','I00010101845','I00010101846','I00010111845','I00010111846','I00010100445','I00010100446','I00010700445','I00010700446')		
        <if test="prdCode !=null and prdCode !=''">
            and fm.product_code=#{prdCode}
        </if>
        <if test="groupCode !=null and groupCode !=''">
            and fm.ec_code=#{groupCode}
        </if>
        ) A
        GROUP BY prdCode, prdName, poolPackage, poolApnName
    </select>


    <select id="queryPoolMemberMsisdnByApnName"  resultType="com.openapi3.msg.poolmemberinfoquery.Member">
        SELECT
          DISTINCT
          fm.msisdn                          AS msisdn,
          to_char(fm.EFF_DATE, 'yyyy-MM-dd') AS addDate
        FROM FLUX_POOL_MEM fm
        WHERE 1 = 1
              AND EXISTS(
                  SELECT MSISDN FROM MAC_CONNECT_INFO mai WHERE 1=1
                         AND mai.package_code IN ('I00010100035', 'I00010100085', 'I00010100092', 'I00010100093')
                         AND mai.apn_name = #{apn_name} AND mai.MSISDN = fm.MSISDN
                  UNION ALL
                  SELECT MSISDN FROM CONNECT_INFO_9105 mai WHERE 1=1
                        AND mai.package_code IN ('I00010100035', 'I00010100085', 'I00010100092', 'I00010100093')
                        AND mai.MSISDN = fm.MSISDN
                  UNION ALL
                  SELECT MSISDN FROM NB_CONNECT_INFO mai WHERE 1=1
                        AND mai.package_code IN ('I00010100035', 'I00010100085', 'I00010100092', 'I00010100093')
                        AND mai.apn_name = #{apn_name} AND mai.MSISDN = fm.MSISDN
                  UNION ALL
                  SELECT MSISDN FROM IOV_CONNECT_INFO mai WHERE 1=1
                        AND mai.package_code IN ('I00010100035', 'I00010100085', 'I00010100092', 'I00010100093')
                        AND mai.apn_name = #{apn_name} AND mai.MSISDN = fm.MSISDN
              )
              AND fm.EFF_TYPE = 0
              AND fm.ec_code = #{ec_code}
              AND fm.POOL_PACKAGE in('I00010300045','I00010300046','I00010300048','I00010101845','I00010101846','I00010111845','I00010111846','I00010100445','I00010100446','I00010700445','I00010700446')		
              AND fm.product_code = #{product_code}
    </select>
    
    <select id="poolInfoDynamic"  resultType="com.openapi3.msg.poolinfoquery.PoolInfoPo">
        SELECT
	        prdCode,
	        prdName,
	        nvl(WM_CONCAT(DISTINCT apnName), ' ') AS apnName,
	        poolPackage,
	        poolApnName
	        FROM (
	        SELECT
	        fm.product_code AS prdCode,
	        '-' AS prdName,
	       	fm.APN_NAME AS apnName,
	        fm.POOL_PACKAGE AS poolPackage,
	        fm.APN_NAME AS poolApnName
        FROM FLUX_POOL_MEM fm
        WHERE
        fm.EFF_TYPE = 0
        AND fm.POOL_PACKAGE in('I00010300045','I00010300046','I00010300048','I00010101845','I00010101846','I00010111845','I00010111846','I00010100445','I00010100446','I00010700445','I00010700446')		
        <if test="prdCode !=null and prdCode !=''">
            and fm.product_code=#{prdCode}
        </if>
        <if test="groupCode !=null and groupCode !=''">
            and fm.ec_code=#{groupCode}
        </if>
        ) A
        GROUP BY prdCode, prdName, poolPackage, poolApnName
    </select>
    
    <select id="countPoolMemberByApnNameDynamic"  resultType="String">
		SELECT count(1)
		FROM (
			   SELECT msisdn
			   FROM (
			   <foreach collection="funcPkgTable.entrySet()" item="value" index="key" separator="UNION All">
			   SELECT fm.MSISDN
				 FROM ${value} mai, FLUX_POOL_MEM fm
				 WHERE mai.MSISDN = fm.MSISDN
					   AND fm.EFF_TYPE = 0
					   AND fm.ec_code = #{ec_code}
       				   AND fm.POOL_PACKAGE in('I00010300045','I00010300046','I00010300048','I00010101845','I00010101846','I00010111845','I00010111846','I00010100445','I00010100446','I00010700445','I00010700446')		
					   AND fm.product_code = #{product_code}
					   AND mai.package_code IN ('I00010100035', 'I00010100085','I00010100085_1', 'I00010100092','I00010100092_1', 'I00010100093', 'I00011100008','I00011100008_1')
					   AND mai.apn_name = #{apn_name}
			   </foreach>
			   )
			   GROUP BY msisdn
			 ) a
	</select>
	
	<!-- 需要补充套餐生效、失效时间 -->
	<!-- where MAC_CONNECT_INFO.start_date<![CDATA[ <= ]]>sysdate
			and MAC_CONNECT_INFO.end_date<![CDATA[ >= ]]>sysdate -->
	<select id="poolInfoByEcCodeDynamic" resultType="com.openapi3.msg.poolinfoquery.PoolInfoPo">
		SELECT
        prdCode,prdName, poolPackage, poolApnName
        ,nvl(WM_CONCAT(DISTINCT apnName), ' ') AS apnName,COUNT(MSISDN) memCount
        FROM (
               SELECT
                 fm.product_code AS prdCode,
                 '-'             AS prdName,
         <!-- (
         <foreach collection="connectTable.entrySet()" item="value" index="key" separator="UNION All">
          SELECT 
          <choose>
          	<when test="value=='CONNECT_INFO_9105'">
          		'' as APN_NAME
          	</when>
          	<otherwise>
          	       mai.APN_NAME
          	</otherwise>
          </choose>
           FROM ${value} mai
          WHERE mai.state = 'ENABLED' AND mai.package_code IN ('I00010100035', 'I00010100085', 'I00010100085_1', 'I00010100092', 'I00010100092_1', 'I00010100093', 'I00011100008','I00011100008_1')
                AND mai.MSISDN = fm.MSISDN and rownum = 1
         </foreach>
         )   -->     fm.APN_NAME  AS apnName,
         fm.POOL_PACKAGE AS poolPackage,
         fm.APN_NAME     AS poolApnName ,FM.MSISDN AS MSISDN
       FROM FLUX_POOL_MEM fm
       WHERE
         fm.EFF_TYPE = 0
       	 AND fm.POOL_PACKAGE in('I00010300045','I00010300046','I00010300048','I00010101845','I00010101846','I00010111845','I00010111846','I00010100445','I00010100446','I00010700445','I00010700446')		
        <if test="prdCode !=null and prdCode !=''">
            AND fm.PRODUCT_CODE = #{prdCode}
        </if>
         AND fm.ec_code = #{groupCode}
     ) A
    GROUP BY prdCode, prdName, poolPackage, poolApnName
	</select>
	
	<select id="queryPoolMemberMsisdnByApnNameDynamic"  resultType="com.openapi3.msg.poolmemberinfoquery.Member">
        SELECT
          DISTINCT
          fm.msisdn                          AS msisdn,
          to_char(fm.EFF_DATE, 'yyyy-MM-dd') AS addDate
        FROM FLUX_POOL_MEM fm
        WHERE 1 = 1
              AND EXISTS(
              	  <foreach collection="connectTable.entrySet()" item="value" index="key" separator="UNION All">
                  SELECT MSISDN FROM ${value} mai WHERE 1=1
                         AND mai.package_code IN ('I00010100035', 'I00010100085', 'I00010100085_1', 'I00010100092', 'I00010100092_1', 'I00010100093', 'I00011100008','I00011100008_1')
                         AND mai.apn_name = #{apn_name} AND mai.MSISDN = fm.MSISDN
              	  </foreach>
              )
              AND fm.EFF_TYPE = 0
              AND fm.ec_code = #{ec_code}
              AND fm.POOL_PACKAGE in('I00010300045','I00010300046','I00010300048','I00010101845','I00010101846','I00010111845','I00010111846','I00010100445','I00010100446','I00010700445','I00010700446')		
              AND fm.product_code = #{product_code}
    </select>
	
</mapper>