<?xml version="1.0" encoding="UTF-8" ?>
<!DOCTYPE mapper
        PUBLIC "-//mybatis.org//DTD Mapper 3.0//EN"
        "http://mybatis.org/dtd/mybatis-3-mapper.dtd">

<mapper namespace="shareUesdflow">

    <select id="getshareapnname" resultType="String">
    select t.apn_name  from (
		 select func.APN_NAME,func.EC_CODE from MAC_PRI_PKG func INNER JOIN (
	        select PACKAGE_CODE,MSISDN from FLUX_POOL_MEM where EFF_TYPE = '0'
	            and pool_package in ('I00010300040','I00010300047','I00010101843','I00010101844','I00010111843','I00010111844','I00010700443','I00010700444','I00010100443','I00010100444')
	            <if test="prdCode !=null and prdCode !=''">
	               and product_code = #{prdCode}
	            </if>
	            <if test="groupCode !=null and groupCode !=''">
	               and ec_code=#{groupCode}
	            </if>
	            and rownum=1
	    ) pool ON func.MSISDN = pool.MSISDN
	    WHERE func.STATE='ENABLED' AND func.PACKAGE_CODE = pool.PACKAGE_CODE
	    UNION   
	    select func.APN_NAME,func.EC_CODE from IOV_PRI_PKG func INNER JOIN (
	        select PACKAGE_CODE,MSISDN from FLUX_POOL_MEM where EFF_TYPE = '0'
                and pool_package in ('I00010300040','I00010300047','I00010101843','I00010101844','I00010111843','I00010111844','I00010700443','I00010700444','I00010100443','I00010100444') 
                <if test="prdCode !=null and prdCode !=''">
                   and product_code = #{prdCode}
                </if>
                <if test="groupCode !=null and groupCode !=''">
                   and ec_code=#{groupCode}
                </if>
                and rownum=1
	    ) pool ON func.MSISDN = pool.MSISDN
	    WHERE func.STATE='ENABLED' AND func.PACKAGE_CODE = pool.PACKAGE_CODE
	    UNION
	    select func.APN_NAME,func.EC_CODE from NB_PRI_PKG func INNER JOIN (
	        select PACKAGE_CODE,MSISDN from FLUX_POOL_MEM where EFF_TYPE = '0'
                and pool_package in ('I00010300040','I00010300047','I00010101843','I00010101844','I00010111843','I00010111844','I00010700443','I00010700444','I00010100443','I00010100444')
                <if test="prdCode !=null and prdCode !=''">
                   and product_code = #{prdCode}
                </if>
                <if test="groupCode !=null and groupCode !=''">
                   and ec_code=#{groupCode}
                </if>
                and rownum=1
	    ) pool ON func.MSISDN = pool.MSISDN
	    WHERE func.STATE='ENABLED' AND func.PACKAGE_CODE = pool.PACKAGE_CODE
	    UNION
        select func.APN_NAME,func.EC_CODE from PRI_PKG_9105 func INNER JOIN (
            select PACKAGE_CODE,MSISDN from FLUX_POOL_MEM where EFF_TYPE = '0'
                and pool_package in ('I00010300040','I00010300047','I00010101843','I00010101844','I00010111843','I00010111844','I00010700443','I00010700444','I00010100443','I00010100444')
                <if test="prdCode !=null and prdCode !=''">
                   and product_code = #{prdCode}
                </if>
                <if test="groupCode !=null and groupCode !=''">
                   and ec_code=#{groupCode}
                </if>
                and rownum=1
        ) pool ON func.MSISDN = pool.MSISDN
        WHERE func.STATE='ENABLED' AND func.PACKAGE_CODE = pool.PACKAGE_CODE
    )t  where rownum=1
    </select>


    <!-- 集团流量共享产品 -->
     <select id="EcShareFlowPrd"  resultType="com.openapi3.entity.ShareInfoEntity">
      select fm.PRODUCT_CODE prdCode,
      nvl(fm.SPECIAL_PACKAGE_CODE,fm.COMMON_PACKAGE_CODE) pkgCode,
      '' as apnName
     from
     FLUX_POOL_MEM_SHARE fm where 1=1
     	and fm.STAT_MONTH=to_char(sysdate,'yyyy-mm')
        <if test="groupCode !=null and groupCode !=''">
            and fm.ec_code=#{groupCode}
        </if>
        <if test="prdCode !=null and prdCode !=''">
            and fm.PRODUCT_CODE = #{prdCode}
        </if>
    </select>

   <select id="totalstream" resultType="com.openapi3.entity.PoolMemStat">
        SELECT PRODUCT_CODE as prdCode,
        SPECIAL_TOTAL_STREAM as specialTotalStream,
        COMMON_TOTAL_STREAM  as commonTotalStream
        FROM FLUX_POOL_MEM_SHARE WHERE 1=1

         <if test="month !=null and month !=''">
         and STAT_MONTH = #{month}
         </if>
        <if test="groupCode !=null and groupCode !=''">
            and ec_code=#{groupCode}
        </if>
        <if test="prdCode !=null and prdCode !=''">
            and product_code = #{prdCode}
        </if>
    </select>

    <select id="isExit" resultType="Long">
    	select
        count(1)
        from FLUX_POOL_MEM_SNAPSHOOT fm
        where 1=1
        and fm.END_DATE  <![CDATA[ > ]]>trunc(sysdate, 'mm')
        and fm.POOL_PACKAGE in ('I00010300040','I00010300047','I00010101843','I00010101844','I00010111843','I00010111844','I00010700443','I00010700444','I00010100443','I00010100444')
        <if test="msisdn !=null and msisdn !=''">
            and fm.msisdn=#{msisdn}
        </if>
        <if test="ecCode !=null and ecCode !=''">
        and EC_CODE = #{ecCode}
        </if>
        and fm.STAT_MONTH=to_char(sysdate,'yyyy-mm')
    </select>

    <select id="countFluxPoolMem" resultType="Long">
        SELECT count(msisdn)
        FROM FLUX_POOL_MEM fm
        WHERE 1 = 1
        AND fm.EFF_DATE > trunc(sysdate, 'mm')
        AND fm.END_DATE > trunc(sysdate, 'mm')
        AND fm.EFF_TYPE = 0
        AND fm.POOL_PACKAGE IN ('I00010300040', 'I00010300047','I00010101843','I00010101844','I00010111843','I00010111844','I00010700443','I00010700444','I00010100443','I00010100444')
        AND sysdate >fm.START_DATE
        AND fm.msisdn = #{msisdn}
    </select>

    <select id="queryEcShareFlowPrdInfo" parameterType="java.util.Map" resultType="java.util.Map">
        SELECT
            DISTINCT fm.product_code AS prdCode,
            fm.package_code AS pkgCode,
            mpp.CANSHARE
        FROM
            flux_pool_mem fm
            LEFT JOIN MAC_PRI_PKG mpp ON mpp.MSISDN = fm.MSISDN AND mpp.SUBSPRODID = fm.SUBSPRODID
        WHERE
            1 = 1
            AND fm.eff_type = 0
            AND mpp.STATE = 'ENABLED'
            and fm.end_date <![CDATA[ > ]]> sysdate
            and trunc(sysdate, 'mm')<![CDATA[ < ]]> decode(fm.QUIT_DATE,null,sysdate,fm.QUIT_DATE)
            and fm.msisdn = #{msisdn}
        UNION 
        SELECT
            DISTINCT fm.product_code AS prdCode,
            fm.package_code AS pkgCode,
            mpp.CANSHARE
        FROM
            flux_pool_mem fm
            LEFT JOIN iov_PRI_PKG mpp ON mpp.MSISDN = fm.MSISDN AND mpp.SUBSPRODID = fm.SUBSPRODID
        WHERE
            1 = 1
            AND fm.eff_type = 0
            AND mpp.STATE = 'ENABLED'
            and fm.end_date <![CDATA[ > ]]> sysdate
            and trunc(sysdate, 'mm')<![CDATA[ < ]]> decode(fm.QUIT_DATE,null,sysdate,fm.QUIT_DATE)
            and fm.msisdn = #{msisdn}
        UNION
        SELECT
            DISTINCT fm.product_code AS prdCode,
            fm.package_code AS pkgCode,
            mpp.CANSHARE
        FROM
            flux_pool_mem fm
            LEFT JOIN nb_PRI_PKG mpp ON mpp.MSISDN = fm.MSISDN AND mpp.SUBSPRODID = fm.SUBSPRODID
        WHERE
            1 = 1
            AND fm.eff_type = 0
            AND mpp.STATE = 'ENABLED'
            and fm.end_date <![CDATA[ > ]]> sysdate
            and trunc(sysdate, 'mm')<![CDATA[ < ]]> decode(fm.QUIT_DATE,null,sysdate,fm.QUIT_DATE)
            and fm.msisdn = #{msisdn}
    </select>

    <select id="isExit1" parameterType="java.util.Map" resultType="java.lang.Integer">
   	  select
        count(1)
        from FLUX_POOL_MEM fm,MAC_CARD  mp
        where 1=1
        <if test="msisdn !=null and msisdn !=''">
            and fm.msisdn=#{msisdn}
        </if>
        and fm.msisdn = mp.msisdn
        and mp.state='ENABLED'
        and fm.START_DATE  <![CDATA[ < ]]> sysdate
        and fm.END_DATE  <![CDATA[ > ]]> trunc(sysdate, 'mm')
        and fm.EFF_TYPE=0
        <!--  新加入的成员要下一个月才生效 所以它不能是这个月的-->
        and to_char(fm.EFF_DATE ,'yyyy-mm')  != to_char(sysdate,'yyyy-mm')
		and fm.POOL_PACKAGE in ('I00010300040', 'I00010300047','I00010101843','I00010101844','I00010111843','I00010111844','I00010700443','I00010700444','I00010100443','I00010100444')
    </select>

  	  <select id="isExit2" parameterType="java.util.Map" resultType="java.lang.Integer">
   	  select
        count(1)
        from FLUX_POOL_MEM fm,CARD_9105  mp
        where 1=1
        <if test="msisdn !=null and msisdn !=''">
            and fm.msisdn=#{msisdn}
        </if>
        and fm.msisdn = mp.msisdn
        and mp.state='ENABLED'
		and fm.POOL_PACKAGE in ('I00010300040', 'I00010300047','I00010101843','I00010101844','I00010111843','I00010111844','I00010700443','I00010700444','I00010100443','I00010100444')
        and fm.START_DATE  <![CDATA[ < ]]> sysdate
        and fm.END_DATE  <![CDATA[ > ]]> trunc(sysdate, 'mm')
        and fm.EFF_TYPE=0
        and fm.EFF_DATE<![CDATA[ > ]]>trunc(sysdate, 'mm')
    </select>

  	 <select id="isExit3" parameterType="java.util.Map" resultType="java.lang.Integer">
   	  select
        count(1)
        from FLUX_POOL_MEM fm,NB_CARD  mp
        where 1=1
        <if test="msisdn !=null and msisdn !=''">
            and fm.msisdn=#{msisdn}
        </if>
        and fm.msisdn = mp.msisdn
        and mp.state='ENABLED'
		and fm.POOL_PACKAGE in ('I00010300040', 'I00010300047','I00010101843','I00010101844','I00010111843','I00010111844','I00010700443','I00010700444','I00010100443','I00010100444')
        and fm.START_DATE  <![CDATA[ < ]]> sysdate
        and fm.END_DATE  <![CDATA[ > ]]> trunc(sysdate, 'mm')
        and fm.EFF_TYPE=0
        and fm.EFF_DATE<![CDATA[ > ]]>trunc(sysdate, 'mm')
    </select>

    	 <select id="isExit4" parameterType="java.util.Map" resultType="java.lang.Integer">
   	  select
        count(1)
        from FLUX_POOL_MEM fm,IOV_CARD mp
        where 1=1
        <if test="msisdn !=null and msisdn !=''">
            and fm.msisdn=#{msisdn}
        </if>
        and fm.msisdn = mp.msisdn
        and mp.state='ENABLED'
		and fm.POOL_PACKAGE in ('I00010300040', 'I00010300047','I00010101843','I00010101844','I00010111843','I00010111844','I00010700443','I00010700444','I00010100443','I00010100444')
        and fm.START_DATE  <![CDATA[ < ]]> sysdate
        and fm.END_DATE  <![CDATA[ > ]]> trunc(sysdate, 'mm')
        and fm.EFF_TYPE=0
        and fm.EFF_DATE<![CDATA[ > ]]>trunc(sysdate, 'mm')
    </select>



  	<!-- 号码套餐订购 -->
  	<select id="findPackageInfoPerson" resultType="com.openapi3.entity.PkgInfo" >
  	select orders.msisdn     msisdn,
       orders.prdCode    prdCode,
       orders.pkgCode    pkgCode,
       AP.PACKAGE_NAME   pkgName,
       orders.subsprodid subsprodid,
       orders.startDate  startDate,
       orders.endDate    endDate,
       orders.apnName    apnName
  from (select distinct MSISDN msisdn,
                        '' as prdCode,
                        PACKAGE_CODE pkgCode,
                        SUBSPRODID subsprodid,
                        to_char(START_DATE, 'yyyyMMddHH24miss') startDate,
                        to_char(END_DATE, 'yyyyMMddHH24miss') endDate,
                        APN_NAME apnName
          from ${pripkg}
         where
            1=1
           <if test="msisdn !=null and msisdn !=''">
           AND msisdn = #{msisdn}
           </if>
           AND STATE = 'ENABLED'
           and END_DATE <![CDATA[ > ]]>(SYSDATE-1)
        union
        select distinct MSISDN msisdn,
                        '' as prdCode,
                        PACKAGE_CODE pkgCode,
                        SUBSPRODID subsprodid,
                        to_char(START_DATE, 'yyyyMMddHH24miss') startDate,
                        to_char(END_DATE, 'yyyyMMddHH24miss') endDate,
                        APN_NAME apnName
          from ${funcpkg}
         where
           1=1
           <if test="msisdn !=null and msisdn !=''">
           AND msisdn = #{msisdn}
           </if>
           AND STATE = 'ENABLED'
           and END_DATE <![CDATA[ > ]]>(SYSDATE-1)
        union
        select distinct MSISDN msisdn,
                        '' as prdCode,
                        PACKAGE_CODE pkgCode,
                        SUBSPRODID subsprodid,
                        to_char(START_DATE, 'yyyyMMddHH24miss') startDate,
                        to_char(END_DATE, 'yyyyMMddHH24miss') endDate,
                        APN_NAME apnName
          from ${othpkg}
         where
           1=1
           <if test="msisdn !=null and msisdn !=''">
           AND msisdn = #{msisdn}
           </if>
           AND STATE = 'ENABLED'
           and END_DATE <![CDATA[ > ]]>(SYSDATE-1)
           ) orders,
       ATOMIC_PRODUCTS AP
   WHERE orders.pkgCode = AP.PACKAGE_CODE
   AND AP.VISIBLE = 1
   AND AP.STATE = 'ENABLED'
   AND AP.BUS_CATEGORY = 'FLOW'
    </select>

    <!-- 单个/批量流量共享产品 -->
    <select id="shareFlowPrdPerson"  resultType="com.openapi3.entity.ShareInfoEntity">
   select
        fm.product_code as prdCode,
        (
        select nvl(wm_concat(distinct APN_NAME),'null') apn_name
          from ${pripkg}
          where state='ENABLED'
                and msisdn=fm.msisdn
                and package_code = fm.package_code
        union
        select nvl(wm_concat(distinct APN_NAME),'null') apn_name
          from ${funcpkg}
          where state='ENABLED'
                and msisdn=fm.msisdn
                and package_code = fm.package_code
        union
        select nvl(wm_concat(distinct APN_NAME),'null') apn_name
          from ${othpkg}
          where state='ENABLED'
                and msisdn=fm.msisdn
                and package_code = fm.package_code
                )as apnName,
        fm.package_code pkgCode
        from FLUX_POOL_MEM fm,${tableName4} mp
        where
        fm.msisdn = mp.msisdn
        and mp.state='ENABLED'
        and fm.POOL_PACKAGE in ('I00010300040','I00010300047','I00010101843','I00010101844','I00010111843','I00010111844','I00010700443','I00010700444','I00010100443','I00010100444')
        and fm.EFF_TYPE=0
        and fm.END_DATE  <![CDATA[ > ]]> (SYSDATE-1)
		and decode(fm.QUIT_DATE,null,to_char(sysdate,'YYYY-MM'),to_char(fm.QUIT_DATE,'YYYY-MM'))<![CDATA[ >= ]]>to_char(sysdate,'YYYY-MM')
   		and to_char(fm.EFF_DATE,'YYYY-MM')<![CDATA[ < ]]>to_char(sysdate,'YYYY-MM')
		and mp.LIFE_CYCLE='NORMAL'
         <if test="msisdn !=null and msisdn !=''">
            and fm.msisdn=#{msisdn}
        </if>
        group by fm.product_code,fm.package_code,fm.msisdn
    </select>
  	<select id="isExitPersonMAC" resultType="Long">

    select
        count(1)
        from FLUX_POOL_MEM fm,(select * from NUM_ROUTE where EC_MAIN_PROD_ID is  null) mp
        where
        fm.msisdn = mp.msisdn
        and mp.state='ENABLED'
        and fm.POOL_PACKAGE in ('I00010300040', 'I00010300047','I00010101843','I00010101844','I00010111843','I00010111844','I00010700443','I00010700444','I00010100443','I00010100444')
        and fm.EFF_TYPE=0
        and fm.END_DATE  <![CDATA[ > ]]> (SYSDATE-1)
		and decode(fm.QUIT_DATE,null,to_char(sysdate,'YYYY-MM'),to_char(fm.QUIT_DATE,'YYYY-MM'))<![CDATA[ >= ]]>to_char(sysdate,'YYYY-MM')
   		and to_char(fm.EFF_DATE,'YYYY-MM')<![CDATA[ < ]]>to_char(sysdate,'YYYY-MM')

		and not exists(

		SELECT 1 FROM MAC_PRI_PKG mpp
              WHERE  mpp.msisdn=fm.msisdn
                     and  mpp.state = 'ENABLED'
              AND exists(select 1 from atomic_products ap where ap.pkg_type='PKG_TYPE_TEST' and ap.package_code=mpp.package_code)
              AND mpp.start_date  <![CDATA[ < ]]> SYSDATE
              AND mpp.end_date <![CDATA[ > ]]> SYSDATE

             UNION

              SELECT 1 FROM MAC_FUNC_PKG mpp1
              WHERE   mpp1.msisdn=fm.msisdn
                     and   mpp1.state = 'ENABLED'
              AND exists(select 1 from atomic_products ap where ap.pkg_type='PKG_TYPE_TEST' and ap.package_code=mpp1.package_code)
              AND mpp1.start_date  <![CDATA[ < ]]> SYSDATE
              AND mpp1.end_date  <![CDATA[ > ]]> SYSDATE

                UNION

              SELECT 1 FROM MAC_OTH_PKG mpp2
              WHERE   mpp2.msisdn=fm.msisdn
                     and     mpp2.state = 'ENABLED'
              AND exists(select 1 from atomic_products ap where ap.pkg_type='PKG_TYPE_TEST' and ap.package_code=mpp2.package_code)
              AND mpp2.start_date  <![CDATA[ < ]]> SYSDATE
              AND mpp2.end_date  <![CDATA[ > ]]> SYSDATE


							)
        <if test="msisdn !=null and msisdn !=''">
            and fm.msisdn=#{msisdn}
        </if>

    </select>

    <!-- 查询这个池里的第一个号码 -->
    <select id="getsharetoonemsisdn" resultType="String">
    	SELECT MSISDN FROM FLUX_POOL_MEM_SNAPSHOOT WHERE
    	STAT_MONTH = TO_CHAR(SYSDATE,'YYYY-MM')
    	<if test="groupCode !=null and groupCode !=''">
    	AND EC_CODE = #{groupCode}
    	</if>
    	<if test="prdCode !=null and prdCode !=''">
    	AND PRODUCT_CODE = #{prdCode}
    	</if>
    	AND ROWNUM=1
    </select>

    <select id="isExitPerson9105" resultType="Long">

    select
        count(1)
        from FLUX_POOL_MEM fm,(select * from NUM_ROUTE where EC_MAIN_PROD_ID is  null) mp
        where
        fm.msisdn = mp.msisdn
        and mp.state='ENABLED'
        and fm.POOL_PACKAGE in ('I00010300040','I00010300047','I00010101843','I00010101844','I00010111843','I00010111844','I00010700443','I00010700444','I00010100443','I00010100444')
        and fm.EFF_TYPE=0
        and fm.END_DATE  <![CDATA[ > ]]> (SYSDATE-1)
		and decode(fm.QUIT_DATE,null,to_char(sysdate,'YYYY-MM'),to_char(fm.QUIT_DATE,'YYYY-MM'))<![CDATA[ >= ]]>to_char(sysdate,'YYYY-MM')
   		and to_char(fm.EFF_DATE,'YYYY-MM')<![CDATA[ < ]]>to_char(sysdate,'YYYY-MM')

		and not exists(

		SELECT 1 FROM PRI_PKG_9105 mpp
              WHERE  mpp.msisdn=fm.msisdn
                     and  mpp.state = 'ENABLED'
              AND exists(select 1 from atomic_products ap where ap.pkg_type='PKG_TYPE_TEST' and ap.package_code=mpp.package_code)
              AND mpp.start_date  <![CDATA[ < ]]> SYSDATE
              AND mpp.end_date <![CDATA[ > ]]> SYSDATE

             UNION

              SELECT 1 FROM FUNC_PKG_9105 mpp1
              WHERE   mpp1.msisdn=fm.msisdn
                     and   mpp1.state = 'ENABLED'
              AND exists(select 1 from atomic_products ap where ap.pkg_type='PKG_TYPE_TEST' and ap.package_code=mpp1.package_code)
              AND mpp1.start_date  <![CDATA[ < ]]> SYSDATE
              AND mpp1.end_date  <![CDATA[ > ]]> SYSDATE

                UNION

              SELECT 1 FROM OTH_PKG_9105 mpp2
              WHERE   mpp2.msisdn=fm.msisdn
                     and     mpp2.state = 'ENABLED'
              AND exists(select 1 from atomic_products ap where ap.pkg_type='PKG_TYPE_TEST' and ap.package_code=mpp2.package_code)
              AND mpp2.start_date  <![CDATA[ < ]]> SYSDATE
              AND mpp2.end_date  <![CDATA[ > ]]> SYSDATE


							)
        <if test="msisdn !=null and msisdn !=''">
            and fm.msisdn=#{msisdn}
        </if>

    </select>
    <select id="isExitPersonNB" resultType="Long">

    select
        count(1)
        from FLUX_POOL_MEM fm,(select * from NUM_ROUTE where EC_MAIN_PROD_ID is  null) mp
        where
        fm.msisdn = mp.msisdn
        and mp.state='ENABLED'
        and fm.POOL_PACKAGE in ('I00010300040','I00010300047','I00010101843','I00010101844','I00010111843','I00010111844','I00010700443','I00010700444','I00010100443','I00010100444')
        and fm.EFF_TYPE=0
        and fm.END_DATE  <![CDATA[ > ]]> (SYSDATE-1)
		and decode(fm.QUIT_DATE,null,to_char(sysdate,'YYYY-MM'),to_char(fm.QUIT_DATE,'YYYY-MM'))<![CDATA[ >= ]]>to_char(sysdate,'YYYY-MM')
   		and to_char(fm.EFF_DATE,'YYYY-MM')<![CDATA[ < ]]>to_char(sysdate,'YYYY-MM')

		and not exists(

		SELECT 1 FROM NB_PRI_PKG mpp
              WHERE  mpp.msisdn=fm.msisdn
                     and  mpp.state = 'ENABLED'
              AND exists(select 1 from atomic_products ap where ap.pkg_type='PKG_TYPE_TEST' and ap.package_code=mpp.package_code)
              AND mpp.start_date  <![CDATA[ < ]]> SYSDATE
              AND mpp.end_date <![CDATA[ > ]]> SYSDATE

             UNION

              SELECT 1 FROM NB_FUNC_PKG mpp1
              WHERE   mpp1.msisdn=fm.msisdn
                     and   mpp1.state = 'ENABLED'
              AND exists(select 1 from atomic_products ap where ap.pkg_type='PKG_TYPE_TEST' and ap.package_code=mpp1.package_code)
              AND mpp1.start_date  <![CDATA[ < ]]> SYSDATE
              AND mpp1.end_date  <![CDATA[ > ]]> SYSDATE

                UNION

              SELECT 1 FROM NB_OTH_PKG mpp2
              WHERE   mpp2.msisdn=fm.msisdn
                     and     mpp2.state = 'ENABLED'
              AND exists(select 1 from atomic_products ap where ap.pkg_type='PKG_TYPE_TEST' and ap.package_code=mpp2.package_code)
              AND mpp2.start_date  <![CDATA[ < ]]> SYSDATE
              AND mpp2.end_date  <![CDATA[ > ]]> SYSDATE


							)
        <if test="msisdn !=null and msisdn !=''">
            and fm.msisdn=#{msisdn}
        </if>

    </select>

    <select id="isExitPersonIOV" resultType="Long">

    select
        count(1)
        from FLUX_POOL_MEM fm,(select * from NUM_ROUTE where EC_MAIN_PROD_ID is  null) mp
        where
        fm.msisdn = mp.msisdn
        and mp.state='ENABLED'
        and fm.POOL_PACKAGE in ('I00010300040', 'I00010300047','I00010101843','I00010101844','I00010111843','I00010111844','I00010700443','I00010700444','I00010100443','I00010100444')
        and fm.EFF_TYPE=0
        and fm.END_DATE  <![CDATA[ > ]]> (SYSDATE-1)
		and decode(fm.QUIT_DATE,null,to_char(sysdate,'YYYY-MM'),to_char(fm.QUIT_DATE,'YYYY-MM'))<![CDATA[ >= ]]>to_char(sysdate,'YYYY-MM')
   		and to_char(fm.EFF_DATE,'YYYY-MM')<![CDATA[ < ]]>to_char(sysdate,'YYYY-MM')

		and not exists(

		SELECT 1 FROM IOV_PRI_PKG mpp
              WHERE  mpp.msisdn=fm.msisdn
                     and  mpp.state = 'ENABLED'
              AND exists(select 1 from atomic_products ap where ap.pkg_type='PKG_TYPE_TEST' and ap.package_code=mpp.package_code)
              AND mpp.start_date  <![CDATA[ < ]]> SYSDATE
              AND mpp.end_date <![CDATA[ > ]]> SYSDATE

             UNION

              SELECT 1 FROM IOV_FUNC_PKG mpp1
              WHERE   mpp1.msisdn=fm.msisdn
                     and   mpp1.state = 'ENABLED'
              AND exists(select 1 from atomic_products ap where ap.pkg_type='PKG_TYPE_TEST' and ap.package_code=mpp1.package_code)
              AND mpp1.start_date  <![CDATA[ < ]]> SYSDATE
              AND mpp1.end_date  <![CDATA[ > ]]> SYSDATE

                UNION

              SELECT 1 FROM IOV_OTH_PKG mpp2
              WHERE   mpp2.msisdn=fm.msisdn
                     and     mpp2.state = 'ENABLED'
              AND exists(select 1 from atomic_products ap where ap.pkg_type='PKG_TYPE_TEST' and ap.package_code=mpp2.package_code)
              AND mpp2.start_date  <![CDATA[ < ]]> SYSDATE
              AND mpp2.end_date  <![CDATA[ > ]]> SYSDATE


							)
        <if test="msisdn !=null and msisdn !=''">
            and fm.msisdn=#{msisdn}
        </if>

    </select>

    <!-- 获取号码40，45，46，47，48流量套餐 -->
    <select id="queryShareMemByMsisdn" resultType="com.openapi3.entity.ShareInfoEntity">
        select DISTINCT fm.APN_NAME apnName,fm.POOL_PACKAGE poolPkg
        from FLUX_POOL_MEM fm
        where 1=1 and fm.msisdn=#{msisdn}
        and fm.START_DATE  <![CDATA[ < ]]> sysdate
        and fm.END_DATE  <![CDATA[ > ]]> trunc(sysdate, 'mm')
        and fm.EFF_TYPE=0
        and fm.EFF_DATE<![CDATA[ > ]]>trunc(sysdate, 'mm')
        and fm.POOL_PACKAGE in ('I00010300040','I00010300045','I00010300046','I00010300047','I00010300048','I00010101843','I00010101844','I00010111843','I00010111844')
    </select>

     <!-- 获取流量池套餐信息 -->
    <select id="queryPoolPkgByMisisdn" parameterType="java.util.Map" resultType="java.lang.String">
	    select DISTINCT fm.POOL_PACKAGE poolPkg
	        from FLUX_POOL_MEM fm
	        where 1=1 and fm.msisdn=#{msisdn}
	        and fm.START_DATE  <![CDATA[ < ]]> sysdate
	        and fm.END_DATE  <![CDATA[ > ]]> sysdate
	        and fm.EFF_TYPE=0
	        and fm.EFF_DATE<![CDATA[ < ]]>sysdate
    </select>
    
    <select id="EcShareFlowPrd2" resultType="com.openapi3.entity.ShareInfoEntity">
		SELECT
			DISTINCT fm.product_code AS prdCode,
			fm.package_code AS pkgCode,
			ap.package_name as pkgName,
			decode(fm.APN_NAME,'0','APN',fm.APN_NAME) AS apnName,
			ap.UNIT_VALUE as unitValue
		FROM
			flux_pool_mem fm
			left join ATOMIC_PRODUCTS ap on fm.package_code = ap.package_code
		WHERE
			1 = 1
			AND fm.eff_type = 0
			and fm.start_date <![CDATA[ <= ]]> sysdate
    		and fm.end_date <![CDATA[ > ]]> sysdate
    		and fm.POOL_PACKAGE in ('I00010300040', 'I00010300047','I00010101843','I00010101844','I00010111843','I00010111844','I00010700443','I00010700444','I00010100443','I00010100444')
    		and trunc(sysdate, 'mm')<![CDATA[ < ]]> decode(fm.QUIT_DATE,null,sysdate,fm.QUIT_DATE)
				<if test="groupCode !=null and groupCode !=''">
		            and fm.ec_code=#{groupCode}
		        </if>
		        <if test="prdCode !=null and prdCode !=''">
		            and fm.PRODUCT_CODE = #{prdCode}
		        </if>
		        <if test="apnName != null and apnName != ''">
		        	and decode(fm.APN_NAME,'0','APN',fm.APN_NAME) = #{apnName}
		        </if>
		        <if test="msisdn != null and msisdn != ''">
		        	and fm.msisdn = #{msisdn}
		        </if>
    </select>
    
    <!-- 查询这个池里的第一个号码 -->
    <select id="getsharetoonemsisdn2" resultType="String">
		SELECT MSISDN FROM (
			SELECT fm.MSISDN FROM FLUX_POOL_MEM fm
		    	where fm.eff_type = 0
		    	and fm.end_date <![CDATA[ > ]]> sysdate
		    	and trunc(sysdate, 'mm')<![CDATA[ < ]]> decode(fm.QUIT_DATE,null,sysdate,fm.QUIT_DATE)
		    	<if test="groupCode !=null and groupCode !=''">
		    	AND fm.EC_CODE = #{groupCode}
		    	</if>
		    	<if test="prdCode !=null and prdCode !=''">
		    	AND fm.PRODUCT_CODE = #{prdCode}
		    	</if>
		    	<if test="pkgCode !=null and pkgCode !=''">
		    	AND fm.PACKAGE_CODE = #{pkgCode}
		    	</if>
		    	<if test="apnName != null and apnName != ''">
		    	AND decode(fm.APN_NAME,'0','APN',fm.APN_NAME) = #{apnName}
		    	</if>
		    	) WHERE ROWNUM=1
    </select>
    
    <select id="querySharePoolExt" resultType="java.lang.Integer">
    	select count(1) from PRO_MEMBER_OPTIONAL_PKG 
    	where ec_code = #{groupCode} 
    	and product_code = #{prdCode} 
    	<!-- and apn_name = #{apnName}  -->
    	and package_code = #{poolPkgExt}
    	and state = 'ENABLED'
    	and start_date <![CDATA[ < ]]> sysdate
    	and end_date <![CDATA[ > ]]> sysdate
    </select>
</mapper>