<?xml version="1.0" encoding="UTF-8" ?>
<!DOCTYPE mapper
        PUBLIC "-//mybatis.org//DTD Mapper 3.0//EN"
        "http://mybatis.org/dtd/mybatis-3-mapper.dtd">

<mapper namespace="shareInfo">
	

<!--  建议：语句改造，但暂未发现性能问题-->
	<select id="shareInfo"  resultType="com.openapi3.msg.shareinfoquery.ShareInfo">
		select  b.product_code as prdCode,
            '' as apnName,
        '' as useCount, 
        '' as memCount,
        a.package_name as pkgName,
        a.unit_value as unitValue,
        b.COMMON_PACKAGE_CODE as pkgCode
          from FLUX_POOL_MEM_SHARE b,atomic_products a
           where 1=1
                   and b.STAT_MONTH = to_char(sysdate, 'yyyy-mm')
                   and a.PACKAGE_CODE = b.COMMON_PACKAGE_CODE
        <if test="groupCode !=null and groupCode !=''">
            and b.ec_code=#{groupCode}
        </if>
        <if test="prdCode !=null and prdCode !=''">
            and b.PRODUCT_CODE = #{prdCode}
        </if>
        <!-- union
        select  b.product_code as prdCode,
            '' as apnName,
        b.SPECIAL_COMP_MEMBER_COUNT as useCount, 
        b.SPECIAL_COMP_MEMBER_COUNT as memCount,
     	a.package_name as pkgName,
        b.SPECIAL_PACKAGE_CODE as pkgCode
		  from FLUX_POOL_MEM_SHARE b,atomic_products a
		   where 1=1
				   and b.STAT_MONTH = to_char(sysdate, 'yyyy-mm')
				   and a.PACKAGE_CODE = b.SPECIAL_PACKAGE_CODE
        <if test="groupCode !=null and groupCode !=''">
            and b.ec_code=#{groupCode}
        </if>
        <if test="prdCode !=null and prdCode !=''">
            and b.PRODUCT_CODE = #{prdCode}
        </if> -->
        
    </select>
    
   <select id="getpackCodeunitValue" resultType="String">
    		select UNIT_VALUE from atomic_products where PACKAGE_CODE=#{pkgCode}
    </select>
    
       <select id="getpackCodeInfo" resultType="java.util.Map">
    		select PACKAGE_CODE,PACKAGE_NAME,AMOUNT,UNIT_VALUE,PKG_TYPE,PKG_CATEGORY,BUS_CATEGORY,RELEASE from atomic_products where PACKAGE_CODE=#{pkgCode}
    </select>
    
   <select id="getpackCodeInfoByMsisdn" resultType="java.util.Map">
   			select * from (
   				SELECT
					ap.PACKAGE_CODE,
					ap.PACKAGE_NAME,
					ap.AMOUNT,
					ap.UNIT_VALUE,
					ap.PKG_TYPE,
					ap.PKG_CATEGORY,
					ap.BUS_CATEGORY,
					ap.RELEASE
				FROM
					${priTable} mpp
				LEFT JOIN atomic_products ap ON
					ap.PACKAGE_CODE = mpp.PACKAGE_CODE
				WHERE
					mpp.MSISDN = #{msisdn}
					AND ap.PACKAGE_CODE IN ('prod.10086000013088',
					'prod.10086000013089',
					'prod.10086000013090')
					order by mpp.start_date
				) where rownum =1
    			
    </select>
    
    <!-- 查询流量池使用成员数 -->
    <select id="getusemember" resultType="com.openapi3.msg.shareinfoquery.Usemember">
        select fm.product_code as prdCode, count(distinct fm.msisdn) as useCount,fm.PACKAGE_CODE as pkgCode
           from (select distinct msisdn,EFF_TYPE,product_code,PACKAGE_CODE from FLUX_POOL_MEM 
               where ec_code = #{groupCode} and EFF_TYPE ='0' 
               <if test="prdCode !=null and prdCode !=''">
                   and PRODUCT_CODE = #{prdCode}
               </if>
               and  product_code in (SELECT fk.PRODUCT_CODE FROM PRO_MEMBER_OPTIONAL_PKG fk WHERE  fk.EC_CODE=#{groupCode} 
               AND fk.PACKAGE_CODE in ('I00010300040','I00010300047','I00010101843','I00010101844','I00010111843','I00010111844','I00010700443','I00010700444','I00010100443','I00010100444')
               )
           ) fm
           group by fm.product_code,fm.PACKAGE_CODE
    </select>
    
    <select id="getusemember2" resultType="java.lang.Integer">
	    SELECT count(distinct fm.msisdn) as cnt FROM FLUX_POOL_MEM fm 
			    	where fm.eff_type = 0 
			    	and fm.end_date <![CDATA[ > ]]> sysdate
			    	and trunc(sysdate, 'mm')<![CDATA[ < ]]> decode(fm.QUIT_DATE,null,sysdate,fm.QUIT_DATE)
			    	<if test="groupCode !=null and groupCode !=''">
			    	AND fm.EC_CODE = #{groupCode}
			    	</if>
			    	<if test="prdCode !=null and prdCode !=''">
			    	AND fm.PRODUCT_CODE = #{prdCode}
			    	</if>
			    	<if test="pkgCode !=null and pkgCode !=''">
			    	AND fm.PACKAGE_CODE = #{pkgCode}
			    	</if>
			    	<if test="apnName != null and apnName != ''">
			    	AND decode(fm.APN_NAME,'0','APN',fm.APN_NAME) = #{apnName}
			    	</if>
        
    </select>
    
  	    <!-- 建议：改写为表关联，测试库数据量不足，无法测试性能问题。 -->
     <select id="sharememberPrd"  resultType="com.openapi3.entity.ShareInfoEntity">
     
   	  select
        fm.product_code as prdCode,
        '流量共享产品（月包模式）可选产品' as prdName,
        '' as apnName,
        nvl(fm.SPECIAL_PACKAGE_CODE,fm.COMMON_PACKAGE_CODE) as pkgCode,
        ap.package_name as pkgName,
        fm.COMP_MEMBER_COUNT as msisdnCount
        from FLUX_POOL_MEM_SHARE fm,atomic_products ap where 1=1
        and fm.STAT_MONTH=to_char(sysdate,'yyyy-mm')
        <if test="groupCode !=null and groupCode !=''">
            and fm.ec_code=#{groupCode}
        </if>
        <if test="prdCode !=null and prdCode !=''">
            and fm.PRODUCT_CODE = #{prdCode}
        </if>
        and ap.PACKAGE_CODE = nvl(fm.SPECIAL_PACKAGE_CODE, fm.COMMON_PACKAGE_CODE)
    </select>
     
  <select id="sharememberinfo" resultType="com.openapi3.msg.sharememberinfoquery.Member">
     select distinct
        fm.msisdn,                
        to_char(fm.EFF_DATE,'yyyy-MM-dd') as addDate,
        (select count(1)
        from FLUX_POOL_MEM_SNAPSHOOT fpms 
        WHERE 
        fpms.STAT_MONTH=to_char(sysdate,'yyyy-mm')
            and fpms.product_code=fm.product_code
            and fpms.ec_code=fm.ec_code
            and fpms.PACKAGE_CODE = fm.package_code
            and fpms.pool_package = fm.pool_package
            and fpms.SUBSPRODID = fm.SUBSPRODID
       	and  trunc(sysdate, 'mm') <![CDATA[ >= ]]> fpms.START_DATE
        and  trunc(sysdate, 'mm') <![CDATA[ < ]]> decode(fpms.QUIT_DATE,null,sysdate,fpms.QUIT_DATE)
        and trunc(sysdate, 'mm') <![CDATA[ >= ]]> fpms.EFF_DATE) as isPoolMem
        from FLUX_POOL_MEM fm 
        where fm.END_DATE  <![CDATA[ > ]]> sysdate          
		and fm.EFF_TYPE=0
		and fm.EFF_DATE <![CDATA[ < ]]> sysdate
		and trunc(sysdate, 'mm')<![CDATA[ < ]]> decode(fm.QUIT_DATE,null,sysdate,fm.QUIT_DATE)
        <if test="prdCode !=null and prdCode !=''">
            and fm.product_code=#{prdCode}
        </if>
          <if test="groupCode !=null and groupCode !=''">
            and fm.ec_code=#{groupCode}
        </if>
        <if test="pkgCode !=null and pkgCode !=''">
            and fm.PACKAGE_CODE = #{pkgCode}
        </if>
    </select>  
    
    <select id="testpkg" resultType="String">
		select package_code from atomic_products where pkg_type='PKG_TYPE_TEST'
	</select>
    
   <!-- 根据客户填入的产品编码找到对应的集团主体产品编码和服务编码 -->
    <select id="groupMainProductServiceCode" resultType="java.util.Map">
       select pkg.PACKAGE_CODE as PKGCODE, ato.SERVICE_CODE as SERVICEID from  PRO_MEMBER_OPTIONAL_PKG pkg
           , product_suites ato where ato.product_code= substr(pkg.package_code, (CASE when pkg.package_code LIKE 'AppendAttr%' then '12' ELSE '1' end))
            and pkg.PRODUCT_CODE=#{prdCode} and pkg.state='ENABLED'  and ato.TYPE=0 and pkg.ec_code = #{groupCode}
    </select>
    <!-- 号码去找产品编码和集团 -->
     <select id="queryProductCode" resultType="java.util.Map">
       SELECT MI.PRODUCT_CODE as productCode,EC_CODE as ECCODE FROM ${typename} MI WHERE MI.STATE = 'ENABLED'
       and MI.msisdn = #{msisdn}
    </select>
    <!--判断号码是否已存在于流量共享池中  -->
    <select id="trafficInTheSharedPool" parameterType="java.util.HashMap" resultType="java.util.HashMap">
     select PACKAGE_CODE,to_char(QUIT_DATE, 'yyyy-mm') QUIT_DATE from flux_pool_mem where ec_code=#{groupCode} and PRODUCT_CODE=#{prdCode} and MSISDN=#{msisdn}
      AND EFF_TYPE=0 and (to_char(QUIT_DATE, 'yyyy-mm') = to_char(sysdate, 'yyyy-mm') OR QUIT_DATE IS NULL)
    </select>
    <!-- 获取池组套餐信息和池组40和47 -->
    <select id="getbatteryApnname" parameterType="java.util.HashMap" resultType="java.util.HashMap">
    select DISTINCT product_code,package_code,apn_name from flux_pool_mem fm where 1=1 and eff_type = 0
		<if test="groupCode !=null and groupCode !=''">
            and fm.ec_code=#{groupCode}
        </if>
        <if test="prdCode !=null and prdCode !=''">
            and fm.PRODUCT_CODE = #{prdCode}
        </if>
        <if test="apnName != null and apnName != ''">
        	and fm.APN_NAME = #{apnName}
        </if>
         and fm.POOL_PACKAGE in ('I00010300040','I00010300047','I00010101843','I00010101844','I00010111843','I00010111844','I00010700443','I00010700444','I00010100443','I00010100444')
    <!-- select t.apn_name,t.pool_package,t.PACKAGE_CODE  from (
		 select func.APN_NAME,func.EC_CODE,pool.pool_package,pool.PACKAGE_CODE from MAC_PRI_PKG func INNER JOIN (
	        select PACKAGE_CODE,MSISDN,pool_package from FLUX_POOL_MEM where 
	             (to_char(QUIT_DATE, 'yyyy-mm') = to_char(sysdate, 'yyyy-mm') OR QUIT_DATE IS NULL)
	             and pool_package in ('I00010300040','I00010300047')
	            <if test="prdCode !=null and prdCode !=''">
	               and product_code = #{prdCode}
	            </if>
	            <if test="groupCode !=null and groupCode !=''">
	               and ec_code=#{groupCode}
	            </if>
	            and rownum=1
	    ) pool ON func.MSISDN = pool.MSISDN
	    WHERE func.STATE='ENABLED' AND func.PACKAGE_CODE = pool.PACKAGE_CODE
	    UNION   
	    select func.APN_NAME,func.EC_CODE,pool.pool_package,pool.PACKAGE_CODE from IOV_PRI_PKG func INNER JOIN (
	        select PACKAGE_CODE,MSISDN,pool_package from FLUX_POOL_MEM where 
	            (to_char(QUIT_DATE, 'yyyy-mm') = to_char(sysdate, 'yyyy-mm') OR QUIT_DATE IS NULL)
                and pool_package in ('I00010300040','I00010300047')
                <if test="prdCode !=null and prdCode !=''">
                   and product_code = #{prdCode}
                </if>
                <if test="groupCode !=null and groupCode !=''">
                   and ec_code=#{groupCode}
                </if>
                and rownum=1
	    ) pool ON func.MSISDN = pool.MSISDN
	    WHERE func.STATE='ENABLED' AND func.PACKAGE_CODE = pool.PACKAGE_CODE
	    UNION
	    select func.APN_NAME,func.EC_CODE,pool.pool_package,pool.PACKAGE_CODE from NB_PRI_PKG func INNER JOIN (
	        select PACKAGE_CODE,MSISDN,pool_package  from FLUX_POOL_MEM where 
	             (to_char(QUIT_DATE, 'yyyy-mm') = to_char(sysdate, 'yyyy-mm') OR QUIT_DATE IS NULL)
                 and pool_package in ('I00010300040','I00010300047')
                <if test="prdCode !=null and prdCode !=''">
                   and product_code = #{prdCode}
                </if>
                <if test="groupCode !=null and groupCode !=''">
                   and ec_code=#{groupCode}
                </if>
                and rownum=1
	    ) pool ON func.MSISDN = pool.MSISDN
	    WHERE func.STATE='ENABLED' AND func.PACKAGE_CODE = pool.PACKAGE_CODE
    )t  where rownum=1 -->
    </select>
    <!-- 查找号码未退订的流量月包信息-->
	<select id="queryAllMonthPkgInfoByMsisdn" parameterType="java.util.HashMap" resultType="java.util.HashMap">
		SELECT mem.package_code PACKAGECODE, mem.CANSHARE,mem.APN_NAME
		FROM ${pageTableName}
		mem, ATOMIC_PRODUCTS ap
		WHERE mem.package_code=ap.package_code
		AND mem.state='ENABLED'
		AND ap.PKG_CATEGORY='PKG_CAT_BUSINESS'
		AND ap.BUS_CATEGORY='FLOW'
		AND ap.PKG_TYPE='PKG_TYPE_MONTH'
		AND mem.msisdn=#{msisdn}
	</select>
    
     <select id="findecCodeareaCode" resultType="java.lang.String">
    		SELECT b.AREA_CODE FROM EC_PROD e,ENTERPRISE_CUSTOMER a ,AREAS b WHERE e.EC_CODE=a.EC_CODE AND a.AREA_ID=b.AREA_ID AND e.PRODUCT_CODE=#{goupCode} AND rownum=1
    </select>
    
   <select id="findPrdCodePrdName" resultType="java.lang.String">
    		SELECT PRODUCT_NAME FROM PROD_SERV WHERE PRODUCT_CODE=#{productCode} AND rownum=1
    </select>
    
    <select id="findMsisdnProdcode"  parameterType="java.util.HashMap" resultType="java.lang.Long">
    	SELECT count(1) FROM JOIN_GROUP WHERE MSISDN=#{msisdn} AND EC_CODE=#{groupCode} AND  PRODUCT_CODE=#{prdCode}
    </select>
    
</mapper>