<?xml version="1.0" encoding="UTF-8" ?>
<!DOCTYPE mapper
        PUBLIC "-//mybatis.org//DTD Mapper 3.0//EN"
        "http://mybatis.org/dtd/mybatis-3-mapper.dtd">

<mapper namespace="SmsRouteInfo">

    <select id="getSmsRouteInfo" resultType="com.openapi3.entity.SmsRouteInfo">
        select 
          R.ROUTE_ID routeId,
          R.ROUTE_IP routeIp,
          R.ROUTE_PORT routePort,
          R.ENT_CODE entCode,
          R.ENT_NAME entName,
          R.STATE state,
          R.CREATE_TIME createTime,
          R.BEIY1 beiy1,
          R.BEIY2 beiy2
        from SMS_ROUTE_INFO R
        WHERE 1=1 
             <if test="groupCode !=null and groupCode !=''">
                 AND ENT_CODE =#{groupCode}                
            </if>
    </select>
    
    <insert id="insertSmsRouteInfo" parameterType="com.openapi3.entity.SmsRouteInfo">
        <selectKey keyProperty="routeId" order="BEFORE" resultType="java.lang.String">
            select SYS_GUID() as routeId from DUAL
        </selectKey>
        INSERT INTO SMS_ROUTE_INFO R(
          R.ROUTE_ID,
          R.ROUTE_IP,
          R.ROUTE_PORT,
          R.ENT_CODE,
          R.ENT_NAME,
          R.STATE,
          R.CREATE_TIME,
          R.BEIY1,
          R.BEIY2
        )VALUES (
          #{routeId,jdbcType=VARCHAR},
          #{routeIp,jdbcType=VARCHAR},
          #{routePort,jdbcType=VARCHAR},
          #{entCode,jdbcType=VARCHAR},
          #{entName,jdbcType=VARCHAR},
          #{state,jdbcType=CHAR},
          #{createTime,jdbcType=TIMESTAMP},
          #{beiy1,jdbcType=VARCHAR},
          #{beiy2,jdbcType=VARCHAR}
        )
    </insert>
</mapper>