<?xml version="1.0" encoding="UTF-8" ?>
<!DOCTYPE mapper
        PUBLIC "-//mybatis.org//DTD Mapper 3.0//EN"
        "http://mybatis.org/dtd/mybatis-3-mapper.dtd">

<mapper namespace="warningRule">

	<!-- 订购规则实体类映射 -->
	<resultMap type="com.openapi3.entity.PreApiAlarmRule" id="PreApiAlarmRuleMap">
		<id column="WARNING_NO" jdbcType="VARCHAR" property="warningNo" />
		<result column="WARNING_NAME" jdbcType="VARCHAR" property="warningName" />
		<result column="STATE" jdbcType="VARCHAR" property="state" />
		<result column="RATE" jdbcType="VARCHAR" property="rate" />
		<result column="UNIT_VLAUE" jdbcType="VARCHAR" property="unitVlaue" />
		<result column="WARNING_TYPE" jdbcType="VARCHAR" property="warningType" />
		<result column="WARNING_RULE" jdbcType="VARCHAR" property="warningRule" />
		<result column="EC_CODE" jdbcType="VARCHAR" property="ecCode" />
		<result column="MSISDN" jdbcType="VARCHAR" property="msisdn" />
		<result column="SERVICE_ID" jdbcType="VARCHAR" property="serviceId" />
		<result column="NOTICE_TYPE" jdbcType="VARCHAR" property="noticeType" />
		<result column="MAIL_ADDRESS" jdbcType="VARCHAR" property="mailAddress" />
		<result column="MAIL_CONTENT" jdbcType="VARCHAR" property="mailContent" />
		<result column="ACCEPT_NUMBER" jdbcType="VARCHAR" property="acceptNumber" />
		<result column="ACCEPT_CONTENT" jdbcType="VARCHAR" property="acceptContent" />
		<result column="APN_NAME" jdbcType="VARCHAR" property="apnName" />
		<result column="CREATE_DATE" jdbcType="DATE" property="createDate" />
		<result column="WARNING_FUNC_TYPE" jdbcType="VARCHAR" property="warningFuncType" />
		<result column="PROD_CODE" jdbcType="VARCHAR" property="prodCode" />
	</resultMap>

	<!-- 订购规则实体类映射 -->
	<resultMap type="com.openapi3.entity.WarningStat" id="WarningStatMap">
		<result column="WARNING_NO" jdbcType="VARCHAR" property="id" />
		<result column="WARNING_NAME" jdbcType="VARCHAR" property="alarmName" />
		<result column="STATE" jdbcType="VARCHAR" property="state" />
		<result column="RATE" jdbcType="VARCHAR" property="rate" />
		<result column="UNIT_VLAUE" jdbcType="INTEGER" property="unitVlaue" />
		<result column="WARNING_TYPE" jdbcType="VARCHAR" property="alarmType" />
		<result column="WARNING_RULE" jdbcType="VARCHAR" property="ruleType" />
		<result column="EC_CODE" jdbcType="VARCHAR" property="ecCode" />
		<result column="MSISDN" jdbcType="VARCHAR" property="msisdn" />
		<result column="SERVICE_ID" jdbcType="VARCHAR" property="serviceId" />
		<result column="NOTICE_TYPE" jdbcType="VARCHAR" property="noticeType" />
		<result column="MAIL_ADDRESS" jdbcType="VARCHAR" property="mailAddress" />
		<result column="MAIL_CONTENT" jdbcType="VARCHAR" property="mailContent" />
		<result column="ACCEPT_NUMBER" jdbcType="VARCHAR" property="acceptNumber" />
		<result column="ACCEPT_CONTENT" jdbcType="VARCHAR" property="acceptContent" />
		<result column="APN_NAME" jdbcType="VARCHAR" property="apnName" />
		<result column="CREATE_DATE" jdbcType="TIMESTAMP" property="createTime" />
		<result column="PROD_CODE" jdbcType="VARCHAR" property="prodCode" />
	</resultMap>
	
	<!-- 订购规则实体类映射 -->
	<resultMap type="com.openapi3.entity.WarningStat" id="WarningStatMapNew">
		<result column="ID" jdbcType="VARCHAR" property="id" />
		<result column="PRE_ALARM_NAME" jdbcType="VARCHAR" property="alarmName" />
		<result column="STATE" jdbcType="VARCHAR" property="state" />
		<result column="EC_CODE" jdbcType="VARCHAR" property="ecCode" />
		<result column="MSISDN" jdbcType="VARCHAR" property="msisdn" />
		<result column="NOTICE_TYPE" jdbcType="VARCHAR" property="noticeType" />
		<result column="MAIL_ADDRESS" jdbcType="VARCHAR" property="mailAddress" />
		<result column="MAIL_CONTENT" jdbcType="VARCHAR" property="mailContent" />
		<result column="ACCEPT_NUMBER" jdbcType="VARCHAR" property="acceptNumber" />
		<result column="ACCEPT_CONTENT" jdbcType="VARCHAR" property="acceptContent" />
		<result column="CREATE_TIME" jdbcType="TIMESTAMP" property="createTime" />
		<result column="BOOT_CHG" jdbcType="VARCHAR" property="bootChg" />
		<result column="RANG_TYPE" jdbcType="VARCHAR" property="rangType" />
	</resultMap>


	<!-- 新增预警规则 -->
	<insert id="insertWarningRule"  useGeneratedKeys="false"
		keyProperty="id" parameterType="com.openapi3.entity.PreApiAlarmRule">
		INSERT INTO PRE_API_ALARM_RULE(
		WARNING_NO,
		WARNING_NAME,
		STATE,
		RATE,
		UNIT_VLAUE,
		WARNING_TYPE,
		WARNING_RULE,
		EC_CODE,
		<if test="msisdn!=null">
		MSISDN,
		</if>
		SERVICE_ID,
		NOTICE_TYPE,
		MAIL_ADDRESS,
		MAIL_CONTENT,
		ACCEPT_NUMBER,
		ACCEPT_CONTENT,
		APN_NAME,
		<if test="prodCode!=null">
			PROD_CODE,
		</if>
		<!-- CREATE_DATE, -->
		WARNING_FUNC_TYPE
		)
		VALUES(
		#{warningNo,jdbcType=VARCHAR},
		#{warningName,jdbcType=VARCHAR},
		#{state,jdbcType=VARCHAR},
		#{rate,jdbcType=VARCHAR},
		#{unitVlaue,jdbcType=VARCHAR},
		#{warningType,jdbcType=VARCHAR},
		#{warningRule,jdbcType=VARCHAR},
		#{ecCode,jdbcType=VARCHAR},
		<if test="msisdn!=null">
		#{msisdn,jdbcType=VARCHAR},
		</if>
		#{serviceId,jdbcType=VARCHAR},
		#{noticeType,jdbcType=VARCHAR},
		#{mailAddress,jdbcType=VARCHAR},
		#{mailContent,jdbcType=VARCHAR},
		#{acceptNumber,jdbcType=VARCHAR},
		#{acceptContent,jdbcType=VARCHAR},
		#{apnName,jdbcType=VARCHAR},
		<if test="prodCode!=null">
			#{prodCode,jdbcType=VARCHAR},
		</if>
		<!--  #{createDate,jdbcType=TIMESTAMP},-->
		#{warningFuncType,jdbcType=VARCHAR}
		)
	</insert>

	<delete id="deleteWarning" parameterType="String">
		delete
		PRE_API_ALARM_RULE
		where WARNING_NO=#{warnigNo}
	</delete>

	<!-- 更新规则为禁用 -->
	<update id="updateStateByWarningNo" parameterType="String">
		UPDATE
		PRE_API_ALARM_RULE
		SET STATE='DISABLED'
		WHERE WARNING_NO = #{warningNo}
	</update>

	<!-- 更新规则预警值 -->
	<update id="updateUnitVlaueByWarningNo" parameterType="String">
		UPDATE
		PRE_API_ALARM_RULE
		SET UNIT_VLAUE=#{unitVlaue}
		WHERE WARNING_NO = #{warningNo}
	</update>

	<!-- 集团获取所有号码 -->
	<select id="groupSearchNumber" parameterType="java.util.Map"
		resultType="java.lang.String">
		select msisdn from M2M_PERSON where
		ec_code=#{ecCode}
	</select>

	<!-- 获取订购相关套餐的apnName -->
	<select id="subscriptionApnName" parameterType="java.util.HashMap"
		resultType="java.util.HashMap">
		select apn_name APN_NAME,package_code PACKAGE_CODE from MAC_FUNC_PKG
		where 1=1
		and msisdn=#{msisdn}
		<if test="packageCode!=null">
			and package_code=#{packageCode}
		</if>
		<if test="packcodeArr!=null">
			and package_code in
			<foreach item="type" collection="packcodeArr" open="("
				separator=" , " close=")">
				#{type}
			</foreach>
		</if>
		and STATE='ENABLED'
		UNION
		select apn_name APN_NAME,package_code
		PACKAGE_CODE from FUNC_PKG_9105 where
		1=1
		and msisdn=#{msisdn}
		<if test="packageCode!=null">
			and package_code=#{packageCode}
		</if>
		<if test="packcodeArr!=null">
			and package_code in
			<foreach item="type" collection="packcodeArr" open="("
				separator=" , " close=")">
				#{type}
			</foreach>
		</if>
		and STATE='ENABLED'
		UNION
		select apn_name APN_NAME,package_code
		PACKAGE_CODE from NB_FUNC_PKG where
		1=1
		and msisdn=#{msisdn}
		<if test="packageCode!=null">
			and package_code=#{packageCode}
		</if>
		<if test="packcodeArr!=null">
			and package_code in
			<foreach item="type" collection="packcodeArr" open="("
				separator=" , " close=")">
				#{type}
			</foreach>
		</if>
		and STATE='ENABLED'
		UNION
		select apn_name APN_NAME,package_code
		PACKAGE_CODE from IOV_FUNC_PKG where
		1=1
		and msisdn=#{msisdn}
		<if test="packageCode!=null">
			and package_code=#{packageCode}
		</if>
		<if test="packcodeArr!=null">
			and package_code in
			<foreach item="type" collection="packcodeArr" open="("
				separator=" , " close=")">
				#{type}
			</foreach>
		</if>
		and STATE='ENABLED'
	</select>
	<!-- apnName状态 java.lang.String -->
	<select id="apnNameState" parameterType="java.util.HashMap"
		resultType="java.lang.String">
		select status
		from MAC_CONNECT_INFO
		where msisdn = #{msisdn}
		and
		PACKAGE_CODE in
		('I00010100035','I00010100085','I00010100092','I00010100093','I00011100008')
		<if test="apnName!=null">
			and apn_name = #{apnName}
		</if>
		UNION
		select status
		from CONNECT_INFO_9105
		where msisdn = #{msisdn}
		and
		PACKAGE_CODE in
		('I00010100035','I00010100085','I00010100092','I00010100093','I00011100008')
		UNION
		select status
		from NB_CONNECT_INFO
		where msisdn = #{msisdn}
		and
		PACKAGE_CODE in
		('I00010100035','I00010100085','I00010100092','I00010100093','I00011100008')
		<if test="apnName!=null">
			and apn_name = #{apnName}
		</if>
		UNION
		select status
		from IOV_CONNECT_INFO
		where msisdn = #{msisdn}
		and
		PACKAGE_CODE in
		('I00010100035','I00010100085','I00010100092','I00010100093','I00011100008')
		<if test="apnName!=null">
			and apn_name = #{apnName}
		</if>
	</select>
	<!-- apnName状态 java.lang.String -->
	<select id="strategyApnNameState" parameterType="java.util.HashMap"
		resultType="java.lang.String">
		select status
		from MAC_CONNECT_INFO
		where msisdn = #{msisdn}
		and
		PACKAGE_CODE in
		('PCRF00010100035','PCRF00010100085','PCRF00010100092','PCRF00010100093')
		<if test="apnName!=null">
			and apn_name = #{apnName}
		</if>
		UNION
		select status
		from CONNECT_INFO_9105
		where msisdn = #{msisdn}
		and
		PACKAGE_CODE in
		('PCRF00010100035','PCRF00010100085','PCRF00010100092','PCRF00010100093')
		UNION
		select status
		from NB_CONNECT_INFO
		where msisdn = #{msisdn}
		and
		PACKAGE_CODE in
		('PCRF00010100035','PCRF00010100085','PCRF00010100092','PCRF00010100093')
		<if test="apnName!=null">
			and apn_name = #{apnName}
		</if>
		UNION
		select status
		from IOV_CONNECT_INFO
		where msisdn = #{msisdn}
		and
		PACKAGE_CODE in
		('PCRF00010100035','PCRF00010100085','PCRF00010100092','PCRF00010100093')
		<if test="apnName!=null">
			and apn_name = #{apnName}
		</if>
	</select>

	<select id="chenckwarningNo" resultType="java.lang.Long">
		select count(1) from
		PRE_API_ALARM_RULE pa where pa.warning_no=#{warningNo} and
		pa.state='ENABLED'
	</select>
	<!-- serviceid获取servicecode select s.servicecode from SERVICEINFO s where 
		s.serviceid=#{servletId} -->
	<select id="queryServiceId" parameterType="java.util.HashMap"
		resultType="java.lang.String">
		select s.pcrf_service_code from
		STRATEGY_LIST s where
		s.service_code=#{servletId}
		<if test="apnName!=null">
		 and s.apn_name=#{apnName}
		</if>
		 and s.ec_code=#{ecCode}
	</select>

	<!-- 通过 servicecode获取订购的套餐 -->
	<select id="querySubscription" resultType="String"
		parameterType="java.util.HashMap">
		select m.package_code from M2M_PER_PKG m where
		m.subsprodid=(
		select m.subsprodid from m2m_strategyproperty m where
		m.property_name like
		'ServiceCode%'
		and m.property_value=#{servicecode}
		and m.msisdn=#{msisdn})
		and m.msisdn=#{msisdn}
		UNION
		select
		m.package_code from M2M_GRPMEM m where m.subsprodid=(
		select
		m.subsprodid from m2m_strategyproperty m where m.property_name like
		'ServiceCode%'
		and m.property_value=#{servicecode}
		and
		m.msisdn=#{msisdn})
		and m.msisdn=#{msisdn}
	</select>

	<!-- 根据预警ID获取预警规则信息 -->
	<select id="getPreApiAlarmBywarningNo" parameterType="String" resultMap="PreApiAlarmRuleMap">
		select * from PRE_API_ALARM_RULE where
		WARNING_NO=#{warningNo}
	</select>

	<!-- 根据产品编码获取预警规则信息 -->
	<select id="getPreApiAlarmByProdCode" parameterType="String" resultMap="PreApiAlarmRuleMap">
		select * from PRE_API_ALARM_RULE where
		PROD_CODE=#{prodCode} and STATE = 'ENABLED'
	</select>
	
	<select id="warningStatEcCode"  parameterType="java.util.Map" resultMap="WarningStatMap">
		select  
			pr.WARNING_NO ,
			pr.WARNING_NAME ,
			pr.STATE ,
			pr.RATE ,
			pr.UNIT_VLAUE ,
			pr.WARNING_TYPE ,
			pr.WARNING_RULE ,
			pr.EC_CODE ,
			pr.MSISDN ,
			pr.SERVICE_ID ,
			pr.NOTICE_TYPE ,
			pr.MAIL_ADDRESS ,
			pr.MAIL_CONTENT ,
			pr.ACCEPT_NUMBER ,
			pr.ACCEPT_CONTENT ,
			pr.APN_NAME ,
			pr.CREATE_DATE, 
			pr.PROD_CODE
			from  PRE_API_ALARM_RULE pr
		where pr.STATE='ENABLED'
		<if test="ecCode !=null and ecCode !=''">
	        and pr.EC_CODE=#{ecCode}
	      </if>
		<if test="warningNo !=null and warningNo !=''">
	        and pr.WARNING_NO=#{warningNo}
	      </if>
		<if test="alarmType !=null and alarmType !=''">
	        and pr.WARNING_FUNC_TYPE=#{alarmType}
	      </if>
		<if test="msisdn !=null and msisdn !=''">
	        and pr.MSISDN like '%' || #{msisdn} || '%'
	      </if>
	      <if test="prodCode !=null and prodCode !='' ">
	      	and pr.PROD_CODE = #{prodCode}
	      </if>
	      <if test="warningType !=null and warningType !='' ">
	      	and pr.warning_type = #{warningType}
	      </if>	
	      <if test="warningRule !=null and warningRule !='' ">
	      	and pr.warning_rule = #{warningRule}
	      </if>	 	            
	      <if test="unitVlaue !=null and unitVlaue !='' ">
	      	and pr.unit_vlaue = #{unitVlaue}
	      </if>		       

	</select>
	
	<select id="warningStatEcCodeNew"  parameterType="java.util.Map" resultMap="WarningStatMapNew">
		select  pr.ID ,
			pr.PRE_ALARM_NAME ,
			pr.RANG_TYPE,
			pr.STATE ,
			pr.EC_CODE,
			pr.BOOT_CHG,
			pr.CREATE_TIME,
			pr.NOTICE_TYPE,
			pr.ACCEPT_NUMBER,
			pr.ACCEPT_CONTENT,
			pr.MAIL_ADDRESS,
			pr.MAIL_CONTENT,
			pr.MSISDN
			from  PRE_ALARM_RULE pr
		where  pr.ALARM_TYPE=#{alarmType}
			<if test="ecCode !=null and ecCode !=''">
	     	   and pr.EC_CODE=#{ecCode}
	        </if>
	        <if test="warningNo !=null and warningNo !=''">
	    	    and pr.ID=#{warningNo}
	        </if>
	</select>
	
	
</mapper>