<?xml version="1.0" encoding="UTF-8" ?>
<!DOCTYPE mapper
        PUBLIC "-//mybatis.org//DTD Mapper 3.0//EN"
        "http://mybatis.org/dtd/mybatis-3-mapper.dtd">

<mapper namespace="setup">
    <!-- 订购规则实体类映射 -->
    <resultMap type="com.openapi3.entity.PreAlarmRule" id="PreAlarmRuleMap">
        <result column="ID" jdbcType="VARCHAR" property="id" />
        <result column="EC_CODE" jdbcType="VARCHAR" property="ecCode" />
        <result column="PRE_ALARM_NAME" jdbcType="VARCHAR" property="preAlarmName" />
        <result column="STATE" jdbcType="VARCHAR" property="state" />
        <result column="RATE" jdbcType="VARCHAR" property="rate" />
        <result column="UNIT_VALUE" jdbcType="INTEGER" property="unitValue" />
        <result column="ALARM_TYPE" jdbcType="VARCHAR" property="alarmType" />
        <result column="RULE_TYPE" jdbcType="VARCHAR" property="ruleType" />
        <result column="CREATE_TIME" jdbcType="TIMESTAMP" property="createTime" />
        <result column="PKG_CHG" jdbcType="VARCHAR" property="pkgChg" />
        <result column="CYCLE_CHG" jdbcType="VARCHAR" property="cycleChg" />
        <result column="FUN_CHG" jdbcType="VARCHAR" property="funChg" />
        <result column="BOOT_CHG" jdbcType="VARCHAR" property="bootChg" />
        <result column="RUN_CODE" jdbcType="VARCHAR" property="runCode" />
        <result column="PAY_TYPE" jdbcType="VARCHAR" property="payType" />
        <result column="APN_PATH" jdbcType="VARCHAR" property="apnPath" />
        <result column="PACKAGE_CODE" jdbcType="VARCHAR" property="packageCode" />
        <result column="RANG_TYPE" jdbcType="VARCHAR" property="rangType" />
        <result column="NOTICE_TYPE" jdbcType="VARCHAR" property="noticeType" />
        <result column="MAIL_ADDRESS" jdbcType="VARCHAR" property="mailAddress" />
        <result column="MAIL_CONTENT" jdbcType="VARCHAR" property="mailContent" />
        <result column="ACCEPT_NUMBER" jdbcType="VARCHAR" property="acceptNumber" />
        <result column="ACCEPT_CONTENT" jdbcType="VARCHAR" property="acceptContent" />
        <result column="RULE_CONFIG" jdbcType="VARCHAR" property="ruleConfig" />
        <result column="OPERATOR" jdbcType="VARCHAR" property="operator" />
        <result column="OPERATOR_IP" jdbcType="VARCHAR" property="operatorIp" />
        <result column="SMS_CHG" jdbcType="VARCHAR" property="smsChg" />
        <result column="VOICE_CHG" jdbcType="VARCHAR" property="voiceChg" />
        <result column="ALARM_MODEL" jdbcType="VARCHAR" property="alarmModel" />
        <result column="APN_NAME" jdbcType="VARCHAR" property="apnName" />
        <result column="SERVICE_CODE" jdbcType="VARCHAR" property="serviceCode" />
        <result column="STRATEGY_CHG" jdbcType="VARCHAR" property="strategyChg" />
    </resultMap>
    
    	<!-- 用量预警实体类映射 -->
	<resultMap type="com.openapi3.msg.memberwarnginginfoquery.WarningInfo" id="WarningContentMap">
		<result column="ORDERID" jdbcType="VARCHAR" property="warningNo" />
		<result column="OPRTIME" jdbcType="VARCHAR" property="warningTime" />
		<result column="ORDER_TYPE" jdbcType="VARCHAR" property="warningType" />
		<result column="MSISDN" jdbcType="VARCHAR" property="msisdn" />
		<result column="AREA_CODE" jdbcType="VARCHAR" property="area" />
		<result column="SUBSPRODID" jdbcType="VARCHAR" property="subSprodId" />
		<result column="PERCENTE" jdbcType="VARCHAR" property="percent" />
		<result column="APN_NAME" jdbcType="VARCHAR" property="apnName" />
		<result column="SERVICE_CODE" jdbcType="VARCHAR" property="serviceCode" />
		<result column="CONTAIN" jdbcType="VARCHAR" property="totalAmount" />
		<result column="USED" jdbcType="VARCHAR" property="usedAmount" />
		<result column="RELAY" jdbcType="VARCHAR" property="restAmount" />
	</resultMap>
    
	<!-- 白明单设置 -->
	<select id="setup_queryWhitelistSetup" parameterType="java.util.Map" resultType="java.util.HashMap">
        select EC_CODE,PRODUCT_CODE,PACKAGE_CODE,SUBSPRODID,AREA_CODE  
        from ADC_ATTRIBUTE_FOR205 
        where PACKAGE_CODE=#{packageCode} 
        and EC_CODE=#{ecCode} 
        AND ROWNUM=1
    </select> 
    <!-- 成员白名单设置接口。新增单个企业白名单设置接口。当所属企业的GroupType=1（普通企业）时，允许操作S00010100096对白名单进行添加/删除 -->
    <select id="setup_queryGroupType" parameterType="java.lang.String" resultType="java.util.HashMap">
      select adc.attribute_value  from ADC_ATTRIBUTE_FOR205 adc where adc.attribute_name='GroupType' and adc.ec_code=
        (
         select EC_CODE from MAC_CARD where  MSISDN= #{msisdn}
	       union
	    select EC_CODE from CARD_9105 where  MSISDN= #{msisdn}
	  	  union 
	    select EC_CODE from NB_CARD where  MSISDN= #{msisdn}
	 	   union 
	    select EC_CODE from IOV_CARD where  MSISDN= #{msisdn}
	 	   union 
	    select EC_CODE from WLW_CARD where  MSISDN= #{msisdn}	    
          )
          order by adc.create_date DESC
    </select> 
    
   
    <!-- 根据集团编码获取预警规则 -->
    <select id="queryAlarmRuleByEcCode" parameterType="java.util.Map" resultMap="PreAlarmRuleMap">
        select
        ID,
        EC_CODE,
        PRE_ALARM_NAME,
        STATE, RATE,
        UNIT_VALUE,
        ALARM_TYPE,
        RULE_TYPE,
        CREATE_TIME,
        PKG_CHG,
        CYCLE_CHG,
        FUN_CHG,
        BOOT_CHG,
        RUN_CODE,
        PAY_TYPE,
        APN_PATH,
        PACKAGE_CODE,
        RANG_TYPE,
        NOTICE_TYPE,
        MAIL_ADDRESS,
        MAIL_CONTENT,
        ACCEPT_NUMBER,
        ACCEPT_CONTENT,
        RULE_CONFIG,
        OPERATOR,
        OPERATOR_IP,
        SMS_CHG,
        VOICE_CHG,
        ALARM_MODEL,
        APN_NAME,
        SERVICE_CODE,
        STRATEGY_CHG
        from PRE_ALARM_RULE where EC_CODE = #{ecCode}
        <if test="warningNo!=null">
            and ID = #{warningNo}
        </if>
        <if test="alarmTypeArr!=null">
            and ALARM_TYPE in
            <foreach item="type" collection="alarmTypeArr" open="("
                     separator=" , " close=")">
                #{type}
            </foreach>
        </if>
        <if test="alarmType!=null">
            and ALARM_TYPE = #{alarmType}
        </if>

        <if test="ruleType!=null">
            and RULE_TYPE = #{ruleType}
        </if>
        <if test="apnPath!=null">
            and APN_PATH = #{apnPath}
        </if>
        <!-- 更新时检查是否存在冲突规则，需要过滤自身ID -->
        <if test="updateId!=null">
            and ID != #{updateId}
        </if>
    </select>

    <select id="findPackCodeType"  resultType="java.lang.String" >
        select ap.pkg_type from atomic_products ap where ap.package_code=#{packCode}
    </select>

    <!-- 新增时查询该套餐和对应的预警值是否已经存在 -->
    <select id="findpreAlarm" parameterType="java.util.Map"  resultType="java.lang.String"  >
        select ID from pre_alarm_rule where PACKAGE_CODE=#{pack} and UNIT_VALUE=#{warningValue}
        and ALARM_TYPE='PKG' and RULE_TYPE='CARDTIME' and RANG_TYPE='personnal'
        <if test="ecCode!=null">
            and EC_CODE=#{ecCode}
        </if>
        and rownum=1
    </select>

    <!-- 判断短信是否为标准版 (I00010100003 )专用版（I00010100015）定向语音包（VP.999.JQKDXYY）非定向语音包（I00010100052）-->
    <select id="SmsStandard" parameterType="java.lang.String"  resultType="java.lang.String" >
        select PRODUCT_CODE from service_pkg where PACKAGE_CODE=#{packCode}
    </select>

    <!-- 新增预警规则 -->
    <insert id="insertRuleAlarm" useGeneratedKeys="false"
            keyProperty="id" parameterType="com.openapi3.entity.PreAlarmRule">
        INSERT INTO PRE_ALARM_RULE(
        id,
        ec_code,
        pre_alarm_name,
        state,
        rate,
        unit_value,
        create_time,
        alarm_type,
        rule_type,
        pkg_chg,
        cycle_chg,
        fun_chg,
        boot_chg,
        run_code,
        pay_type,
        apn_path,
        package_code,
        rang_type,
        notice_type,
        mail_address,
        mail_content,
        accept_number,
        accept_content,
        rule_config,
        operator,
        operator_ip,
        sms_chg,
        voice_chg,
        alarm_model,
        apn_name,
        service_code,
        strategy_chg
        )
        VALUES(
        #{id,jdbcType=VARCHAR},
        #{ecCode,jdbcType=VARCHAR},
        #{preAlarmName,jdbcType=VARCHAR},
        #{state,jdbcType=VARCHAR},
        #{rate,jdbcType=VARCHAR},
        #{unitValue,jdbcType=NUMERIC},
        #{createTime,jdbcType=TIMESTAMP},
        #{alarmType,jdbcType=VARCHAR},
        #{ruleType,jdbcType=VARCHAR},
        #{pkgChg,jdbcType=VARCHAR},
        #{cycleChg,jdbcType=VARCHAR},
        #{funChg,jdbcType=VARCHAR},
        #{bootChg,jdbcType=VARCHAR},
        #{runCode,jdbcType=VARCHAR},
        #{payType,jdbcType=VARCHAR},
        #{apnPath,jdbcType=VARCHAR},
        #{packageCode,jdbcType=VARCHAR},
        #{rangType,jdbcType=VARCHAR},
        #{noticeType,jdbcType=VARCHAR},
        #{mailAddress,jdbcType=VARCHAR},
        #{mailContent,jdbcType=VARCHAR},
        #{acceptNumber,jdbcType=VARCHAR},
        #{acceptContent,jdbcType=VARCHAR},
        #{ruleConfig,jdbcType=VARCHAR},
        #{operator,jdbcType=VARCHAR},
        #{operatorIp,jdbcType=VARCHAR},
        #{smsChg,jdbcType=VARCHAR},
        #{voiceChg,jdbcType=VARCHAR},
        #{alarmModel,jdbcType=VARCHAR},
        #{apnName,jdbcType=VARCHAR},
        #{serviceCode,jdbcType=VARCHAR},
        #{strategyChg,jdbcType=VARCHAR}
        )
    </insert>
    
        <!-- 新增预警规则 -->
    <insert id="insertRuleAlarmNew" useGeneratedKeys="false"
            keyProperty="id" parameterType="com.openapi3.entity.PreAlarmRule">
         INSERT INTO PRE_ALARM_RULE(
        id,
        ec_code,
		ALARM_TYPE,
		PRE_ALARM_NAME,
		STATE,
		RULE_TYPE,
		CREATE_TIME,
		MSISDN,
		NOTICE_TYPE,
		MAIL_ADDRESS,
		MAIL_CONTENT,
		ACCEPT_NUMBER,
		ACCEPT_CONTENT,
		RANG_TYPE,
		BOOT_CHG)
		VALUES(
			#{id,jdbcType=VARCHAR},
			#{ecCode,jdbcType=VARCHAR},
			#{alarmType,jdbcType=VARCHAR},
			#{preAlarmName,jdbcType=VARCHAR},
			#{state,jdbcType=VARCHAR},
			#{ruleType,jdbcType=VARCHAR},
			SYSDATE,
			#{msisdn,jdbcType=VARCHAR},
			#{noticeType,jdbcType=VARCHAR},
			#{mailAddress,jdbcType=VARCHAR},
     	    #{mailContent,jdbcType=VARCHAR},
      	    #{acceptNumber,jdbcType=VARCHAR},
            #{acceptContent,jdbcType=VARCHAR},
            #{rangType,jdbcType=VARCHAR},
            #{bootChg,jdbcType=VARCHAR}
		)
    </insert>
    
    
    <select id="validationWarning" parameterType="java.lang.String"
            resultType="java.lang.String">
        select ALARM_TYPE from pre_alarm_rule where id=#{uuid}
    </select>

    <select id="validationWarningType" parameterType="java.lang.String" resultType="java.util.HashMap">
        select ALARM_TYPE,RATE,RULE_TYPE  from pre_alarm_rule where id=#{uuid}
    </select>

    <delete id="deleteWarning" parameterType="com.openapi3.entity.PreAlarmRule">
        delete PRE_ALARM_RULE
        where id=#{id}
    </delete>

    <update id="updateWarning" parameterType="com.openapi3.entity.PreAlarmRule">
        merge into pre_alarm_rule pre
        using (
        select
		<if test="msisdn !=null and msisdn !=''">
			#{msisdn} as MSISDN,
		</if>
		<if test="bootChg !=null and bootChg !=''">
			#{bootChg} as BOOT_CHG,
		</if>
        <if test="preAlarmName !=null and preAlarmName !=''">
            #{preAlarmName} as PRE_ALARM_NAME,
        </if>
        <if test="alarmType !=null and alarmType !=''">
            #{alarmType} as ALARM_TYPE,
        </if>
        <if test="ruleType !=null and ruleType !=''">
            #{ruleType} as RULE_TYPE,
        </if>
        <if test="apnPath !=null and apnPath !=''">
            #{apnPath} as APN_PATH,
        </if>
        <if test="packageCode !=null and packageCode !=''">
            #{packageCode} as PACKAGE_CODE,
        </if>
        <if test="rate !=null and rate !=''">
            #{rate} as RATE,
        </if>
        <if test="unitValue !=null and unitValue !=''">
            #{unitValue} as UNIT_VALUE,
        </if>
        <if test="cycleChg !=null and cycleChg !=''">
            #{cycleChg} as CYCLE_CHG,
        </if>
        <if test=" noticeType !=null and noticeType !=''">
            #{noticeType} as NOTICE_TYPE,
        </if>
        <if test="mailAddress !=null and mailAddress !=''">
            #{mailAddress} as MAIL_ADDRESS,
        </if>
        <if test="mailContent !=null and  mailContent!=''">
            #{mailContent} as MAIL_CONTENT,
        </if>
        <if test="acceptNumber!=null and acceptNumber!= '' ">
            #{acceptNumber} as ACCEPT_NUMBER,
        </if>
        <if test="acceptContent !=null and  acceptContent!='' ">
            #{acceptContent} as ACCEPT_CONTENT,
        </if>
        <if test=" state!=null and state !=''">
            #{state} as STATE,
        </if>
        <if test=" apnName!=null and  apnName!=''">
            #{apnName} as APN_NAME,
        </if>

        #{id} as ID
        from dual
        )pre1
        on (pre.ID =pre1.ID )
        when matched then
        UPDATE
        <trim prefix="set" suffixOverrides=",">
        	<if test="msisdn !=null and msisdn !=''">
				pre.MSISDN=pre1.MSISDN,
			</if>
			<if test="bootChg !=null and bootChg !=''">
				pre.BOOT_CHG=pre1.BOOT_CHG,
			</if>
            <if test="preAlarmName !=null and preAlarmName !=''">
                pre.PRE_ALARM_NAME=pre1.PRE_ALARM_NAME,
            </if>
            <if test="alarmType !=null and alarmType !=''">
                pre.ALARM_TYPE=pre1.ALARM_TYPE,
            </if>
            <if test="ruleType !=null and ruleType !=''">
                pre.RULE_TYPE=pre1.RULE_TYPE,
            </if>
            <if test="apnPath !=null and apnPath !=''">
                pre.APN_PATH=pre1.APN_PATH,
            </if>
            <if test="packageCode !=null and packageCode !=''">
                pre.PACKAGE_CODE=pre1.PACKAGE_CODE,
            </if>
            <if test="rate !=null and rate !=''">
                pre.RATE=pre1.RATE,
            </if>
            <if test="unitValue !=null and unitValue !=''">
                pre.UNIT_VALUE=pre1.UNIT_VALUE,
            </if>
            <if test="cycleChg !=null and cycleChg !=''">
                pre.CYCLE_CHG=pre1.CYCLE_CHG,
            </if>
            <if test=" noticeType !=null and noticeType !=''">
                pre.NOTICE_TYPE=pre1.NOTICE_TYPE,
            </if>
            <if test="mailAddress !=null and mailAddress !=''">
                pre.MAIL_ADDRESS=pre1.MAIL_ADDRESS,
            </if>
            <if test="mailContent !=null and  mailContent!=''">
                pre.MAIL_CONTENT=pre1.MAIL_CONTENT,
            </if>
            <if test="acceptNumber!=null and acceptNumber!= '' ">
                pre.ACCEPT_NUMBER=pre1.ACCEPT_NUMBER,
            </if>
            <if test="acceptContent !=null and acceptContent!= ''">
                pre.ACCEPT_CONTENT=pre1.ACCEPT_CONTENT,
            </if>
            <if test=" state!=null and state !=''">
                pre.STATE=pre1.STATE,
            </if>
            <if test=" apnName!=null and  apnName!=''">
                pre.APN_NAME=pre1.APN_NAME
            </if>
        </trim>
        where pre.ID =pre1.ID

    </update>

    <!-- 更新所有字段 -->
    <update id="updateWarningAll" parameterType="com.openapi3.entity.PreAlarmRule">
        UPDATE PRE_ALARM_RULE
        SET EC_CODE=#{ecCode,jdbcType=VARCHAR},PRE_ALARM_NAME=#{preAlarmName,jdbcType=VARCHAR},STATE=#{state,jdbcType=VARCHAR},
        RATE=#{rate,jdbcType=VARCHAR},UNIT_VALUE=#{unitValue,jdbcType=NUMERIC},CREATE_TIME=#{createTime,jdbcType=TIMESTAMP},
        ALARM_TYPE=#{alarmType,jdbcType=VARCHAR},RULE_TYPE=#{ruleType,jdbcType=VARCHAR},PKG_CHG=#{pkgChg,jdbcType=VARCHAR},
        CYCLE_CHG=#{cycleChg,jdbcType=VARCHAR},FUN_CHG=#{funChg,jdbcType=VARCHAR},BOOT_CHG=#{bootChg,jdbcType=VARCHAR},
        RUN_CODE=#{runCode,jdbcType=VARCHAR},PAY_TYPE=#{payType,jdbcType=VARCHAR},APN_PATH=#{apnPath,jdbcType=VARCHAR},
        PACKAGE_CODE=#{packageCode,jdbcType=VARCHAR},RANG_TYPE=#{rangType,jdbcType=VARCHAR},NOTICE_TYPE=#{noticeType,jdbcType=VARCHAR},
        MAIL_ADDRESS=#{mailAddress,jdbcType=VARCHAR},MAIL_CONTENT=#{mailContent,jdbcType=VARCHAR},ACCEPT_NUMBER=#{acceptNumber,jdbcType=VARCHAR},
        ACCEPT_CONTENT=#{acceptContent,jdbcType=VARCHAR},RULE_CONFIG=#{ruleConfig,jdbcType=VARCHAR},OPERATOR=#{operator,jdbcType=VARCHAR},
        OPERATOR_IP=#{operatorIp,jdbcType=VARCHAR},SMS_CHG=#{smsChg,jdbcType=VARCHAR},VOICE_CHG=#{voiceChg,jdbcType=VARCHAR},
        ALARM_MODEL=#{alarmModel,jdbcType=VARCHAR},APN_NAME=#{apnName,jdbcType=VARCHAR},SERVICE_CODE=#{serviceCode,jdbcType=VARCHAR},STRATEGY_CHG=#{strategyChg,jdbcType=VARCHAR}
        WHERE ID = #{id}
    </update>

	<!-- 企业白明单是否存在 -->
	<select id="setup_queryExistWhitelistSetup" parameterType="java.util.Map"
		resultType="java.util.HashMap">
		 select aaf.attribute_value SYSSPECIALNUM,
         aaf.attribute_name
	    from adc_attribute_for205 aaf
	   where aaf.attribute_value =#{msisdnMap}
	   	 and aaf.package_code = #{packageCode}
	     and aaf.attribute_name like 'SysSpecialNum%'
	     and aaf.state = 'ENABLED'
	     and aaf.ec_code = #{ecCode}
	     and aaf.PRODUCT_CODE=#{proCode}
	</select>
	
		<!--查询白名单号码在该集团下配置的产品编码和订购实例ID -->
	<select id="findeMsisdnProductCode"  resultType="java.util.HashMap">
	     select PRODUCT_CODE,SUBSPRODID,AREA_CODE from adc_attribute_for205 
	   	where attribute_value =#{msisdn}
	   	 and package_code =#{packageCode}
	     and attribute_name like 'SysSpecialNum%'
	     and state = 'ENABLED'
	     and ec_code = #{ecCode}
	     and PRODUCT_CODE=#{proCode}
	     and rownum=1
	</select>
	
	<!-- 成员白明单是否存在 -->
	<select id="setup_queryExistMemberWhitelistSetup" parameterType="java.util.Map"
		resultType="java.util.HashMap">
		 select aaf.msisdn,aaf.attribute_name ATTRIBUTE_NAME from  adc_attribute_for906 aaf 
        where aaf.package_code = #{packageCode}
		     and aaf.attribute_name like 'userWhiteNum%' 
		     and aaf.attribute_name !='userWhiteNumOperType' 
         and aaf.msisdn = #{msisdn} 
          and aaf.attribute_value = #{msisdnMap}
	</select>
	
	<select id="queryMenberWhiteByAttributeName" parameterType="java.util.Map" resultType="java.util.HashMap">
		select msisdn,package_code,subsprodid,area_code,state,attribute_value,
		attribute_name,data_source from adc_attribute_for906
		where msisdn = #{msisdn}
        <if test="subsprodid!=null and  subsprodid!=''">
			and subsprodid = #{subsprodid}
        </if>
         <if test="attributeName!=null and  attributeName!=''">
			and attribute_name = #{attributeName}
        </if>
        <if test="packageCode!=null and  packageCode!=''">
			and package_code = #{packageCode}
        </if>        
	</select>
	
	<delete id="deleteMenberWhiteByAttributeName" parameterType="java.util.Map">
		delete from adc_attribute_for906
		where msisdn = #{msisdn}
        <if test="subsprodid!=null and  subsprodid!=''">
			and subsprodid = #{subsprodid}
        </if>
         <if test="attributeName!=null and  attributeName!=''">
			and attribute_name = #{attributeName}
        </if>
        <if test="packageCode!=null and  packageCode!=''">
			and package_code = #{packageCode}
        </if>         
	</delete>
	
	<insert id="insertMenberWhiteByAttributeName">
		insert into adc_attribute_for906
		  (msisdn, package_code, subsprodid, start_date, end_date, create_date, area_code, state, attribute_value, attribute_name, data_source)
		values
		  (#{msisdn}, 
		  #{packageCode}, 
		  #{subsprodid}, 
		  to_date(#{startDate}, 'yyyy-MM-dd HH24:mi:ss'), 
		  to_date(#{endDate}, 'yyyy-MM-dd HH24:mi:ss'), 
		  sysdate, 
		  #{areaCode}, 
		  #{state}, 
		  #{attributeValue}, 
		  #{attributeName}, 
		  #{datesource})
	</insert>
	
    
    	<!-- 查询号码在成员白明单全部配置号码 -->
	<select id="setup_queryExistMemberWhitelistSetupall" parameterType="java.util.Map"
		resultType="java.lang.String">
		         select aaf.ATTRIBUTE_VALUE from  iot.adc_attribute_for906 aaf 
        where aaf.package_code =#{packageCode}
		     and aaf.attribute_name like 'userWhiteNum%' 
		     and aaf.attribute_name !='userWhiteNumOperType' 
         and aaf.msisdn = #{msisdn}  
	</select>
    
    	<select id="queryMsisdnWarningContent"  resultMap="WarningContentMap">
		  select ORDERID,to_char(OPRTIME,'yyyymmddhh24miss') OPRTIME,ORDER_TYPE,MSISDN,AREA_CODE
			,(case when SUBSPRODID is null then '-' else  SUBSPRODID end) SUBSPRODID,
			(case when PERCENTE is null then '-' else  PERCENTE end) PERCENTE,
			APN_NAME,
			(case when SERVICE_CODE is null then '-' else  SERVICE_CODE end ) SERVICE_CODE,
			(case when CONTAIN is null then '-' else  CONTAIN end) CONTAIN,
			(case when USED is null then '-' else USED end) USED,
			(case when RELAY is null then '-' else RELAY end)  RELAY
			from adc_notice 
			where msisdn=#{msisdn}  and ORDER_TYPE in('9','10','11','12','13','14','15','16','17','18')
			and CREATE_DATE <![CDATA[ >= ]]>  trunc(sysdate,'MM') and CREATE_DATE <![CDATA[ <= ]]>  last_day(sysdate) 
	</select>
    
    <!-- 查询该集团编码是否配置对应的产品编码 -->
	<select id="findecCodeproCode" resultType="java.lang.Long">
		SELECT count(1) FROM EC_PROD WHERE EC_CODE=#{ecCode} AND STATE='ENABLED' AND PRODUCT_CODE=#{proCode}
	</select>
    
    
    <!-- 查询该集团编码中该套餐编码和产品编码对应的实例ID-->
	<select id="findecCodeproCodesubId" resultType="java.lang.String">
		SELECT SUBSPRODID FROM PRO_MEMBER_OPTIONAL_PKG WHERE EC_CODE=#{ecCode} AND PACKAGE_CODE=#{packageCode} AND PRODUCT_CODE=#{proCode}
	</select>
    
    <!--根据集团编码查询AreaCode-->
    <select id="adci_queryAreaCodeByEcCode" parameterType="java.lang.String" resultType="java.lang.String">
        SELECT A.AREA_CODE
        FROM ENTERPRISE_CUSTOMER EC, AREAS A
        WHERE EC.AREA_ID = A.AREA_ID AND EC.EC_CODE = #{groupCode}
    </select>
    
</mapper>