<?xml version="1.0" encoding="UTF-8"?>

<!DOCTYPE sqlMap
 PUBLIC "-//ibatis.apache.org//DTD SQL Map 2.0//EN"
 "http://ibatis.apache.org/dtd/sql-map-2.dtd">
<sqlMap>
		<sql id="commonColumns">
	    	a.id,
	    	a.order_no as orderNo,
	    	a.commit_date AS commitDate,
	    	a.ec_id AS ecId,
	    	a.ec_name AS ecName,
	    	a.area_id AS areaId,
	    	a.area_name AS areaName,
	    	a.customer_level AS customerLevel,
	    	a.order_type AS orderType,
	    	a.order_name AS orderName,
	    	a.fault_type as faultType,
	    	a.fault_time as faultTime,
	    	a.fault_desc as faultDesc,
	    	a.fault_level as faultLevel,
	    	a.attach_ids as attachIds,
	    	a.attach_names as attachNames,
	    	u.id AS "commitBy.id",
	    	u.real_name AS "commitBy.realName",
	    	a.cur_node_code as curNodeCode,
	    	a.cur_node_name as curNodeName,
	    	nvl(d.name,a.deal_person_name) as dealPersonName,
	    	a.order_state as orderState,
	    	a.finish_time as finishTime,
	    	a.create_by_name as createByName,
	    	a.phone as phone
	    </sql>
	    
		<sql id="whereOrderInfo">
			<isNotEmpty prepend="and" property="orderNo">
				a.ORDER_NO like '%'||#orderNo#||'%'
			</isNotEmpty>
			<isNotEmpty prepend="and" property="orderName">
				a.order_name like '%'||#orderName#||'%'
			</isNotEmpty>
			<isNotEmpty prepend="and" property="orderType">
				a.order_type=#orderType#
			</isNotEmpty>
			<isNotEmpty prepend="and" property="orderState">
				a.order_state = #orderState#
			</isNotEmpty>
		</sql>

		<select id="getFaultOrder" resultClass="com.lenovo.iotpro3.vo.order.FaultOrderVo">
			select
				<include refid="commonColumns"/>
			from
				F_FAULT_ORDER a left join pro_users u on a.commit_by = u.id
				left join sys_user d on a.deal_person_id = d.id
			WHERE a.ID = #id#
		</select>
		
		<select id="findFaultOrderList" resultClass="com.lenovo.iotpro3.vo.order.FaultOrderVo">
			<include refid="pageSqlStart"/>
			SELECT
				T.id,
				T .orderNo,
				T .orderName,
				T .orderType,
				T .createDate AS commitDate,
				T .createById AS "commitBy.id",
				T .createByname AS "commitBy.realName",
				<!-- T .dealPersonId AS "dealPerson.id", -->
				T .dealPersonName,
				T .orderState
			FROM
				(
					SELECT
						'' AS id,
						P .ORDER_NO AS orderNo,
						P .ORDER_NAME AS orderName,
						'套餐申请' AS orderType,
						P .APPLY_DATE AS createDate,
						P . OPERATION_ID AS createById,
						P.operation_name AS createByName,
						D . ID AS dealPersonId,
						D . NAME AS dealPersonName,
						(
							CASE P .STATE
							WHEN 'YES' THEN
								'已完成'
							WHEN 'NO' THEN
								'已退回'
							WHEN 'APPROVING' THEN
								'处理中'
							WHEN 'UNCOMMIT' THEN
								'未提交'
							ELSE
								''
							END
						) AS orderState
					FROM
						EC_PACKAGE_ORDER P
					LEFT JOIN SYS_USER D ON P .CURRENT_USER_ID = D . ID
					
					UNION
			
					SELECT
						F.ID AS id,
						F.ORDER_NO AS orderNo,
						F.ORDER_NAME AS orderName,
						F.ORDER_TYPE AS orderType,
						F.CREATE_DATE AS createDate,
						F.CREATE_BY AS createById,
						F.CREATE_BY_NAME AS createByName,
						D . ID AS dealPersonId,
						D . NAME AS dealPersonName,
						F.ORDER_STATE AS orderState
					FROM
						F_FAULT_ORDER F
					LEFT JOIN SYS_USER D ON F.DEAL_PERSON_ID = D . ID
					
					UNION
					
					SELECT
						'' AS id,
						M .WO_CODE AS orderNo,
						M .WO_CODE_NAME AS orderName,
						'API申请' AS orderType,
						M .COMING_DATA AS createDate,
						M . OPERATION_ID AS createById,
						M.operation_name AS createByName,
						D . ID AS dealPersonId,
						D . NAME AS dealPersonName,
						(
							CASE M .APP_STATUS
							WHEN 'pass' THEN
								'已完成'
							WHEN 'reject' THEN
								'已退回'
							WHEN 'processing' THEN
								'处理中'
							WHEN 'uncommit' THEN
								'未提交'
							ELSE
								''
							END
						) AS orderState
					FROM
						API_WO_MASTER M
					LEFT JOIN SYS_USER D ON M .CURRENT_USER_ID = D . ID
				) T
			WHERE 1=1
				<isNotEmpty prepend="and" property="userId">
					T .createById = #commitBy.id# || ''
				</isNotEmpty>
				<isNotEmpty prepend="and" property="orderNo">
					 T .orderNo like '%' || #orderNo# || '%'
				</isNotEmpty>
				<isNotEmpty prepend="and" property="orderName">
					 T .orderName like '%' || #orderName# || '%'
				</isNotEmpty>
				<isNotEmpty prepend="and" property="orderType">
					 T .orderType = #orderType#
				</isNotEmpty>
				<isNotEmpty prepend="and" property="orderState">
					 T .orderState = #orderState#
				</isNotEmpty>
			order by T .createDate DESC
			<include refid="pageSqlEnd"/>
		</select>
		
		
		<!-- <select id="findFaultOrderList" resultClass="com.lenovo.iotpro3.vo.order.FaultOrderVo">
		
			<include refid="pageSqlStart"/>
			select
				<include refid="commonColumns"/>
			from
				F_FAULT_ORDER a left join pro_users u on a.commit_by = u.id
				left join sys_user d on a.deal_person_id = d.id
			where commit_by = #commitBy.id#
			<include refid="whereOrderInfo" />
			order by a.commit_date desc
			<include refid="pageSqlEnd"/>
			
		</select> -->
		
		<!-- <select id="queryDicDate" resultClass="com.lenovo.iotpro.entity.DictionaryData">
			select d.name, d.value
			  from pro_dictionary_type t
			 inner join pro_dictionary_data d
			    on t.id = d.type_id
			 where t.code = #type#
			 order by seq
		</select> -->
		
		<select id="queryDicDate" resultClass="com.lenovo.iotpro.entity.DictionaryData">
			select 
				  t.label name 
			from SYS_DICT t 
			where t.type = 'order_type' 
			and t.del_flag = '0'
		</select>
		
		<select id="findFaultOrderCount" resultClass="java.lang.Long">
			SELECT
				count(1)
			FROM
				(
					SELECT
						'' AS id,
						P .ORDER_NO AS orderNo,
						P .ORDER_NAME AS orderName,
						'套餐申请' AS orderType,
						P .APPLY_DATE AS createDate,
						P . OPERATION_ID AS createById,
						P.operation_name AS createByName,
						D . ID AS dealPersonId,
						D . NAME AS dealPersonName,
						(
							CASE P .STATE
							WHEN 'YES' THEN
								'已完成'
							WHEN 'NO' THEN
								'已退回'
							WHEN 'APPROVING' THEN
								'处理中'
							WHEN 'UNCOMMIT' THEN
								'未提交'
							ELSE
								''
							END
						) AS orderState
					FROM
						EC_PACKAGE_ORDER P
					LEFT JOIN SYS_USER D ON P .CURRENT_USER_ID = D . ID
					
					UNION
			
					SELECT
						F.ID AS id,
						F.ORDER_NO AS orderNo,
						F.ORDER_NAME AS orderName,
						F.ORDER_TYPE AS orderType,
						F.CREATE_DATE AS createDate,
						F.CREATE_BY AS createById,
						F.CREATE_BY_NAME AS createByName,
						D . ID AS dealPersonId,
						D . NAME AS dealPersonName,
						F.ORDER_STATE AS orderState
					FROM
						F_FAULT_ORDER F
					inner JOIN SYS_USER D ON F.DEAL_PERSON_ID = D . ID
					
					UNION
					
					SELECT
						'' AS id,
						M .WO_CODE AS orderNo,
						M .WO_CODE_NAME AS orderName,
						'API申请' AS orderType,
						M .COMING_DATA AS createDate,
						M . OPERATION_ID AS createById,
						M.operation_name AS createByName,
						D . ID AS dealPersonId,
						D . NAME AS dealPersonName,
						(
							CASE M .APP_STATUS
							WHEN 'pass' THEN
								'已完成'
							WHEN 'reject' THEN
								'已退回'
							WHEN 'processing' THEN
								'处理中'
							WHEN 'uncommit' THEN
								'未提交'
							ELSE
								''
							END
						) AS orderState
					FROM
						API_WO_MASTER M
					LEFT JOIN SYS_USER D ON M .CURRENT_USER_ID = D . ID
				) T
			WHERE 1=1
				<isNotEmpty prepend="and" property="commitBy.id">
					T .createById = #commitBy.id# || ''
				</isNotEmpty>
				<isNotEmpty prepend="and" property="orderNo">
					 T .orderNo like '%' || #orderNo# || '%'
				</isNotEmpty>
				<isNotEmpty prepend="and" property="orderName">
					 T .orderName like '%' || #orderName# || '%'
				</isNotEmpty>
				<isNotEmpty prepend="and" property="orderType">
					 T .orderType = #orderType#
				</isNotEmpty>
				<isNotEmpty prepend="and" property="orderState">
					 T .orderState = #orderState#
				</isNotEmpty>
			order by T .createDate DESC
		</select>
		
		
		<!-- <select id="findFaultOrderCount" resultClass="java.lang.Long">
			select count(a.id)
				from 
			F_FAULT_ORDER a left join pro_users u on a.commit_by = u.id
			left join sys_user d on a.deal_person_id = d.id
				where a.commit_by = #commitBy.id#
			<include refid="whereOrderInfo" />
		</select> -->

		<select id="findEcAareaInfo" resultClass="com.lenovo.iotpro3.vo.order.FaultOrderVo">
			select
				b.ec_id as ecId,
				b.ec_name as ecName,
				b.enterprise_level as customerLevel,
				c.area_id as areaId,
				c.area_name as areaName,
				c.area_code as areaCode
			from pro_users a 
			left join enterprise_customer b on a.ec_id = b.ec_id  
			left join areas c on b.area_id = c.area_id
			where a.id = #id#
		</select>
		
		<insert id="insertFaultOrder">
			<!-- <selectKey resultClass="long" keyProperty="id">  
				SELECT SEQ_F_FAULT_ORDER.nextval AS ID FROM DUAL
			</selectKey> -->  
			INSERT INTO F_FAULT_ORDER(
				id,
				order_no,
				order_type,
				order_name,
				fault_type,
				fault_time,
				fault_desc,
				fault_level,
				attach_ids,
				attach_names,
				commit_by,
				cur_node_code,
				cur_node_name,
				deal_person_id,
				deal_person_name,
				order_state,
				finish_time,
				ec_id,
				ec_name,
				area_id,
				area_name,
				customer_level,
				commit_date,
				initiator_id,
		        procinsid,
		        ec_code,
		        create_date,
		        phone
			)VALUES(
				#id#,
				#orderNo#,
				#orderType#,
				#orderName#,
				#faultType#,
				#faultTime#,
				#faultDesc#,
				#faultLevel#,
				#attachIds#,
				#attachNames#,
				#commitBy.id#,
				#curNodeCode#,
				#curNodeName#,
				#dealPersonId#,
				#dealPersonName#,
				#orderState#,
				#finishTime#,
				#ecId#,
				#ecName#,
				#areaId#,
				#areaName#,
				#customerLevel#,
				#commitDate#,
				#initiatorId#,
				#procInsId#,
				#ecCode#,
				sysdate,
				#phone#
			)
		</insert>
		
		<insert id="insertFaultOrderNew">
			<!-- <selectKey resultClass="long" keyProperty="id">  
				SELECT SEQ_F_FAULT_ORDER.nextval AS ID FROM DUAL
			</selectKey> -->  
			INSERT INTO F_FAULT_ORDER(
				id,
				order_no,
				order_type,
				order_name,
				fault_type,
				fault_time,
				fault_desc,
				fault_level,
				attach_ids,
				attach_names,
				commit_by,
				cur_node_code,
				cur_node_name,
				deal_person_id,
				deal_person_name,
				order_state,
				finish_time,
				ec_id,
				ec_name,
				area_id,
				area_name,
				customer_level,
				commit_date,
				initiator_id,
		        procinsid,
		        ec_code,
		        create_date,
		        create_by,
		        create_by_name,
		        phone
			)VALUES(
				#id#,
				#orderNo#,
				#orderType#,
				#orderName#,
				#faultType#,
				#faultTime#,
				#faultDesc#,
				#faultLevel#,
				#attachIds#,
				#attachNames#,
				#commitBy.id#,
				#curNodeCode#,
				#curNodeName#,
				#dealPersonID#,
				#dealPersonName#,
				#orderState#,
				#finishTime#,
				#ecId#,
				#ecName#,
				#areaId#,
				#areaName#,
				#customerLevel#,
				#commitDate#,
				#initiatorId#,
				#procInsId#,
				#ecCode#,
				sysdate,
				#createBy#,
				#createByName#,
				#phone#
			)
		</insert>
		
		<update id="updateFaultOrder">
		UPDATE F_FAULT_ORDER SET
			ATTACH_NAMES = #attachNames#
			<isNotNull prepend="," property="faultTime">
				FAULT_TIME = #faultTime#
			</isNotNull>
			<isNotNull prepend="," property="orderType">
				ORDER_TYPE = #orderType#
			</isNotNull>
		    <isNotNull prepend="," property="faultType">
				FAULT_TYPE = #faultType#
			</isNotNull>
			<isNotNull prepend="," property="orderName">
				ORDER_NAME = #orderName#
			</isNotNull>
			<isNotNull prepend="," property="faultDesc">
				FAULT_DESC = #faultDesc#
			</isNotNull>
			<isNotNull prepend="," property="faultLevel">
				FAULT_LEVEL = #faultLevel#
			</isNotNull>
			<isNotNull prepend="," property="attachIds">
				ATTACH_IDS = #attachIds#
			</isNotNull>
			<isNotNull prepend="," property="finishTime">
				FINISH_TIME = #finishTime#
			</isNotNull>
			<isNotNull prepend="," property="ecId">
				ec_id = #ecId#
			</isNotNull>
			<isNotNull prepend="," property="ecName">
				ec_name = #ecName#
			</isNotNull>
			<isNotNull prepend="," property="areaId">
				area_id = #areaId#
			</isNotNull>
			<isNotNull prepend="," property="areaName">
				area_name = #areaName#
			</isNotNull>
			<isNotNull prepend="," property="customerLevel">
				CUSTOMER_LEVEL = #customerLevel#
			</isNotNull>
			<isNotNull prepend="," property="curNodeCode">
				CUR_NODE_CODE = #curNodeCode#
			</isNotNull>
			<isNotNull prepend="," property="curNodeName">
				CUR_NODE_NAME = #curNodeName#
			</isNotNull>
			<isNotNull prepend="," property="orderState">
				ORDER_STATE = #orderState#
			</isNotNull>
			<isNotNull prepend="," property="dealPersonId">
				DEAL_PERSON_ID = #dealPersonId#
			</isNotNull>
			<isNotNull prepend="," property="phone">
				PHONE = #phone#
			</isNotNull>
	    	WHERE ID=#id#
		</update>
		
		<delete id="deleteFaultOrder">
			DELETE FROM F_FAULT_ORDER WHERE  ID=#id#
		</delete>
		
		<select id="exportFaultOrderList" resultClass="java.util.HashMap" resultSetType="SCROLL_INSENSITIVE">
			select
	    	a.order_no as orderNo,
	    	a.commit_date AS commitDate,
	    	a.order_type AS orderType,
	    	a.order_name AS orderName,
	    	a.fault_type as faultType,
	    	a.fault_time as faultTime,
	    	a.fault_desc as faultDesc,
	    	a.fault_level as faultLevel,
	    	nvl(d.name,a.deal_person_name) as dealPersonName,
	    	<!-- a.deal_person_name as dealPersonName, -->
	    	a.order_state as orderState
			from
				F_FAULT_ORDER a left join pro_users u on a.commit_by = u.id
				left join sys_user d on a.deal_person_id = d.id
			where a.commit_by = #commitBy#
			<include refid="whereOrderInfo" />
		</select>
		
		<select id="findUserByRoleEnname" resultClass="java.util.HashMap" resultSetType="SCROLL_INSENSITIVE">
		select a.id as id,a.name as name
        from sys_user a,sys_user_role b,sys_role c 
    where a.del_flag = '0' and a.id = b.user_id and b.role_id = c.id and c.enname = #assignee#
		</select>
		
		<select id="findCurrentUserMsisdn" resultClass="java.lang.String">
			SELECT MSISDN FROM PRO_USERS WHERE ID=#userId#
		</select>
	</sqlMap>