<?xml version="1.0" encoding="UTF-8" ?>
<!DOCTYPE mapper PUBLIC "-//mybatis.org//DTD Mapper 3.0//EN" "http://mybatis.org/dtd/mybatis-3-mapper.dtd">
<mapper namespace="com.hvgroup.modules.orderUsageAnalysis.dao.ConfigManageDao">
		
		
	<!-- 稽核规则查询-->
	<select id="findFlowConfig" resultType="com.hvgroup.modules.orderUsageAnalysis.entity.FlowConfig">
		select ID as id,
			   FLOW_PREFIX as flowPrefix,
			   FLOW_SUFFIX as flowSuffix,
			   UNIT as unit
		from 
			JXH_FLOW_INTERVAL_CONFIG
	</select>
	
	<select id="findList" resultType="com.hvgroup.modules.orderUsageAnalysis.entity.FlowConfig">
		select c.PACKAGE_NAME as packageName,
	       c.PACKAGE_CODE as packageCode,
	       c.MAIN_PROD_CODE as mainProdCode,
	       prod.product_name as mainProName,
	       (case
	         when c.pkg_type = 'PKG_TYPE_MONTH' then
	          '月套餐'
	         when c.pkg_type = 'PKG_TYPE_REFUEL' then
	          '加油包'
	         when c.pkg_type = 'PKG_TYPE_QUARTER' then
	          '长周期'
	         when c.pkg_type = 'PKG_TYPE_HALF_YEAR' then
	          '长周期'
	         when c.pkg_type = 'PKG_TYPE_YEAR' then
	          '长周期'
	       end) as pkgType,
	       c.AMOUNT as amount,
	       c.UNIT_VALUE as unitValue,
	       c.UNIT as unit,
	       c.FLOW_TYPE as flowType
		  from JXH_ORDERUSAGE_CONFIG c
		  left join product_suites prod
	    on prod.product_code = c.main_prod_code
		where 1=1 
		<if test="flowType != null and flowType != ''">
			AND FLOW_TYPE = #{flowType}
		</if>
		<if test="packageName != null and packageName != ''">
			AND PACKAGE_NAME like '%'||#{packageName}||'%'
		</if>
		<if test="packageCode != null and packageCode != ''">
			AND PACKAGE_CODE = #{packageCode}
		</if>
		<if test="pkgType != null and pkgType != ''">
			AND PKG_TYPE in (select regexp_substr(#{pkgType}, '[^,]+', 1, level) from dual connect by regexp_substr(#{pkgType}, '[^,]+', 1, level) is not null)
		</if>
	</select>
	
	<insert id="batchUpdate" parameterType="java.util.List">
		merge into JXH_FLOW_INTERVAL_CONFIG f
	    using
	      (
	        <foreach collection="list" item="item" index="index" separator=" union ">
		        select 
		        	#{item.id} as id ,
		        	#{item.flowPrefix} as flow_prefix, 
		        	#{item.flowSuffix} as flow_suffix ,
		        	#{item.unit} as unit  
		        from dual
	        </foreach>
	      )  t
	    on(f.id = t.id)
	    WHEN MATCHED THEN
	        UPDATE SET 
		        f.flow_prefix = t.flow_prefix,
		        f.flow_suffix = t.flow_suffix,
		        f.unit = t.unit
		when not matched then 
		insert(id,flow_prefix,flow_suffix,unit)
		values(t.id,t.flow_prefix,t.flow_suffix,t.unit)
	</insert>
	
	<select id="findOptional" resultType="com.hvgroup.modules.orderUsageAnalysis.entity.FlowConfig">
        select
		ap.package_code,
		ap.package_name,
		ap.main_prod_code,
		<!-- prod.main_prod_name, -->
		prod.product_name mainProName,
		(case
	         when ap.pkg_type = 'PKG_TYPE_MONTH' then
	          '月套餐'
	         when ap.pkg_type = 'PKG_TYPE_REFUEL' then
	          '加油包'
	         when ap.pkg_type = 'PKG_TYPE_QUARTER' then
	          '长周期'
	         when ap.pkg_type = 'PKG_TYPE_HALF_YEAR' then
	          '长周期'
	         when ap.pkg_type = 'PKG_TYPE_YEAR' then
	          '长周期'
	       end) as pkgType,
		ap.amount,
		ap.unit,
		ap.unit_Value
		from atomic_products ap
		<!-- left join prod_card_type prod on prod.main_prod_id = ap.main_prod_code -->
		left join product_suites prod on prod.product_code = ap.main_prod_code 
		where ap.bus_category = 'FLOW'
		<if test="amountPrefix != null and amountPrefix != ''">
			AND ap.amount <![CDATA[ >= ]]> #{amountPrefix}
		</if>
		<if test="amountSuffix != null and amountSuffix != ''">
			AND ap.amount <![CDATA[ <= ]]> #{amountSuffix}
		</if>
		<if test="unitValuePrefix != null and unitValuePrefix != ''">
			AND ap.unit_Value <![CDATA[ >= ]]> #{unitValuePrefix}
		</if>
		<if test="unitValueSuffix != null and unitValueSuffix != ''">
			AND ap.unit_Value <![CDATA[ <= ]]> #{unitValueSuffix}
		</if>
		order by ap.package_code
    </select>
    
    <select id="getPkgByPackageCode" resultType="com.hvgroup.modules.orderUsageAnalysis.entity.FlowConfig">
        select
		ap.package_code,
		ap.package_name,
		ap.main_prod_code,
		<!-- prod.main_prod_name, -->
		prod.product_name mainProName,
		ap.PKG_TYPE,
		ap.amount,
		ap.unit,
		ap.unit_Value
		from atomic_products ap
		<!-- left join prod_card_type prod on prod.main_prod_id = ap.main_prod_code -->
		left join product_suites prod on prod.product_code = ap.main_prod_code 
		where package_code in 
		<foreach collection="list" item="item" index="index" separator="," open="(" close=")">
			#{item}
	    </foreach>
    </select>
    
    <insert id="batchSave" parameterType="java.util.List">
		merge into JXH_ORDERUSAGE_CONFIG c
	    using
	      (
	        <foreach collection="list" item="item" index="index" separator=" union ">
		        select 
		        	#{item.packageName} as package_name ,
		        	#{item.packageCode} as package_code, 
		        	#{item.mainProdCode} as main_prod_code ,
		        	#{item.pkgType} as pkg_type, 
		        	#{item.amount} as amount, 
		        	#{item.unit} as unit, 
		        	#{item.unitValue} as unit_Value, 
		        	#{item.flowType} as flow_type
		        from dual
	        </foreach>
	      )  t
	    on(c.package_code = t.package_code)
	    WHEN MATCHED THEN
	        UPDATE SET 
		        c.package_name = t.package_name,
		        c.main_prod_code = t.main_prod_code,
		        c.pkg_type = t.pkg_type,
		        c.amount = t.amount,
		        c.unit = t.unit,
		        c.unit_Value = t.unit_Value,
		        c.flow_type = t.flow_type
		when not matched then 
		insert(package_code,package_name,main_prod_code,pkg_type,amount,unit,unit_Value,flow_type)
		values(t.package_code,t.package_name,t.main_prod_code,t.pkg_type,t.amount,t.unit,t.unit_Value,t.flow_type)
	</insert>
	
	<update id="update">
		UPDATE JXH_ORDERUSAGE_CONFIG SET flow_type = #{flowType} where package_code = #{packageCode}
	</update>
	
	<delete id="delete">
		DELETE FROM JXH_ORDERUSAGE_CONFIG WHERE PACKAGE_CODE = #{packageCode}
	</delete>
	
</mapper>