<?xml version="1.0" encoding="UTF-8"?>
<!DOCTYPE mapper PUBLIC "-//mybatis.org//DTD Mapper 3.0//EN" "http://mybatis.org/dtd/mybatis-3-mapper.dtd">
<mapper namespace="com.hvgroup.modules.orderUsageAnalysis.dao.OrderAnalysisDao">
<!--集团套餐订购总体占比当前数据-->
    <select id="findOrderGroup" resultType="com.hvgroup.modules.orderUsageAnalysis.entity.OrderAnalysis">
        select (case
            when package_code = 'I00010300047' then
                '通用共享'
            when package_code = 'I00010300048' then
                '专用共享'
            when package_code = 'I00010300040' then
                '不区分共享'
            when package_code = 'prod.10086000006571' then
                '通用扩容包'
            when package_code = 'prod.10086000006570' then
                '专用扩容包'
            when package_code = 'I00010300045' then
                '通用流量池'
            when package_code = 'I00010300046' then
                '专用流量池'
    end) as packageCode, sum(ec_amount) as ecAmount
     from JXH_ORDER_EC_PKG_ANALYSIS
    where to_char(create_date, 'yyyy-mm-dd') =
     (select to_char(max(CREATE_DATE), 'yyyy-mm-dd')
       from JXH_ORDER_EC_PKG_ANALYSIS)
        <if test="areaCode != null and areaCode != '' ">
        and area_code= #{areaCode}
       </if>
        group by package_code
    </select>
    <!--集团套餐订购行业占比当前数据-->
    <select id="findOrderHy" resultType="com.hvgroup.modules.orderUsageAnalysis.entity.OrderAnalysis">
        select business as business,sum(ec_amount) as ecAmount
         from JXH_ORDER_EC_PKG_ANALYSIS
         where to_char(create_date, 'yyyy-mm-dd') =
         (select to_char(max(CREATE_DATE), 'yyyy-mm-dd')
          from JXH_ORDER_EC_PKG_ANALYSIS)
           <if test="areaCode != null and areaCode != '' ">
            and area_code= #{areaCode}
            </if>
        group by business
    </select>
    <!--集团套餐订购产品占比当前数据-->
    <select id="findOrderCp" resultType="com.hvgroup.modules.orderUsageAnalysis.entity.OrderAnalysis">
        select   (case
        when u.CARD_TYPE = 'MAC' then
        '机器卡'
        when u.card_type = 'NB' then
        'NB-IOT'
        when u.card_type = 'HDJ' then
        '和对讲'
        when u.card_type = 'IOV' then
        '车联网'
        when u.card_type = '9105' then
        '行业卡'
        end) as cardType, sum(u.ec_amount) as ecAmount
        from JXH_ORDER_EC_PKG_ANALYSIS u
        where to_char(create_date, 'yyyy-mm-dd') =
        (select to_char(max(CREATE_DATE), 'yyyy-mm-dd')
        from JXH_ORDER_EC_PKG_ANALYSIS)
        <if test = "areaCode != null and areaCode != '' ">
        and area_code = #{areaCode}
        </if>
        group by card_type
    </select>
    <!--查找packageCode-->
    <select id="packageCodeList" resultType="com.hvgroup.modules.orderUsageAnalysis.entity.OrderAnalysis">
        select package_code as packageCode,
          sum(ec_amount) as ecAmount
           from JXH_ORDER_EC_PKG_ANALYSIS
            where to_char(create_date, 'yyyy-mm-dd') =
            (select to_char(max(CREATE_DATE), 'yyyy-mm-dd')
               from JXH_ORDER_EC_PKG_ANALYSIS)
                <if test="areaCode != null and areaCode != '' ">
                    and area_code= #{areaCode}
                </if>
        group by package_code
    </select>
    <!--集团订购趋势图数据查询六个月-->
    <select id="findOrderGroupQs" resultType="com.hvgroup.modules.orderUsageAnalysis.entity.OrderAnalysis">
        <!-- <foreach item="item" index="index" collection="monthsList" separator="union">
            select * from (select max(d.STAT_MONTH) as STAT_MONTH
        <foreach item="item2" index="index" collection="proList" separator="," open=",">
            max(case when d.package_code =#{item2} then
            (select sum(ec_amount) from JXH_ORDER_EC_PKG_ANALYSIS
            where  package_code = #{item2} and STAT_MONTH = #{item}) end) as "pro${index}"
        </foreach>
            from JXH_ORDER_EC_PKG_ANALYSIS d
             where d.STAT_MONTH = #{item}
            <if test="areaCode != null and areaCode != '' ">
                and area_code= #{areaCode}
            </if>
            group by d.STAT_MONTH
            order by d.STAT_MONTH desc)
        </foreach> -->
        
        <foreach item="item" index="index" collection="list" separator="union">
	        select *
			  from (select o.stat_month as statMonth,
		               sum(o.ec_amount) as ecAmount,
		               (select sum(ec_amount)
		                  from JXH_ORDER_EC_PKG_ANALYSIS
		                 where package_code = 'I00010300040' and stat_month = #{item} 
		                 <if test="areaCode != null and areaCode != '' ">
				            and area_code= #{areaCode}
				        </if>) as ecAmount1,
		               (select sum(ec_amount)
		                  from JXH_ORDER_EC_PKG_ANALYSIS
		                 where package_code = 'I00010300045' and stat_month = #{item} 
		                 <if test="areaCode != null and areaCode != '' ">
				            and area_code= #{areaCode}
				        </if>) as ecAmount2,
		               (select sum(ec_amount)
		                  from JXH_ORDER_EC_PKG_ANALYSIS
		                 where package_code = 'I00010300046' and stat_month = #{item} 
		                 <if test="areaCode != null and areaCode != '' ">
				            and area_code= #{areaCode}
				        </if>) as ecAmount3,
		               (select sum(ec_amount)
		                  from JXH_ORDER_EC_PKG_ANALYSIS
		                 where package_code = 'I00010300047' and stat_month = #{item} 
		                 <if test="areaCode != null and areaCode != '' ">
				            and area_code= #{areaCode}
				        </if>) as ecAmount4,
		               (select sum(ec_amount)
		                  from JXH_ORDER_EC_PKG_ANALYSIS
		                 where package_code = 'I00010300048' and stat_month = #{item} 
		                 <if test="areaCode != null and areaCode != '' ">
				            and area_code= #{areaCode}
				        </if>) as ecAmount5,
		               (select sum(ec_amount)
		                  from JXH_ORDER_EC_PKG_ANALYSIS
		                 where package_code = 'prod.10086000006570' and stat_month = #{item} 
		                 <if test="areaCode != null and areaCode != '' ">
				            and area_code= #{areaCode}
				        </if>) as ecAmount6,
		               (select sum(ec_amount)
		                  from JXH_ORDER_EC_PKG_ANALYSIS
		                 where package_code = 'prod.10086000006571' and stat_month = #{item} 
		                 <if test="areaCode != null and areaCode != '' ">
				            and area_code= #{areaCode}
				        </if>) as ecAmount7
		          from JXH_ORDER_EC_PKG_ANALYSIS o 
		          where o.stat_month = #{item} 
		          <if test="areaCode != null and areaCode != '' ">
			            and o.area_code= #{areaCode}
			        </if>
		         group by o.stat_month)
		</foreach>
    </select>
    <!--集团分布-->
    <select id="orderAnalysisFb" resultType="com.hvgroup.modules.orderUsageAnalysis.entity.OrderAnalysis">
      select *
		  from (select max(substr(a.area_name, 1, instr(a.area_name, '市') - 1)) as areaName,
		               sum(o.ec_amount) as ecAmount
		          from JXH_ORDER_EC_PKG_ANALYSIS o
		          join areas a
		            on a.area_code = o.area_code
		            where o.stat_month = to_char(add_months(trunc(sysdate),-1),'yyyymm')
		            <if test="packageCode != null and packageCode != '' ">
			            and o.package_code= #{packageCode}
			        </if>
		         group by o.area_code)
		 order by ecAmount desc
    </select>
    <!--号码总体按总体-->
    <select id="orderAnalysisNbzt" resultType="java.util.Map">
        select sum(pri_count) as priCount,sum( un_pri_count) as unPriCount
        from JXH_MSISDN_PACKAGE_ALL where stat_day =to_char(add_months(trunc(sysdate),-1),'yyyymm')
        <if test="areaCode != null and areaCode != '' ">
            and area_code= #{areaCode}
        </if>
        <if test='types == "2"'>
            and card_type = '9105'
        </if>
        <if test='types == "1"'>
            and card_type <![CDATA[<>]]> '9105'
        </if>
    </select>

    <select id="orderAnalysisNszt" resultType="java.util.Map">
        select
        sum(FLOW_FUNC_COMM_COUNT) AS flowFuncCommCount,
        sum(FLOW_FUNC_SPE_COUNT) AS flowFuncSpeCount,
        sum(VOICE_FUNC_COMM_COUNT) AS voiceFuncCommCount,
        sum(VOICE_FUNC_SPE_COUNT) AS voiceFuncSpeCount,
        sum(SMS_FUNC_COMM_COUNT) AS smsFuncCommCount,
        sum(SMS_FUNC_SPE_COUNT) AS smsFuncSpeCount,
        sum(FLOW_PRI_COMM_COUNT) AS flowPriCommCount,
        sum(FLOW_PRI_SPE_COUNT) AS flowPriSpeCount,
        sum(VOICE_PRI_COMM_COUNT) AS voicePriCommCount,
        sum(VOICE_PRI_SPE_COUNT) AS voicePriSpeCount,
        sum(SMS_PRI_COMM_COUNT) AS smsPriCommCount,
        sum(SMS_PRI_SPE_COUNT)  AS smsPriSpeCount
        from JXH_MSISDN_PACKAGE_ANALYZE where stat_day =to_char(add_months(trunc(sysdate),-1),'yyyymm')
        <if test="areaCode != null and areaCode != '' ">
            and area_code= #{areaCode}
        </if>
        <if test='types == "2"'>
            and card_type = '9105'
        </if>
        <if test='types == "1"'>
            and card_type <![CDATA[<>]]> '9105'
        </if>
        group by stat_day
    </select>
    <select id="orderAnalysisNshyzt" resultType="com.hvgroup.modules.orderUsageAnalysis.entity.OrderAnalysis">
        select business as business,
        	   sum(FLOW_FUNC_COMM_COUNT) AS flowFuncCommCount,
		       sum(FLOW_FUNC_SPE_COUNT) AS flowFuncSpeCount,
		       sum(VOICE_FUNC_COMM_COUNT) AS voiceFuncCommCount,
		       sum(VOICE_FUNC_SPE_COUNT) AS voiceFuncSpeCount,
		       sum(SMS_FUNC_COMM_COUNT) AS smsFuncCommCount,
		       sum(SMS_FUNC_SPE_COUNT) AS smsFuncSpeCount,
		       sum(FLOW_PRI_COMM_COUNT) AS flowPriCommCount,
		       sum(FLOW_PRI_SPE_COUNT) AS flowPriSpeCount,
		       sum(VOICE_PRI_COMM_COUNT) AS voicePriCommCount,
		       sum(VOICE_PRI_SPE_COUNT) AS voicePriSpeCount,
		       sum(SMS_PRI_COMM_COUNT) AS smsPriCommCount,
		       sum(SMS_PRI_SPE_COUNT) AS smsPriSpeCount,
		       sum(nvl(FLOW_FUNC_COMM_COUNT, 0) + nvl(VOICE_FUNC_COMM_COUNT, 0) +
		           nvl(VOICE_FUNC_SPE_COUNT, 0) + nvl(SMS_FUNC_COMM_COUNT, 0) +
		           nvl(SMS_FUNC_SPE_COUNT, 0) + nvl(FLOW_PRI_COMM_COUNT, 0) +
		           nvl(FLOW_PRI_SPE_COUNT, 0) + nvl(VOICE_PRI_COMM_COUNT, 0) +
		           nvl(VOICE_PRI_SPE_COUNT, 0) + nvl(SMS_PRI_COMM_COUNT, 0) +
		           nvl(SMS_PRI_SPE_COUNT, 0)) as count
		  from JXH_MSISDN_PACKAGE_ANALYZE
		 where stat_day = to_char(add_months(trunc(sysdate), -1), 'yyyymm')
			 <if test="areaCode != null and areaCode != '' ">
	            and area_code= #{areaCode}
	        </if>
	        <if test="business != null and business != '' ">
	            and business= #{business}
	        </if>
		 group by business
		 order by count desc
    </select>
    <select id="orderAnalysisNsCpzt" resultType="com.hvgroup.modules.orderUsageAnalysis.entity.OrderAnalysis">
        select sum(FLOW_FUNC_COMM_COUNT) AS flowFuncCommCount,
		       sum(FLOW_FUNC_SPE_COUNT) AS flowFuncSpeCount,
		       sum(VOICE_FUNC_COMM_COUNT) AS voiceFuncCommCount,
		       sum(VOICE_FUNC_SPE_COUNT) AS voiceFuncSpeCount,
		       sum(SMS_FUNC_COMM_COUNT) AS smsFuncCommCount,
		       sum(SMS_FUNC_SPE_COUNT) AS smsFuncSpeCount,
		       sum(FLOW_PRI_COMM_COUNT) AS flowPriCommCount,
		       sum(FLOW_PRI_SPE_COUNT) AS flowPriSpeCount,
		       sum(VOICE_PRI_COMM_COUNT) AS voicePriCommCount,
		       sum(VOICE_PRI_SPE_COUNT) AS voicePriSpeCount,
		       sum(SMS_PRI_COMM_COUNT) AS smsPriCommCount,
		       sum(SMS_PRI_SPE_COUNT) AS smsPriSpeCount,
		       sum(nvl(FLOW_FUNC_COMM_COUNT, 0) + nvl(VOICE_FUNC_COMM_COUNT, 0) +
		           nvl(VOICE_FUNC_SPE_COUNT, 0) + nvl(SMS_FUNC_COMM_COUNT, 0) +
		           nvl(SMS_FUNC_SPE_COUNT, 0) + nvl(FLOW_PRI_COMM_COUNT, 0) +
		           nvl(FLOW_PRI_SPE_COUNT, 0) + nvl(VOICE_PRI_COMM_COUNT, 0) +
		           nvl(VOICE_PRI_SPE_COUNT, 0) + nvl(SMS_PRI_COMM_COUNT, 0) +
		           nvl(SMS_PRI_SPE_COUNT, 0)) as count
		  from JXH_MSISDN_PACKAGE_ANALYZE
		 where stat_day = to_char(add_months(trunc(sysdate), -1), 'yyyymm')
			 <if test="areaCode != null and areaCode != '' ">
	            and area_code= #{areaCode}
	        </if>
	        <if test="cardType != null and cardType != '' ">
	            and card_type= #{cardType}
	        </if>
    </select>

    <select id="orderAnalysisNcstp" resultType="com.hvgroup.modules.orderUsageAnalysis.entity.OrderAnalysis">
        select a.statDay,
        ROUND(a.priCount / a.totalNum * 100, 2) as priCount,
        ROUND(a.unPriCount / a.totalNum * 100, 2) as unPriCount
        from (select *
        from (select stat_day as statDay,
        sum(pri_count) as priCount,
        sum(un_pri_count) as unPriCount,
        (sum(un_pri_count) + sum(pri_count)) as totalNum
        from JXH_MSISDN_PACKAGE_ALL
        group by stat_day
        order by stat_day desc)
        where rownum <![CDATA[<=]]> 6 ) a where 1=1
        <if test="areaCode != null and areaCode != '' ">
            and area_code= #{areaCode}
        </if>
        <if test='types == "2"'>
            and card_type = '9105'
        </if>
        <if test='types == "1"'>
            and card_type <![CDATA[<>]]> '9105'
        </if>
        order by a.statDay
    </select>

    <select id="orderAnalysisNumcsttc" resultType="java.util.Map">
        select * from ( select stat_day,
        sum(FLOW_FUNC_COMM_COUNT) AS flowFuncCommCount,
        sum(FLOW_FUNC_SPE_COUNT) AS flowFuncSpeCount,
        sum(VOICE_FUNC_COMM_COUNT) AS voiceFuncCommCount,
        sum(VOICE_FUNC_SPE_COUNT) AS voiceFuncSpeCount,
        sum(SMS_FUNC_COMM_COUNT) AS smsFuncCommCount,
        sum(SMS_FUNC_SPE_COUNT) AS smsFuncSpeCount,
        sum(FLOW_PRI_COMM_COUNT) AS flowPriCommCount,
        sum(FLOW_PRI_SPE_COUNT) AS flowPriSpeCount,
        sum(VOICE_PRI_COMM_COUNT) AS voicePriCommCount,
        sum(VOICE_PRI_SPE_COUNT) AS voicePriSpeCount,
        sum(SMS_PRI_COMM_COUNT) AS smsPriCommCount,
        sum(SMS_PRI_SPE_COUNT) AS smsPriSpeCount
        from (select * from JXH_MSISDN_PACKAGE_ANALYZE order by stat_day desc)
        where rownum <![CDATA[<=]]> 6
        <if test="areaCode != null and areaCode != '' ">
            and area_code= #{areaCode}
        </if>
        <if test='types == "2"'>
            and card_type = '9105'
        </if>
        <if test='types == "1"'>
            and card_type <![CDATA[<>]]> '9105'
        </if>
        group by stat_day ) order by stat_day
    </select>




    <!--号码行业按卡类型-->
    <select id="orderAnalysisNbHy" resultType="com.hvgroup.modules.orderUsageAnalysis.entity.OrderAnalysis">
        select *
		  from (select m.business as business,
		               sum(m.pri_count) as priCount,
		               sum(m.un_pri_count) as unPriCount,
		               sum(nvl(m.pri_count, 0) + nvl(m.un_pri_count, 0)) as count
		          from JXH_MSISDN_PACKAGE_ALL m
		         where m.stat_day =
		               to_char(add_months(trunc(sysdate), -1), 'yyyymm')
		               <if test="areaCode != null and areaCode != '' ">
			                and m.area_code= #{areaCode}
			            </if>
		         group by m.business)
		 order by count desc
    </select>

    <!--号码产品订购按照总体-->
    <select id="orderAnalysisNbCp" resultType="com.hvgroup.modules.orderUsageAnalysis.entity.OrderAnalysis">
        select (case
		         when m.card_type = 'MAC' then
		          '机器卡'
		         when m.card_type = 'NB' then
		          'NB-IOT'
		         when m.card_type = 'IOV' then
		          '车联网'
		         when m.card_type = '9105' then
		          '行业卡'
		         when m.card_type = 'HDJ' then
		          '和对讲'
		         when m.card_type = 'SMART' then
		          '智能穿戴'
		         when m.card_type = 'WLT' then
		          '物联通'
		       end) as cardType,
		       sum(m.pri_count) as priCount,
		       sum(m.un_pri_count) as unPriCount,
		       sum(nvl(m.pri_count, 0) + nvl(m.un_pri_count, 0)) as count
		  from JXH_MSISDN_PACKAGE_ALL m
		 where m.stat_day = to_char(add_months(trunc(sysdate), -1), 'yyyymm')
		 <if test="areaCode != null and areaCode != ''">
            and m.area_code= #{areaCode}
        </if>
		 group by m.card_type
    </select>
    <!--号码总体趋势图-->
    <select id="dgCount" resultType="com.hvgroup.modules.orderUsageAnalysis.entity.OrderAnalysis">
        <foreach item="item" index="index" collection="monthsList" separator="union">
            select * from(select max(stat_day) as statDay, sum(PRI_COUNT)as priCount,sum(UN_PRI_COUNT)as unPriCount
            from JXH_MSISDN_PACKAGE_ALL
            where stat_day=#{item}
            <if test="areaCode != null and areaCode != '' ">
                and area_code= #{areaCode}
            </if>
            <if test="types != null and types == '2'.toString() ">
                and card_type = '9105'
            </if>
            <if test="types != null and types == '1'.toString() ">
                and card_type <![CDATA[<>]]> '9105'
            </if>)where 1=1
        </foreach>

    </select>
    <!--号码订购分布-->
    <select id="orderAnalysishmFb" resultType="com.hvgroup.modules.orderUsageAnalysis.entity.OrderAnalysis">
         select *
                 from (select * from (select ROW_NUMBER() OVER(PARTITION BY u2.areaCode ORDER BY u2.statDay desc) rn,
                       u2.*from (select *
                                   from (  select max(substr(a.area_name, 1, instr(a.area_name, '市') - 1)) as areaName,
                                                   u.area_code as areaCode,
                                                   sum(u.PRI_COUNT) as priCount,
                                                   sum(u.UN_PRI_COUNT) as unPriCount,
                                                   sum( u.PRI_COUNT +u.UN_PRI_COUNT) as sumCount,
                                                   max(u.stat_day) as statDay
                                            from JXH_MSISDN_PACKAGE_ALL u
                                                      left join areas a
                                                     on a.area_code = u.area_code
                                            where stat_day =to_char(add_months(trunc(sysdate),-1),'yyyymm')
                                                  group by  u.area_code) u1) u2)
                          where rn = 1)
                          order by sumCount desc



    </select>
    <!--智能穿戴营销特色分析-->
    <select id="orderAnalysisMarketing" resultType="com.hvgroup.modules.orderUsageAnalysis.entity.OrderAnalysis">
                    select u.package_code as packageCode,
                         max( a.package_name) as packageName,
                              sum(u.dg_count) as dgCount
                     from JXH_DG_ZLCDYX u
                      left join ATOMIC_PRODUCTS a on u.package_code=a.package_code
                           where  stat_date =to_char(add_months(trunc(sysdate),-1),'yyyymm')
                                  and u.pkg_type='1'
                            <if test = "areaCode != null and areaCode != '' ">
                                 and area_code = #{areaCode}
                            </if>
                     group by u.package_code
    </select>
        <!--智能穿戴营销套餐名称-->
    <select id="findPackageName" resultType="com.hvgroup.modules.orderUsageAnalysis.entity.OrderAnalysis">
                    select distinct packageName as packageName
                             from (select u.*, a.package_name as packageName
                                     from JXH_DG_ZLCDYX u
                                     left join ATOMIC_PRODUCTS a
                                     on u.package_code = a.package_code
                                     where u.pkg_type = '1')

    </select>
    <!--智能穿戴营销套餐趋势数据-->
    <select id="findOrderMarketingQs" resultType="com.hvgroup.modules.orderUsageAnalysis.entity.OrderAnalysis">
        <foreach item="item" index="index" collection="monthsList" separator="union">
                select * from (select max(d.stat_date) as statDay
                                <foreach item="item2" index="index" collection="nameList" separator="," open=",">
                                      max(case when  d.packageName =#{item2} then
                                          (select sum(dg_count)
                                             from (select *
                                                     from (select u.*, a.package_name as packageName
                                                            from JXH_DG_ZLCDYX u
                                                             left join ATOMIC_PRODUCTS a
                                                                    on u.package_code = a.package_code
                                                            where u.pkg_type = '1') u
                                                  )
                                                  where  packageName =#{item2} and stat_date = #{item}) end) as "pro${index}"

                                </foreach>
                                  from (select u.*, a.package_name as packageName
                                         from JXH_DG_ZLCDYX u
                                         left join ATOMIC_PRODUCTS a
                                         on u.package_code = a.package_code
                                            where u.pkg_type = '1') d
                  where d.stat_date = #{item}
                    <if test="areaCode != null and areaCode != '' ">
                        and area_code= #{areaCode}
                    </if>
                        group by d.stat_date
                        order by d.stat_date desc)
        </foreach>
    </select>
    <!--特殊服务-->
    <select id="orderAnalysisSpecialService" resultType="com.hvgroup.modules.orderUsageAnalysis.entity.OrderAnalysis">
                      <!--  select (
                          case when pkg_type=1 then
                          '网络优先接入'
                          when pkg_type=2 then
                          '网络机卡绑定'
                           when pkg_type=3 then
                          '网络区域限制'
                           when pkg_type=4 then
                          '企业白名单'
                           when pkg_type=5 then
                          '成员白名单'
                        end ) as pkgType,sum(dg_count) as dgCount
                              from JXH_DG_TSFWFX
                             where stat_date =to_char(add_months(trunc(sysdate),-1),'yyyymm')
                        <if test="areaCode != null and areaCode != '' ">
                            and area_code= #{areaCode}
                        </if>
                             group by pkg_type-->



        select (select sum(dg_count)
        from JXH_DG_TSFWFX
        where pkg_type = 1
        and stat_date = to_char(add_months(trunc(sysdate), -1), 'yyyymm')) as dgCount1,
        (select sum(dg_count)
        from JXH_DG_TSFWFX
        where pkg_type = 2
        and stat_date = to_char(add_months(trunc(sysdate), -1), 'yyyymm')) as dgCount2,
        (select sum(dg_count)
        from JXH_DG_TSFWFX
        where pkg_type = 3
        and stat_date = to_char(add_months(trunc(sysdate), -1), 'yyyymm')) as dgCount3,
        (select sum(dg_count)
        from JXH_DG_TSFWFX
        where pkg_type = 4
        and stat_date = to_char(add_months(trunc(sysdate), -1), 'yyyymm')) as dgCount4,
        (select sum(dg_count)
        from JXH_DG_TSFWFX
        where pkg_type = 5
        and stat_date = to_char(add_months(trunc(sysdate), -1), 'yyyymm')) as dgCount5
        from JXH_DG_TSFWFX t
        where stat_date = to_char(add_months(trunc(sysdate), -1), 'yyyymm')
        group by t.stat_date



    </select>
    <!--流量分布-->
    <select id="orderAnalysisFlowFb" resultType="com.hvgroup.modules.orderUsageAnalysis.entity.OrderAnalysis">
        select (
                          case when pkg_type=0 then
                          '小流量'
                          when pkg_type=1 then
                          '中流量'
                           when pkg_type=2 then
                          '大流量'

                        end ) as pkgType,sum(dg_count) as dgCount
                              from JXH_DG_LLDGFB
                             where stat_date =to_char(add_months(trunc(sysdate),-1),'yyyymm')
                             <if test="areaCode != null and areaCode != '' ">
            and area_code= #{areaCode}
        </if>
                             group by pkg_type
                             order by pkg_type
    </select>
    <!--短信分布通专用总数统计-->
    <select id="orderAnalysisdxFbSms" resultType="com.hvgroup.modules.orderUsageAnalysis.entity.OrderAnalysis">
        select sum(Dg_COUNT)as dgCount ,(case
                          when channel=1 then
                          '通用'
                           when channel=2 then
                          '专用'
                        end ) as channel from JXH_DG_DXDGFX u
                        where 1=1
                          and stat_date =to_char(add_months(trunc(sysdate),-1),'yyyymm')
                           <if test="areaCode != null and areaCode != '' ">
                               and area_code= #{areaCode}
                           </if>
                        group by channel
    </select>
    <!--按照所有同类套餐统计-->
    <select id="orderAnalysisdxFbSmspackage"
            resultType="com.hvgroup.modules.orderUsageAnalysis.entity.OrderAnalysis">
        select   packageName, sum(DG_COUNT) as dgCount from(
        select u.*, a.package_name as packageName
        from JXH_DG_DXDGFX u
        left join ATOMIC_PRODUCTS a
        on u.package_code = a.package_code
        where u.pkg_type = '1')
        where 1=1
        and stat_date =to_char(add_months(trunc(sysdate),-1),'yyyymm')
        <if test="areaCode != null and areaCode != '' ">
            and area_code= #{areaCode}
        </if>
        group by packageName
    </select>
    <select id="orderAnalysisdxFbChannelpackage"
            resultType="com.hvgroup.modules.orderUsageAnalysis.entity.OrderAnalysis">
             select   packageName, sum(DG_COUNT) as dgCount
             from( select u.*, a.package_name as packageName
                     from JXH_DG_DXDGFX u
                     left join ATOMIC_PRODUCTS a
                      on u.package_code = a.package_code
                      where u.pkg_type = '1')
            where  channel=#{channel}
            and stat_date =to_char(add_months(trunc(sysdate),-1),'yyyymm')
            <if test="areaCode != null and areaCode != '' ">
                and area_code= #{areaCode}
            </if> group by packageName


    </select>
    <!--通用短信通用-->
    <select id="smsUniversalCount" resultType="com.hvgroup.modules.orderUsageAnalysis.entity.OrderAnalysis">
        <foreach item="item" index="index" collection="monthsList" separator="union">
            select max(stat_date) as statDay,(case
            when channel=1 then
            '通用'
            end ) as channel ,sum(DG_COUNT) as dgCount
            from JXH_DG_DXDGFX u where channel=1 and stat_date=#{item}
            <if test="areaCode != null and areaCode != '' ">
                and area_code= #{areaCode}
            </if>
             group by channel
        </foreach>
    </select>
      <!--专用-->
    <select id="smsDedicatedCount" resultType="com.hvgroup.modules.orderUsageAnalysis.entity.OrderAnalysis">
        <foreach item="item" index="index" collection="monthsList" separator="union">
            select max(stat_date) as statDay,(case
            when channel=2 then
            '专用'
            end ) as channel ,sum(DG_COUNT) as dgCount
            from JXH_DG_DXDGFX u where channel=2 and stat_date=#{item}
            <if test="areaCode != null and areaCode != '' ">
                and area_code= #{areaCode}
            </if>
            group by channel
        </foreach>
    </select>

    <select id="orderAnalysisdxFbVoid"
            resultType="com.hvgroup.modules.orderUsageAnalysis.entity.OrderAnalysis">
        select sum(Dg_COUNT)as dgCount ,(case
        when channel=1 then
        '通用'
        when channel=2 then
        '专用'
        end ) as channel from JXH_DG_YYDGFX u
        where 1=1
        and stat_date =to_char(add_months(trunc(sysdate),-1),'yyyymm')
        and pkg_type=#{types}
        <if test="areaCode != null and areaCode != '' ">
            and area_code= #{areaCode}
        </if>
        group by channel




    </select>
    <select id="orderAnalysisdxFbVoidpackage"
            resultType="com.hvgroup.modules.orderUsageAnalysis.entity.OrderAnalysis">
         select *
              from (select *
                       from(select package_code as packageCode,max(packageName)as packageName,sum(DG_COUNT) as dgCount
                      from (select u.*, a.package_name as packageName
                              from JXH_DG_YYDGFX u
                              left join ATOMIC_PRODUCTS a
                                on u.package_code = a.package_code
                             where u.pkg_type = #{types})
                     where 1 = 1
                       and stat_date = to_char(add_months(trunc(sysdate), -1), 'yyyymm')
                       and pkg_type = #{types}
                     group by package_code
                     )

             order by dgCount desc
             )
             WHERE ROWNUM <![CDATA[<=]]> 5

    </select>
    <select id="orderAnalysisVoidFbChannelpackage"
            resultType="com.hvgroup.modules.orderUsageAnalysis.entity.OrderAnalysis">
<!--        select   packageName, sum(DG_COUNT) as dgCount
        from( select u.*, a.package_name as packageName
        from JXH_DG_YYDGFX u
        left join ATOMIC_PRODUCTS a
        on u.package_code = a.package_code
        where u.pkg_type = #{types})
        where  channel=#{channel}
        and stat_date =to_char(add_months(trunc(sysdate),-1),'yyyymm')
        <if test="areaCode != null and areaCode != '' ">
            and area_code= #{areaCode}
        </if> group by packageName-->
        select    *
        from(select    *
        from(select package_code,max(packageName)as packageName,sum(DG_COUNT) as dgCount
        from   ( select    *
        from( select u.*, a.package_name as packageName
        from JXH_DG_YYDGFX u
        left join ATOMIC_PRODUCTS a
        on u.package_code = a.package_code
        where u.pkg_type =#{types}
        and u.channel=#{channel})
        where  1=1
        and stat_date =to_char(add_months(trunc(sysdate),-1),'yyyymm'))
        group by package_code
        )
        order by dgCount desc
        )  WHERE ROWNUM <![CDATA[<=]]> 5
    </select>


    <!--通用短信通用-->
    <select id="voidUniversalCount" resultType="com.hvgroup.modules.orderUsageAnalysis.entity.OrderAnalysis">
        <foreach item="item" index="index" collection="monthsList" separator="union">
            select max(stat_date) as statDay,(case
            when channel=1 then
            '通用'
            end ) as channel ,sum(DG_COUNT) as dgCount
            from JXH_DG_YYDGFX u where channel=1 and stat_date=#{item}
            and pkg_type=#{pkgType}
            <if test="areaCode != null and areaCode != '' ">
                and area_code= #{areaCode}
            </if>
            group by channel
        </foreach>
    </select>
    <!--专用-->
    <select id="voidDedicatedCount" resultType="com.hvgroup.modules.orderUsageAnalysis.entity.OrderAnalysis">
        <foreach item="item" index="index" collection="monthsList" separator="union">
            select max(stat_date) as statDay,(case
            when channel=2 then
            '专用'
            end ) as channel ,sum(DG_COUNT) as dgCount
            from JXH_DG_YYDGFX u where channel=2 and stat_date=#{item}
            and pkg_type=#{pkgType}
            <if test="areaCode != null and areaCode != '' ">
                and area_code= #{areaCode}
            </if>
            group by channel
        </foreach>
    </select>
    <!--流量外环总数-->
    <select id="orderAnalysisdxFbFlow"
            resultType="com.hvgroup.modules.orderUsageAnalysis.entity.OrderAnalysis">
         select sum(Dg_COUNT)as dgCount ,(case
                          when channel=1 then
                          '通用'
                           when channel=2 then
                          '专用'
                        end ) as channel from jxh_dg_lldgfx u
               where 1=1
               and stat_date =to_char(add_months(trunc(sysdate),-1),'yyyymm')
               and pkg_type=#{types}
            <if test="areaCode != null and areaCode != '' ">
                and area_code= #{areaCode}
            </if>
             group by channel

    </select>
    <!--前五-->
    <select id="orderAnalysisdxFbFlowpackage"
            resultType="com.hvgroup.modules.orderUsageAnalysis.entity.OrderAnalysis">
                   select *
              from (select *
                       from(select package_code as packageCode,max(packageName)as packageName,sum(DG_COUNT) as dgCount
                      from (select u.*, a.package_name as packageName
                              from jxh_dg_lldgfx u
                              left join ATOMIC_PRODUCTS a
                                on u.package_code = a.package_code
                             where u.pkg_type = #{types})
                     where 1 = 1
                       and stat_date = to_char(add_months(trunc(sysdate), -1), 'yyyymm')
                       and pkg_type = #{types}
                     group by package_code
                     )

             order by dgCount desc
             )
             WHERE ROWNUM <![CDATA[<=]]> 5
    </select>
<!--其他-->
    <select id="orderAnalysisdxFbOther"
            resultType="com.hvgroup.modules.orderUsageAnalysis.entity.OrderAnalysis">
        select sum(dgCount) as dgCount
         from (select *
                from(select package_code,sum(DG_COUNT) as dgCount
                      from (select u.*, a.package_name as packageName
                            from jxh_dg_lldgfx u
                            left join ATOMIC_PRODUCTS a
                                 on u.package_code = a.package_code
                            where u.pkg_type = #{types})
                     where 1 = 1
                    and stat_date = to_char(add_months(trunc(sysdate), -1), 'yyyymm')
                    and pkg_type = #{types}
                    group by package_code
                     )
                order by dgCount desc
            )where package_code not in
            <foreach item="item2" index="index" collection="proList"  open="(" separator="," close=")">
             #{item2}
             </foreach>

    </select>


    <select id="orderAnalysisFlowFbChannelpackage"
            resultType="com.hvgroup.modules.orderUsageAnalysis.entity.OrderAnalysis">
        select    *
        from(select    *
        from(select package_code,max(packageName)as packageName,sum(DG_COUNT) as dgCount
        from   ( select    *
        from( select u.*, a.package_name as packageName
        from JXH_DG_LLDGFX u
        left join ATOMIC_PRODUCTS a
        on u.package_code = a.package_code
        where u.pkg_type =#{types}
        and u.channel=#{channel})
        where  1=1
        and stat_date =to_char(add_months(trunc(sysdate),-1),'yyyymm'))
        group by package_code
        )
        order by dgCount desc
        )  WHERE ROWNUM <![CDATA[<=]]> 5
    </select>
    <select id="flowUniversalCount" resultType="com.hvgroup.modules.orderUsageAnalysis.entity.OrderAnalysis">
        <foreach item="item" index="index" collection="monthsList" separator="union">
        select max(stat_date) as statDay,(case
        when channel=1 then
        '通用'
        end ) as channel ,sum(DG_COUNT) as dgCount
        from JXH_DG_LLDGFX u where channel=1 and


        stat_date=#{item}
        and pkg_type=#{pkgType1}
        <if test="areaCode != null and areaCode != '' ">
            and area_code= #{areaCode}
        </if>
        group by channel
        </foreach>
    </select>
    <select id="flowDedicatedCount" resultType="com.hvgroup.modules.orderUsageAnalysis.entity.OrderAnalysis">
        <foreach item="item" index="index" collection="monthsList" separator="union">
        select max(stat_date) as statDay,(case
        when channel=2 then
        '专用'
        end ) as channel ,sum(DG_COUNT) as dgCount
        from JXH_DG_LLDGFX u where channel=2 and stat_date=#{item}
        and pkg_type=#{pkgType1}
        <if test="areaCode != null and areaCode != '' ">
            and area_code= #{areaCode}
        </if>
        group by channel
        </foreach>
    </select>
    <select id="orderAnalysisFlowFbChannelOther"
            resultType="com.hvgroup.modules.orderUsageAnalysis.entity.OrderAnalysis">
          select   sum(dgCount) as dgCount
        from(select    *
        from(select package_code,max(packageName)as packageName,sum(DG_COUNT) as dgCount
        from   ( select    *
        from( select u.*, a.package_name as packageName
        from JXH_DG_LLDGFX u
        left join ATOMIC_PRODUCTS a
        on u.package_code = a.package_code
        where u.pkg_type =#{types}
        and u.channel=#{channel})
        where  1=1
        and stat_date =to_char(add_months(trunc(sysdate),-1),'yyyymm'))
        group by package_code
        )
        order by dgCount desc
        ) where  package_code not in
        <foreach item="item2" index="index" collection="proList"  open="(" separator="," close=")">
            #{item2}
        </foreach>
    </select>
    <select id="orderAnalysisdxFbVoidOther"
            resultType="com.hvgroup.modules.orderUsageAnalysis.entity.OrderAnalysis">
        select sum(dgCount) as dgCount
        from (select *
        from(select package_code,sum(DG_COUNT) as dgCount
        from (select u.*, a.package_name as packageName
        from JXH_DG_YYDGFX u
        left join ATOMIC_PRODUCTS a
        on u.package_code = a.package_code
        where u.pkg_type = #{types})
        where 1 = 1
        and stat_date = to_char(add_months(trunc(sysdate), -1), 'yyyymm')
        and pkg_type = #{types}
        group by package_code
        )
        order by dgCount desc
        )where  1=1
        <if test="areaCode != null and areaCode != '' ">
        and area_code= #{areaCode}
    </if>
           and  package_code not in
        <foreach item="item2" index="index" collection="proList"  open="(" separator="," close=")">
            #{item2}
        </foreach>

    </select>
    <select id="orderAnalysisVoidFbChannelOthere"
            resultType="com.hvgroup.modules.orderUsageAnalysis.entity.OrderAnalysis">
        select   sum(dgCount) as dgCount
        from(select    *
        from(select package_code,max(packageName)as packageName,sum(DG_COUNT) as dgCount
        from   ( select    *
        from( select u.*, a.package_name as packageName
        from JXH_DG_YYDGFX u
        left join ATOMIC_PRODUCTS a
        on u.package_code = a.package_code
        where u.pkg_type =#{types}
        and u.channel=#{channel})
        where  1=1
        and stat_date =to_char(add_months(trunc(sysdate),-1),'yyyymm'))
        group by package_code
        )
        order by dgCount desc
        ) where  1=1
        <if test="areaCode != null and areaCode != '' ">
            and area_code= #{areaCode}
        </if>
         and package_code not in
        <foreach item="item2" index="index" collection="proList"  open="(" separator="," close=")">
            #{item2}
        </foreach>
    </select>
    
    <select id="msisdnOrderAnalysisTrend" resultType="com.hvgroup.modules.orderUsageAnalysis.entity.OrderAnalysis">
	    <foreach item="item" index="index" collection="list" separator="union">
	    	select * from (select m.stat_day as statDay,
			       sum(m.pri_count) as priCount,
			       sum(m.un_pri_count) as unPriCount
			  from JXH_MSISDN_PACKAGE_ALL m
			 where m.stat_day = #{item}
			 <if test="areaCode != null and areaCode != '' ">
	            and area_code= #{areaCode}
	        </if>
			 group by m.stat_day)
		</foreach>
    </select>
    
    <select id="getTop9Business" resultType="java.lang.String">
    	select business
		  from (select business,
		               sum(nvl(FLOW_FUNC_COMM_COUNT, 0) +
		                   nvl(VOICE_FUNC_COMM_COUNT, 0) +
		                   nvl(VOICE_FUNC_SPE_COUNT, 0) +
		                   nvl(SMS_FUNC_COMM_COUNT, 0) + nvl(SMS_FUNC_SPE_COUNT, 0) +
		                   nvl(FLOW_PRI_COMM_COUNT, 0) + nvl(FLOW_PRI_SPE_COUNT, 0) +
		                   nvl(VOICE_PRI_COMM_COUNT, 0) +
		                   nvl(VOICE_PRI_SPE_COUNT, 0) + nvl(SMS_PRI_COMM_COUNT, 0) +
		                   nvl(SMS_PRI_SPE_COUNT, 0)) as count
		          from JXH_MSISDN_PACKAGE_ANALYZE
		         where stat_day = to_char(add_months(trunc(sysdate), -1), 'yyyymm')
		         group by business
		         order by count desc)
    </select>


</mapper>