<?xml version="1.0" encoding="UTF-8" ?>
<!DOCTYPE mapper PUBLIC "-//mybatis.org//DTD Mapper 3.0//EN" "http://mybatis.org/dtd/mybatis-3-mapper.dtd">
<mapper namespace="com.hvgroup.modules.orderUsageAnalysis.dao.UsageAnalysisDao">

	<select id="flowUsageAnalysisMix" resultType="com.hvgroup.modules.orderUsageAnalysis.entity.JxhFlowUsedDistribute">
		select (case
	         when f.channel = 'default' then
	          '通用'
	         when f.channel = 'special' then
	          '定向'
	       end) as channel,
	       sum(f.gross) as gross,
	       (select sum(gross)
	          from JXH_FLOW_USED_DISTRIBUTE
	         where used_interval = '1'
	           and used_month =
	               to_char(add_months(trunc(sysdate), -1), 'yyyymm')
	               <if test="channel != null and channel != ''">
						AND channel = #{channel} 
					</if>
					<if test="areaCode != null and areaCode != ''">
			       		and area_code = #{areaCode} 
			       </if>) as gross1,
	       (select sum(gross)
	          from JXH_FLOW_USED_DISTRIBUTE
	         where used_interval = '2'
	           and used_month =
	               to_char(add_months(trunc(sysdate), -1), 'yyyymm')
	               <if test="channel != null and channel != ''">
						AND channel = #{channel} 
					</if>
					<if test="areaCode != null and areaCode != ''">
			       		and area_code = #{areaCode} 
			       </if>) as gross2,
	       (select sum(gross)
	          from JXH_FLOW_USED_DISTRIBUTE
	         where used_interval = '3'
	           and used_month =
	               to_char(add_months(trunc(sysdate), -1), 'yyyymm')
	               <if test="channel != null and channel != ''">
						AND channel = #{channel} 
					</if>
					<if test="areaCode != null and areaCode != ''">
			       		and area_code = #{areaCode} 
			       </if>) as gross3,
	       (select sum(gross)
	          from JXH_FLOW_USED_DISTRIBUTE
	         where used_interval = '4'
	           and used_month =
	               to_char(add_months(trunc(sysdate), -1), 'yyyymm')
	               <if test="channel != null and channel != ''">
						AND channel = #{channel} 
					</if>
					<if test="areaCode != null and areaCode != ''">
			       		and area_code = #{areaCode} 
			       </if>) as gross4
	  from JXH_FLOW_USED_DISTRIBUTE f
	 where f.used_month = to_char(add_months(trunc(sysdate), -1), 'yyyymm')
	  <if test="areaCode != null and areaCode != ''">
       	and f.area_code = #{areaCode} 
       </if>
       <if test="channel != null and channel != ''">
			AND f.channel = #{channel} 
		</if>
	 group by f.channel
	</select>
	
	<select id="flowUsageAnalysisMixHy" resultType="com.hvgroup.modules.orderUsageAnalysis.entity.JxhFlowUsedDistribute">
		select *
		  from (select f.business as business,
		               sum(f.gross) as gross,
		               (select sum(gross)
		                  from JXH_FLOW_USED_DISTRIBUTE
		                 where used_interval = '1'
		                   and used_month =
		                       to_char(add_months(trunc(sysdate), -1), 'yyyymm')
		                       <if test="business != null and business != ''">
									AND business = #{business} 
								</if>
								<if test="channel != null and channel != ''">
									AND channel = #{channel}
								</if>
								<if test="areaCode != null and areaCode != ''">
						       		and area_code = #{areaCode} 
						       </if>) as gross1,
		               (select sum(gross)
		                  from JXH_FLOW_USED_DISTRIBUTE
		                 where used_interval = '2'
		                   and used_month =
		                       to_char(add_months(trunc(sysdate), -1), 'yyyymm')
		                       <if test="business != null and business != ''">
									AND business = #{business} 
								</if>
								<if test="channel != null and channel != ''">
									AND channel = #{channel}
								</if>
								<if test="areaCode != null and areaCode != ''">
						       		and area_code = #{areaCode} 
						       </if>) as gross2,
		               (select sum(gross)
		                  from JXH_FLOW_USED_DISTRIBUTE
		                 where used_interval = '3'
		                   and used_month =
		                       to_char(add_months(trunc(sysdate), -1), 'yyyymm')
		                       <if test="business != null and business != ''">
									AND business = #{business} 
								</if>
								<if test="channel != null and channel != ''">
									AND channel = #{channel}
								</if>
								<if test="areaCode != null and areaCode != ''">
						       		and area_code = #{areaCode} 
						       </if>) as gross3,
		               (select sum(gross)
		                  from JXH_FLOW_USED_DISTRIBUTE
		                 where used_interval = '4'
		                   and used_month =
		                       to_char(add_months(trunc(sysdate), -1), 'yyyymm')
		                       <if test="business != null and business != ''">
									AND business = #{business} 
								</if>
								<if test="channel != null and channel != ''">
									AND channel = #{channel}
								</if>
								<if test="areaCode != null and areaCode != ''">
						       		and area_code = #{areaCode} 
						       </if>) as gross4
		          from JXH_FLOW_USED_DISTRIBUTE f
		         where f.used_month =
		               to_char(add_months(trunc(sysdate), -1), 'yyyymm')
		               <if test="channel != null and channel != ''">
							AND f.channel = #{channel}
						</if>
						<if test="areaCode != null and areaCode != ''">
				       		and f.area_code = #{areaCode} 
				       </if>
		         group by f.business) where 1=1 
		         <if test="business != null and business != ''">
					AND business = #{business} 
				</if>
		 order by gross desc
	</select>
	
	<select id="flowUsageAnalysisMixCp" resultType="com.hvgroup.modules.orderUsageAnalysis.entity.JxhFlowUsedDistribute">
		select (case
		         when f.Card_Type = 'MAC' then
		          '机器卡'
		         when f.Card_Type = 'NB' then
		          'NB-IOT'
		         when f.Card_Type = 'IOV' then
		          '车联网'
		         when f.Card_Type = '9105' then
		          '行业卡'
		         when f.Card_Type = 'HDJ' then
		          '和对讲'
		         when f.Card_Type = 'SMART' then
		          '智能穿戴'
		         when f.Card_Type = 'WLT' then
          		  '物联通'
		       end) as cardType,
		       sum(f.gross) as gross,
		       (select sum(gross)
		          from JXH_FLOW_USED_DISTRIBUTE
		         where used_interval = '1'
		           and used_month =
		               to_char(add_months(trunc(sysdate), -1), 'yyyymm')
		           <if test="cardType != null and cardType != ''">
						AND card_type = #{cardType} 
					</if>
					<if test="channel != null and channel != ''">
						AND channel = #{channel}
					</if>
					<if test="areaCode != null and areaCode != ''">
			       		and area_code = #{areaCode} 
			       </if>) as gross1,
		       (select sum(gross)
		          from JXH_FLOW_USED_DISTRIBUTE
		         where used_interval = '2'
		           and used_month =
		               to_char(add_months(trunc(sysdate), -1), 'yyyymm')
		           <if test="cardType != null and cardType != ''">
						AND card_type = #{cardType} 
					</if>
					<if test="channel != null and channel != ''">
						AND channel = #{channel}
					</if>
					<if test="areaCode != null and areaCode != ''">
			       		and area_code = #{areaCode} 
			       </if>) as gross2,
		       (select sum(gross)
		          from JXH_FLOW_USED_DISTRIBUTE
		         where used_interval = '3'
		           and used_month =
		               to_char(add_months(trunc(sysdate), -1), 'yyyymm')
		           <if test="cardType != null and cardType != ''">
						AND card_type = #{cardType} 
					</if>
					<if test="channel != null and channel != ''">
						AND channel = #{channel}
					</if>
					<if test="areaCode != null and areaCode != ''">
			       		and area_code = #{areaCode} 
			       </if>) as gross3,
		       (select sum(gross)
		          from JXH_FLOW_USED_DISTRIBUTE
		         where used_interval = '4'
		           and used_month =
		               to_char(add_months(trunc(sysdate), -1), 'yyyymm')
		           <if test="cardType != null and cardType != ''">
						AND card_type = #{cardType} 
					</if>
					<if test="channel != null and channel != ''">
						AND channel = #{channel}
					</if>
					<if test="areaCode != null and areaCode != ''">
			       		and area_code = #{areaCode} 
			       </if>) as gross4
		  from JXH_FLOW_USED_DISTRIBUTE f
		 where f.used_month = to_char(add_months(trunc(sysdate), -1), 'yyyymm')
		   <if test="cardType != null and cardType != ''">
				AND f.card_type = #{cardType} 
			</if>
			<if test="areaCode != null and areaCode != ''">
	       		and f.area_code = #{areaCode} 
	       </if>
	       <if test="channel != null and channel != ''">
				AND f.channel = #{channel}
			</if>
		 group by f.Card_Type
	</select>
	
	<select id="flowUsageAnalysisTrend" resultType="com.hvgroup.modules.orderUsageAnalysis.entity.JxhFlowUsedDistribute">
		<foreach item="item" index="index" collection="list" separator="union">
			select * from (select f.used_month as usedMonth,
	               sum(f.gross) as gross,
	               (select sum(gross)
	                  from JXH_FLOW_USED_DISTRIBUTE
	                 where used_interval = '1'
	                   and used_month = #{item}
	                   <if test="areaCode != null and areaCode != ''">
			       		and area_code = #{areaCode} 
				       </if>
				       <if test="channel != null and channel != ''">
							AND channel = #{channel}
						</if>) as gross1,
	               (select sum(gross)
	                  from JXH_FLOW_USED_DISTRIBUTE
	                 where used_interval = '2'
	                   and used_month = #{item}
	                   <if test="areaCode != null and areaCode != ''">
			       		and area_code = #{areaCode} 
				       </if>
				       <if test="channel != null and channel != ''">
							AND channel = #{channel}
						</if>) as gross2,
	               (select sum(gross)
	                  from JXH_FLOW_USED_DISTRIBUTE
	                 where used_interval = '3'
	                   and used_month = #{item}
	                   <if test="areaCode != null and areaCode != ''">
			       		and area_code = #{areaCode} 
				       </if>
				       <if test="channel != null and channel != ''">
							AND channel = #{channel}
						</if>) as gross3,
	               (select sum(gross)
	                  from JXH_FLOW_USED_DISTRIBUTE
	                 where used_interval = '4'
	                   and used_month = #{item}
	                   <if test="areaCode != null and areaCode != ''">
			       		and area_code = #{areaCode} 
				       </if>
				       <if test="channel != null and channel != ''">
							AND channel = #{channel}
						</if>) as gross4
	          from JXH_FLOW_USED_DISTRIBUTE f
	         where f.used_month = #{item}
	               <if test="areaCode != null and areaCode != ''">
			       		and f.area_code = #{areaCode} 
			       </if>
			       <if test="channel != null and channel != ''">
						AND f.channel = #{channel}
					</if>
	         group by f.used_month)
	         </foreach>
	</select>
	
	<select id="flowUsageBarChart" resultType="com.hvgroup.modules.orderUsageAnalysis.entity.JxhFlowUsedDistribute">
		select *
		  from (select max(substr(a.area_name, 1, instr(a.area_name, '市') - 1)) as areaName,
		               sum(f.gross) as gross,
		               (select sum(gross)
		                  from JXH_FLOW_USED_DISTRIBUTE
		                 where used_interval = '1'
		                   and used_month =
		                       to_char(add_months(trunc(sysdate), -1), 'yyyymm')
		                   and area_code = f.area_code
		                       <if test="channel != null and channel != ''">
									AND channel = #{channel}
								</if>) as gross1,
		               (select sum(gross)
		                  from JXH_FLOW_USED_DISTRIBUTE
		                 where used_interval = '2'
		                   and used_month =
		                       to_char(add_months(trunc(sysdate), -1), 'yyyymm')
	                       and area_code = f.area_code
		                       <if test="channel != null and channel != ''">
									AND channel = #{channel}
								</if>) as gross2,
		               (select sum(gross)
		                  from JXH_FLOW_USED_DISTRIBUTE
		                 where used_interval = '3'
		                   and used_month =
		                       to_char(add_months(trunc(sysdate), -1), 'yyyymm')
	                       and area_code = f.area_code
		                       <if test="channel != null and channel != ''">
									AND channel = #{channel}
								</if>) as gross3,
		               (select sum(gross)
		                  from JXH_FLOW_USED_DISTRIBUTE
		                 where used_interval = '4'
		                   and used_month =
		                       to_char(add_months(trunc(sysdate), -1), 'yyyymm')
	                       and area_code = f.area_code
		                       <if test="channel != null and channel != ''">
									AND channel = #{channel}
								</if>) as gross4
		          from JXH_FLOW_USED_DISTRIBUTE f
		          left join areas a
		            on a.area_code = f.area_code
		         where f.used_month =
		               to_char(add_months(trunc(sysdate), -1), 'yyyymm')
		               <if test="channel != null and channel != ''">
							AND f.channel = #{channel}
						</if>
		         group by f.area_code)
		 order by gross desc
	</select>
	
	<select id="flowUsageBarChartHy" resultType="com.hvgroup.modules.orderUsageAnalysis.entity.JxhFlowUsedDistribute">
		select *
		  from (select f.business as business,
		               sum(f.gross) as gross,
		               (select sum(gross)
		                  from JXH_FLOW_USED_DISTRIBUTE
		                 where used_interval = '1'
		                   and used_month =
		                       to_char(add_months(trunc(sysdate), -1), 'yyyymm')
		                   and business = f.business
		                   <if test="areaCode != null and areaCode != ''">
				       			AND area_code = #{areaCode} 
					       </if>
					       <if test="channel != null and channel != ''">
								AND channel = #{channel}
							</if>) as gross1,
		               (select sum(gross)
		                  from JXH_FLOW_USED_DISTRIBUTE
		                 where used_interval = '2'
		                   and used_month =
		                       to_char(add_months(trunc(sysdate), -1), 'yyyymm')
		                   and business = f.business
		                   <if test="areaCode != null and areaCode != ''">
				       			AND area_code = #{areaCode} 
					       </if>
					       <if test="channel != null and channel != ''">
								AND channel = #{channel}
							</if>) as gross2,
		               (select sum(gross)
		                  from JXH_FLOW_USED_DISTRIBUTE
		                 where used_interval = '3'
		                   and used_month =
		                       to_char(add_months(trunc(sysdate), -1), 'yyyymm')
		                   and business = f.business
		                   <if test="areaCode != null and areaCode != ''">
				       			AND area_code = #{areaCode} 
					       </if>
					       <if test="channel != null and channel != ''">
								AND channel = #{channel}
							</if>) as gross3,
		               (select sum(gross)
		                  from JXH_FLOW_USED_DISTRIBUTE
		                 where used_interval = '4'
		                   and used_month =
		                       to_char(add_months(trunc(sysdate), -1), 'yyyymm')
		                   and business = f.business
		                   <if test="areaCode != null and areaCode != ''">
				       			AND area_code = #{areaCode} 
					       </if>
					       <if test="channel != null and channel != ''">
								AND channel = #{channel}
							</if>) as gross4
		          from JXH_FLOW_USED_DISTRIBUTE f
		         where f.used_month =
		               to_char(add_months(trunc(sysdate), -1), 'yyyymm')
		               <if test="channel != null and channel != ''">
							AND f.channel = #{channel}
						</if>
						<if test="areaCode != null and areaCode != ''">
							AND f.area_code = #{areaCode}
						</if>
		         group by f.business)
		 order by gross desc
	</select>
	
	<select id="flowUsageBarChartCp" resultType="com.hvgroup.modules.orderUsageAnalysis.entity.JxhFlowUsedDistribute">
		select *
		 from (select (case
	                when f.Card_Type = 'MAC' then
	                 '机器卡'
	                when f.Card_Type = 'NB' then
	                 'NB-IOT'
	                when f.Card_Type = 'IOV' then
	                 '车联网'
	                when f.Card_Type = '9105' then
	                 '行业卡'
	                when f.Card_Type = 'HDJ' then
	                 '和对讲'
	                when f.Card_Type = 'SMART' then
	                 '智能穿戴'
	                when f.Card_Type = 'WLT' then
          			 '物联通'
	              end) as cardType,
	              sum(f.gross) as gross,
	              (select sum(gross)
	                 from JXH_FLOW_USED_DISTRIBUTE
	                where used_interval = '1'
	                  and used_month =
	                      to_char(add_months(trunc(sysdate), -1), 'yyyymm')
	                  and card_type = f.card_type
	                  <if test="channel != null and channel != ''">
							AND channel = #{channel}
						</if>
						<if test="areaCode != null and areaCode != ''">
							AND area_code = #{areaCode}
						</if>) as gross1,
	              (select sum(gross)
	                 from JXH_FLOW_USED_DISTRIBUTE
	                where used_interval = '2'
	                  and used_month =
	                      to_char(add_months(trunc(sysdate), -1), 'yyyymm')
	                  and card_type = f.card_type
	                  <if test="channel != null and channel != ''">
							AND channel = #{channel}
						</if>
						<if test="areaCode != null and areaCode != ''">
							AND area_code = #{areaCode}
						</if>) as gross2,
	              (select sum(gross)
	                 from JXH_FLOW_USED_DISTRIBUTE
	                where used_interval = '3'
	                  and used_month =
	                      to_char(add_months(trunc(sysdate), -1), 'yyyymm')
	                  and card_type = f.card_type
	                  <if test="channel != null and channel != ''">
							AND channel = #{channel}
						</if>
						<if test="areaCode != null and areaCode != ''">
							AND area_code = #{areaCode}
						</if>) as gross3,
	              (select sum(gross)
	                 from JXH_FLOW_USED_DISTRIBUTE
	                where used_interval = '4'
	                  and used_month =
	                      to_char(add_months(trunc(sysdate), -1), 'yyyymm')
	                  and card_type = f.card_type
	                  <if test="channel != null and channel != ''">
							AND channel = #{channel}
						</if>
						<if test="areaCode != null and areaCode != ''">
							AND area_code = #{areaCode}
						</if>) as gross4
	         from JXH_FLOW_USED_DISTRIBUTE f
	        where f.used_month =
	              to_char(add_months(trunc(sysdate), -1), 'yyyymm')
	              <if test="channel != null and channel != ''">
						AND f.channel = #{channel}
					</if>
					<if test="areaCode != null and areaCode != ''">
						AND f.area_code = #{areaCode}
					</if>
	        group by f.card_type)
		order by gross desc
	</select>
	
	<select id="testInjacketUsageTimeMix" resultType="com.hvgroup.modules.orderUsageAnalysis.entity.JxhDgCsqtnylscsyfx">
		select (case
		         when c.used_type = '1' then
		          '1-3个月'
		         when c.used_type = '2' then
		          '3-6个月'
		         when c.used_type = '3' then
		          '6-9个月'
		       end) as usedType,
		       sum(c.dg_count) as dgCount
		  from jxh_dg_csqtnylscsyfx c
		 where c.stat_date = to_char(add_months(trunc(sysdate), -1), 'yyyymm')
		 <if test="areaCode != null and areaCode != ''">
			AND c.area_code = #{areaCode}
		</if>
		 group by c.used_type
	</select>
	
	<select id="testInjacketUsageTimeMixHy" resultType="com.hvgroup.modules.orderUsageAnalysis.entity.JxhDgCsqtnylscsyfx">
		select c.business as business,
		       sum(c.dg_count) as dgCount,
		       (select sum(dg_count)
		          from jxh_dg_csqtnylscsyfx
		         where stat_date = to_char(add_months(trunc(sysdate), -1), 'yyyymm')
		           and used_type = '1'
		           <if test="areaCode != null and areaCode != ''">
						AND area_code = #{areaCode}
					</if>
					<if test="business != null and business != ''">
						AND business = #{business}
					</if>) as dgCount1,
		       (select sum(dg_count)
		          from jxh_dg_csqtnylscsyfx
		         where stat_date = to_char(add_months(trunc(sysdate), -1), 'yyyymm')
		           and used_type = '2'
		           <if test="areaCode != null and areaCode != ''">
						AND area_code = #{areaCode}
					</if>
					<if test="business != null and business != ''">
						AND business = #{business}
					</if>) as dgCount2,
		       (select sum(dg_count)
		          from jxh_dg_csqtnylscsyfx
		         where stat_date = to_char(add_months(trunc(sysdate), -1), 'yyyymm')
		           and used_type = '3'
		           <if test="areaCode != null and areaCode != ''">
						AND area_code = #{areaCode}
					</if>
					<if test="business != null and business != ''">
						AND business = #{business}
					</if>) as dgCount3
		  from jxh_dg_csqtnylscsyfx c
		 where c.stat_date = to_char(add_months(trunc(sysdate), -1), 'yyyymm')
		 <if test="areaCode != null and areaCode != ''">
			AND c.area_code = #{areaCode}
		</if>
		<if test="business != null and business != ''">
			AND c.business = #{business}
		</if>
		 group by c.business
	</select>
	
	<select id="testInjacketUsageTimeMixCp" resultType="com.hvgroup.modules.orderUsageAnalysis.entity.JxhDgCsqtnylscsyfx">
		select (case
		         when c.card_type = 'MAC' then
		          '机器卡'
		         when c.card_type = 'NB' then
		          'NB-IOT'
		         when c.card_type = 'IOV' then
		          '车联网'
		         when c.card_type = '9105' then
		          '行业卡'
		         when c.card_type = 'HDJ' then
		          '和对讲'
		         when c.card_type = 'SMART' then
		          '智能穿戴'
		       end) as cardType,
		       sum(c.dg_count) as dgCount,
		       (select sum(dg_count)
		          from jxh_dg_csqtnylscsyfx
		         where stat_date = to_char(add_months(trunc(sysdate), -1), 'yyyymm')
		           and used_type = '1'
		           <if test="areaCode != null and areaCode != ''">
						AND area_code = #{areaCode}
					</if>
					<if test="cardType != null and cardType != ''">
						AND card_type = #{cardType}
					</if>) as dgCount1,
		       (select sum(dg_count)
		          from jxh_dg_csqtnylscsyfx
		         where stat_date = to_char(add_months(trunc(sysdate), -1), 'yyyymm')
		           and used_type = '2'
		           <if test="areaCode != null and areaCode != ''">
						AND area_code = #{areaCode}
					</if>
					<if test="cardType != null and cardType != ''">
						AND card_type = #{cardType}
					</if>) as dgCount2,
		       (select sum(dg_count)
		          from jxh_dg_csqtnylscsyfx
		         where stat_date = to_char(add_months(trunc(sysdate), -1), 'yyyymm')
		           and used_type = '3'
		           <if test="areaCode != null and areaCode != ''">
						AND area_code = #{areaCode}
					</if>
					<if test="cardType != null and cardType != ''">
						AND card_type = #{cardType}
					</if>) as dgCount3
		  from jxh_dg_csqtnylscsyfx c
		 where c.stat_date = to_char(add_months(trunc(sysdate), -1), 'yyyymm')
			 <if test="areaCode != null and areaCode != ''">
				AND c.area_code = #{areaCode}
			</if>
			<if test="cardType != null and cardType != ''">
				AND c.card_type = #{cardType}
			</if>
		 group by c.card_type
	</select>
	
	<select id="testInjacketUsageTimeTrend" resultType="com.hvgroup.modules.orderUsageAnalysis.entity.JxhDgCsqtnylscsyfx">
		<foreach item="item" index="index" collection="list" separator="union">
			select * from (select c.stat_date as statDate,
			       sum(c.dg_count) as dgCount,
			       (select sum(dg_count)
			          from jxh_dg_csqtnylscsyfx
			         where stat_date = #{item}
			           and used_type = '1'
			           <if test="areaCode != null and areaCode != ''">
							AND area_code = #{areaCode}
						</if>) as dgCount1,
			       (select sum(dg_count)
			          from jxh_dg_csqtnylscsyfx
			         where stat_date = #{item}
			           and used_type = '2'
			           <if test="areaCode != null and areaCode != ''">
							AND area_code = #{areaCode}
						</if>) as dgCount2,
			       (select sum(dg_count)
			          from jxh_dg_csqtnylscsyfx
			         where stat_date = #{item}
			           and used_type = '3'
			           <if test="areaCode != null and areaCode != ''">
							AND area_code = #{areaCode}
						</if>) as dgCount3
			  from jxh_dg_csqtnylscsyfx c
			 where c.stat_date = #{item}
				 <if test="areaCode != null and areaCode != ''">
					AND c.area_code = #{areaCode}
				</if>
			 group by c.stat_date)
		</foreach>
	</select>
	
	<select id="testInjacketUsageTimeBarChart" resultType="com.hvgroup.modules.orderUsageAnalysis.entity.JxhDgCsqtnylscsyfx">
		select max(substr(a.area_name, 1, instr(a.area_name, '市') - 1)) as areaName,
		       sum(c.dg_count) as dgCount,
		       (select sum(dg_count)
		          from jxh_dg_csqtnylscsyfx
		         where stat_date = to_char(add_months(trunc(sysdate), -1), 'yyyymm')
		           and used_type = '1'
		           and area_code = c.area_code) as dgCount1,
		       (select sum(dg_count)
		          from jxh_dg_csqtnylscsyfx
		         where stat_date = to_char(add_months(trunc(sysdate), -1), 'yyyymm')
		           and used_type = '2'
		           and area_code = c.area_code) as dgCount2,
		       (select sum(dg_count)
		          from jxh_dg_csqtnylscsyfx
		         where stat_date = to_char(add_months(trunc(sysdate), -1), 'yyyymm')
		           and used_type = '3'
		           and area_code = c.area_code) as dgCount3
		  from jxh_dg_csqtnylscsyfx c
		  left join areas a
		    on a.area_code = c.area_code
		 where c.stat_date = to_char(add_months(trunc(sysdate), -1), 'yyyymm')
		 group by c.area_code
	</select>
	
	<select id="testInjacketUsageTimeBarChartHy" resultType="com.hvgroup.modules.orderUsageAnalysis.entity.JxhDgCsqtnylscsyfx">
		select c.business as business,
		       sum(c.dg_count) as dgCount,
		       (select sum(dg_count)
		          from jxh_dg_csqtnylscsyfx
		         where stat_date = to_char(add_months(trunc(sysdate), -1), 'yyyymm')
		           and used_type = '1'
		           and business = c.business
		           <if test="areaCode != null and areaCode != ''">
						AND area_code = #{areaCode}
					</if>) as dgCount1,
		       (select sum(dg_count)
		          from jxh_dg_csqtnylscsyfx
		         where stat_date = to_char(add_months(trunc(sysdate), -1), 'yyyymm')
		           and used_type = '2'
		           and business = c.business
		           <if test="areaCode != null and areaCode != ''">
						AND area_code = #{areaCode}
					</if>) as dgCount2,
		       (select sum(dg_count)
		          from jxh_dg_csqtnylscsyfx
		         where stat_date = to_char(add_months(trunc(sysdate), -1), 'yyyymm')
		           and used_type = '3'
		           and business = c.business
		           <if test="areaCode != null and areaCode != ''">
						AND area_code = #{areaCode}
					</if>) as dgCount3
		  from jxh_dg_csqtnylscsyfx c
		  left join areas a
		    on a.area_code = c.area_code
		 where c.stat_date = to_char(add_months(trunc(sysdate), -1), 'yyyymm')
		 	<if test="areaCode != null and areaCode != ''">
				AND c.area_code = #{areaCode}
			</if>
		 group by c.business
	</select>
	
	<select id="testInjacketUsageTimeBarChartCp" resultType="com.hvgroup.modules.orderUsageAnalysis.entity.JxhDgCsqtnylscsyfx">
		select (case
		         when c.card_type = 'MAC' then
		          '机器卡'
		         when c.card_type = 'NB' then
		          'NB-IOT'
		         when c.card_type = 'IOV' then
		          '车联网'
		         when c.card_type = '9105' then
		          '行业卡'
		         when c.card_type = 'HDJ' then
		          '和对讲'
		         when c.card_type = 'SMART' then
		          '智能穿戴'
		       end) as cardType,
		       sum(c.dg_count) as dgCount,
		       (select sum(dg_count)
		          from jxh_dg_csqtnylscsyfx
		         where stat_date = to_char(add_months(trunc(sysdate), -1), 'yyyymm')
		           and used_type = '1'
		           and card_type = c.card_type
		           <if test="areaCode != null and areaCode != ''">
						AND area_code = #{areaCode}
					</if>) as dgCount1,
		       (select sum(dg_count)
		          from jxh_dg_csqtnylscsyfx
		         where stat_date = to_char(add_months(trunc(sysdate), -1), 'yyyymm')
		           and used_type = '2'
		           and card_type = c.card_type
		           <if test="areaCode != null and areaCode != ''">
						AND area_code = #{areaCode}
					</if>) as dgCount2,
		       (select sum(dg_count)
		          from jxh_dg_csqtnylscsyfx
		         where stat_date = to_char(add_months(trunc(sysdate), -1), 'yyyymm')
		           and used_type = '3'
		           and card_type = c.card_type
		           <if test="areaCode != null and areaCode != ''">
						AND area_code = #{areaCode}
					</if>) as dgCount3
		  from jxh_dg_csqtnylscsyfx c
		  left join areas a
		    on a.area_code = c.area_code
		 where c.stat_date = to_char(add_months(trunc(sysdate), -1), 'yyyymm')
			 <if test="areaCode != null and areaCode != ''">
					AND c.area_code = #{areaCode}
				</if>
		 group by c.card_type
	</select>
	
	<select id="fluxPoolNumUsageMix" resultType="com.hvgroup.modules.orderUsageAnalysis.entity.JxhFluxPoolNumUsage">
		select f.stat_month as statMonth,
	       sum(f.no_flow_amount) as noFlowAmount,
	       sum(f.more_than_amount) as moreThanAmount,
	       sum(f.less_than_amount) as lessThanAmount
		  from JXH_FLUX_POOL_NUM_USAGE f
		 where f.stat_month = to_char(add_months(trunc(sysdate), -1), 'yyyymm')
		 	and f.amount_type = '1'
			 <if test="areaCode != null and areaCode != ''">
				AND f.area_code = #{areaCode}
			</if>
		 group by f.stat_month
	</select>
	
	<select id="fluxPoolNumUsageTrend" resultType="com.hvgroup.modules.orderUsageAnalysis.entity.JxhFluxPoolNumUsage">
		<foreach item="item" index="index" collection="list" separator="union">
			select * from (select f.stat_month as statMonth,
		       sum(f.no_flow_amount) as noFlowAmount,
		       sum(f.more_than_amount) as moreThanAmount,
		       sum(f.less_than_amount) as lessThanAmount
			  from JXH_FLUX_POOL_NUM_USAGE f
			 where f.stat_month = #{item}
			 	and f.amount_type = '1'
				 <if test="areaCode != null and areaCode != ''">
					AND f.area_code = #{areaCode}
				</if>
			 group by f.stat_month)
		</foreach>
	</select>
	
	<select id="fluxPoolNumUsageMixHy" resultType="com.hvgroup.modules.orderUsageAnalysis.entity.JxhFluxPoolNumUsage">
		select f.business as business,
		       sum(f.no_flow_amount) as noFlowAmount,
		       sum(f.more_than_amount) as moreThanAmount,
		       sum(f.less_than_amount) as lessThanAmount,
		       sum(nvl(f.no_flow_amount, 0) + nvl(f.more_than_amount, 0) +
           		nvl(f.less_than_amount, 0)) as totalCount
		  from JXH_FLUX_POOL_NUM_USAGE f
		 where f.stat_month = to_char(add_months(trunc(sysdate), -1), 'yyyymm')
		   and f.amount_type = '2'
		   <if test="areaCode != null and areaCode != ''">
				AND f.area_code = #{areaCode}
			</if>
			<if test="business != null and business != ''">
				AND f.business = #{business}
			</if>
		 group by f.business
	</select>
	
	<select id="fluxPoolNumUsageMixCp" resultType="com.hvgroup.modules.orderUsageAnalysis.entity.JxhFluxPoolNumUsage">
		select (case
	         when f.card_type = 'MAC' then
	          '机器卡'
	         when f.card_type = 'NB' then
	          'NB-IOT'
	         when f.card_type = 'IOV' then
	          '车联网'
	         when f.card_type = '9105' then
	          '行业卡'
	         when f.card_type = 'HDJ' then
	          '和对讲'
	         when f.card_type = 'SMART' then
	          '智能穿戴'
	       end) as card_type,
	       sum(f.no_flow_amount) as noFlowAmount,
	       sum(f.more_than_amount) as moreThanAmount,
	       sum(f.less_than_amount) as lessThanAmount,
	       sum(nvl(f.no_flow_amount, 0) + nvl(f.more_than_amount, 0) +
           		nvl(f.less_than_amount, 0)) as totalCount
	  from JXH_FLUX_POOL_NUM_USAGE f
	 where f.stat_month = to_char(add_months(trunc(sysdate), -1), 'yyyymm')
	   and f.amount_type = '3'
	   <if test="areaCode != null and areaCode != ''">
			AND f.area_code = #{areaCode}
		</if>
		<if test="cardType != null and cardType != ''">
			AND f.card_type = #{cardType}
		</if>
	 group by f.card_type
	</select>
	
	<select id="fluxPoolNumUsageBarChart" resultType="com.hvgroup.modules.orderUsageAnalysis.entity.JxhFluxPoolNumUsage">
		select max(substr(a.area_name, 1, instr(a.area_name, '市') - 1)) as areaName,
		       sum(f.no_flow_amount) as noFlowAmount,
		       sum(f.more_than_amount) as moreThanAmount,
		       sum(f.less_than_amount) as lessThanAmount,
		       sum(nvl(f.no_flow_amount, 0) + nvl(f.more_than_amount, 0) +
		           nvl(f.less_than_amount, 0)) as totalCount
		  from JXH_FLUX_POOL_NUM_USAGE f
		  left join areas a
		    on a.area_code = f.area_code
		 where f.stat_month = to_char(add_months(trunc(sysdate), -1), 'yyyymm')
		   and f.amount_type = '4'
		 group by f.area_code
	</select>
	
	<select id="smsUsedDistributeMix" resultType="com.hvgroup.modules.orderUsageAnalysis.entity.JxhSmsUsedDistribute">
		select (case
		         when s.used_interval = '1' then
		          '0-10条'
		         when s.used_interval = '2' then
		          '10-30条'
		         when s.used_interval = '3' then
		          '30-50条'
		         when s.used_interval = '4' then
		          '50-100条'
		         when s.used_interval = '5' then
		          '100-200条'
		          when s.used_interval = '6' then
		          '200-∞条'
		       end) as usedInterval,
		       sum(s.gross) as gross
		  from JXH_SMS_USED_DISTRIBUTE s
		 where s.used_month = to_char(add_months(trunc(sysdate), -1), 'yyyymm')
		 <if test="areaCode != null and areaCode != ''">
			AND s.area_code = #{areaCode}
		</if>
		 group by s.used_interval
	</select>
	
	<select id="smsUsedDistributeMixHy" resultType="com.hvgroup.modules.orderUsageAnalysis.entity.JxhSmsUsedDistribute">
		select * from (select s.business as business,
		       sum(s.gross) as gross,
		       (select sum(gross)
		          from JXH_SMS_USED_DISTRIBUTE
		         where used_month =
		               to_char(add_months(trunc(sysdate), -1), 'yyyymm')
		           and used_interval = '1'
		           <if test="business != null and business != ''">
						and business = #{business}
					</if>
		           <if test="areaCode != null and areaCode != ''">
						AND area_code = #{areaCode}
					</if>) as gross1,
		       (select sum(gross)
		          from JXH_SMS_USED_DISTRIBUTE
		         where used_month =
		               to_char(add_months(trunc(sysdate), -1), 'yyyymm')
		           and used_interval = '2'
		           <if test="business != null and business != ''">
						and business = #{business}
					</if>
		           <if test="areaCode != null and areaCode != ''">
						AND area_code = #{areaCode}
					</if>) as gross2,
		       (select sum(gross)
		          from JXH_SMS_USED_DISTRIBUTE
		         where used_month =
		               to_char(add_months(trunc(sysdate), -1), 'yyyymm')
		           and used_interval = '3'
		           <if test="business != null and business != ''">
						and business = #{business}
					</if>
		           <if test="areaCode != null and areaCode != ''">
						AND area_code = #{areaCode}
					</if>) as gross3,
		       (select sum(gross)
		          from JXH_SMS_USED_DISTRIBUTE
		         where used_month =
		               to_char(add_months(trunc(sysdate), -1), 'yyyymm')
		           and used_interval = '4'
		           <if test="business != null and business != ''">
						and business = #{business}
					</if>
		           <if test="areaCode != null and areaCode != ''">
						AND area_code = #{areaCode}
					</if>) as gross4,
		       (select sum(gross)
		          from JXH_SMS_USED_DISTRIBUTE
		         where used_month =
		               to_char(add_months(trunc(sysdate), -1), 'yyyymm')
		           and used_interval = '5'
		           <if test="business != null and business != ''">
						and business = #{business}
					</if>
		           <if test="areaCode != null and areaCode != ''">
						AND area_code = #{areaCode}
					</if>) as gross5,
					(select sum(gross)
		          from JXH_SMS_USED_DISTRIBUTE
		         where used_month =
		               to_char(add_months(trunc(sysdate), -1), 'yyyymm')
		           and used_interval = '6'
		           <if test="business != null and business != ''">
						and business = #{business}
					</if>
		           <if test="areaCode != null and areaCode != ''">
						AND area_code = #{areaCode}
					</if>) as gross6
		  from JXH_SMS_USED_DISTRIBUTE s
		 where s.used_month = to_char(add_months(trunc(sysdate), -1), 'yyyymm')
			 <if test="areaCode != null and areaCode != ''">
				AND s.area_code = #{areaCode}
			</if>
			<if test="business != null and business != ''">
				AND s.business = #{business}
			</if>
		 group by s.Business) order by gross desc
	</select>
	
	<select id="smsUsedDistributeMixCp" resultType="com.hvgroup.modules.orderUsageAnalysis.entity.JxhSmsUsedDistribute">
		select (case
	             when s.card_Type = 'MAC' then
	              '机器卡'
	             when s.card_Type = 'NB' then
	              'NB-IOT'
	             when s.card_Type = 'IOV' then
	              '车联网'
	             when s.card_Type = '9105' then
	              '行业卡'
	             when s.card_Type = 'HDJ' then
	              '和对讲'
	             when s.card_Type = 'SMART' then
	              '智能穿戴'
	           end) as cardType,
	       sum(s.gross) as gross,
	       (select sum(gross)
	          from JXH_SMS_USED_DISTRIBUTE
	         where used_month =
	               to_char(add_months(trunc(sysdate), -1), 'yyyymm')
	           and used_interval = '1'
	           <if test="areaCode != null and areaCode != ''">
					AND area_code = #{areaCode}
				</if>
				<if test="cardType != null and cardType != ''">
					AND card_type = #{cardType}
				</if>) as gross1,
	       (select sum(gross)
	          from JXH_SMS_USED_DISTRIBUTE
	         where used_month =
	               to_char(add_months(trunc(sysdate), -1), 'yyyymm')
	           and used_interval = '2'
	           <if test="areaCode != null and areaCode != ''">
					AND area_code = #{areaCode}
				</if>
				<if test="cardType != null and cardType != ''">
					AND card_type = #{cardType}
				</if>) as gross2,
	       (select sum(gross)
	          from JXH_SMS_USED_DISTRIBUTE
	         where used_month =
	               to_char(add_months(trunc(sysdate), -1), 'yyyymm')
	           and used_interval = '3'
	           <if test="areaCode != null and areaCode != ''">
					AND area_code = #{areaCode}
				</if>
				<if test="cardType != null and cardType != ''">
					AND card_type = #{cardType}
				</if>) as gross3,
	       (select sum(gross)
	          from JXH_SMS_USED_DISTRIBUTE
	         where used_month =
	               to_char(add_months(trunc(sysdate), -1), 'yyyymm')
	           and used_interval = '4'
	           <if test="areaCode != null and areaCode != ''">
					AND area_code = #{areaCode}
				</if>
				<if test="cardType != null and cardType != ''">
					AND card_type = #{cardType}
				</if>) as gross4,
	       (select sum(gross)
	          from JXH_SMS_USED_DISTRIBUTE
	         where used_month =
	               to_char(add_months(trunc(sysdate), -1), 'yyyymm')
	           and used_interval = '5'
	           <if test="areaCode != null and areaCode != ''">
					AND area_code = #{areaCode}
				</if>
				<if test="cardType != null and cardType != ''">
					AND card_type = #{cardType}
				</if>) as gross5,
				(select sum(gross)
	          from JXH_SMS_USED_DISTRIBUTE
	         where used_month =
	               to_char(add_months(trunc(sysdate), -1), 'yyyymm')
	           and used_interval = '6'
	           <if test="areaCode != null and areaCode != ''">
					AND area_code = #{areaCode}
				</if>
				<if test="cardType != null and cardType != ''">
					AND card_type = #{cardType}
				</if>) as gross6
	  from JXH_SMS_USED_DISTRIBUTE s
	 where s.used_month = to_char(add_months(trunc(sysdate), -1), 'yyyymm')
	 	<if test="areaCode != null and areaCode != ''">
			AND s.area_code = #{areaCode}
		</if>
		<if test="cardType != null and cardType != ''">
			AND s.card_type = #{cardType}
		</if>
	 group by s.card_type
	</select>
	
	<select id="smsUsedDistributeTrend" resultType="com.hvgroup.modules.orderUsageAnalysis.entity.JxhSmsUsedDistribute">
	<foreach item="item" index="index" collection="list" separator="union">
		select *
  			from (select s.used_month as usedMonth,
               sum(s.gross) as gross,
               (select sum(gross)
                  from JXH_SMS_USED_DISTRIBUTE
                 where used_month = #{item}
                   and used_interval = '1'
                   <if test="areaCode != null and areaCode != ''">
						AND area_code = #{areaCode}
					</if>) as gross1,
               (select sum(gross)
                  from JXH_SMS_USED_DISTRIBUTE
                 where used_month = #{item}
                   and used_interval = '2'
                   <if test="areaCode != null and areaCode != ''">
						AND area_code = #{areaCode}
					</if>) as gross2,
               (select sum(gross)
                  from JXH_SMS_USED_DISTRIBUTE
                 where used_month = #{item}
                   and used_interval = '3'
                   <if test="areaCode != null and areaCode != ''">
						AND area_code = #{areaCode}
					</if>) as gross3,
               (select sum(gross)
                  from JXH_SMS_USED_DISTRIBUTE
                 where used_month = #{item}
                   and used_interval = '4'
                   <if test="areaCode != null and areaCode != ''">
						AND area_code = #{areaCode}
					</if>) as gross4,
               (select sum(gross)
                  from JXH_SMS_USED_DISTRIBUTE
                 where used_month = #{item}
                   and used_interval = '5'
                   <if test="areaCode != null and areaCode != ''">
						AND area_code = #{areaCode}
					</if>) as gross5,
					(select sum(gross)
                  from JXH_SMS_USED_DISTRIBUTE
                 where used_month = #{item}
                   and used_interval = '6'
                   <if test="areaCode != null and areaCode != ''">
						AND area_code = #{areaCode}
					</if>) as gross6
          from JXH_SMS_USED_DISTRIBUTE s
         where s.used_month = #{item}
         <if test="areaCode != null and areaCode != ''">
			AND s.area_code = #{areaCode}
		</if>
         group by s.used_month)
         </foreach>
	</select>
	
	<select id="smsUsedDistributeBarChart" resultType="com.hvgroup.modules.orderUsageAnalysis.entity.JxhSmsUsedDistribute">
		select max(substr(a.area_name, 1, instr(a.area_name, '市') - 1)) as areaName,
		       sum(s.gross) as gross,
		       (select sum(gross)
		          from JXH_SMS_USED_DISTRIBUTE
		         where used_month =
		               to_char(add_months(trunc(sysdate), -1), 'yyyymm')
		           and used_interval = '1'
		           AND area_code = s.area_code) as gross1,
		       (select sum(gross)
		          from JXH_SMS_USED_DISTRIBUTE
		         where used_month =
		               to_char(add_months(trunc(sysdate), -1), 'yyyymm')
		           and used_interval = '2'
		           AND area_code = s.area_code) as gross2,
		       (select sum(gross)
		          from JXH_SMS_USED_DISTRIBUTE
		         where used_month =
		               to_char(add_months(trunc(sysdate), -1), 'yyyymm')
		           and used_interval = '3'
		           AND area_code = s.area_code) as gross3,
		       (select sum(gross)
		          from JXH_SMS_USED_DISTRIBUTE
		         where used_month =
		               to_char(add_months(trunc(sysdate), -1), 'yyyymm')
		           and used_interval = '4'
		           AND area_code = s.area_code) as gross4,
		       (select sum(gross)
		          from JXH_SMS_USED_DISTRIBUTE
		         where used_month =
		               to_char(add_months(trunc(sysdate), -1), 'yyyymm')
		           and used_interval = '5'
		           AND area_code = s.area_code) as gross5,
		           (select sum(gross)
		          from JXH_SMS_USED_DISTRIBUTE
		         where used_month =
		               to_char(add_months(trunc(sysdate), -1), 'yyyymm')
		           and used_interval = '6'
		           AND area_code = s.area_code) as gross6
		  from JXH_SMS_USED_DISTRIBUTE s
		  left join areas a
		    on a.area_code = s.area_code
		 where s.used_month = to_char(add_months(trunc(sysdate), -1), 'yyyymm')
		 group by s.area_code
	</select>
	
	<select id="smsUsedDistributeBarChartHy" resultType="com.hvgroup.modules.orderUsageAnalysis.entity.JxhSmsUsedDistribute">
		select s.business as business,
		       sum(s.gross) as gross,
		       (select sum(gross)
		          from JXH_SMS_USED_DISTRIBUTE
		         where used_month =
		               to_char(add_months(trunc(sysdate), -1), 'yyyymm')
		           and used_interval = '1'
		           and business = s.business
		           <if test="areaCode != null and areaCode != ''">
						AND area_code = #{areaCode}
					</if>) as gross1,
		       (select sum(gross)
		          from JXH_SMS_USED_DISTRIBUTE
		         where used_month =
		               to_char(add_months(trunc(sysdate), -1), 'yyyymm')
		           and used_interval = '2'
		           and business = s.business
		           <if test="areaCode != null and areaCode != ''">
						AND area_code = #{areaCode}
					</if>) as gross2,
		       (select sum(gross)
		          from JXH_SMS_USED_DISTRIBUTE
		         where used_month =
		               to_char(add_months(trunc(sysdate), -1), 'yyyymm')
		           and used_interval = '3'
		           and business = s.business
		           <if test="areaCode != null and areaCode != ''">
						AND area_code = #{areaCode}
					</if>) as gross3,
		       (select sum(gross)
		          from JXH_SMS_USED_DISTRIBUTE
		         where used_month =
		               to_char(add_months(trunc(sysdate), -1), 'yyyymm')
		           and used_interval = '4'
		           and business = s.business
		           <if test="areaCode != null and areaCode != ''">
						AND area_code = #{areaCode}
					</if>) as gross4,
		       (select sum(gross)
		          from JXH_SMS_USED_DISTRIBUTE
		         where used_month =
		               to_char(add_months(trunc(sysdate), -1), 'yyyymm')
		           and used_interval = '5'
		           and business = s.business
		           <if test="areaCode != null and areaCode != ''">
						AND area_code = #{areaCode}
					</if>) as gross5,
					(select sum(gross)
		          from JXH_SMS_USED_DISTRIBUTE
		         where used_month =
		               to_char(add_months(trunc(sysdate), -1), 'yyyymm')
		           and used_interval = '6'
		           and business = s.business
		           <if test="areaCode != null and areaCode != ''">
						AND area_code = #{areaCode}
					</if>) as gross6
		  from JXH_SMS_USED_DISTRIBUTE s
		 where s.used_month = to_char(add_months(trunc(sysdate), -1), 'yyyymm')
			 <if test="areaCode != null and areaCode != ''">
				AND s.area_code = #{areaCode}
			</if>
		 group by s.business
	</select>
	
	<select id="smsUsedDistributeBarChartCp" resultType="com.hvgroup.modules.orderUsageAnalysis.entity.JxhSmsUsedDistribute">
		select (case
	             when s.card_Type = 'MAC' then
	              '机器卡'
	             when s.card_Type = 'NB' then
	              'NB-IOT'
	             when s.card_Type = 'IOV' then
	              '车联网'
	             when s.card_Type = '9105' then
	              '行业卡'
	             when s.card_Type = 'HDJ' then
	              '和对讲'
	             when s.card_Type = 'SMART' then
	              '智能穿戴'
	              when s.card_Type = 'WLT' then
	              '物联通'
	           end) as cardType,
		       sum(s.gross) as gross,
		       (select sum(gross)
		          from JXH_SMS_USED_DISTRIBUTE
		         where used_month =
		               to_char(add_months(trunc(sysdate), -1), 'yyyymm')
		           and used_interval = '1'
		           and card_type = s.card_type
		           <if test="areaCode != null and areaCode != ''">
						AND area_code = #{areaCode}
					</if>) as gross1,
		       (select sum(gross)
		          from JXH_SMS_USED_DISTRIBUTE
		         where used_month =
		               to_char(add_months(trunc(sysdate), -1), 'yyyymm')
		           and used_interval = '2'
		           and card_type = s.card_type
		           <if test="areaCode != null and areaCode != ''">
						AND area_code = #{areaCode}
					</if>) as gross2,
		       (select sum(gross)
		          from JXH_SMS_USED_DISTRIBUTE
		         where used_month =
		               to_char(add_months(trunc(sysdate), -1), 'yyyymm')
		           and used_interval = '3'
		           and card_type = s.card_type
		           <if test="areaCode != null and areaCode != ''">
						AND area_code = #{areaCode}
					</if>) as gross3,
		       (select sum(gross)
		          from JXH_SMS_USED_DISTRIBUTE
		         where used_month =
		               to_char(add_months(trunc(sysdate), -1), 'yyyymm')
		           and used_interval = '4'
		           and card_type = s.card_type
		           <if test="areaCode != null and areaCode != ''">
						AND area_code = #{areaCode}
					</if>) as gross4,
		       (select sum(gross)
		          from JXH_SMS_USED_DISTRIBUTE
		         where used_month =
		               to_char(add_months(trunc(sysdate), -1), 'yyyymm')
		           and used_interval = '5'
		           and card_type = s.card_type
		           <if test="areaCode != null and areaCode != ''">
						AND area_code = #{areaCode}
					</if>) as gross5,
					(select sum(gross)
		          from JXH_SMS_USED_DISTRIBUTE
		         where used_month =
		               to_char(add_months(trunc(sysdate), -1), 'yyyymm')
		           and used_interval = '6'
		           and card_type = s.card_type
		           <if test="areaCode != null and areaCode != ''">
						AND area_code = #{areaCode}
					</if>) as gross6
		  from JXH_SMS_USED_DISTRIBUTE s
		 where s.used_month = to_char(add_months(trunc(sysdate), -1), 'yyyymm')
			 <if test="areaCode != null and areaCode != ''">
				AND s.area_code = #{areaCode}
			</if>
		 group by s.card_type
	</select>
	
	<select id="flowAbnormalMsisdnAnalysis" resultType="com.hvgroup.modules.orderUsageAnalysis.entity.JxhDgLlychmfx">
		select (case
	         when d.used_type = '1' then
	          '500M-1G'
	         when d.used_type = '2' then
	          '1-10G'
	         when d.used_type = '3' then
	          '10-50G'
	         when d.used_type = '4' then
	          '50G以上'
	       end) as usedType,
	       sum(d.dg_count) as dgCount
	  from jxh_dg_llychmfx d
	  where d.stat_date = to_char(add_months(trunc(sysdate), -1), 'yyyymm')
	  <if test="areaCode != null and areaCode != ''">
			AND d.area_code = #{areaCode}
		</if>
	 group by d.used_type
	</select>
	
	<select id="flowAbnormalMsisdnAnalysisHy" resultType="com.hvgroup.modules.orderUsageAnalysis.entity.JxhDgLlychmfx">
		select d.business as business,
		       sum(d.dg_count) as dgCount,
		       (select sum(dg_count)
		          from jxh_dg_llychmfx
		         where stat_date = to_char(add_months(trunc(sysdate), -1), 'yyyymm')
		           and used_type = '1'
		           <if test="areaCode != null and areaCode != ''">
						AND area_code = #{areaCode}
					</if>
					<if test="business != null and business != ''">
						AND business = #{business}
					</if>) as dgCount1,
		       (select sum(dg_count)
		          from jxh_dg_llychmfx
		         where stat_date = to_char(add_months(trunc(sysdate), -1), 'yyyymm')
		           and used_type = '2'
		           <if test="areaCode != null and areaCode != ''">
						AND area_code = #{areaCode}
					</if>
					<if test="business != null and business != ''">
						AND business = #{business}
					</if>) as dgCount2,
		       (select sum(dg_count)
		          from jxh_dg_llychmfx
		         where stat_date = to_char(add_months(trunc(sysdate), -1), 'yyyymm')
		           and used_type = '3'
		           <if test="areaCode != null and areaCode != ''">
						AND area_code = #{areaCode}
					</if>
					<if test="business != null and business != ''">
						AND business = #{business}
					</if>) as dgCount3,
		       (select sum(dg_count)
		          from jxh_dg_llychmfx
		         where stat_date = to_char(add_months(trunc(sysdate), -1), 'yyyymm')
		           and used_type = '4'
		           <if test="areaCode != null and areaCode != ''">
						AND area_code = #{areaCode}
					</if>
					<if test="business != null and business != ''">
						AND business = #{business}
					</if>) as dgCount4
		  from jxh_dg_llychmfx d
		 where d.stat_date = to_char(add_months(trunc(sysdate), -1), 'yyyymm')
			 <if test="areaCode != null and areaCode != ''">
				AND d.area_code = #{areaCode}
			</if>
			<if test="business != null and business != ''">
				AND d.business = #{business}
			</if>
		 group by d.business
	</select>
	
	<select id="flowAbnormalMsisdnAnalysisCp" resultType="com.hvgroup.modules.orderUsageAnalysis.entity.JxhDgLlychmfx">
		select (case
		         when d.card_Type = 'MAC' then
		          '机器卡'
		         when d.card_Type = 'NB' then
		          'NB-IOT'
		         when d.card_Type = 'IOV' then
		          '车联网'
		         when d.card_Type = '9105' then
		          '行业卡'
		         when d.card_Type = 'HDJ' then
		          '和对讲'
		         when d.card_Type = 'SMART' then
		          '智能穿戴'
		       end) as cardType,
		       sum(d.dg_count) as dgCount,
		       (select sum(dg_count)
		          from jxh_dg_llychmfx
		         where stat_date = to_char(add_months(trunc(sysdate), -1), 'yyyymm')
		           and used_type = '1'
		           <if test="areaCode != null and areaCode != ''">
						AND area_code = #{areaCode}
					</if>
					<if test="cardType != null and cardType != ''">
						AND card_type = #{cardType}
					</if>) as dgCount1,
		       (select sum(dg_count)
		          from jxh_dg_llychmfx
		         where stat_date = to_char(add_months(trunc(sysdate), -1), 'yyyymm')
		           and used_type = '2'
		           <if test="areaCode != null and areaCode != ''">
						AND area_code = #{areaCode}
					</if>
					<if test="cardType != null and cardType != ''">
						AND card_type = #{cardType}
					</if>) as dgCount2,
		       (select sum(dg_count)
		          from jxh_dg_llychmfx
		         where stat_date = to_char(add_months(trunc(sysdate), -1), 'yyyymm')
		           and used_type = '3'
		           <if test="areaCode != null and areaCode != ''">
						AND area_code = #{areaCode}
					</if>
					<if test="cardType != null and cardType != ''">
						AND card_type = #{cardType}
					</if>) as dgCount3,
		       (select sum(dg_count)
		          from jxh_dg_llychmfx
		         where stat_date = to_char(add_months(trunc(sysdate), -1), 'yyyymm')
		           and used_type = '4'
		           <if test="areaCode != null and areaCode != ''">
						AND area_code = #{areaCode}
					</if>
					<if test="cardType != null and cardType != ''">
						AND card_type = #{cardType}
					</if>) as dgCount4
		  from jxh_dg_llychmfx d
		 where d.stat_date = to_char(add_months(trunc(sysdate), -1), 'yyyymm')
		 <if test="areaCode != null and areaCode != ''">
				AND d.area_code = #{areaCode}
			</if>
			<if test="cardType != null and cardType != ''">
				AND d.card_type = #{cardType}
			</if>
		 group by d.card_type
	</select>
	
	<select id="msisdnVoiceUsedMix" resultType="com.hvgroup.modules.orderUsageAnalysis.entity.JxhMsisdnVoiceUsed">
		select (case
		         when v.used_channel = 'default' then
		          '非定向'
		         when v.used_channel = 'special' then
		          '定向'
		       end) as usedChannel,
		       sum(v.time50_count) as time50Count,
		       sum(v.time100_count) as time100Count,
		       sum(v.time150_count) as time150Count,
		       sum(v.time300_count) as time300Count,
		       sum(nvl(v.time50_count, 0) + nvl(v.time100_count, 0) +
		           nvl(v.time150_count, 0) + nvl(v.time300_count, 0)) as totalCount
		  from JXH_MSISDN_VOICE_USED v
		 where v.stat_day = to_char(add_months(trunc(sysdate), -1), 'yyyymm')
		 <if test="areaCode != null and areaCode != ''">
				AND v.area_code = #{areaCode}
			</if>
			<if test="usedChannel != null and usedChannel != ''">
				AND v.used_channel = #{usedChannel}
			</if>
		 group by v.used_channel
	</select>
	
	<select id="msisdnVoiceUsedMixHy" resultType="com.hvgroup.modules.orderUsageAnalysis.entity.JxhMsisdnVoiceUsed">
		select v.business as business,
		       sum(v.time50_count) as time50Count,
		       sum(v.time100_count) as time100Count,
		       sum(v.time150_count) as time150Count,
		       sum(v.time300_count) as time300Count,
		       sum(v.timemore_count) as timemoreCount,
		       sum(nvl(v.time50_count, 0) + nvl(v.time100_count, 0) +
		           nvl(v.time150_count, 0) + nvl(v.time300_count, 0) +
		           nvl(v.timemore_count, 0)) as totalCount
		  from JXH_MSISDN_VOICE_USED v
		 where v.stat_day = to_char(add_months(trunc(sysdate), -1), 'yyyymm')
		 <if test="areaCode != null and areaCode != ''">
				AND v.area_code = #{areaCode}
			</if>
			<if test="business != null and business != ''">
				AND v.business = #{business}
			</if>
			<if test="usedChannel != null and usedChannel != ''">
				AND v.used_channel = #{usedChannel}
			</if>
		 group by v.business
	</select>
	
	<select id="msisdnVoiceUsedMixCp" resultType="com.hvgroup.modules.orderUsageAnalysis.entity.JxhMsisdnVoiceUsed">
		select (case
			         when v.card_Type = 'MAC' then
			          '机器卡'
			         when v.card_Type = 'NB' then
			          'NB-IOT'
			         when v.card_Type = 'IOV' then
			          '车联网'
			         when v.card_Type = '9105' then
			          '行业卡'
			         when v.card_Type = 'HDJ' then
			          '和对讲'
			         when v.card_Type = 'SMART' then
			          '智能穿戴'
			       end) as cardType,
			       sum(v.time50_count) as time50Count,
			       sum(v.time100_count) as time100Count,
			       sum(v.time150_count) as time150Count,
			       sum(v.time300_count) as time300Count,
			       sum(v.timemore_count) as timemoreCount,
			       sum(nvl(v.time50_count, 0) + nvl(v.time100_count, 0) +
			           nvl(v.time150_count, 0) + nvl(v.time300_count, 0) +
			           nvl(v.timemore_count, 0)) as totalCount
		  from JXH_MSISDN_VOICE_USED v
		 where v.stat_day = to_char(add_months(trunc(sysdate), -1), 'yyyymm')
		 <if test="areaCode != null and areaCode != ''">
				AND v.area_code = #{areaCode}
			</if>
			<if test="cardType != null and cardType != ''">
				AND v.card_type = #{cardType}
			</if>
			<if test="usedChannel != null and usedChannel != ''">
				AND v.used_channel = #{usedChannel}
			</if>
		 group by v.card_type
	</select>
	
	<select id="msisdnVoiceUsedTrend" resultType="com.hvgroup.modules.orderUsageAnalysis.entity.JxhMsisdnVoiceUsed">
		<foreach item="item" index="index" collection="list" separator="union">
			select * from (select v.stat_day,
			       sum(v.time50_count) as time50Count,
			       sum(v.time100_count) as time100Count,
			       sum(v.time150_count) as time150Count,
			       sum(v.time300_count) as time300Count
			  from JXH_MSISDN_VOICE_USED v
			 where v.stat_day = #{item}
			 <if test="usedChannel != null and usedChannel != ''">
				AND v.used_channel = #{usedChannel}
			</if>
			 group by v.stat_day)
		</foreach>
	</select>
	
	<select id="msisdnVoiceUsedBarChart" resultType="com.hvgroup.modules.orderUsageAnalysis.entity.JxhMsisdnVoiceUsed">
		select max(substr(a.area_name, 1, instr(a.area_name, '市') - 1)) as areaName,
		       sum(v.time50_count) as time50Count,
		       sum(v.time100_count) as time100Count,
		       sum(v.time150_count) as time150Count,
		       sum(v.time300_count) as time300Count,
		       sum(v.timemore_count) as timemoreCount,
		       sum(nvl(v.time50_count, 0) + nvl(v.time100_count, 0) +
		           nvl(v.time150_count, 0) + nvl(v.time300_count, 0) +
		           nvl(v.timemore_count, 0)) as totalCount
		  from JXH_MSISDN_VOICE_USED v
		  left join areas a
		    on a.area_code = v.area_code
		 where v.stat_day = to_char(add_months(trunc(sysdate), -1), 'yyyymm')
		 <if test="usedChannel != null and usedChannel != ''">
				AND v.used_channel = #{usedChannel}
			</if>
		 group by v.area_code
	</select>
	
	<select id="flowAbnormalEcAnalysis" resultType="com.hvgroup.modules.orderUsageAnalysis.entity.JxhDgLlycjtfx">
		select *
		  from (select *
		          from (select IOT_AES_CRYPT(e.ec_name, 2) as ecName,
		                       sum(d.dg_count) as dgCount
		                  from jxh_dg_llycjtfx d
		                  left join ENTERPRISE_CUSTOMER e
		                    on e.ec_code = d.ec_code
		                  join areas a
		                    on a.area_id = e.area_id
		                 where d.stat_date =
		                       (select max(stat_date) from jxh_dg_llycjtfx)
		                       <if test="areaCode != null and areaCode != ''">
									and a.area_code = #{areaCode}
								</if>
		                 group by d.stat_date, e.ec_name)
		         order by dgCount desc)
		 where rownum <![CDATA[<=]]> #{top}
	</select>
	
	<select id="nonSpecAreaDistibute" resultType="com.hvgroup.modules.orderUsageAnalysis.entity.JxhNonSpecAreaDistibute">
		select *
		  from (select (case
		                 when n.area_code = 'OTHER' then
		                  '其他'
		                 else
		                  max(substr(a.area_name, 1, instr(a.area_name, '市') - 1))
		               end) as areaName,
		               sum(n.amount) as amount
		          from JXH_NON_SPEC_AREA_DISTIBUTE n
		          left join areas a
		            on a.area_code = n.area_code
		         where n.stat_month =
		               to_char(add_months(trunc(sysdate), -1), 'yyyymm')
		           and n.amount_type = '1'
		           <if test="areaCode != null and areaCode != ''">
						AND n.area_code = #{areaCode}
					</if>
		         group by n.area_code)
		 order by amount desc
	</select>
	
	<select id="nonSpecAreaDistibuteHy" resultType="com.hvgroup.modules.orderUsageAnalysis.entity.JxhNonSpecAreaDistibute">
		select * from (select n.business as business, sum(n.amount) as amount
		  from JXH_NON_SPEC_AREA_DISTIBUTE n
		  left join areas a
		    on a.area_code = n.area_code
		 where n.stat_month = to_char(add_months(trunc(sysdate), -1), 'yyyymm')
		   and n.amount_type = '2'
		   <if test="areaCode != null and areaCode != ''">
				AND n.area_code = #{areaCode}
			</if>
		 group by n.business) order by amount desc
	</select>
	<select id="nonSpecAreaDistibuteHyInfo" resultType="com.hvgroup.modules.orderUsageAnalysis.entity.JxhNonSpecAreaDistibute">
		select * from (select (case
                 when n.area_code = 'OTHER' then
                  '其他'
                 else
                  max(substr(a.area_name, 1, instr(a.area_name, '市') - 1))
               end) as areaName,
		       sum(n.amount) as amount
		  from JXH_NON_SPEC_AREA_DISTIBUTE n
		  left join areas a
		    on a.area_code = n.area_code
		 where n.stat_month = to_char(add_months(trunc(sysdate), -1), 'yyyymm')
		 AND n.amount_type = '2'
		   <if test="business != null and business != ''">
				AND n.business = #{business}
			</if>
			<if test="areaCode != null and areaCode != ''">
				AND n.area_code = #{areaCode}
			</if>
		 group by n.area_code) order by amount desc
	</select>
	
	<select id="nonSpecAreaDistibuteCpInfo" resultType="com.hvgroup.modules.orderUsageAnalysis.entity.JxhNonSpecAreaDistibute">
		select * from (select (case
                 when n.area_code = 'OTHER' then
                  '其他'
                 else
                  max(substr(a.area_name, 1, instr(a.area_name, '市') - 1))
               end) as areaName,
		       sum(n.amount) as amount
		  from JXH_NON_SPEC_AREA_DISTIBUTE n
		  left join areas a
		    on a.area_code = n.area_code
		 where n.stat_month = to_char(add_months(trunc(sysdate), -1), 'yyyymm')
		 	AND n.amount_type = '3'
			<if test="cardType != null and cardType != ''">
				AND n.card_type = #{cardType}
			</if>
			<if test="areaCode != null and areaCode != ''">
				AND n.area_code = #{areaCode}
			</if>
		 group by n.area_code) order by amount desc
	</select>
	
	<select id="nonSpecAreaDistibuteCp" resultType="com.hvgroup.modules.orderUsageAnalysis.entity.JxhNonSpecAreaDistibute">
		select * from (select (case
		         when n.card_Type = 'MAC' then
		          '机器卡'
		         when n.card_Type = 'NB' then
		          'NB-IOT'
		         when n.card_Type = 'IOV' then
		          '车联网'
		         when n.card_Type = '9105' then
		          '行业卡'
		         when n.card_Type = 'HDJ' then
		          '和对讲'
		         when n.card_Type = 'SMART' then
		          '智能穿戴'
		       end) as cardType,
		       sum(n.amount) as amount
		  from JXH_NON_SPEC_AREA_DISTIBUTE n
		  left join areas a
		    on a.area_code = n.area_code
		 where n.stat_month = to_char(add_months(trunc(sysdate), -1), 'yyyymm')
		   and n.amount_type = '3'
		   <if test="areaCode != null and areaCode != ''">
				AND n.area_code = #{areaCode}
			</if>
		 group by n.card_type) order by amount desc
	</select>
	
	<select id="fluxPoolEcUsageMix" resultType="com.hvgroup.modules.orderUsageAnalysis.entity.JxhFluxPoolEcUsage">
		select sum(f.out_and_extra_amount) as extraAmount,
		       sum(f.out_and_not_extra_amount) as noExtraAmount,
		       sum(f.no_out_amount) as outAmount
		  from JXH_FLUX_POOL_EC_USAGE f
		 where f.stat_month = to_char(add_months(trunc(sysdate), -1), 'yyyymm')
		   and f.amount_type = '1'
		   <if test="areaCode != null and areaCode != ''">
				AND f.area_code = #{areaCode}
			</if>
	</select>
	
	<select id="fluxPoolEcUsageMixHy" resultType="com.hvgroup.modules.orderUsageAnalysis.entity.JxhFluxPoolEcUsage">
		select f.business as business,
		       sum(f.out_and_extra_amount) as extraAmount,
		       sum(f.out_and_not_extra_amount) as noExtraAmount,
		       sum(f.no_out_amount) as outAmount,
		       sum(nvl(f.out_and_extra_amount, 0) +
		           nvl(f.out_and_not_extra_amount, 0) + nvl(f.no_out_amount, 0)) as totalCount
		  from JXH_FLUX_POOL_EC_USAGE f
		 where f.stat_month = to_char(add_months(trunc(sysdate), -1), 'yyyymm')
		   and f.amount_type = '2'
		   <if test="areaCode != null and areaCode != ''">
				AND f.area_code = #{areaCode}
			</if>
			<if test="business != null and business != ''">
				AND f.business = #{business}
			</if>
		 group by f.business
	</select>
	
	<select id="fluxPoolEcUsageMixCp" resultType="com.hvgroup.modules.orderUsageAnalysis.entity.JxhFluxPoolEcUsage">
		select (case
		         when f.card_Type = 'MAC' then
		          '机器卡'
		         when f.card_Type = 'NB' then
		          'NB-IOT'
		         when f.card_Type = 'IOV' then
		          '车联网'
		         when f.card_Type = '9105' then
		          '行业卡'
		         when f.card_Type = 'HDJ' then
		          '和对讲'
		         when f.card_Type = 'SMART' then
		          '智能穿戴'
		       end) as cardType,
		       sum(f.out_and_extra_amount) as extraAmount,
		       sum(f.out_and_not_extra_amount) as noExtraAmount,
		       sum(f.no_out_amount) as outAmount,
		       sum(nvl(f.out_and_extra_amount, 0) +
		           nvl(f.out_and_not_extra_amount, 0) + nvl(f.no_out_amount, 0)) as totalCount
		  from JXH_FLUX_POOL_EC_USAGE f
		 where f.stat_month = to_char(add_months(trunc(sysdate), -1), 'yyyymm')
		   and f.amount_type = '3'
		   <if test="areaCode != null and areaCode != ''">
				AND f.area_code = #{areaCode}
			</if>
			<if test="cardType != null and cardType != ''">
				AND f.card_type = #{cardType}
			</if>
		 group by f.card_type
	</select>
	
	<select id="fluxPoolEcUsageTrend" resultType="com.hvgroup.modules.orderUsageAnalysis.entity.JxhFluxPoolEcUsage">
		<foreach item="item" index="index" collection="list" separator="union">
			select f.stat_month as statMonth,
			       sum(f.out_and_extra_amount) as extraAmount,
			       sum(f.out_and_not_extra_amount) as noExtraAmount,
			       sum(f.no_out_amount) as outAmount
			  from JXH_FLUX_POOL_EC_USAGE f
			 where f.stat_month = #{item}
			   and f.amount_type = '1'
			   <if test="areaCode != null and areaCode != ''">
					AND f.area_code = #{areaCode}
				</if>
			 group by f.stat_month
		</foreach>
	</select>
	
	<select id="fluxPoolEcUsageBarChart" resultType="com.hvgroup.modules.orderUsageAnalysis.entity.JxhFluxPoolEcUsage">
		select max(substr(a.area_name, 1, instr(a.area_name, '市') - 1)) as areaName,
		       sum(f.out_and_extra_amount) as extraAmount,
		       sum(f.out_and_not_extra_amount) as noExtraAmount,
		       sum(f.no_out_amount) as outAmount,
		       sum(nvl(f.out_and_extra_amount, 0) +
		           nvl(f.out_and_not_extra_amount, 0) + nvl(f.no_out_amount, 0)) as totalCount
		  from JXH_FLUX_POOL_EC_USAGE f
		  left join areas a
		    on a.area_code = f.area_code
		 where f.stat_month = to_char(add_months(trunc(sysdate), -1), 'yyyymm')
		   and f.amount_type = '4'
		 group by f.area_code
	</select>
	
	<select id="inAndOutProvUsageMix" resultType="com.hvgroup.modules.orderUsageAnalysis.entity.JxhDgSnswylfx">
		select (case
		         when d.used_type = '1' then
		          '省内'
		         when d.used_type = '2' then
		          '省外'
		       end) as usedType,
		       sum(d.dg_count) as totalCount
		  from jxh_dg_snswylfx d
		 where d.stat_date = to_char(add_months(trunc(sysdate), -1), 'yyyymm')
		 <if test="areaCode != null and areaCode != ''">
				AND d.area_code = #{areaCode}
			</if>
		 group by d.used_type
	</select>
	
	<select id="inAndOutProvUsageMixHy" resultType="com.hvgroup.modules.orderUsageAnalysis.entity.JxhDgSnswylfx">
		select d.business as business,
		       sum(d.dg_count) as dgCount,
		       (select sum(dg_count)
		          from jxh_dg_snswylfx
		         where stat_date = to_char(add_months(trunc(sysdate), -1), 'yyyymm') and used_type = '1'
		         <if test="areaCode != null and areaCode != ''">
					AND area_code = #{areaCode}
				</if>
				<if test="business != null and business != ''">
					AND business = #{business}
				</if>) as dgCount1,
		       (select sum(dg_count)
		          from jxh_dg_snswylfx
		         where stat_date = to_char(add_months(trunc(sysdate), -1), 'yyyymm') and used_type = '2'
		         <if test="areaCode != null and areaCode != ''">
					AND area_code = #{areaCode}
				</if>
				<if test="business != null and business != ''">
					AND business = #{business}
				</if>) as dgCount2
		  from jxh_dg_snswylfx d
		 where d.stat_date = to_char(add_months(trunc(sysdate), -1), 'yyyymm')
		 <if test="areaCode != null and areaCode != ''">
				AND d.area_code = #{areaCode}
			</if>
			<if test="business != null and business != ''">
				AND d.business = #{business}
			</if>
		 group by d.business
	</select>
	
	<select id="inAndOutProvUsageMixCp" resultType="com.hvgroup.modules.orderUsageAnalysis.entity.JxhDgSnswylfx">
		select (case
		         when d.card_Type = 'MAC' then
		          '机器卡'
		         when d.card_Type = 'NB' then
		          'NB-IOT'
		         when d.card_Type = 'IOV' then
		          '车联网'
		         when d.card_Type = '9105' then
		          '行业卡'
		         when d.card_Type = 'HDJ' then
		          '和对讲'
		         when d.card_Type = 'WLT' then
		          '物联通'
		          when d.card_Type = 'SMART' then
		          '物联通'
		       end) as cardType,
		       sum(d.dg_count) as dgCount,
		       (select sum(dg_count)
		          from jxh_dg_snswylfx
		         where stat_date = to_char(add_months(trunc(sysdate), -1), 'yyyymm')
		           and used_type = '1'
		           <if test="areaCode != null and areaCode != ''">
						AND area_code = #{areaCode}
					</if>
					<if test="cardType != null and cardType != ''">
						AND card_type = #{cardType}
					</if>) as dgCount1,
		       (select sum(dg_count)
		          from jxh_dg_snswylfx
		         where stat_date = to_char(add_months(trunc(sysdate), -1), 'yyyymm')
		           and used_type = '2'
		           <if test="areaCode != null and areaCode != ''">
						AND area_code = #{areaCode}
					</if>
					<if test="cardType != null and cardType != ''">
						AND card_type = #{cardType}
					</if>) as dgCount2
		  from jxh_dg_snswylfx d
		 where d.stat_date = to_char(add_months(trunc(sysdate), -1), 'yyyymm')
		 <if test="areaCode != null and areaCode != ''">
				AND d.area_code = #{areaCode}
			</if>
			<if test="cardType != null and cardType != ''">
				AND d.card_type = #{cardType}
			</if>
		 group by d.card_type
	</select>
	
	<select id="inAndOutProvUsageBarChart" resultType="com.hvgroup.modules.orderUsageAnalysis.entity.JxhDgSnswylfx">
		select max(substr(a.area_name, 1, instr(a.area_name, '市') - 1)) as areaName,
		       sum(d.province) as province,
		       sum(d.outprovince) as outProvince,
		       sum(nvl(d.province, 0) + nvl(d.outprovince, 0)) as totalCount
		  from jxh_dgsyfx_sgsw d
		  left join areas a
		    on a.area_code = d.area
		 where d.used_month = to_char(add_months(trunc(sysdate), -1), 'yyyymm')
		 group by d.area
	</select>
	
	<select id="inAndOutProvUsageBarChartHy" resultType="com.hvgroup.modules.orderUsageAnalysis.entity.JxhDgSnswylfx">
		select d.business as business,
		       sum(d.dg_count) as dgCount,
		       (select sum(dg_count)
		          from jxh_dg_snswylfx
		         where stat_date = to_char(add_months(trunc(sysdate), -1), 'yyyymm') and used_type = '1' 
		         and business = d.business
		         <if test="areaCode != null and areaCode != ''">
					AND area_code = #{areaCode}
				</if>) as dgCount1,
		       (select sum(dg_count)
		          from jxh_dg_snswylfx
		         where stat_date = to_char(add_months(trunc(sysdate), -1), 'yyyymm') and used_type = '2' 
		         and business = d.business
		         <if test="areaCode != null and areaCode != ''">
					AND area_code = #{areaCode}
				</if>) as dgCount2
		  from jxh_dg_snswylfx d
		 where d.stat_date = to_char(add_months(trunc(sysdate), -1), 'yyyymm')
		 <if test="areaCode != null and areaCode != ''">
				AND d.area_code = #{areaCode}
			</if>
		 group by d.business
	</select>
	
	<select id="inAndOutProvUsageBarChartCp" resultType="com.hvgroup.modules.orderUsageAnalysis.entity.JxhDgSnswylfx">
		select (case
		         when d.card_Type = 'MAC' then
		          '机器卡'
		         when d.card_Type = 'NB' then
		          'NB-IOT'
		         when d.card_Type = 'IOV' then
		          '车联网'
		         when d.card_Type = '9105' then
		          '行业卡'
		         when d.card_Type = 'HDJ' then
		          '和对讲'
		         when d.card_Type = 'WLT' then
		          '物联通'
		          when d.card_Type = 'SMART' then
		          '物联通'
		       end) as cardType,
		       sum(d.dg_count) as dgCount,
		       (select sum(dg_count)
		          from jxh_dg_snswylfx
		         where stat_date = to_char(add_months(trunc(sysdate), -1), 'yyyymm')
		           and used_type = '1' and card_type = d.card_type 
		           <if test="areaCode != null and areaCode != ''">
					AND area_code = #{areaCode}
				</if>) as dgCount1,
		       (select sum(dg_count)
		          from jxh_dg_snswylfx
		         where stat_date = to_char(add_months(trunc(sysdate), -1), 'yyyymm')
		           and used_type = '2' and card_type = d.card_type 
		           <if test="areaCode != null and areaCode != ''">
					AND area_code = #{areaCode}
				</if>) as dgCount2
		  from jxh_dg_snswylfx d
		 where d.stat_date = to_char(add_months(trunc(sysdate), -1), 'yyyymm')
		 <if test="areaCode != null and areaCode != ''">
				AND d.area_code = #{areaCode}
			</if>
		 group by d.card_type
	</select>
	
	<select id="inAndOutProvUsageTrend" resultType="com.hvgroup.modules.orderUsageAnalysis.entity.JxhDgSnswylfx">
		<foreach item="item" index="index" collection="list" separator="union">
			select d.stat_date as statDate,
			       sum(d.dg_count) as totalCount,
			       (select sum(dg_count)
			          from jxh_dg_snswylfx
			         where stat_date = #{item}
			           and used_type = '1'
			           <if test="areaCode != null and areaCode != ''">
							AND area_code = #{areaCode}
						</if>) as dgCount1,
			       (select sum(dg_count)
			          from jxh_dg_snswylfx
			         where stat_date = #{item}
			           and used_type = '2'
			           <if test="areaCode != null and areaCode != ''">
							AND area_code = #{areaCode}
						</if>) as dgCount2
			  from jxh_dg_snswylfx d
			 where d.stat_date = #{item}
			 <if test="areaCode != null and areaCode != ''">
					AND d.area_code = #{areaCode}
				</if>
			 group by d.stat_date
		</foreach>
	</select>
	
	<select id="highTrafficUserArea" resultType="com.hvgroup.modules.orderUsageAnalysis.entity.JxhDgLlychmfx">
		select * from (select max(substr(a.area_name, 1, instr(a.area_name, '市') - 1)) as areaName,
		       sum(d.dg_count) as dgCount
		  from jxh_dg_dllyhqyfb d
		  left join areas a
		    on a.area_code = d.area_code
		 where d.stat_date = to_char(add_months(trunc(sysdate), -1), 'yyyymm')
		 <if test="areaCode != null and areaCode != ''">
				AND d.area_code = #{areaCode}
			</if>
			<if test="business != null and business != ''">
				AND d.business = #{business}
			</if>
			<if test="cardType != null and cardType != ''">
				AND d.card_type = #{cardType}
			</if>
		 group by d.area_code) order by dgCount desc
	</select>
	
	<select id="highTrafficUserAreaHy" resultType="com.hvgroup.modules.orderUsageAnalysis.entity.JxhDgLlychmfx">
		select * from (select d.business as business, sum(d.dg_count) as dgCount
		  from jxh_dg_dllyhqyfb d
		 where d.stat_date = to_char(add_months(trunc(sysdate), -1), 'yyyymm')
		 <if test="areaCode != null and areaCode != ''">
				AND d.area_code = #{areaCode}
			</if>
		 group by d.business) order by dgCount desc
	</select>
	
	<select id="highTrafficUserAreaCp" resultType="com.hvgroup.modules.orderUsageAnalysis.entity.JxhDgLlychmfx">
		select (case
		         when d.card_Type = 'MAC' then
		          '机器卡'
		         when d.card_Type = 'NB' then
		          'NB-IOT'
		         when d.card_Type = 'IOV' then
		          '车联网'
		         when d.card_Type = '9105' then
		          '行业卡'
		         when d.card_Type = 'HDJ' then
		          '和对讲'
		         when d.card_Type = 'WLT' then
		          '物联通'
		       end) as cardType,
		       sum(d.dg_count) as dgCount
		  from jxh_dg_dllyhqyfb d
		 where d.stat_date = to_char(add_months(trunc(sysdate), -1), 'yyyymm')
		 <if test="areaCode != null and areaCode != ''">
				AND d.area_code = #{areaCode}
			</if>
		 group by d.card_type
	</select>
	
	<select id="msisdnAreaDistribute" resultType="com.hvgroup.modules.orderUsageAnalysis.entity.JxhDgLlychmfx">
		select * from (select d.area_code as areaCode, sum(d.dg_total) as dgCount
		  from JXH_DG_SNSWYLFX d
		  where d.stat_date = to_char(add_months(trunc(sysdate), -1), 'yyyymm')
		  <if test="business != null and business != ''">
				AND d.business = #{business}
			</if>
			<if test="cardType != null and cardType != ''">
				AND d.card_Type = #{cardType}
			</if>
		 group by d.area_code) order by dgCount desc
	</select>
	
	<select id="msisdnAreaDistributeHy" resultType="com.hvgroup.modules.orderUsageAnalysis.entity.JxhDgLlychmfx">
		select d.business as business, sum(d.dg_count) as dgCount
		  from jxh_dg_hmqyfb d
		 where d.stat_date = to_char(add_months(trunc(sysdate), -1), 'yyyymm')
		 <if test="areaCode != null and areaCode != ''">
				AND d.area_code = #{areaCode}
			</if>
		 group by d.business
	</select>
	
	<select id="msisdnAreaDistributeCp" resultType="com.hvgroup.modules.orderUsageAnalysis.entity.JxhDgLlychmfx">
		select (case
		         when d.card_Type = 'MAC' then
		          '机器卡'
		         when d.card_Type = 'NB' then
		          'NB-IOT'
		         when d.card_Type = 'IOV' then
		          '车联网'
		         when d.card_Type = '9105' then
		          '行业卡'
		         when d.card_Type = 'HDJ' then
		          '和对讲'
		         when d.card_Type = 'WLT' then
		          '物联通'
		         when d.card_Type = 'SMART' then
		          '智能穿戴'
		       end) as cardType,
		       sum(d.dg_count) as dgCount
		  from jxh_dg_hmqyfb d
		 where d.stat_date = to_char(add_months(trunc(sysdate), -1), 'yyyymm')
		 <if test="areaCode != null and areaCode != ''">
				AND d.area_code = #{areaCode}
			</if>
		 group by d.card_type
	</select>
	
	<select id="outProvUsageAreaDistribute" resultType="com.hvgroup.modules.orderUsageAnalysis.entity.JxhDgLlychmfx">
		select *
		  from (select d.area_code as areaCode, sum(d.dg_count) as dgCount
		          from JXH_DG_SNSWYLFX d
		         where d.stat_date =
		               to_char(add_months(trunc(sysdate), -1), 'yyyymm')
		               and d.used_type = '2'
		               <!-- <if test="cardType != null and cardType != ''">
							AND d.card_Type = #{cardType}
						</if>
						<if test="business != null and business != ''">
							AND d.business = #{business}
						</if> -->
		         group by d.area_code)
		 order by dgCount desc
	</select>
	
	<select id="outProvUsageAreaDistributeHy" resultType="com.hvgroup.modules.orderUsageAnalysis.entity.JxhDgLlychmfx">
		select *
		  from (select d.business as business, sum(d.dg_count) as dgCount
		          from JXH_DG_SWYLSYQJFB d
		         where d.stat_date =
		               to_char(add_months(trunc(sysdate), -1), 'yyyymm')
		               <if test="business != null and business != ''">
							AND d.business = #{business}
						</if>
		         group by d.business)
		 order by dgCount desc
	</select>
	
	<select id="outProvUsageAreaDistributeCp" resultType="com.hvgroup.modules.orderUsageAnalysis.entity.JxhDgLlychmfx">
		select (case
		         when d.card_Type = 'MAC' then
		          '机器卡'
		         when d.card_Type = 'NB' then
		          'NB-IOT'
		         when d.card_Type = 'IOV' then
		          '车联网'
		         when d.card_Type = '9105' then
		          '行业卡'
		         when d.card_Type = 'HDJ' then
		          '和对讲'
		         when d.card_Type = 'WLT' then
		          '物联通'
		         when d.card_Type = 'SMART' then
		          '智能穿戴'
		       end) as cardType,
		       sum(d.dg_count) as dgCount
		  from JXH_DG_SWYLSYQJFB d
		 where d.stat_date = to_char(add_months(trunc(sysdate), -1), 'yyyymm')
		 <if test="cardType != null and cardType != ''">
				AND d.card_Type = #{cardType}
			</if>
		 group by d.card_type
	</select>
	
	<select id="outProvUsageAreaDistributeTrend" resultType="com.hvgroup.modules.orderUsageAnalysis.entity.JxhDgLlychmfx">
		<foreach item="item" index="index" collection="list" separator="union">
			select d.stat_date as statDate,
			       sum(d.dg_count) as dgCount
			       <foreach item="item2" index="index" collection="topList" separator="," open=",">
			       (select dgCount
			            from (select t.*,rownum rn from (select *
			                    from (select area_code as areaCode, sum(dg_count) as dgCount
			                            from JXH_DG_SNSWYLFX 
			                           where stat_date = #{item}
			                             and used_type = '2'
			                           group by area_code)
			                   order by dgCount desc) t)
			           where rn = ${index+1}) as dgCount${index}
			         </foreach>
			  from JXH_DG_SNSWYLFX d
			 where d.stat_date = #{item}
			 and d.used_type = '2'
			 group by d.stat_date
		</foreach>
	</select>
	
</mapper>