<?xml version="1.0" encoding="UTF-8" ?>
<!DOCTYPE mapper PUBLIC "-//mybatis.org//DTD Mapper 3.0//EN" "http://mybatis.org/dtd/mybatis-3-mapper.dtd">
<mapper namespace="com.hvgroup.modules.dataaudit.dao.DelayCheckDao">

	<sql id="pageSqlStart">
		<if test="pageInfo.pageNo != null and pageInfo.pageNo != ''">

			select * from
			(
			select a.*, rownum rn from
			(
		</if>
	</sql>
	<!-- 分页SQL语句结尾语句 -->
	<sql id="pageSqlEnd">
		<if test="pageInfo.pageSize != null and pageInfo.pageSize != ''">
			) a
			where rownum <![CDATA[<=]]>
			#{pageInfo.pageNo}*#{pageInfo.pageSize}
			)
			where rn >
			(#{pageInfo.pageNo}-1)*#{pageInfo.pageSize}
		</if>
	</sql>

	<select id="queryDelayCount" resultType="java.lang.Integer">
		select count(1)
		from BUSINESS_ORDER_MASTER t
		left join enterprise_customer ec on ec.ec_code = t.ec_code
		where t.STATE <![CDATA[  <> ]]> 'EXECUTED'
		<if test="someDate!=null and someDate!=''">
			and t.start_date  <![CDATA[  < ]]> (sysdate-#{someDate})
		</if>
		<if test="ecCode != null and ecCode != ''">
			AND t.ec_code = #{ecCode}
		</if>
		<if test="ecCode != null and ecCode != ''">
			AND ec.ec_name like '%'||#{ecName}||'%'
		</if>
		<if test="masterOrderNo != null and masterOrderNo != ''">
			AND t.master_order_no = #{masterOrderNo}
		</if>
		<if test="businessType != null and businessType != ''">
			AND t.business_type = #{businessType}
		</if>
		<if test="state != null and state != ''">
			AND t.state = #{state}
		</if>
		<if test="areaId != null and areaId != ''">
			and ec.area_id = #{areaId}
		</if>
		order by t.start_date desc
	</select>
	
	<select id="queryDelayList" resultType="com.hvgroup.modules.dataaudit.entity.DelayCheckEntity">
		<include refid="pageSqlStart"/>
		select t.master_order_no masterOrderNo,
		t.business_type businessType,
		t.state state,
		t.start_date startDate,
		t.end_date endDate,
		ec.ec_name ecName,
		t.ec_code ecCode
		from BUSINESS_ORDER_MASTER t
		left join enterprise_customer ec on ec.ec_code = t.ec_code
		where t.STATE <![CDATA[  <> ]]> 'EXECUTED'
		<if test="someDate!=null and someDate!=''">
			and t.start_date  <![CDATA[  < ]]> (sysdate-#{someDate})
		</if>
		<if test="ecCode != null and ecCode != ''">
			AND t.ec_code = #{ecCode}
		</if>
		<if test="ecCode != null and ecCode != ''">
			AND ec.ec_name like '%'||#{ecName}||'%'
		</if>
		<if test="masterOrderNo != null and masterOrderNo != ''">
			AND t.master_order_no = #{masterOrderNo}
		</if>
		<if test="businessType != null and businessType != ''">
			AND t.business_type = #{businessType}
		</if>
		<if test="state != null and state != ''">
			AND t.state = #{state}
		</if>
		<if test="areaId != null and areaId != ''">
			and ec.area_id = #{areaId}
		</if>
		order by t.start_date desc
		<include refid="pageSqlEnd"/>
	</select>








</mapper>
