<?xml version="1.0" encoding="UTF-8"?>

<!DOCTYPE sqlMap
 PUBLIC "-//ibatis.apache.org//DTD SQL Map 2.0//EN"
 "http://ibatis.apache.org/dtd/sql-map-2.dtd">

<sqlMap>

	<select id="queryMsisdnSpeApnIov" parameterClass="java.util.HashMap" resultClass="java.lang.String">
		select distinct apn_name from m2m_grpmem where state='ENABLED' 
		and apn_name not in('CMIOT','CMMTM','CMNET','CMWAP') 
		
		<isNotEmpty prepend="and" property="ecCode">
	        ec_code=#ecCode#
	     </isNotEmpty>
	     <isNotEmpty prepend="and" property="msisdn">
	         msisdn=#msisdn#
	     </isNotEmpty>
	
	</select>
  
  <select id="queryshareIov"  resultClass="com.lenovo.iotpro3.vo.asset.ShareInfoVo">
   
    <!--  select
        fm.product_code as prdCode,
        max(fm.apn_name) as apnName,              
        fm.PACKAGE_CODE as pkgCode
        from FLUX_POOL_MEM fm,M2M_PERSON  partition (M2M_PERSON_PARTITION$part$) mp
        where
        fm.msisdn = mp.msisdn
        and mp.state='ENABLED' 
        and fm.POOL_PACKAGE = 'I00010300040'  
        and fm.EFF_TYPE=0
        and fm.END_DATE  <![CDATA[ > ]]>
        (SYSDATE-1)                
       
       <isNotEmpty prepend="and" property="ecCode">
             fm.ec_code=#ecCode#
       </isNotEmpty>
         <isNotEmpty prepend="and" property="prdCode">
             fm.product_code=#prdCode#
        </isNotEmpty>
       group by fm.product_code,fm.PACKAGE_CODE
       order by fm.product_code -->
         SELECT product_code AS prdCode,
               (select  wm_concat(distinct apn_name)
        		from m2m_grpmem PARTITION(M2M_GRPMEM_PARTITION$part$) m
        		where m.package_code = fm.common_package_code
        		and m.product_code = fm.product_code
        		and m.state = 'ENABLED'
        		and m.ec_code=#ecCode#) as apnName,
               common_package_code AS pkgCode               
          FROM FLUX_POOL_MEM_SHARE fm
         WHERE 1 = 1
           AND common_package_code IS NOT NULL
           AND ec_code = #ecCode#
           AND stat_month = to_char(SYSDATE, 'yyyy-MM')
        <isNotEmpty prepend="and" property="prdCode">
             product_code=#prdCode#
        </isNotEmpty>
        UNION
        SELECT product_code AS prdCode,
               (select  wm_concat(distinct apn_name)
        		from m2m_grpmem PARTITION(M2M_GRPMEM_PARTITION$part$) m
        		where m.package_code = fm.special_package_code
        		and m.product_code = fm.product_code
        		and m.state = 'ENABLED'
        		and m.ec_code=#ecCode#) as apnName,
               special_package_code AS pkgCode
          FROM FLUX_POOL_MEM_SHARE fm
         WHERE 1 = 1
           AND special_package_code IS NOT NULL
           AND ec_code = #ecCode#
           AND stat_month = to_char(SYSDATE, 'yyyy-MM') 
        <isNotEmpty prepend="and" property="prdCode">
             product_code=#prdCode#
        </isNotEmpty>
    </select>
    
    <select id="querypoolIov" resultClass="com.lenovo.iotpro3.vo.asset.ShareInfoVo">
  
    <!-- select    
      
         fm.product_code as prdCode         
          from 
          FLUX_POOL_MEM fm,M2M_PERSON  partition (M2M_PERSON_PARTITION$part$) mp
          where
          fm.msisdn = mp.msisdn
          and mp.state='ENABLED'
          and fm.EFF_TYPE=0
		  and fm.POOL_PACKAGE in ('I00010300045','I00010300046','I00010300048','I00010101845','I00010101846','I00010111845','I00010111846','I00010100445','I00010100446','I00010700445','I00010700446')
          and fm.END_DATE >(SYSDATE-1)  
           <isNotEmpty prepend="and" property="ecCode">
              fm.ec_code = #ecCode# 
          </isNotEmpty> 
          group by  fm.product_code
          order by fm.product_code -->
          
        select
        DISTINCT(product_code) as prdCode   
        from PRO_MEMBER_OPTIONAL_PKG
        where STATE='ENABLED'
        and END_DATE >= (SYSDATE-1)
        and START_DATE <![CDATA[ <= ]]> SYSDATE
		and PACKAGE_CODE in ('I00010300045','I00010300046','I00010300048','I00010101845','I00010101846','I00010111845','I00010111846','I00010100445','I00010100446','I00010700445','I00010700446')
        and ec_code = #ecCode#  
        order by product_code
  </select>
  
  <!-- 获取当前前6个月中集团订购的套餐列表 -->
	<select id="findEcSixMonthBusPkgListIov" parameterClass="java.util.HashMap"
		resultClass="java.util.HashMap">
		select distinct
		a.package_code||'-'||nvl(a.channel,'NULL') as package_code,
		a.package_name
		from RPT_EC_PKG_STAT_MM r,atomic_products a
		where r.package_code = a.package_code
		and a.pkg_category = 'PKG_CAT_BUSINESS'
		and r.stat_date>to_char(add_months(trunc(sysdate),-6),'yyyy-mm')
		and r.ec_id=#ecId#

	</select>
	
	<!-- 获取当前前6个月中集团订购的套餐列表 -->
	<select id="findEcSixDayBusPkgListIov" parameterClass="java.util.HashMap"
		resultClass="java.util.HashMap">
		select distinct
		a.package_code||'-'||nvl(a.channel,'NULL') as package_code,
		a.package_name
		from RPT_EC_PKG_STAT_DD r,atomic_products a
		where r.package_code = a.package_code
		and a.pkg_category = 'PKG_CAT_BUSINESS'
		and r.stat_date>sysdate-6
		and r.ec_id=#ecId#

	</select>
	
	<select id="findEcThisMonthBusPkgListIov" parameterClass="java.util.HashMap"
		resultClass="java.util.HashMap">
		SELECT DISTINCT
		a.package_code,
		a.package_name
		FROM EC_PACKAGE_MONTH_STAT r, atomic_products a
		WHERE
		r.package_code = a.package_code AND
		a.pkg_category = 'PKG_CAT_BUSINESS' AND
		r.STAT_MONTH = to_char(sysdate, 'yyyymm')
		AND r.EC_CODE = #ecCode#

	</select>

</sqlMap>