<?xml version="1.0" encoding="UTF-8"?>

<!DOCTYPE sqlMap
 PUBLIC "-//ibatis.apache.org//DTD SQL Map 2.0//EN"
 "http://ibatis.apache.org/dtd/sql-map-2.dtd">

<sqlMap>

	<!-- 日报表 -->
	<select id="queryNationalMemberDayIov" resultClass="com.lenovo.iovpro.entity.StateAnaly.NationalMemStatIov">
	select
	t.start_day statMonth,t.total_num totalCount,t.test_num testCount,t.silent_num silentCount,t.cancel_num cancleCount,
	t.normal_num normalCount,t.stop_num stopCount,t.preclose_num preCancleCount,t.new_num  newNum
	from national_member_day_state t
	where t.ec_code = #ecCode#
	and t.start_day<![CDATA[>=]]>#startMonth#
	and t.start_day<![CDATA[<=]]>#endMonth#
	</select>
	
	<select id="queryNationalMemberDayCountIov" resultClass="java.lang.Long">
	select count(1)
	from national_member_day_state t
	where t.ec_code = #ecCode#
	and t.start_day<![CDATA[>=]]>#startMonth#
	and t.start_day<![CDATA[<=]]>#endMonth#
	</select>
	
	<!-- 月报表 -->
	<select id="queryNationalMemberMonthIov" resultClass="com.lenovo.iovpro.entity.StateAnaly.NationalMemStatIov">
	select
	t.stat_month statMonth,t.total_num totalCount,t.test_num testCount,t.silent_num silentCount,t.cancel_num cancleCount,
	t.normal_num normalCount,t.stop_num stopCount,t.preclose_num preCancleCount,t.new_num  newNum
	from national_member_day_state_mm t
	where t.ec_code = #ecCode#
	and t.stat_month<![CDATA[>=]]>#startMonth#
	and t.stat_month<![CDATA[<=]]>#endMonth#
	</select>
	
	<select id="queryNationalMemberMonthCountIov" resultClass="java.lang.Long">
	select count(1)
	from national_member_day_state_mm t
	where t.ec_code = #ecCode#
	and t.stat_month<![CDATA[>=]]>#startMonth#
	and t.stat_month<![CDATA[<=]]>#endMonth#
	</select>
	
	
	<select id="findMonthListIov" resultClass="com.lenovo.iovpro.entity.StateAnaly.NationalMemStatIov">
		select t.stat_month statMonth
		from national_member_day_state_mm t
		where t.ec_code = #ecCode#
	</select>
	
	<!-- 查询最近七天日报表 -->
	<select id="exportNationalMemStateechartDayIov" resultClass="com.lenovo.iovpro.entity.StateAnaly.NationalMemStatIov">
	select
	t.start_day statMonth,t.test_num testCount,t.silent_num silentCount,
	t.normal_num normalCount,t.stop_num stopCount,t.preclose_num preCancleCount
	from national_member_day_state t
	where t.ec_code = #ecCode#
	and t.start_day<![CDATA[>=]]>to_char(sysdate-7,'yyyy-MM-dd')
	and t.start_day<![CDATA[<]]>to_char(sysdate,'yyyy-MM-dd')
	order by t.start_day
	</select>
	
	
	<!-- 查询历史月报表生命周期占比 -->
	<select id="findNationalMemStateEchartPerIov" resultClass="com.lenovo.iovpro.entity.StateAnaly.NationalMemStatIov">
	select  
	t.stat_month statMonth,
	nvl((SUBSTR(t.normal_num /t.total_num, 1, 3)) * 100,0) as normalCount,
	nvl((SUBSTR(t.test_num /t.total_num, 1, 3)) * 100,0) as testCount,
	nvl((SUBSTR(t.silent_num /t.total_num, 1, 3)) * 100,0) as silentCount,
	nvl((SUBSTR(t.stop_num /t.total_num, 1, 3)) * 100,0) as stopCount, 
	nvl((SUBSTR(t.preclose_num /t.total_num, 1, 3)) * 100,0) as preCancleCount
	from national_member_day_state_mm t
	where t.ec_code = #ecCode#
	and t.stat_month = #statMonth#
	and  t.total_num <![CDATA[>]]>0
	</select>
	
	<select id="findNationalMemStateEchartAllIov" resultClass="com.lenovo.iovpro.entity.StateAnaly.NationalMemStatIov">
	select  
	t.stat_month statMonth,
	nvl((SUBSTR(t.normal_num /t.total_num, 1, 3)) * 100,0) as normalCount,
	nvl((SUBSTR(t.stop_num /t.total_num, 1, 3)) * 100,0) as stopCount, 
	nvl((SUBSTR(t.preclose_num /t.total_num, 1, 3)) * 100,0) as preCancleCount
	from national_member_day_state_mm t
	where t.ec_code = #ecCode#
	and t.stat_month = #statMonth#
	and  t.total_num <![CDATA[>]]>0
	</select>

</sqlMap>