<?xml version="1.0" encoding="UTF-8"?>

<!DOCTYPE sqlMap
 PUBLIC "-//ibatis.apache.org//DTD SQL Map 2.0//EN"
 "http://ibatis.apache.org/dtd/sql-map-2.dtd">

<sqlMap>
 
    
    <select id="querypoolListIov" resultClass="com.lenovo.iovpro.entity.StateAnaly.PoolFlowStatIov">
        select
        DISTINCT(product_code) as prdCode,
        (case when  PACKAGE_CODE = 'I00010300045' then 'SPECIAL' else 'DEFAULT' end) as channel    
        from PRO_MEMBER_OPTIONAL_PKG
        where STATE='ENABLED'
        and END_DATE >= (SYSDATE-1)
        and START_DATE <![CDATA[ <= ]]> SYSDATE
		and PACKAGE_CODE in ('I00010300045','I00010300046','I00010300048','I00010101845','I00010101846','I00010111845','I00010111846','I00010100445','I00010100446','I00010700445','I00010700446')
        and ec_code = #ecCode#  
        order by product_code
   <!--  select         
         fm.product_code as prdCode,
         (case when  max(fm.PACKAGE_CHANNEL)=1 then 'SPECIAL' else 'DEFAULT' end) as channel        
          from 
          FLUX_POOL_MEM fm,M2M_PERSON  partition (M2M_PERSON_PARTITION$part$) mp
          where
          fm.msisdn = mp.msisdn
          and mp.state='ENABLED'
          and fm.EFF_TYPE=0
		  and fm.POOL_PACKAGE in ('I00010300045','I00010300046','I00010300048','I00010101845','I00010101846','I00010111845','I00010111846','I00010100445','I00010100446','I00010700445','I00010700446')
          and fm.END_DATE >(SYSDATE-1)  
           <isNotEmpty prepend="and" property="ecCode">
              fm.ec_code = #ecCode# 
          </isNotEmpty> 
          group by  fm.product_code
          order by fm.product_code -->
          
  </select>
  
 <select id="querypoolCountIov" resultClass="Long">
  
    select         
         count(1)        
          from 
          FLUX_POOL_MEM fm,M2M_PERSON  partition (M2M_PERSON_PARTITION$part$) mp
          where
          fm.msisdn = mp.msisdn
          and mp.state='ENABLED'
          and fm.EFF_TYPE=0
		  and fm.POOL_PACKAGE in ('I00010300045','I00010300046','I00010300048','I00010101845','I00010101846','I00010111845','I00010111846','I00010100445','I00010100446','I00010700445','I00010700446')
          <isNotEmpty prepend="and" property="ecCode">
            fm.ec_code = #ecCode# 
          </isNotEmpty> 
          <isNotEmpty prepend="and" property="prdCode">
            fm.product_code = #prdCode# 
          </isNotEmpty> 
          
  </select>
  
   <select id="queryMonthPoolIov" resultClass="com.lenovo.iovpro.entity.StateAnaly.PoolFlowStatIov">
      
      <include refid="pageSqlStart"/>
       select sub.* from
       (select    
         to_number(to_char(sysdate, 'yyyyMM')) as statMonth,
         fm.product_code as prdCode,
         (case when  max(fm.PACKAGE_CHANNEL)=1 then '定向' else '通用' end) as channel,  
          count(fm.msisdn) as count     
          from 
          FLUX_POOL_MEM fm<!-- ,<include refid="queryMsisdn_1"/> mp -->
          where 1=1
          <!-- fm.msisdn = mp.msisdn
          and mp.state='ENABLED' -->
          and fm.EFF_TYPE=0
		  and fm.POOL_PACKAGE in ('I00010300045','I00010300046','I00010300048','I00010101845','I00010101846','I00010111845','I00010111846','I00010100445','I00010100446','I00010700445','I00010700446')
          <isNotEmpty prepend="and" property="ecCode">
              fm.ec_code = #ecCode# 
          </isNotEmpty>
          <isNotEmpty prepend="and" property="prdCode">
              fm.product_code = #prdCode# 
          </isNotEmpty> 
          <isNotEmpty  prepend="and" property="channel">
            <isEqual  property="channel" compareValue="DEFAULT">
                (fm.PACKAGE_CHANNEL = 0 or fm.PACKAGE_CHANNEL = 2)
            </isEqual>  
            <isEqual  property="channel" compareValue="SPECIAL">
                fm.PACKAGE_CHANNEL = 1 
            </isEqual>
          </isNotEmpty>
          group by fm.product_code
          union
         select      
         fm.stat_month as statMonth,   
         fm.product_code as prdCode,
         (case when  fm.SPECIAL_COMP_MEMBER_COUNT >0 
         then '定向' else '通用' end) as channel,
         (case when  fm.SPECIAL_COMP_MEMBER_COUNT >0 
         then fm.SPECIAL_COMP_MEMBER_COUNT else fm.COMMON_COMP_MEMBER_COUNT end) as count          
         from 
         FLUX_FLOW_POOL_MONTH fm
          where 1=1          
          <isNotEmpty prepend="and" property="ecCode">
              fm.ec_code = #ecCode# 
          </isNotEmpty>
          <isNotEmpty prepend="and" property="prdCode">
              fm.product_code = #prdCode# 
          </isNotEmpty> 
         <!--  <isNotEmpty prepend="and" property="startMonth">
              fm.stat_month<![CDATA[>=]]> #startMonth#
          </isNotEmpty>
          <isNotEmpty prepend="and" property="endMonth">
              fm.stat_month<![CDATA[<]]>  #endMonth#
          </isNotEmpty> -->
          <isNotEmpty  prepend="and" property="channel">
            <isEqual  property="channel" compareValue="DEFAULT">
                fm.COMMON_COMP_MEMBER_COUNT >0
            </isEqual>  
            <isEqual  property="channel" compareValue="SPECIAL">
                fm.SPECIAL_COMP_MEMBER_COUNT >0 
            </isEqual>
          </isNotEmpty>        
          )sub where 1=1
           <isNotEmpty prepend="and" property="startMonth">
              sub.statMonth<![CDATA[>=]]>  to_number(REPLACE(#startMonth#,'-', '')) 
          </isNotEmpty>
          <isNotEmpty prepend="and" property="endMonth">
              sub.statMonth<![CDATA[<=]]> to_number(REPLACE(#endMonth#,'-', ''))  
          </isNotEmpty>
           order by sub.statMonth desc
       <include refid="pageSqlEnd"/>
          
  </select>
  
   <select id="queryMonthPoolCountIov" resultClass="java.lang.Long">
   select t1.count+t2.count from
  (
      select 
      count(1) as count 
      from 
         (select             
         count(fm.product_code) as count     
          from 
          FLUX_POOL_MEM fm<!-- ,<include refid="queryMsisdn_1"/> mp -->
          where 1=1
          <!-- fm.msisdn = mp.msisdn
          and mp.state='ENABLED' -->
          and fm.EFF_TYPE=0
		  and fm.POOL_PACKAGE in ('I00010300045','I00010300046','I00010300048','I00010101845','I00010101846','I00010111845','I00010111846','I00010100445','I00010100446','I00010700445','I00010700446')
          <isNotEmpty prepend="and" property="ecCode">
              fm.ec_code = #ecCode# 
          </isNotEmpty>
          <isNotEmpty prepend="and" property="prdCode">
              fm.product_code = #prdCode# 
          </isNotEmpty> 
          <isNotEmpty  prepend="and" property="channel">
            <isEqual  property="channel" compareValue="DEFAULT">
                (fm.PACKAGE_CHANNEL = 0 or fm.PACKAGE_CHANNEL = 2)
            </isEqual>  
            <isEqual  property="channel" compareValue="SPECIAL">
                fm.PACKAGE_CHANNEL = 1 
            </isEqual>
          </isNotEmpty>
           group by fm.product_code))t1,
         (select count(1) as count        
         from 
         FLUX_FLOW_POOL_MONTH fm
          where 1=1          
          <isNotEmpty prepend="and" property="ecCode">
              fm.ec_code = #ecCode# 
          </isNotEmpty> 
           <isNotEmpty prepend="and" property="prdCode">
              fm.product_code = #prdCode# 
          </isNotEmpty> 
          <isNotEmpty prepend="and" property="startMonth">
              fm.stat_month<![CDATA[>=]]> to_number(REPLACE(#startMonth#,'-', ''))
          </isNotEmpty>
          <isNotEmpty prepend="and" property="endMonth">
              fm.stat_month<![CDATA[<=]]>  to_number(REPLACE(#endMonth#,'-', ''))
          </isNotEmpty>
          <isNotEmpty  prepend="and" property="channel">
            <isEqual  property="channel" compareValue="DEFAULT">
                fm.COMMON_COMP_MEMBER_COUNT >0
            </isEqual>  
            <isEqual  property="channel" compareValue="SPECIAL">
                fm.SPECIAL_COMP_MEMBER_COUNT >0 
            </isEqual>
          </isNotEmpty>
          )t2
  </select>
  
  
   <select id="queryMonthPoolSelectIov" resultClass="com.lenovo.iovpro.entity.StateAnaly.PoolFlowStatIov">         
        select
        DISTINCT(product_code) as prdCode
        from PRO_MEMBER_OPTIONAL_PKG
        where STATE='ENABLED'
        and END_DATE >= (SYSDATE-1)
        and START_DATE <![CDATA[ <= ]]> SYSDATE
		and PACKAGE_CODE in ('I00010300045','I00010300046','I00010300048','I00010101845','I00010101846','I00010111845','I00010111846','I00010100445','I00010100446','I00010700445','I00010700446')
        and ec_code = #ecCode#
         <!--  select             
          fm.product_code as prdCode            
          from 
          FLUX_POOL_MEM fm,M2M_PERSON  partition (M2M_PERSON_PARTITION$part$) mp
          where
          fm.msisdn = mp.msisdn
          and mp.state='ENABLED'
          and fm.EFF_TYPE=0
		  and fm.POOL_PACKAGE in ('I00010300045','I00010300046','I00010300048','I00010101845','I00010101846','I00010111845','I00010111846','I00010100445','I00010100446','I00010700445','I00010700446')
          and fm.END_DATE >(SYSDATE-1)  
          <isNotEmpty prepend="and" property="ecCode">
              fm.ec_code = #ecCode# 
          </isNotEmpty> 
          union 
         select      
         fm.product_code as prdCode                 
         from 
         FLUX_FLOW_POOL_MONTH fm
         where 1=1          
          <isNotEmpty prepend="and" property="ecCode">
              fm.ec_code = #ecCode# 
          </isNotEmpty> 
         group by fm.product_code         --> 
  </select>
  
  
  
  <select id="queryMonthPoolExportIov" resultClass="com.lenovo.iovpro.entity.StateAnaly.PoolFlowStatIov">
      
       select sub.* from
       (select    
         to_number(to_char(sysdate, 'yyyyMM')) as statMonth,
         fm.product_code as prdCode,
         (case when  max(fm.PACKAGE_CHANNEL)=1 then '定向' else '通用' end) as channel,  
          count(fm.msisdn) as count     
          from 
          FLUX_POOL_MEM fm<!-- ,M2M_PERSON  partition (M2M_PERSON_PARTITION$part$) mp -->
          where 1=1
         <!--  fm.msisdn = mp.msisdn
          and mp.state='ENABLED' -->
          and fm.EFF_TYPE=0
		  and fm.POOL_PACKAGE in ('I00010300045','I00010300046','I00010300048','I00010101845','I00010101846','I00010111845','I00010111846','I00010100445','I00010100446','I00010700445','I00010700446')
          <isNotEmpty prepend="and" property="ecCode">
              fm.ec_code = #ecCode# 
          </isNotEmpty>
          <isNotEmpty prepend="and" property="prdCode">
              fm.product_code = #prdCode# 
          </isNotEmpty> 
          <isNotEmpty  prepend="and" property="channel">
            <isEqual  property="channel" compareValue="DEFAULT">
                (fm.PACKAGE_CHANNEL = 0 or fm.PACKAGE_CHANNEL = 2)
            </isEqual>  
            <isEqual  property="channel" compareValue="SPECIAL">
                fm.PACKAGE_CHANNEL = 1 
            </isEqual>
          </isNotEmpty>
          group by fm.product_code
          union
         select      
         fm.stat_month as statMonth,   
         fm.product_code as prdCode,
         (case when  fm.SPECIAL_COMP_MEMBER_COUNT >0 
         then '定向' else '通用' end) as channel,
         (case when  fm.SPECIAL_COMP_MEMBER_COUNT >0 
         then fm.SPECIAL_COMP_MEMBER_COUNT else fm.COMMON_COMP_MEMBER_COUNT end) as count          
         from 
         FLUX_FLOW_POOL_MONTH fm
          where 1=1          
          <isNotEmpty prepend="and" property="ecCode">
              fm.ec_code = #ecCode# 
          </isNotEmpty>
          <isNotEmpty prepend="and" property="prdCode">
              fm.product_code = #prdCode# 
          </isNotEmpty> 
         <!--  <isNotEmpty prepend="and" property="startMonth">
              fm.stat_month<![CDATA[>=]]> #startMonth#
          </isNotEmpty>
          <isNotEmpty prepend="and" property="endMonth">
              fm.stat_month<![CDATA[<]]>  #endMonth#
          </isNotEmpty> -->
          <isNotEmpty  prepend="and" property="channel">
            <isEqual  property="channel" compareValue="DEFAULT">
                fm.COMMON_COMP_MEMBER_COUNT >0
            </isEqual>  
            <isEqual  property="channel" compareValue="SPECIAL">
                fm.SPECIAL_COMP_MEMBER_COUNT >0 
            </isEqual>
          </isNotEmpty>        
          )sub where 1=1
           <isNotEmpty prepend="and" property="startMonth">
              sub.statMonth<![CDATA[>=]]> to_number(REPLACE(#startMonth#,'-','')) 
          </isNotEmpty>
          <isNotEmpty prepend="and" property="endMonth">
              sub.statMonth<![CDATA[<=]]>  to_number(REPLACE(#endMonth#,'','')) 
          </isNotEmpty>
           order by sub.statMonth desc
          
  </select>
  
     <select id="queryDayPoolIov" resultClass="com.lenovo.iovpro.entity.StateAnaly.PoolFlowStatIov">
      
      <include refid="pageSqlStart"/>    
         select      
         fm.stat_day as statDay,   
         fm.product_code as prdCode,
         (case when  fm.SPECIAL_COMP_MEMBER_COUNT >0 
         then '定向' else '通用' end) as channel,
         (case when  fm.SPECIAL_COMP_MEMBER_COUNT >0 
         then fm.SPECIAL_COMP_MEMBER_COUNT else fm.COMMON_COMP_MEMBER_COUNT end) as count          
         from 
         FLUX_FLOW_POOL_DAY fm
         where 1=1          
          <isNotEmpty prepend="and" property="ecCode">
              fm.ec_code = #ecCode# 
          </isNotEmpty>
          <isNotEmpty prepend="and" property="prdCode">
              fm.product_code = #prdCode# 
          </isNotEmpty> 
         <isNotEmpty prepend="and" property="startDay">
              fm.stat_day<![CDATA[>=]]> #startDay#
          </isNotEmpty>
          <isNotEmpty prepend="and" property="endDay">
              fm.stat_day<![CDATA[<=]]>  #endDay#
          </isNotEmpty>
          <isNotEmpty  prepend="and" property="channel">
            <isEqual  property="channel" compareValue="DEFAULT">
                fm.COMMON_COMP_MEMBER_COUNT >0
            </isEqual>  
            <isEqual  property="channel" compareValue="SPECIAL">
                fm.SPECIAL_COMP_MEMBER_COUNT >0 
            </isEqual>
          </isNotEmpty>                 
           order by fm.stat_day desc
       <include refid="pageSqlEnd"/>
          
  </select>
  
   <select id="queryDayPoolCountIov" resultClass="java.lang.Long">
      
         select      
         count(1)         
         from 
         FLUX_FLOW_POOL_DAY fm
         where 1=1          
          <isNotEmpty prepend="and" property="ecCode">
              fm.ec_code = #ecCode# 
          </isNotEmpty>
          <isNotEmpty prepend="and" property="prdCode">
              fm.product_code = #prdCode# 
          </isNotEmpty> 
         <isNotEmpty prepend="and" property="startDay">
              fm.stat_day<![CDATA[>=]]> #startDay#
          </isNotEmpty>
          <isNotEmpty prepend="and" property="endDay">
              fm.stat_day<![CDATA[<=]]>  #endDay#
          </isNotEmpty>
          <isNotEmpty  prepend="and" property="channel">
            <isEqual  property="channel" compareValue="DEFAULT">
                fm.COMMON_COMP_MEMBER_COUNT >0
            </isEqual>  
            <isEqual  property="channel" compareValue="SPECIAL">
                fm.SPECIAL_COMP_MEMBER_COUNT >0 
            </isEqual>
          </isNotEmpty>                 
          
  </select>
  
  
   <select id="queryDayPoolExportIov" resultClass="com.lenovo.iovpro.entity.StateAnaly.PoolFlowStatIov">
      
         select      
         fm.stat_day as statDay,   
         fm.product_code as prdCode,
         (case when  fm.SPECIAL_COMP_MEMBER_COUNT >0 
         then '定向' else '通用' end) as channel,
         (case when  fm.SPECIAL_COMP_MEMBER_COUNT >0 
         then fm.SPECIAL_COMP_MEMBER_COUNT else fm.COMMON_COMP_MEMBER_COUNT end) as count          
         from 
         FLUX_FLOW_POOL_DAY fm
         where 1=1          
          <isNotEmpty prepend="and" property="ecCode">
              fm.ec_code = #ecCode# 
          </isNotEmpty>
          <isNotEmpty prepend="and" property="prdCode">
              fm.product_code = #prdCode# 
          </isNotEmpty> 
         <isNotEmpty prepend="and" property="startDay">
              fm.stat_day<![CDATA[>=]]> #startDay#
          </isNotEmpty>
          <isNotEmpty prepend="and" property="endDay">
              fm.stat_day<![CDATA[<=]]>  #endDay#
          </isNotEmpty>
          <isNotEmpty  prepend="and" property="channel">
            <isEqual  property="channel" compareValue="DEFAULT">
                fm.COMMON_COMP_MEMBER_COUNT >0
            </isEqual>  
            <isEqual  property="channel" compareValue="SPECIAL">
                fm.SPECIAL_COMP_MEMBER_COUNT >0 
            </isEqual>
          </isNotEmpty>                 
           order by fm.stat_day desc
          
  </select>
  
  

</sqlMap>