<?xml version="1.0" encoding="UTF-8" ?>
<!DOCTYPE mapper PUBLIC "-//mybatis.org//DTD Mapper 3.0//EN" "http://mybatis.org/dtd/mybatis-3-mapper.dtd">
<mapper namespace="com.hvgroup.modules.customer.dao.CommonQueryDao">

	<sql id="pageSqlStart">
		<if test="pageInfo.pageNo != null and pageInfo.pageNo != ''">

			select * from
			(
			select a.*, rownum rn from
			(
		</if>
	</sql>
	<!-- 分页SQL语句结尾语句 -->
	<sql id="pageSqlEnd">
		<if test="pageInfo.pageSize != null and pageInfo.pageSize != ''">
			) a
			where rownum <![CDATA[<=]]>
			#{pageInfo.pageNo}*#{pageInfo.pageSize}
			)
			where rn > (#{pageInfo.pageNo}-1)*#{pageInfo.pageSize}
		</if>
	</sql>

	<select id="findCustomerByEcCode" resultType="com.hvgroup.modules.customer.entity.CustomerListBean">
		select ec.ec_name ecName, ec.ec_code ecCode
		  from enterprise_customer ec
		  inner join areas a on a.area_id = ec.area_id
		 <if test="loginName != null and loginName != ''">
			right join CITY_USER_EC c on c.ec_code = ec.ec_code
		</if>
		where 1=1
		<if test="loginName != null and loginName != ''">
			and
			c.login_name = #{loginName}
			and 
			a.area_name is not null
		</if>
		 and ec.ec_code = #{ecCode}
		<if test="areaId != null and areaId != ''">
 			and a.area_id = #{areaId}
		</if>		 
 	</select>



	<select id="doesTrafficPoolExist" resultType="Long" parameterType="com.hvgroup.modules.customer.entity.TrafficPoolStateVo">
		SELECT count(1) dataPoolCount	
        from PRO_MEMBER_OPTIONAL_PKG
        where STATE='ENABLED'
        and END_DATE > (SYSDATE-1)
        and START_DATE <![CDATA[ <= ]]> SYSDATE
        and(PACKAGE_CODE='I00010300045'  or PACKAGE_CODE='I00010300046')
        and ec_code = #{ecCode}
		

	</select>


	<select id="doesTrafficSharingExist" resultType="Long" parameterType="com.hvgroup.modules.customer.entity.TrafficPoolStateVo">
		SELECT COUNT(1) dataSharingCount 
			from FLUX_POOL_MEM fm,M2M_PERSON  partition (M2M_PERSON_PARTITION${part}) mp
			where
				fm.msisdn = mp.msisdn
				and mp.state='ENABLED'
				and fm.POOL_PACKAGE ='I00010300040'
				and fm.EFF_TYPE=0
				and fm.END_DATE  <![CDATA[ > ]]>
        (SYSDATE-1)
				and fm.ec_code=#{ecCode}
                and rownum=1
		
	</select>


<!-- xu-->
	<!-- 号码分表分库 -->
	<sql id="findMsisdnByTablePartionNew">
			<if test='mainType != null and mainType == "0"'><!-- 全部产品 -->
				M2M_PERSON
			</if>
			<if test='mainType != null and mainType == "1"'><!-- 车联网主体产品 -->
				IOV_CARD
			</if>
			<if test='mainType != null and mainType == "2"'><!-- 机器卡主体产品 -->
				MAC_CARD
			</if>

			<if test='mainType != null and mainType == "3"'><!-- NB-IOT主体产品 -->
				NB_CARD
			</if>
			<if test='mainType != null and mainType == "4"'><!-- 和对讲主体产品HDJ -->
				 WLW_CARD 
			</if>
			<if test='mainType != null and mainType == "6"'><!-- 9105 -->
				CARD_9105
			</if>
			
		<if test='mainType==null or mainType == ""'>
			M2M_PERSON
		</if>
	</sql>
	
	
	<!-- 综合信息详情 -->
	<select id="getDeviceViewInfoV3" resultType="java.util.HashMap" parameterType="java.util.HashMap">
		select
		distinct u.msisdn,u.ec_code,
		u.iccid,
		u.imei,
		u.imsi,
		to_char(u.RUN_CODE_TIME,'yyyy-mm-dd hh24:mi:ss') LIFE_CYCLE_CHANGE_DATE,
		(select ec_name from  enterprise_customer ec where ec.ec_code=u.ec_code) ec_name,
		(select ar.area_name from areas ar where  ar.area_code=u.area_code) area_name,
		(select dict_data_name
		from dictionary_data
		where dict_type_id =(select dict_type_id
		from dictionary_type
		where DICT_TYPE_CODE = 'ACCOUNT_STATUS')
		AND dict_data_code = u.run_code) as run_code,
		to_char(u.open_time,'yyyy-mm-dd hh24:mi:ss') as open_time,
		<!-- (case 
            when to_char(u.ACTIVATE_DATE,'yyyy') = '1970'
          then
            '-'
          else
            to_char(u.ACTIVATE_DATE,'yyyy-mm-dd hh24:mi:ss')
         end)as ACTIVATE_DATE, -->
		<!-- (NVL((SELECT to_char(pmi.activate_date, 'yyyy-mm-dd hh24:mi:ss') FROM PER_MEMBER_INFO PMI 
                WHERE PMI.MSISDN = u.msisdn AND PMI.STATE = 'ENABLED'),'-')) as ACTIVATE_DATE, -->
		(case
		when to_char(u.ACTIVATE_DATE,'yyyy') = '1970'
		then
		'-'
		else
		to_char(u.ACTIVATE_DATE,'yyyy-mm-dd hh24:mi:ss')
		end)as ACTIVATE_DATE,
		<!-- (case u.USER_TYPE when 'PN' then '物联网卡' else '动力100' end) as userType, -->
		<!-- to_char(u.ACTIVATE_DATE,'yyyy-mm-dd') as ACTIVATE_DATE, -->
		REMARK
		<if test="mainType != null and mainType == '3'.toString()"><!-- NB-IOT主体产品 -->
			, LOWPOWERMODE , RAUTAUTIMER
		</if>
		from <include refid="findMsisdnByTablePartionNew"/> u

		where u.msisdn=#{msisdn}
		and  u.state='ENABLED'
		<if test='mainType != null and mainType == "4"'><!-- 和对讲HDJ -->
			and u.card_type='HDJ'
		</if>
	</select>
	

	<!-- 查询号码产品编码 -->
	<select id="findMsisdnProductCode" resultType="java.lang.String">
		select
		wm_concat(distinct u.product_code)
		from <include refid="findMsisdnByTablePartionNew"/> u
		where u.ec_code = #{ecCode}
		and u.msisdn = #{msisdn}
		and u.state = 'ENABLED'
		<if test='mainType != null and mainType == "4"'><!-- 和对讲HDJ -->
			and u.card_type='HDJ'
		</if>
	</select>



	<!-- 功能套餐订购 -->
	<sql id="queryFUNC_1">

			<if test='mainType != null and mainType == "0"'><!-- 全部产品 -->
				NB_FUNC_PKG
			</if>
			<if test='mainType != null and mainType == "1"'><!-- 车联网主体产品 -->
				IOV_FUNC_PKG
			</if>
			<if test='mainType != null and mainType == "2"'><!-- 机器卡主体产品 -->
				MAC_FUNC_PKG
			</if>
			<if test='mainType != null and mainType == "3"'><!-- NB-IOT主体产品 -->
				NB_FUNC_PKG
			</if>
			<if test='mainType != null and mainType == "4"'><!-- 和对讲主体产品HDJ -->
				WLW_FUNC_PKG
			</if>
			<if test='mainType != null and mainType == "6"'><!-- 9105 -->
				FUNC_PKG_9105
			</if>

		<if test="mainType==null or mainType == ''">
			NB_FUNC_PKG
		</if>
	</sql>

	<select id="queryMsisdnIsOrderStrategicPro" resultType="java.lang.Integer">
		<!-- 分表分库sql -->
		 SELECT COUNT(IFPA.MSISDN)
                        FROM (SELECT MSISDN,PACKAGE_CODE FROM <include refid="queryFUNC_1"/>
                        WHERE PACKAGE_CODE = 'iotprod.10086000016332'
                        AND STATE='ENABLED'
                        AND START_DATE <![CDATA[ <= ]]> SYSDATE
                        AND END_DATE <![CDATA[ >= ]]> SYSDATE) IFP
                    RIGHT JOIN <include refid="queryFUNC_1"/> IFPA
                    ON IFP.MSISDN = IFPA.MSISDN
                    WHERE IFPA.STATE='ENABLED'
                    AND IFPA.PACKAGE_CODE IN ('iotprod.10086000016333','iotprod.10086000016334','iotprod.10086000016335')
                    AND IFPA.START_DATE <![CDATA[ <= ]]> SYSDATE
                    AND IFPA.END_DATE <![CDATA[ >= ]]> SYSDATE
                    AND IFPA.MSISDN=#{msisdn}
		<!--
		SELECT COUNT(IFPA.MSISDN)
			FROM (SELECT MSISDN,PACKAGE_CODE FROM M2M_GRPMEM
				WHERE PACKAGE_CODE = 'iotprod.10086000016332' AND STATE = 'ENABLED'
				AND START_DATE <![CDATA[ <= ]]> SYSDATE
				AND END_DATE <![CDATA[ >= ]]> SYSDATE
				UNION
				SELECT MSISDN,PACKAGE_CODE FROM M2M_PER_PKG
				WHERE PACKAGE_CODE = 'iotprod.10086000016332' AND STATE = 'ENABLED'
				AND START_DATE <![CDATA[ <= ]]> SYSDATE
				AND END_DATE <![CDATA[ >= ]]> SYSDATE
			) IFP
			RIGHT JOIN (
				SELECT MSISDN,PACKAGE_CODE FROM M2M_GRPMEM
				WHERE PACKAGE_CODE IN ('iotprod.10086000016333','iotprod.10086000016334','iotprod.10086000016335') AND STATE = 'ENABLED'
				AND START_DATE <![CDATA[ <= ]]> SYSDATE
				AND END_DATE <![CDATA[ >= ]]> SYSDATE
				UNION
				SELECT MSISDN,PACKAGE_CODE FROM M2M_PER_PKG
				WHERE PACKAGE_CODE IN ('iotprod.10086000016333','iotprod.10086000016334','iotprod.10086000016335') AND STATE = 'ENABLED'
				AND START_DATE <![CDATA[ <= ]]> SYSDATE
				AND END_DATE <![CDATA[ >= ]]> SYSDATE
			) IFPA
			ON IFP.MSISDN = IFPA.MSISDN
			WHERE IFPA.MSISDN =#{msisdn}  -->
	</select>




	<!-- 上网功能 -->
	<sql id="queryAPNTableName">
		
			<if test='mainType != null and mainType == "0"'><!-- 全部产品 -->
				m2m_apn_info
			</if>
			<if test='mainType != null and mainType == "1"'><!-- 车联网主体产品 -->
				IOV_CONNECT_INFO
			</if>
			<if test='mainType != null and mainType == "2"'><!-- 机器卡主体产品 -->
				MAC_CONNECT_INFO
			</if>
			<if test='mainType != null and mainType == "3"'><!-- NB-IOT主体产品 -->
				NB_CONNECT_INFO
			</if>
			<if test='mainType != null and mainType == "4"'><!-- 和对讲主体产品HDJ  -->
				WLW_CONNECT_INFO
			</if>
			<if test='mainType != null and mainType == "6"'><!-- 9105 -->
				CONNECT_INFO_9105
			</if>
		
		<if test='mainType==null or mainType == ""'>
			m2m_apn_info
		</if>
	</sql>
	<!-- 短信功能 -->
	<sql id="querySMSTableName">
		
			<if test='mainType != null and mainType == "0"'><!-- 全部产品 -->
				m2m_sms_info
			</if>
			<if test='mainType != null and mainType == "1"'><!-- 车联网主体产品 -->
				IOV_SMS_INFO
			</if>
			<if test='mainType != null and mainType == "2"'><!-- 机器卡主体产品 -->
				MAC_SMS_INFO
			</if>
			<if test='mainType != null and mainType == "3"'><!-- NB-IOT主体产品 -->
				NB_SMS_INFO
			</if>
			<if test='mainType != null and mainType == "4"'><!-- 和对讲主体产品HDJ -->
				WLW_SMS_INFO
			</if>
			<if test='mainType != null and mainType == "6"'><!-- 9105 -->
				M2M_SMS_INFO_9105
			</if>
		
		<if test='mainType==null or mainType == ""'>
			m2m_sms_info
		</if>
	</sql>
	<!-- 语音功能 -->
	<sql id="queryVoiceTableName">
		
			<if test='mainType != null and mainType == "0"'><!-- 全部产品 -->
				m2m_voice_info
			</if>
			<if test='mainType != null and mainType == "1"'><!-- 车联网主体产品 -->
				IOV_VOICE_INFO
			</if>
			<if test='mainType != null and mainType == "2"'><!-- 机器卡主体产品 -->
				MAC_VOICE_INFO
			</if>
			<if test='mainType != null and mainType == "3"'><!-- NB-IOT主体产品 -->
				NB_VOICE_INFO
			</if>
			<if test='mainType != null and mainType == "4"'><!-- 和对讲主体产品HDJ -->
				WLW_VOICE_INFO
			</if>
			<if test='mainType != null and mainType == "6"'><!-- 9105 -->
				M2M_VOICE_INFO_9105
			</if>
		
		<if test='mainType==null or mainType == ""'>
			m2m_voice_info
		</if>
	</sql>


	<select id="getApnDate" resultType="java.util.HashMap" parameterType="java.util.HashMap">
		select to_char(state_time,'yyyy-mm-dd hh24:mi:ss') ApnDate from <include refid="queryAPNTableName"/> where msisdn=#{msisdn}
	</select>

	<select id="getSmsDate" resultType="java.util.HashMap" parameterType="java.util.HashMap">
		select to_char(state_time,'yyyy-mm-dd hh24:mi:ss') SmsDate from <include refid="querySMSTableName"/> where msisdn=#{msisdn}
	</select>

	<select id="getVoiDate" resultType="java.util.HashMap" parameterType="java.util.HashMap">
		select to_char(state_time,'yyyy-mm-dd hh24:mi:ss') VoiDate from  <include refid="queryVoiceTableName"/> where msisdn=#{msisdn}
	</select>



	

<!--0417-->
	<!-- 资费套餐订购 -->
	<sql id="queryPKG_1">
	
			<if test='mainType != null and mainType == "0"'><!-- 全部产品 -->
				m2m_grpmem
			</if>
			<if test='mainType != null and mainType == "1"'><!-- 车联网主体产品 -->
				IOV_PRI_PKG
			</if>
			<if test='mainType != null and mainType == "2"'><!-- 机器卡主体产品 -->
				MAC_PRI_PKG
			</if>
			<if test='mainType != null and mainType == "3"'><!-- NB-IOT主体产品 -->
				NB_PRI_PKG
			</if>
			<if test='mainType != null and mainType == "4"'><!-- 和对讲主体产品HDJ -->
				WLW_PRI_PKG
			</if>
			<if test='mainType != null and mainType == "6"'><!-- 9105 -->
				PRI_PKG_9105
			</if>

		<if test='mainType==null or mainType == ""'>
			m2m_grpmem
		</if>
	</sql>



	<select id="findAmountByPkgCode" resultType="Double">

		SELECT UNIT_VALUE AMOUNT from ATOMIC_PRODUCTS WHERE PACKAGE_CODE=#{pkgCode}

	</select>

	<select id="findApnByMsisdnAndPkgCode" resultType="String">

		SELECT DISTINCT APN_NAME APNNAME FROM <include refid="queryPKG_1"/>  WHERE
		MSISDN=#{msisdn} AND
		EC_CODE=#{ecCode} AND
		PACKAGE_CODE=#{pkgCode}

		<!-- (SELECT DISTINCT mpp.APN_NAME APNNAME FROM
			m2m_per_pkg mpp,
			m2m_person mp
		WHERE mpp.MSISDN=#{msisdn} AND
			  mp.EC_CODE=#{ecCode}  AND
			  mpp.MSISDN=mp.MSISDN AND
			  mpp.PACKAGE_CODE=#pkgCode#)
		union
		(SELECT DISTINCT APN_NAME APNNAME FROM m2m_grpmem WHERE
			MSISDN=#{msisdn} AND
			EC_CODE=#ecCode# AND
			PACKAGE_CODE=#pkgCode#)  -->

	</select>
	
	<select id="findDualApnName" resultType="HashMap">

		SELECT
		(
		SELECT WM_CONCAT(APN_NAME) FROM <include refid="queryFUNC_1"/>
		WHERE STATE='ENABLED'
		AND start_date <![CDATA[<= ]]>SYSDATE
		AND end_date >= SYSDATE
		AND PACKAGE_CODE IN('I00010100085','I00010100035')
		AND MSISDN=#{msisdn}
		) com,
		(
		SELECT WM_CONCAT(APN_NAME) FROM  <include refid="queryFUNC_1"/>
		WHERE STATE='ENABLED'
		AND start_date <![CDATA[<= ]]>SYSDATE
		AND end_date >= SYSDATE
		AND PACKAGE_CODE IN('I00010100092','I00010100093')
		AND MSISDN=#{msisdn}
		) spe

		FROM dual

	</select>

	<select id="queryMsisdnPackName" resultType="java.lang.String">
		select
		PACKAGE_NAME
		from
		ATOMIC_PRODUCTS
		where
		PACKAGE_CODE = #{param}
	</select>



	<select id="queryApnByMsisdn" resultType="java.util.HashMap">
	<!--	select upper(mai.apn_name) apn_name, mai.package_code
		from m2m_apn_info mai
		where 1=1
		&lt;!&ndash; <if test="month == null or month == ''">
            and mai.state='ENABLED' 
            and mai.start_time <![CDATA[ < ]]> sysdate 
            and mai.end_time <![CDATA[ > ]]> sysdate
        </if> &ndash;&gt;
		<if test='month!=null and month != ""'>
			and mai.start_time <![CDATA[ < ]]> add_months(TO_DATE(#{month},'yyyymm'),1)-1
			and mai.end_time <![CDATA[ > ]]> add_months(TO_DATE(#{month},'yyyymm'),0)
		</if>

		<if test='msisdn!=null and msisdn != ""'>
			and mai.msisdn = #{msisdn}
		</if>
		&lt;!&ndash;<if test="iccid">
			and mai.msisdn = (select mp.msisdn from m2m_person mp where mp.state='ENABLED' and mp.iccid=#{iccid} and rownum=1)
		</if>&ndash;&gt;
		and mai.PACKAGE_CODE in ('I00010100035','I00010100085','I00010100092','I00010100093','I00011100008')
	-->
		
		<if test='mainType!=null and mainType != "" ' >
			<if test='mainType != null and mainType == "1"'><!-- 车联网主体产品 -->
				SELECT b.apn_name apnName, b.package_code packageCode,b.status
				apnState,to_char(mp.start_date,'yyyyMMddHH24miss') apnActiTime
				from
				IOV_CONNECT_INFO b
				left join IOV_FUNC_PKG mp on mp.SUBSPRODID =
				b.SUBSPRODID
				where
				b.STATE='ENABLED'
				and b.msisdn = #{msisdn}
				and
				mp.MSISDN = #{msisdn}
				<if test='month!= null and month != ""'>
					AND mp.START_DATE<![CDATA[ < ]]>add_months(TO_DATE(#{month},
					'yyyymm'), 1) - 1
					AND mp.END_DATE<![CDATA[ > ]]>add_months(TO_DATE(#{month},
					'yyyymm'), 0)
				</if>
				and b.package_code in
				('I00010100035','I00010100085','I00010100092','I00010100093','I00011100008')
			</if>
			<if test='mainType!=null and mainType == "2"'><!-- 机器卡主体产品 -->
				SELECT b.apn_name apnName, b.package_code packageCode,b.status
				apnState,to_char(mp.start_date,'yyyyMMddHH24miss') apnActiTime
				from
				MAC_CONNECT_INFO b
				left join MAC_FUNC_PKG mp on mp.SUBSPRODID =
				b.SUBSPRODID
				where
				b.STATE='ENABLED'
				and b.msisdn = #{msisdn}
				and mp.MSISDN =#{msisdn}
				<if test='month !=null and month != ""'>
					AND mp.START_DATE<![CDATA[ < ]]>add_months(TO_DATE(#{month},
					'yyyymm'), 1) - 1
					AND mp.END_DATE<![CDATA[ > ]]>add_months(TO_DATE(#{month},
					'yyyymm'), 0)
				</if>
				and b.package_code in
				('I00010100035','I00010100085','I00010100092','I00010100093','I00011100008')
			</if>

			<if test='mainType!= null and mainType == "3"'><!-- NB-IOT主体产品 -->
				SELECT b.apn_name apnName, b.package_code packageCode,b.status
				apnState,to_char(mp.start_date,'yyyyMMddHH24miss') apnActiTime
				from
				NB_CONNECT_INFO b
				left join NB_FUNC_PKG mp on mp.SUBSPRODID =
				b.SUBSPRODID
				where
				b.STATE='ENABLED'
				and b.msisdn = #{msisdn}
				and mp.MSISDN = #{msisdn}
				<if test='month !=null and month != ""'>
					AND mp.START_DATE<![CDATA[ < ]]>add_months(TO_DATE(#{month},
					'yyyymm'), 1) - 1
					AND mp.END_DATE<![CDATA[ > ]]>add_months(TO_DATE(#{month},
					'yyyymm'), 0)
				</if>
				and b.package_code in
				('I00010100035','I00010100085','I00010100092','I00010100093','I00011100008')
			</if>

			<if test='mainType!=null and mainType == "6"'><!-- 9105 -->
				select apn_name apnName,package_code packageCode,
				state apnState,to_char(start_date, 'yyyyMMddHH24miss') apnActiTime
				from OTH_PKG_9105
				where STATE = 'ENABLED'
				and MSISDN = #{msisdn}
				<if test='month !=null and month != ""'>
					AND START_DATE <![CDATA[ < ]]> add_months(TO_DATE(#{month}, 'yyyymm'), 1) - 1
					AND END_DATE <![CDATA[ > ]]> add_months(TO_DATE(#{month}, 'yyyymm'), 0)
				</if>
				and (package_code = 'PV.LTE.2G3G' or package_code like '.GPRS')
				union
				select apn_name apnName,
				package_code packageCode,
				state apnState,
				to_char(start_date, 'yyyyMMddHH24miss') apnActiTime
				from FUNC_PKG_9105
				where STATE = 'ENABLED'
				and MSISDN = #{msisdn}
				<if test='month !=null and month != ""'>
					AND START_DATE <![CDATA[ < ]]> add_months(TO_DATE(#{month}, 'yyyymm'), 1) - 1
					AND END_DATE <![CDATA[ > ]]> add_months(TO_DATE(#{month}, 'yyyymm'), 0)
				</if>
				and (package_code = 'PV.LTE.2G3G' or package_code like '.GPRS')
			</if>
		</if>
		<if test='mainType ==null or maiTpye ==""'>
			select upper(mai.apn_name) apnName, mai.package_code packageCode
			from m2m_apn_info mai
			where 1=1
			<!-- <if test="month == null or month == ''">
                and mai.state='ENABLED'
                and mai.start_time <![CDATA[ < ]]> sysdate
                and mai.end_time <![CDATA[ > ]]> sysdate
            </if> -->
			<if test='month !=null and month != ""'>
				and mai.start_time <![CDATA[ < ]]> add_months(TO_DATE(#{month},'yyyymm'),1)-1
				and mai.end_time <![CDATA[ > ]]> add_months(TO_DATE(#{month},'yyyymm'),0)
			</if>
			<if test='msisdn !=null and msisdn != ""'>
				and mai.msisdn = #{msisdn}
			</if>
			and mai.PACKAGE_CODE in ('I00010100035','I00010100085','I00010100092','I00010100093','I00011100008')
		</if>
	</select>

	<select id="findUserTypeByMsisdn" resultType="java.util.HashMap">
		SELECT
		p.user_type user_type
		FROM m2m_person
		<!-- <if test="part !=null and part !=''">
		PARTITION(m2m_person_partition${part})
		</if> -->
		p
		WHERE p.state = 'ENABLED'
		AND p.msisdn = #{msisdn}
		<if test='ecCode!=null and ecCode!=""'>
			AND p.ec_code = #{ecCode}
		</if>
	</select>




	<!-- 月流量判断号码有没有加入流量共享或流量池 -->
	<select id="ifExit" resultType="java.lang.Long">
		SELECT
		(
		SELECT
		COUNT (1)
		FROM
		FLUX_POOL_MEM_SNAPSHOOT fm
		WHERE fm.STAT_MONTH = TO_CHAR (SYSDATE, 'yyyy-mm')
		AND fm.END_DATE > (SYSDATE - 1)
		and to_char(fm.EFF_DATE ,'yyyy-mm')  != to_char(sysdate,'yyyy-mm')
		<if test='msisdn!=null and msisdn != ""'>
			AND fm.msisdn = #{msisdn}
		</if>
		) + (
		SELECT
		COUNT (1)
		FROM
		FLUX_POOL_MEM fm
		WHERE fm.EFF_TYPE = '0'
		AND fm.END_DATE > (SYSDATE - 1)
		and to_char(fm.EFF_DATE ,'yyyy-mm')  != to_char(sysdate,'yyyy-mm')
		<if test='msisdn!=null and msisdn != ""'>
			AND fm.msisdn = #{msisdn}
		</if>
		) COUNT
		FROM dual
	</select>

	<select id="queryMsisdnPackageInfo" resultType="java.util.HashMap" >
		<!--(SELECT
		distinct MP.MSISDN msisdn,
		MP.PRODUCT_CODE prdCode,
		MP.PACKAGE_CODE pkgCode,
		MP.PACKAGE_NAME pkgName,
		MP.SUBSPRODID subsprodid,
		to_char(MP.START_DATE,'yyyyMMddHH24miss') startDate,
		to_char(MP.END_DATE,'yyyyMMddHH24miss') endDate,
		MP.APN_NAME apnName
		FROM M2M_GRPMEM
		MP ,ATOMIC_PRODUCTS AP
		WHERE MP.PACKAGE_CODE=AP.PACKAGE_CODE
		AND MP.STATE = 'ENABLED'
		AND AP.VISIBLE=1
		AND AP.STATE = 'ENABLED'
		AND AP.BUS_CATEGORY='FLOW'
		and MP.END_DATE  <![CDATA[ > ]]>(SYSDATE-1)
		<if test='msisdn!=null and msisdn!=""'>
			and mp.msisdn = #{msisdn}
		</if>
		)
		union
		(SELECT
		distinct MP.MSISDN msisdn,
		'' as prdCode,
		MP.PACKAGE_CODE pkgCode,
		MP.PACKAGE_NAME pkgName,
		MP.SUBSPRODID subsprodid,
		to_char(MP.START_DATE,'yyyyMMddHH24miss') startDate,
		to_char(MP.END_DATE,'yyyyMMddHH24miss') endDate,
		MP.APN_NAME apnName
		FROM M2M_PER_PKG
		MP ,ATOMIC_PRODUCTS AP
		WHERE MP.PACKAGE_CODE=AP.PACKAGE_CODE
		AND MP.STATE = 'ENABLED'
		AND AP.VISIBLE=1
		AND AP.STATE = 'ENABLED'
		AND AP.BUS_CATEGORY='FLOW'
		and MP.END_DATE  <![CDATA[ > ]]>(SYSDATE-1)
		<if test='msisdn!=null and msisdn!=""'>
			and mp.msisdn = #{msisdn}
		</if>
		)-->
		(SELECT
		distinct MP.MSISDN msisdn,
		MP.PACKAGE_CODE pkgCode,
		AP.PACKAGE_NAME pkgName,
		MP.APN_NAME apnName,
		to_char(MP.START_DATE,'yyyyMMddHH24miss') startDate,
		to_char(MP.END_DATE,'yyyyMMddHH24miss') endDate,
		(case when MP.SUBSPRODID is null then '-' else MP.SUBSPRODID end) subsprodid,
		AP.VISIBLE VISIBLE
		FROM <include refid="queryPKG_1"/>
		MP ,ATOMIC_PRODUCTS AP
		WHERE MP.PACKAGE_CODE=AP.PACKAGE_CODE
		AND MP.STATE = 'ENABLED'
		AND AP.VISIBLE=1
		AND AP.STATE = 'ENABLED'
		AND AP.BUS_CATEGORY='FLOW'
		AND MP.END_DATE <![CDATA[ > ]]> (SYSDATE-1)
		<if test='msisdn !=null and msisdn!=""'>
			and mp.msisdn = #{msisdn}
		</if>
		)
		union
		(SELECT
		distinct MP.MSISDN msisdn,
		MP.PACKAGE_CODE pkgCode,
		AP.PACKAGE_NAME pkgName,
		MP.APN_NAME apnName,
		to_char(MP.START_DATE,'yyyyMMddHH24miss') startDate,
		to_char(MP.END_DATE,'yyyyMMddHH24miss') endDate,
		(case when MP.SUBSPRODID is null then '-' else MP.SUBSPRODID end) subsprodid,
		AP.VISIBLE VISIBLE
		FROM ATOMIC_PRODUCTS AP , <include refid="queryFUNC_1"/> MP
		WHERE mp.package_code = ap.package_code
		AND MP.STATE = 'ENABLED'
		AND AP.VISIBLE=1
		AND AP.STATE = 'ENABLED'
		AND AP.BUS_CATEGORY='FLOW'
		AND mp.end_date <![CDATA[ > ]]> (SYSDATE-1)
		<if test='msisdn !=null and msisdn!=""'>
			and mp.msisdn = #{msisdn}
		</if>
		)
	</select>




	<select id="poolShareFlowPrd" resultType="java.util.HashMap">
		select
		fm.product_code as prdCode,
		(select nvl(wm_concat(distinct apn_name),'null') apn_name from M2M_APN_INFO mai
		where fm.msisdn=mai.msisdn
		AND mai.state = 'ENABLED'
		AND mp.ec_code = fm.ec_code
		AND mp.product_code =fm.product_code
		AND mai.START_TIME<![CDATA[ < ]]>sysdate
		AND decode(mai.END_TIME,null,sysdate,mai.END_TIME)<![CDATA[ >= ]]>sysdate
		)as apnName,
		fm.package_code pkgCode
		from FLUX_POOL_MEM fm,M2M_PERSON mp
		where
		fm.msisdn = mp.msisdn
		and mp.state='ENABLED'
		and fm.POOL_PACKAGE in ('I00010300040','I00010300047')
		and fm.EFF_TYPE=0
		and fm.END_DATE  <![CDATA[ > ]]> (SYSDATE-1)
		and to_char(fm.EFF_DATE,'YYYY-MM')<![CDATA[ < ]]>to_char(sysdate,'YYYY-MM')
		<if test='msisdn!=null and msisdn!=""'>
			and fm.msisdn = #{msisdn}
		</if>
	</select>

	<!-- 获取流量池套餐信息 -->
	<select id="queryPoolPkgByMisisdn" resultType="java.lang.String">
		select DISTINCT fm.POOL_PACKAGE poolPkg
		from FLUX_POOL_MEM fm
		where 1=1 and fm.msisdn = #{msisdn}
		and fm.START_DATE  <![CDATA[ < ]]> sysdate
		and fm.END_DATE  <![CDATA[ > ]]> sysdate
		and fm.EFF_TYPE=0
		and fm.EFF_DATE<![CDATA[ < ]]>sysdate
	</select>



	<select id="isManySpecialApnByMsisdn" resultType="java.lang.Integer">
		SELECT count(MSISDN) FROM <include refid="queryFUNC_1"/>
		WHERE MSISDN = #{msisdn} AND (PACKAGE_CODE='I00010100092' OR PACKAGE_CODE='I00010100093')
		AND START_DATE <![CDATA[ <= ]]> sysdate
		AND END_DATE <![CDATA[ >= ]]> sysdate
	</select>


	<!-- 根据套餐编号查询套餐名称 -->
	<select id="queryMsisdnPkgType" resultType="String">
		select
		PKG_TYPE
		from
		ATOMIC_PRODUCTS
		where
		PACKAGE_CODE = #{pkgCode}
	</select>

</mapper>