<?xml version="1.0" encoding="UTF-8" ?>
<!DOCTYPE mapper PUBLIC "-//mybatis.org//DTD Mapper 3.0//EN" "http://mybatis.org/dtd/mybatis-3-mapper.dtd">
<mapper namespace="com.hvgroup.modules.customer.dao.CusTypeConfigDao">

    <sql id="pageSqlStart">
        <if test="pageInfo.pageNo != null and pageInfo.pageNo != ''">
        
        select * from
            (
             select a.*, rownum rn from 
                (
        </if>
    </sql>
    <!-- 分页SQL语句结尾语句 -->
    <sql id="pageSqlEnd">
        <if test="pageInfo.pageSize != null and pageInfo.pageSize != ''">
                ) a
             where rownum <![CDATA[<=]]> #{pageInfo.pageNo}*#{pageInfo.pageSize}
            )
        where rn > (#{pageInfo.pageNo}-1)*#{pageInfo.pageSize}
        </if>
    </sql>
    <select id="findCusTypeList"
        resultType="com.hvgroup.modules.customer.entity.CusTypeConfigVo">

        select
        sub.*,
        t.cus_type cusType
        from
        (select
        cus.ec_name ecName,
        cus.ec_code ecCode,
        cus.enterprise_level
        enterpriseLevel,
        areas.area_name areaName,
        trade.TRADE_ID tradeId,
        (select wm_concat(distinct APPLY_ID) from ec_prod where EC_CODE = cus.ec_code) as applyId,
        (select wm_concat(NAME) from pro_iot_apply where id in (select APPLY_ID from ec_prod where EC_CODE = cus.ec_code)) as applyName,
        trade.TRADE_NAME tradeName,
        <!-- to_char(ecProd.Open_Time, 'YYYY-MM-dd') customerCreateDate, -->
        to_char((select min(OPEN_TIME) from EC_PROD where EC_CODE = cus.EC_CODE),'yyyy-MM-dd') customerCreateDate,
            (
            SELECT COUNT(1) from
            M2M_PERSON
            WHERE
            M2M_PERSON.EC_CODE=cus.ec_code
            AND STATE='ENABLED'
            ) AS totalCount
        from
        enterprise_customer cus,
        areas areas,
        TRADE trade,
        EC_PROD ecProd
        where
        cus.area_id=areas.area_id(+)
        and cus.TRADE_ID=trade.TRADE_ID(+)
        and ecProd.Ec_Code=cus.ec_code

        <if test="ecNameOrEcCode != null and ecNameOrEcCode != ''">
            and
            (
            cus.ec_name like '%' || #{ecNameOrEcCode} || '%'
            or
            cus.ec_Code like '%' || #{ecNameOrEcCode} || '%'
            )
        </if>
       
        <if test="areaId != null and areaId != ''">
            and cus.area_Id = #{areaId}
        </if>

        <if test="areaId != null and areaId != ''">
            and cus.area_Id = #{areaId}
        </if>

        <if test="createDateStart != null and createDateStart != ''">
            and to_char(ecProd.Open_Time,'yyyy-MM-dd') <![CDATA[ >= ]]> #{createDateStart}
        </if>

        <if test="createDateEnd != null and createDateEnd != ''">
            and to_char(ecProd.Open_Time,'yyyy-MM-dd') <![CDATA[ <= ]]> #{createDateEnd}
        </if>

        <if test="enterpriseLevel != null and enterpriseLevel != ''">
            and cus.enterprise_level=#{enterpriseLevel}
        </if>

        <if test="tradeId != null and tradeId != ''">
            and trade.TRADE_ID=#{tradeId}
        </if>
        )
        sub left join EC_CUSTOMER_TYPE t
        on sub.ecCode = t.ec_code
        where 1=1

        <if test="totalCountStart != null and totalCountStart != ''">
            and sub.totalCount  <![CDATA[ >= ]]>
            #{totalCountStart}
        </if>

        <if test="totalCountEnd != null and totalCountEnd != ''">
            and sub.totalCount  <![CDATA[ <= ]]>
            #{totalCountEnd}
        </if>
        
        <if test="applyId != null and applyId != ''">
            and sub.applyId  like '%' || #{applyId} || '%'
        </if>
        
        <if test="cusType != null and cusType != ''">
            and t.cus_type = #{cusType}
        </if>
		 order by sub.customerCreateDate desc
    </select>
    
    
    <select id="findAddList"
        resultType="com.hvgroup.modules.customer.entity.CusTypeConfigVo">

        select
        sub.*,
        t.cus_type cusType
        from
        (select
        cus.ec_name ecName,
        cus.ec_code ecCode,
        cus.enterprise_level
        enterpriseLevel,
        areas.area_name areaName,
        trade.TRADE_ID tradeId,
        (select wm_concat(distinct APPLY_ID) from ec_prod where EC_CODE = cus.ec_code) as applyId,
        (select wm_concat(NAME) from pro_iot_apply where id in (select APPLY_ID from ec_prod where EC_CODE = cus.ec_code)) as applyName,
        trade.TRADE_NAME tradeName,
        to_char((select min(OPEN_TIME) from EC_PROD where EC_CODE = cus.EC_CODE),'yyyy-MM-dd') customerCreateDate
        from
        enterprise_customer cus,
        areas areas,
        TRADE trade
        where
        cus.area_id=areas.area_id(+)
        and cus.TRADE_ID=trade.TRADE_ID(+)          
        and cus.ec_Code  in
        <foreach item="item" index="index" collection="array" open="(" separator="," close=")">  
         #{item}  
        </foreach>       
        )
        sub left join EC_CUSTOMER_TYPE t
        on sub.ecCode = t.ec_code
        

    </select>
    
    <insert id="insert">
    insert into EC_CUSTOMER_TYPE(ec_code,cus_type,CREATE_DATE)
    values(#{ecCode},#{cusType},#{createDate})
    </insert>
    <update id="update">
    update EC_CUSTOMER_TYPE set cus_type=#{cusType},CREATE_DATE=#{createDate}
    where ec_code=#{ecCode}
    </update>
    
    <select id="queryCusTypeCountByEcCode" resultType="Long">
    select count(1) from EC_CUSTOMER_TYPE  where ec_code=#{ecCode}
    </select>
    
    <select id="queryAreaByEcCode" resultType="Long">
    	select max(AREA_ID) from enterprise_customer where ec_code = #{ecCode}
   	</select>
    
    <select id="queryCustomerNumByArea" resultType="Long">
    	select max(CUSTOMERNUM) from EMPHASIS_CUSTOMER_CONFIG 
    	where AREA_ID = #{areaId}
   	</select>
   	
   	<select id="queryCusCountByImp" resultType="Long">
    	select count(a.EC_CODE) from EC_CUSTOMER_TYPE a
		left join enterprise_customer b on a.EC_CODE = b.EC_CODE
		where a.CUS_TYPE = '1' and b.AREA_ID = #{areaId}
   	</select>	
   	
    
</mapper>