<?xml version="1.0" encoding="UTF-8" ?>
<!DOCTYPE mapper PUBLIC "-//mybatis.org//DTD Mapper 3.0//EN" "http://mybatis.org/dtd/mybatis-3-mapper.dtd">
<mapper namespace="com.hvgroup.modules.customer.dao.CustomerQueryDao">

	<sql id="pageSqlStart">
		<if test="pageInfo.pageNo != null and pageInfo.pageNo != ''">

			select * from
			(
			select a.*, rownum rn from
			(
		</if>
	</sql>
	<!-- 分页SQL语句结尾语句 -->
	<sql id="pageSqlEnd">
		<if test="pageInfo.pageSize != null and pageInfo.pageSize != ''">
			) a
			where rownum <![CDATA[<=]]>
			#{pageInfo.pageNo}*#{pageInfo.pageSize}
			)
			where rn >
			(#{pageInfo.pageNo}-1)*#{pageInfo.pageSize}
		</if>
	</sql>

	<!-- 流量池信息 -->

	<select id="queryEcCodeByEcName" resultType="String">
		select max(ec_code)
		from iot.enterprise_customer where ec_name=#{ecName}
	</select>

	<!-- 查新流量池列表-根据EcCode -->
	<select id="queryDataPoolListByEc" resultType="com.hvgroup.modules.customer.entity.DataPool">
		<!-- select DISTINCT(fm.product_code) as prdCode from FLUX_POOL_MEM fm,M2M_PERSON 
			partition (M2M_PERSON_PARTITION${part}) mp where fm.msisdn = mp.msisdn and 
			mp.state='ENABLED' and fm.EFF_TYPE=0 and (fm.POOL_PACKAGE='I00010300045' 
			or fm.POOL_PACKAGE='I00010300046') and fm.ec_code = #{ecCode} group by fm.product_code -->
		select
		DISTINCT(product_code) as prdCode
		from PRO_MEMBER_OPTIONAL_PKG
		where STATE='ENABLED'
		and END_DATE > (SYSDATE-1)
		and START_DATE <![CDATA[ <= ]]>
		SYSDATE
		and(PACKAGE_CODE='I00010300045' or PACKAGE_CODE='I00010300046')
		and ec_code = #{ecCode}
	</select>

	<sql id="filteDataPoolMemeber">

		<if test="msisdn != null and msisdn !='' ">
			and fm.msisdn = #{msisdn}
		</if>

		<if test="lifecycle != null and lifecycle != ''">
			and p.LIFE_CYCLE = #{lifecycle}
			<!-- <if test="lifecycle == 'test'"> (p.run_code = 'US10' and exists (select 
				1 from m2m_grpmem m, atomic_products a where m.package_code = a.package_code 
				and m.state = 'ENABLED' and a.pkg_type = 'PKG_TYPE_TEST' and m.msisdn = p.msisdn 
				union select 1 from m2m_per_pkg m, atomic_products a where m.package_code 
				= a.package_code and m.state = 'ENABLED' and a.pkg_type = 'PKG_TYPE_TEST' 
				and m.msisdn = p.msisdn) ) </if> <if test="lifecycle == 'normal'"> (p.run_code 
				= 'US10' and not exists (select 1 from m2m_grpmem m, atomic_products a where 
				m.package_code = a.package_code and m.state = 'ENABLED' and a.pkg_type = 
				'PKG_TYPE_TEST' and m.msisdn = p.msisdn union select 1 from m2m_per_pkg m, 
				atomic_products a where m.package_code = a.package_code and m.state = 'ENABLED' 
				and a.pkg_type = 'PKG_TYPE_TEST' and m.msisdn = p.msisdn) ) </if> <if test="lifecycle 
				== 'stop'"> p.run_code in ( select * from table(SPLITSTR((select include_state_codes 
				from PRO_USER_STATE where code='STOP'),',')) ) </if> <if test="lifecycle 
				== 'preclose'"> p.run_code in ( select * from table(SPLITSTR((select include_state_codes 
				from PRO_USER_STATE where code='PRECLOSE'),',')) ) </if> <if test="lifecycle 
				== 'silent'"> p.run_code in ( select * from table(SPLITSTR((select include_state_codes 
				from PRO_USER_STATE where code='SILENT'),',')) ) </if> <if test="lifecycle 
				== 'cancel'"> p.run_code in ( select * from table(SPLITSTR((select include_state_codes 
				from PRO_USER_STATE where code='CANCEL'),',')) ) </if> -->
		</if>
	</sql>



	<select id="queryDataPoolMember" resultType="com.hvgroup.modules.customer.entity.DataPoolMsisdn">
		select
		sub.msisdn,
		to_char(sub.startDate,'yyyy-MM-dd hh24:mm:ss')
		startDate,
		sub.prdCode,
		<!-- (case when sub.runCode= 'US10' and exists (select 1 from m2m_grpmem 
			m, atomic_products a where m.package_code = a.package_code and m.state = 
			'ENABLED' and a.pkg_type = 'PKG_TYPE_TEST' and m.msisdn = sub.msisdn union 
			select 1 from m2m_per_pkg m, atomic_products a where m.package_code = a.package_code 
			and m.state = 'ENABLED' and a.pkg_type = 'PKG_TYPE_TEST' and m.msisdn = sub.msisdn) 
			then '测试期' when sub.runCode= 'US10' and not exists (select 1 from m2m_grpmem 
			m, atomic_products a where m.package_code = a.package_code and m.state = 
			'ENABLED' and a.pkg_type = 'PKG_TYPE_TEST' and m.msisdn = sub.msisdn union 
			select 1 from m2m_per_pkg m, atomic_products a where m.package_code = a.package_code 
			and m.state = 'ENABLED' and a.pkg_type = 'PKG_TYPE_TEST' and m.msisdn = sub.msisdn) 
			then '正使用' when sub.runCode in ( select * from table(SPLITSTR((select include_state_codes 
			from PRO_USER_STATE where code='SILENT'),',')) ) then '沉默期' when sub.runCode 
			in ( select * from table(SPLITSTR((select include_state_codes from PRO_USER_STATE 
			where code='STOP'),',')) ) then '停机' when sub.runCode in ( select * from 
			table(SPLITSTR((select include_state_codes from PRO_USER_STATE where code='PRECLOSE'),',')) 
			) then '预约销户' when sub.runCode in ( select * from table(SPLITSTR((select 
			include_state_codes from PRO_USER_STATE where code='CANCEL'),',')) ) then 
			'销户' when sub.runCode in ( select * from table(SPLITSTR((select include_state_codes 
			from PRO_USER_STATE where code='OWE'),',')) ) then '欠费' when sub.runCode 
			= 'US99' then '无效用户' when sub.runCode = 'US281' then '套卡开通' when sub.runCode 
			= 'US27' then '已转换品牌' when sub.runCode = 'US28' then '临时生成资料' else '-' end) 
			as runCode -->

		(case when sub.runCode = 'TEST'
		then '测试期'
		when sub.runCode = 'SILENT'
		then '沉默期'
		when sub.runCode = 'NORMAL'
		then '正使用'
		when sub.runCode =
		'STOP'
		then '停机'
		when sub.runCode = 'PRECLOSE'
		then '预约销户'
		when
		sub.runCode = 'CANCEL'
		then '销户'
		when sub.runCode = 'STOCK'
		then '库存期'
		when sub.runCode = 'OTHERS'
		then '其他'
		else '-'
		end)as runCode

		from(
		<include refid="pageSqlStart" />
		select
		distinct(fm.msisdn),fm.EFF_DATE startDate,fm.product_code
		prdCode,p.LIFE_CYCLE runCode
		from
		FLUX_POOL_MEM fm,
		<!-- M2M_PERSON partition (M2M_PERSON_PARTITION${part}) -->
		( select MSISDN,LIFE_CYCLE,state from IOV_CARD 
		  union
		  select MSISDN,LIFE_CYCLE,state from MAC_CARD 
		  union
		  select MSISDN,LIFE_CYCLE,state from NB_CARD  
		  union
		  select MSISDN,LIFE_CYCLE,state from CARD_9105 )
		 p
		where
		fm.msisdn = p.msisdn
		and
		p.state='ENABLED'
		and fm.EFF_TYPE=0
		and (fm.POOL_PACKAGE='I00010300045'
		or fm.POOL_PACKAGE='I00010300046')
		and fm.ec_code = #{ecCode}
		and
		fm.product_code =
		#{prdCode}

		<include refid="filteDataPoolMemeber" />

		order by fm.msisdn
		<include refid="pageSqlEnd" />
		)sub
	</select>



	<select id="queryDataPoolMemberCount" resultType="java.lang.Long">

		select
		count(distinct fm.msisdn)
		from
		FLUX_POOL_MEM fm,
		<!-- M2M_PERSON partition (M2M_PERSON_PARTITION${part}) -->
		( select MSISDN,state from IOV_CARD 
		  union
		  select MSISDN,state from MAC_CARD 
		  union
		  select MSISDN,state from NB_CARD  
		  union
		  select MSISDN,state from CARD_9105)
		 p
		where
		fm.msisdn = p.msisdn
		and
		p.state='ENABLED'
		and fm.EFF_TYPE=0
		and (fm.POOL_PACKAGE='I00010300045'
		or fm.POOL_PACKAGE='I00010300046')
		and fm.ec_code = #{ecCode}
		and
		fm.product_code = #{prdCode}
		<include refid="filteDataPoolMemeber" />
	</select>

	<select id="queryDataPoolInfo" resultType="com.hvgroup.modules.customer.entity.DataPool">

		select
		DISTINCT(fm.product_code) as prdCode,
		(
		<!-- SELECT
		nvl(WM_CONCAT(distinct apn_name), ' ') AS apn_name
		FROM M2M_GRPMEM
		WHERE state = 'ENABLED'
		AND product_code =fm.product_code
		<if test="prdCode !=null and prdCode !=''">
			and product_code=#{prdCode}
		</if>
		<if test="ecCode !=null and ecCode !=''">
			and ec_code=#{ecCode}
		</if> -->
			
			  SELECT nvl(WM_CONCAT(distinct apn_name), ' ') AS apn_name
			  FROM 
			  (  select a.apn_name,b.PRODUCT_CODE,a.package_code from IOV_PRI_PKG a
			      left join IOV_CARD b on a.msisdn = b.msisdn and a.ec_code = b.ec_code
			      where a.STATE = 'ENABLED' and b.STATE = 'ENABLED' 
			      <if test="prdCode !=null and prdCode !=''">
					and product_code=#{prdCode}
				  </if>
				  <if test="ecCode !=null and ecCode !=''">
					and ec_code=#{ecCode}
				  </if>
			      union
			      select a.apn_name,b.PRODUCT_CODE,a.package_code from MAC_PRI_PKG a
			      left join MAC_CARD b on a.msisdn = b.msisdn and a.ec_code = b.ec_code
			      where a.STATE = 'ENABLED' and b.STATE = 'ENABLED' 
			      <if test="prdCode !=null and prdCode !=''">
					and product_code=#{prdCode}
				  </if>
				  <if test="ecCode !=null and ecCode !=''">
					and ec_code=#{ecCode}
				  </if>
			      union
			      select a.apn_name,b.PRODUCT_CODE,a.package_code from NB_PRI_PKG a
			      left join NB_CARD b on a.msisdn = b.msisdn and a.ec_code = b.ec_code
			      where a.STATE = 'ENABLED' and b.STATE = 'ENABLED' 
			      <if test="prdCode !=null and prdCode !=''">
					and product_code=#{prdCode}
				  </if>
				  <if test="ecCode !=null and ecCode !=''">
					and ec_code=#{ecCode}
				  </if>
			      union
			      select a.apn_name,b.PRODUCT_CODE,a.package_code from PRI_PKG_9105 a
			      left join CARD_9105 b on a.msisdn = b.msisdn and a.ec_code = b.ec_code
			      where a.STATE = 'ENABLED' and b.STATE = 'ENABLED' 
			      <if test="prdCode !=null and prdCode !=''">
					and product_code=#{prdCode}
				  </if>
				  <if test="ecCode !=null and ecCode !=''">
					and ec_code=#{ecCode}
				  </if>
			    ) 
			 WHERE product_code = fm.product_code
		) AS apnName,
		count(distinct fm.msisdn) as memCount
		from
		FLUX_POOL_MEM
		fm,
		<!-- M2M_PERSON partition (M2M_PERSON_PARTITION${part}) -->
		( select MSISDN,state from IOV_CARD 
		  union
		  select MSISDN,state from MAC_CARD 
		  union
		  select MSISDN,state from NB_CARD  
		  union
		  select MSISDN,state from CARD_9105)
		 mp
		where
		fm.msisdn =
		mp.msisdn
		and
		mp.state='ENABLED'
		and fm.EFF_TYPE=0
		and
		(fm.POOL_PACKAGE='I00010300045'
		or fm.POOL_PACKAGE='I00010300046')
		and
		fm.ec_code = #{ecCode}
		and
		fm.product_code = #{prdCode}
		group by
		fm.product_code

	</select>




	<!-- 流量共享查询 -->
	<select id="findDataSharePoolList" resultType="com.hvgroup.modules.customer.entity.DataSharingInfo">


		select
		fm.product_code as prdCode,
		fm.PACKAGE_CHANNEL as channel,
		fm.PACKAGE_CODE as pkgCode
		from FLUX_POOL_MEM fm,
		<!-- M2M_PERSON partition (M2M_PERSON_PARTITION${part}) -->
		( select MSISDN,state from IOV_CARD 
		  union
		  select MSISDN,state from MAC_CARD 
		  union
		  select MSISDN,state from NB_CARD  
		  union
		  select MSISDN,state from CARD_9105)
		 mp
		where
		fm.msisdn = mp.msisdn
		and
		mp.state='ENABLED'
		and fm.POOL_PACKAGE ='I00010300040'
		and fm.EFF_TYPE=0
		and fm.END_DATE  <![CDATA[ > ]]>
		(SYSDATE-1)
		and fm.ec_code=#{ecCode}
		group by
		fm.product_code,fm.PACKAGE_CHANNEL,fm.PACKAGE_CODE

		<!-- SELECT product_code AS prdCode, 2 as channel, common_package_code 
			AS pkgCode FROM FLUX_POOL_MEM_SHARE WHERE 1 = 1 AND common_package_code IS 
			NOT NULL AND ec_code = #{ecCode} AND stat_month = to_char(SYSDATE, 'yyyy-MM') 
			UNION SELECT product_code AS prdCode, 1 as channel, special_package_code 
			AS pkgCode FROM FLUX_POOL_MEM_SHARE WHERE 1 = 1 AND special_package_code 
			IS NOT NULL AND ec_code = #{ecCode} AND stat_month = to_char(SYSDATE, 'yyyy-MM') 
			UNION select fm.product_code as prdCode, (case when fm.PACKAGE_CHANNEL=1 
			then 1 else 2 end) as channel, fm.PACKAGE_CODE as pkgCode from FLUX_POOL_MEM 
			fm,M2M_PERSON partition (M2M_PERSON_PARTITION${part}) mp where fm.msisdn 
			= mp.msisdn and mp.state='ENABLED' and fm.POOL_PACKAGE ='I00010300040' and 
			fm.EFF_TYPE=0 AND fm.EFF_DATE <![CDATA[ >= ]]> trunc(sysdate, 'mm') and fm.END_DATE 
			<![CDATA[ > ]]> (SYSDATE-1) and fm.ec_code=#{ecCode} group by fm.product_code,fm.PACKAGE_CHANNEL,fm.PACKAGE_CODE -->


	</select>

	<sql id="filteDataSharingPoolMember">

		<if test="msisdn!=null and msisdn!=''">
			and fm.msisdn = #{msisdn}
		</if>

		<if test="runCode != null and runCode !=''">
			and mp.LIFE_CYCLE = #{runCode}
			<!-- <if test="runCode == 'test'"> (mp.run_code = 'US10' and exists (select 
				1 from m2m_grpmem m, atomic_products a where m.package_code = a.package_code 
				and m.state = 'ENABLED' and a.pkg_type = 'PKG_TYPE_TEST' and m.msisdn = mp.msisdn 
				union select 1 from m2m_per_pkg m, atomic_products a where m.package_code 
				= a.package_code and m.state = 'ENABLED' and a.pkg_type = 'PKG_TYPE_TEST' 
				and m.msisdn = mp.msisdn) ) </if> <if test="runCode == 'normal'"> (mp.run_code 
				= 'US10' and not exists (select 1 from m2m_grpmem m, atomic_products a where 
				m.package_code = a.package_code and m.state = 'ENABLED' and a.pkg_type = 
				'PKG_TYPE_TEST' and m.msisdn = mp.msisdn union select 1 from m2m_per_pkg 
				m, atomic_products a where m.package_code = a.package_code and m.state = 
				'ENABLED' and a.pkg_type = 'PKG_TYPE_TEST' and m.msisdn = mp.msisdn) ) </if> 
				<if test="runCode == 'stop'"> mp.run_code in ( select * from table(SPLITSTR((select 
				include_state_codes from PRO_USER_STATE where code='STOP'),',')) ) </if> 
				<if test="runCode == 'preclose'"> mp.run_code in ( select * from table(SPLITSTR((select 
				include_state_codes from PRO_USER_STATE where code='PRECLOSE'),',')) ) </if> 
				<if test="runCode == 'silent'"> mp.run_code in ( select * from table(SPLITSTR((select 
				include_state_codes from PRO_USER_STATE where code='SILENT'),',')) ) </if> 
				<if test="runCode == 'cancel'"> mp.run_code in ( select * from table(SPLITSTR((select 
				include_state_codes from PRO_USER_STATE where code='CANCEL'),',')) ) </if> -->
		</if>

	</sql>


	<select id="findDataSharingPoolMemeberList"
		resultType="com.hvgroup.modules.customer.entity.DataSharingPoolMember">

		select sub.msisdn,
		<!-- (case when sub.runCode= 'US10' and exists (select 1 from m2m_grpmem 
			m, atomic_products a where m.package_code = a.package_code and m.state = 
			'ENABLED' and a.pkg_type = 'PKG_TYPE_TEST' and m.msisdn = sub.msisdn union 
			select 1 from m2m_per_pkg m, atomic_products a where m.package_code = a.package_code 
			and m.state = 'ENABLED' and a.pkg_type = 'PKG_TYPE_TEST' and m.msisdn = sub.msisdn) 
			then '测试期' when sub.runCode= 'US10' and not exists (select 1 from m2m_grpmem 
			m, atomic_products a where m.package_code = a.package_code and m.state = 
			'ENABLED' and a.pkg_type = 'PKG_TYPE_TEST' and m.msisdn = sub.msisdn union 
			select 1 from m2m_per_pkg m, atomic_products a where m.package_code = a.package_code 
			and m.state = 'ENABLED' and a.pkg_type = 'PKG_TYPE_TEST' and m.msisdn = sub.msisdn) 
			then '正使用' when sub.runCode in ( select * from table(SPLITSTR((select include_state_codes 
			from PRO_USER_STATE where code='SILENT'),',')) ) then '沉默期' when sub.runCode 
			in ( select * from table(SPLITSTR((select include_state_codes from PRO_USER_STATE 
			where code='STOP'),',')) ) then '停机' when sub.runCode in ( select * from 
			table(SPLITSTR((select include_state_codes from PRO_USER_STATE where code='PRECLOSE'),',')) 
			) then '预约销户' when sub.runCode in ( select * from table(SPLITSTR((select 
			include_state_codes from PRO_USER_STATE where code='CANCEL'),',')) ) then 
			'销户' when sub.runCode in ( select * from table(SPLITSTR((select include_state_codes 
			from PRO_USER_STATE where code='OWE'),',')) ) then '欠费' when sub.runCode 
			= 'US99' then '无效用户' when sub.runCode = 'US281' then '套卡开通' when sub.runCode 
			= 'US27' then '已转换品牌' when sub.runCode = 'US28' then '临时生成资料' else '-' end) 
			as runCode, -->
		(case when sub.runCode = 'TEST'
		then '测试期'
		when sub.runCode = 'SILENT'
		then '沉默期'
		when sub.runCode = 'NORMAL'
		then '正使用'
		when sub.runCode =
		'STOP'
		then '停机'
		when sub.runCode = 'PRECLOSE'
		then '预约销户'
		when
		sub.runCode = 'CANCEL'
		then '销户'
		when sub.runCode = 'STOCK'
		then '库存期'
		when sub.runCode = 'OTHERS'
		then '其他'
		else '-'
		end)as runCode,
		sub.isShareMem,
		to_char(sub.startDate,'yyyy-MM-dd hh24:mm:ss')
		startDate
		from(
		<include refid="pageSqlStart" />
		select
		fm.msisdn,
		max(mp.LIFE_CYCLE) as runCode,
		(case when
		max(fm.EFF_DATE) <![CDATA[ < ]]>
		add_months(last_day(SYSDATE+1),-1)
		then '是' else '否' end) isShareMem,
		max(fm.EFF_DATE) startDate
		from
		FLUX_POOL_MEM fm,
		<!-- M2M_PERSON partition (M2M_PERSON_PARTITION${part}) -->
		( select MSISDN,LIFE_CYCLE,state from IOV_CARD 
		  union
		  select MSISDN,LIFE_CYCLE,state from MAC_CARD 
		  union
		  select MSISDN,LIFE_CYCLE,state from NB_CARD  
		  union
		  select MSISDN,LIFE_CYCLE,state from CARD_9105)
		 mp
		where
		fm.msisdn = mp.msisdn
		and
		mp.state='ENABLED'
		and fm.EFF_TYPE=0
		and fm.ec_code in(
		select ec_code
		from PRO_MEMBER_OPTIONAL_PKG
		where package_code='I00010300040' and
		state='ENABLED')
		and fm.END_DATE >
		(SYSDATE-1)

		and fm.ec_code = #{ecCode}
		and fm.product_code = #{prdCode}
		and fm.package_code = #{pkgCode}

		<!-- <if test=" channel != null and channel != '' "> and fm.PACKAGE_CHANNEL 
			= #{channel} </if> -->


		<include refid="filteDataSharingPoolMember" />
		group by fm.msisdn
		order by fm.msisdn
		<include refid="pageSqlEnd" />
		)sub
	</select>


	<select id="findDataSharingPoolMemeberListCount" resultType="java.lang.Long">

		select
		count(distinct fm.msisdn)
		from
		FLUX_POOL_MEM fm,
		<!-- M2M_PERSON partition (M2M_PERSON_PARTITION${part}) -->
		( select MSISDN,state from IOV_CARD 
		  union
		  select MSISDN,state from MAC_CARD 
		  union
		  select MSISDN,state from NB_CARD  
		  union
		  select MSISDN,state from CARD_9105 )
		 mp
		where
		fm.msisdn = mp.msisdn
		and mp.state='ENABLED'
		and fm.EFF_TYPE=0
		and fm.ec_code in(
		select
		ec_code from PRO_MEMBER_OPTIONAL_PKG
		where package_code='I00010300040'
		and state='ENABLED')
		and fm.END_DATE > (SYSDATE-1)
		and fm.ec_code =
		#{ecCode}
		and fm.product_code = #{prdCode}
		and fm.package_code =
		#{pkgCode}

		<!-- <if test=" channel != null and channel != '' "> and fm.PACKAGE_CHANNEL 
			= #{channel} </if> -->

		<include refid="filteDataSharingPoolMember" />

	</select>


	<select id="findApnNameList" resultType="String">
	
		SELECT
		MP.APN_NAME apn_name
		FROM group_apn_info MP
		where EC_CODE=#{ecCode}
		
		<!-- SELECT
		distinct MP.APN_NAME apn_name
		FROM m2m_apn_info MP,
		atomic_products AP,
		M2M_PERSON partition (M2M_PERSON_PARTITION${part})
		PER
		WHERE MP.PACKAGE_CODE=AP.PACKAGE_CODE
		AND MP.MSISDN=PER.MSISDN
		AND
		PER.STATE='ENABLED'
		and (sysdate <![CDATA[ >= ]]>
		MP.START_TIME and sysdate <![CDATA[ <= ]]>
		MP.END_TIME)
		AND MP.STATE = 'ENABLED'
		AND AP.STATE = 'ENABLED'
		AND AP.VISIBLE='1'
		AND
		MP.apn_name is not null
		AND PER.ec_code = #{ecCode} -->
		<!-- group by MP.APN_NAME -->

		<!-- 更改数据来源 apn_name↑ (SELECT MP.APN_NAME apn_name FROM M2M_GRPMEM PARTITION(M2M_GRPMEM_PARTITION${part}) 
			MP, atomic_products AP, M2M_PERSON partition (M2M_PERSON_PARTITION${part}) 
			PER WHERE MP.PACKAGE_CODE=AP.PACKAGE_CODE AND MP.MSISDN=PER.MSISDN AND PER.STATE='ENABLED' 
			AND MP.START_DATE <![CDATA[<= ]]>SYSDATE AND MP.END_DATE > SYSDATE AND MP.STATE 
			= 'ENABLED' AND AP.STATE = 'ENABLED' AND AP.VISIBLE='1' AND MP.ec_code = 
			#{ecCode} group by MP.APN_NAME ) union (SELECT MP.APN_NAME apn_name FROM 
			M2M_PER_PKG MP, atomic_products AP, M2M_PERSON partition (M2M_PERSON_PARTITION${part}) 
			PER WHERE MP.PACKAGE_CODE=AP.PACKAGE_CODE AND MP.MSISDN=PER.MSISDN AND PER.MSISDN='ENABLED' 
			AND MP.START_DATE <![CDATA[<= ]]>SYSDATE AND MP.END_DATE > SYSDATE AND MP.STATE 
			= 'ENABLED' AND AP.STATE = 'ENABLED' AND AP.VISIBLE='1' AND PER.ec_code = 
			#{ecCode} group by MP.APN_NAME) -->
	</select>

	<sql id="filterAPNInfo">
		<!-- and ec_code = #{ecCode} -->
		<if test="msisdn != null and msisdn != ''">
			and msisdn like '%' || #{msisdn} || '%'
		</if>
		<if test="lifecycle != null and lifecycle != ''">
			and p.LIFE_CYCLE = #{lifecycle}
		</if>
		and msisdn in
		<include refid="filteByApnName"></include>
	</sql>

	<sql id="filteByApnName">
		(
		      select mai.msisdn
		    from IOV_CONNECT_INFO mai
		    where mai.apn_name = #{apnName}
		    and mai.state = 'ENABLED'
		  union all
		    select mai.msisdn
		    from MAC_CONNECT_INFO mai
		    where mai.apn_name = #{apnName}
		    and mai.state = 'ENABLED'
		  union all
		    select mai.msisdn
		    from NB_CONNECT_INFO mai
		    where mai.apn_name = #{apnName}
		    and mai.state = 'ENABLED' 
		  union all
		    select mai.msisdn
		    from CONNECT_INFO_9105 mai, FUNC_PKG_9105 f
		    where  mai.state = 'ENABLED'
		     and f.msisdn = mai.msisdn
		     and f.apn_name = #{apnName}
		     and f.state = 'ENABLED'
		     and f.package_code = mai.package_code
		     AND f.START_DATE <![CDATA[<=]]> SYSDATE
		     AND f.END_DATE  <![CDATA[>=]]> SYSDATE
		  )
		<!-- (SELECT
		MP.MSISDN msisdn
		FROM m2m_apn_info MP ,
		M2M_PERSON partition
		(M2M_PERSON_PARTITION${part}) PER
		WHERE MP.MSISDN=PER.MSISDN
		AND
		PER.STATE='ENABLED'
		AND MP.STATE = 'ENABLED'
		and (sysdate <![CDATA[ >= ]]>
		MP.START_TIME and sysdate <![CDATA[ <= ]]>
		MP.END_TIME)
		and PER.ec_code = #{ecCode}
		and MP.APN_NAME = #{apnName}
		group by MP.MSISDN
		) -->
	</sql>


	<select id="queryApnMsisdnList" resultType="com.hvgroup.modules.customer.entity.ApnManagement">
		select sub.msisdn,
		to_char(sub.open_time,'yyyy-mm-dd hh24:mi:ss') as openTime,
		to_char(sub.activate_date,'yyyy-mm-dd hh24:mi:ss') as activateDate,
		(case when sub.Life_Cycle = 'TEST'
			then '测试期'
			when sub.Life_Cycle = 'SILENT'
			then '沉默期'
			when sub.Life_Cycle = 'NORMAL'
			then '正使用'
			when sub.Life_Cycle = 'STOP'
			then '停机'
			when sub.Life_Cycle = 'PRECLOSE'
			then '预约销户'
			when sub.Life_Cycle = 'CANCEL'
			then '销户'
			when sub.Life_Cycle = 'STOCK'
			then '库存期'
			when sub.Life_Cycle = 'OTHERS'
			then '其他'
			else '-'
			end)as runCode,
		(
		select wm_concat(aa.pkgInfo) from 
		  (select mai.msisdn,mai.package_code||'|'||mai.status as pkgInfo
		    from IOV_CONNECT_INFO mai
		    where  mai.apn_name = #{apnName}
		    and mai.state = 'ENABLED'
		  union all
		    select mai.msisdn,mai.package_code||'|'||mai.status as pkgInfo
		    from MAC_CONNECT_INFO mai
		    where mai.apn_name =  #{apnName}
		    and mai.state = 'ENABLED'
		  union all
		    select mai.msisdn,mai.package_code||'|'||mai.status as pkgInfo
		    from NB_CONNECT_INFO mai
		    where mai.apn_name =  #{apnName}
		    and mai.state = 'ENABLED' 
		  union all
		    select mai.msisdn,mai.package_code||'|'||mai.status as pkgInfo
		    from CONNECT_INFO_9105 mai, FUNC_PKG_9105 f
		    where  mai.state = 'ENABLED'
		     and f.msisdn = mai.msisdn
		     and f.apn_name =  #{apnName}
		     and f.state = 'ENABLED'
		     and f.package_code = mai.package_code
		     AND f.START_DATE <![CDATA[<=]]> SYSDATE
		     AND f.END_DATE  <![CDATA[>=]]>  SYSDATE) aa 
		     where aa.msisdn = sub.msisdn
		) apnInfo
		from
		(	
		<include refid="pageSqlStart" />
		select p.* from (select
			t.msisdn,t.open_time,t.Life_Cycle,t.activate_date
			from MAC_CARD t where t.state = 'ENABLED' and t.ec_code = #{ecCode}
		union all
			select
			t.msisdn,t.open_time,t.Life_Cycle,t.activate_date
			from IOV_CARD t where t.state = 'ENABLED' and t.ec_code = #{ecCode}
		union all
			select
			t.msisdn,t.open_time,t.Life_Cycle,t.activate_date
			from NB_CARD t where t.state = 'ENABLED' and t.ec_code = #{ecCode}
		union all
			select
			t.msisdn,t.open_time,t.Life_Cycle,t.activate_date
			from CARD_9105 t where t.state = 'ENABLED' and t.ec_code = #{ecCode}
			) p
			where 1=1
			<include refid="filterAPNInfo" />
		<include refid="pageSqlEnd" />
		)sub
	
	
		<!-- select
	sub.msisdn,
	(case when sub.runCode = 'TEST'
	then '测试期'
	when sub.runCode = 'SILENT'
	then '沉默期'
	when sub.runCode = 'NORMAL'
	then '正使用'
	when sub.runCode =
	'STOP'
	then '停机'
	when sub.runCode = 'PRECLOSE'
	then '预约销户'
	when
	sub.runCode = 'CANCEL'
	then '销户'
	when sub.runCode = 'STOCK'
	then '库存期'
	when sub.runCode = 'OTHERS'
	then '其他'
	else '-'
	end)as runCode,
	(
	select
	wm_concat(a.pkgInfo) from
	(
	select
	mg.msisdn,mg.package_code||'|'||mai.apn_state as pkgInfo
	from
	(
	select
	msisdn,package_code from M2M_GRPMEM where state='ENABLED'
	and
	package_code in
	('I00010100035','I00010100085','I00010100092','I00010100093','PCRF00010100085','PCRF00010100093')
	) mg left join m2m_apn_info mai
	on mg.msisdn=mai.msisdn and
	mg.package_code=mai.package_code and
	mai.state='ENABLED'
	union
	select
	mpp.msisdn,mpp.package_code||'|'||mai.apn_state as pkgInfo
	from
	(
	select
	msisdn,package_code from M2M_PER_PKG where state='ENABLED'
	and
	package_code in
	('I00010100035','I00010100085','I00010100092','I00010100093','PCRF00010100085','PCRF00010100093')
	) mpp left join m2m_apn_info mai
	on mpp.msisdn=mai.msisdn and
	mpp.package_code=mai.package_code and
	mai.state='ENABLED'
	) a where
	a.msisdn=sub.msisdn
	) apnInfo,

	to_char(sub.openTime,'yyyy-mm-dd
	hh24:mi:ss') as openTime,
	to_char(sub.activateDate,'yyyy-mm-dd
	hh24:mi:ss') as activateDate
	from
	(
		<include refid="pageSqlStart" />
		select msisdn,
		max(LIFE_CYCLE) as runCode,
		max(open_time) as openTime,
		max(activate_date) as activateDate
		from M2M_PERSON
		partition(M2M_PERSON_PARTITION${part}) p
		where state='ENABLED'
		<include refid="filterAPNInfo" />
		group by msisdn
		order by msisdn
		<include refid="pageSqlEnd" />
		) sub -->
	</select>


	<select id="queryApnMsisdnListCount" resultType="java.lang.Long">
	select count(1) from (select
			t.msisdn,t.Life_Cycle
			from MAC_CARD t where t.state = 'ENABLED' and t.ec_code = #{ecCode}
		union all
			select
			t.msisdn,t.Life_Cycle
			from IOV_CARD t where t.state = 'ENABLED' and t.ec_code = #{ecCode}
		union all
			select
			t.msisdn,t.Life_Cycle
			from NB_CARD t where t.state = 'ENABLED' and t.ec_code = #{ecCode}
		union all
			select
			t.msisdn,t.Life_Cycle
			from CARD_9105 t where t.state = 'ENABLED' and t.ec_code = #{ecCode}
			) p
			where 1=1
			<include refid="filterAPNInfo" />
	
	<!-- SELECT 
    count(distinct  mp.MSISDN) apnCusCount
    FROM m2m_apn_info mp 
    join M2M_PERSON 
    <if test="part !=null and part !='' ">
    partition(M2M_PERSON_PARTITION${part})
    </if>
    per on per.msisdn = mp.msisdn
    left join group_apn_info gai on gai.ec_code = per.ec_code
    WHERE 
    per.STATE='ENABLED'
    AND mp.STATE = 'ENABLED'
    and (sysdate <![CDATA[>=]]> mp.START_TIME and sysdate <![CDATA[<=]]> mp.END_TIME)
    and gai.ec_code = per.ec_code
    and per.ec_code = #{ecCode}
    and mp.apn_name = gai.apn_name
    and gai.apn_name = #{apnName}
    and gai.apn_name is not null
    <if test="msisdn != null and msisdn != ''">
		and mp.msisdn like '%' || #{msisdn} || '%'
	</if>
	<if test="lifecycle != null and lifecycle != ''">
		and per.life_cycle = #{lifecycle}
	</if>
    group by gai.apn_name -->
	</select>

	<select id="countApnMemberNumber" resultType="Long">
	select count(1) from (select
			t.msisdn
			from MAC_CARD t where t.state = 'ENABLED' and t.ec_code = #{ecCode}
		union all
			select
			t.msisdn
			from IOV_CARD t where t.state = 'ENABLED' and t.ec_code = #{ecCode}
		union all
			select
			t.msisdn
			from NB_CARD t where t.state = 'ENABLED' and t.ec_code = #{ecCode}
		union all
			select
			t.msisdn
			from CARD_9105 t where t.state = 'ENABLED' and t.ec_code = #{ecCode}
			) p
			where 1=1
			and msisdn in (
		      select mai.msisdn
		    from IOV_CONNECT_INFO mai
		    where mai.apn_name = #{apnName}
		    and mai.state = 'ENABLED'
		  union all
		    select mai.msisdn
		    from MAC_CONNECT_INFO mai
		    where mai.apn_name = #{apnName}
		    and mai.state = 'ENABLED'
		  union all
		    select mai.msisdn
		    from NB_CONNECT_INFO mai
		    where mai.apn_name = #{apnName}
		    and mai.state = 'ENABLED' 
		  union all
		    select mai.msisdn
		    from CONNECT_INFO_9105 mai, FUNC_PKG_9105 f
		    where  mai.state = 'ENABLED'
		     and f.msisdn = mai.msisdn
		     and f.apn_name = #{apnName}
		     and f.state = 'ENABLED'
		     and f.package_code = mai.package_code
		     AND f.START_DATE <![CDATA[<=]]> SYSDATE
		     AND f.END_DATE  <![CDATA[>=]]> SYSDATE
		  )
		<!-- SELECT 
    count(distinct  mp.MSISDN) apnCusCount
    FROM m2m_apn_info mp 
    join M2M_PERSON 
    <if test="part !=null and part !='' ">
    partition(M2M_PERSON_PARTITION${part})
    </if>
    per on per.msisdn = mp.msisdn
    left join group_apn_info gai on gai.ec_code = per.ec_code
    WHERE 
    per.STATE='ENABLED'
    AND mp.STATE = 'ENABLED'
    and (sysdate <![CDATA[>=]]> mp.START_TIME and sysdate <![CDATA[<=]]> mp.END_TIME)
    and gai.ec_code = per.ec_code
    and per.ec_code = #{ecCode}
    and mp.apn_name = gai.apn_name
    and gai.apn_name = #{apnName}
    and gai.apn_name is not null
    group by gai.apn_name -->
	</select>

	<select id="findCustomerList"
		resultType="com.hvgroup.modules.customer.entity.CustomerListBean">
		select
		    ec.ec_code ecCode,
		    ec.ec_name ecName
		    from enterprise_customer ec
		    inner join areas a on ec.area_id = a.area_id
		    <if test="loginName != null and loginName != ''">
			right join CITY_USER_EC c on c.ec_code = ec.ec_code
		    </if>
		where ec.ec_name like '%' || #{name} || '%'
		   <if test="loginName != null and loginName != ''">
			and
			c.login_name = #{loginName}
			and 
			a.area_name is not null
		   </if>
	   	   <if test="areaId != null and areaId != ''">
				and a.area_id = #{areaId}
		   </if>
		   and rownum <![CDATA[ <= ]]> 60
		 
	</select>


	<select id="getSharingInfopApnName" resultType="string">
		<!-- select
		wm_concat(distinct m.APN_NAME) as apnName
		from m2m_grpmem
		PARTITION(M2M_GRPMEM_PARTITION${part}) m
		where m.package_code =
		#{pkgCode}
		and m.product_code = #{prdCode}
		and m.state = 'ENABLED'
		and
		m.ec_code=#{ecCode} -->
		
		select wm_concat(m.APN_NAME) as apnName
		from 
		   (  select a.APN_NAME from IOV_PRI_PKG a
		      left join IOV_CARD b on a.msisdn = b.msisdn and a.ec_code = b.ec_code
		      where a.STATE = 'ENABLED' and b.STATE = 'ENABLED' and b.product_code = #{prdCode} and a.package_code = #{pkgCode} and a.ec_code = #{ecCode}
		      union
		      select a.APN_NAME from MAC_PRI_PKG a
		      left join MAC_CARD b on a.msisdn = b.msisdn and a.ec_code = b.ec_code
		      where a.STATE = 'ENABLED' and b.STATE = 'ENABLED' and b.product_code = #{prdCode} and a.package_code = #{pkgCode} and a.ec_code = #{ecCode}
		      union
		      select a.APN_NAME from NB_PRI_PKG a
		      left join NB_CARD b on a.msisdn = b.msisdn and a.ec_code = b.ec_code
		      where a.STATE = 'ENABLED' and b.STATE = 'ENABLED' and b.product_code = #{prdCode} and a.package_code = #{pkgCode} and a.ec_code = #{ecCode}
		      union
		      select a.APN_NAME from PRI_PKG_9105 a
		      left join CARD_9105 b on a.msisdn = b.msisdn and a.ec_code = b.ec_code
		      where a.STATE = 'ENABLED' and b.STATE = 'ENABLED' and b.product_code = #{prdCode} and a.package_code = #{pkgCode} and a.ec_code = #{ecCode}
		  ) m
	</select>


	<select id="getSharingMoreInfo" resultType="com.hvgroup.modules.customer.entity.ShareInfoVo">
		select pkg.prdCode,
		(<!-- select wm_concat(distinct apn_name)
		from m2m_grpmem
		PARTITION(M2M_GRPMEM_PARTITION${part}) m
		where m.package_code =
		pkg.pkgCode
		and m.product_code = pkg.prdCode
		and m.state = 'ENABLED'
		and
		m.ec_code=#{ecCode} -->
		
		  select wm_concat(distinct m.apn_name)
		  from 
		   (  select a.apn_name,b.PRODUCT_CODE,a.package_code from IOV_PRI_PKG a
		      left join IOV_CARD b on a.msisdn = b.msisdn and a.ec_code = b.ec_code
		      where a.STATE = 'ENABLED' and b.STATE = 'ENABLED' and b.product_code is not null and a.ec_code = #{ecCode}
		      union
		      select a.apn_name,b.PRODUCT_CODE,a.package_code from MAC_PRI_PKG a
		      left join MAC_CARD b on a.msisdn = b.msisdn and a.ec_code = b.ec_code
		      where a.STATE = 'ENABLED' and b.STATE = 'ENABLED' and b.product_code is not null and a.ec_code = #{ecCode}
		      union
		      select a.apn_name,b.PRODUCT_CODE,a.package_code from NB_PRI_PKG a
		      left join NB_CARD b on a.msisdn = b.msisdn and a.ec_code = b.ec_code
		      where a.STATE = 'ENABLED' and b.STATE = 'ENABLED' and b.product_code is not null and a.ec_code = #{ecCode}
		      union
		      select a.apn_name,b.PRODUCT_CODE,a.package_code from PRI_PKG_9105 a
		      left join CARD_9105 b on a.msisdn = b.msisdn and a.ec_code = b.ec_code
		      where a.STATE = 'ENABLED' and b.STATE = 'ENABLED' and b.product_code is not null and a.ec_code = #{ecCode}
		    ) 
		   m
		 where m.package_code = pkg.pkgCode
		 and m.product_code = pkg.prdCode
		) as apnName,
		sum(pkg.useCount)useCount,
		sum(nvl(b.memCount,0)) memCount,
		(select package_name from
		atomic_products where package_code=pkg.pkgCode) pkgName,
		pkg.pkgCode,
		(select count(1) from PRO_MEMBER_OPTIONAL_PKG
		where state='ENABLED' and
		product_code=#{prdCode}
		<if test="channel!=null and channel != ''">
			<if test="channel == 1">
				and package_code='prod.10086000006570'
			</if>
			<if test="channel == 2">
				and package_code='prod.1008600006571'
			</if>
			<if test="channel == 0">
				and package_code='prod.10086000007981'
			</if>
		</if>
		) extpkg
		<!-- (case when max(pkg.channel)=1 then (select count(1) from PRO_MEMBER_OPTIONAL_PKG 
			where state='ENABLED' and product_code=#{prdCode} and package_code='prod.10086000006570') 
			when max(pkg.channel)=2 then (select count(1) from PRO_MEMBER_OPTIONAL_PKG 
			where state='ENABLED' and product_code=#{prdCode} and package_code='prod.1008600006571') 
			else (select count(1) from PRO_MEMBER_OPTIONAL_PKG where state='ENABLED' 
			and product_code=#{prdCode} and package_code='prod.10086000007981') end )extpkg -->
		from
		(select
		fm.product_code as prdCode,
		nvl(max(fm.apn_name),'') as
		apnName,
		count(fm.msisdn) as useCount,
		max(fm.PACKAGE_NAME) as pkgName,
		fm.PACKAGE_CODE as pkgCode,
		max(fm.PACKAGE_CHANNEL) channel
		from
		FLUX_POOL_MEM fm,
		<!-- M2M_PERSON partition (M2M_PERSON_PARTITION${part}) -->
		( select MSISDN,state from IOV_CARD 
		  union
		  select MSISDN,state from MAC_CARD 
		  union
		  select MSISDN,state from NB_CARD  
		  union
		  select MSISDN,state from CARD_9105 )
		mp
		where
		fm.msisdn = mp.msisdn
		and mp.state='ENABLED'
		and fm.POOL_PACKAGE
		='I00010300040'
		and fm.EFF_TYPE=0
		and fm.END_DATE  <![CDATA[ > ]]>
		(SYSDATE-1)

		<if test="ecCode != null and ecCode != ''">
			and fm.ec_code=#{ecCode}
		</if>
		<if test="prdCode != null and prdCode != ''">
			and fm.product_code=#{prdCode}
		</if>
		<if test="pkgCode != null and pkgCode != ''">
			and fm.package_code = #{pkgCode}
		</if>

		<!-- <if test="channel != null and channel != ''"> and fm.PACKAGE_CHANNEL 
			= #{channel} </if> -->
		group by fm.product_code,fm.PACKAGE_CODE) pkg
		left join
		(select
		fm.product_code as prdCode,
		nvl(max(fm.apn_name),'') as apnName,
		count(fm.msisdn) as memCount,
		max(fm.PACKAGE_NAME) as pkgName,
		fm.PACKAGE_CODE as pkgCode,
		max(fm.PACKAGE_CHANNEL) channel
		from
		FLUX_POOL_MEM fm,
		<!-- M2M_PERSON partition (M2M_PERSON_PARTITION${part}) -->
		( select MSISDN,state from IOV_CARD 
		  union
		  select MSISDN,state from MAC_CARD 
		  union
		  select MSISDN,state from NB_CARD  
		  union
		  select MSISDN,state from CARD_9105 )
		 mp
		where
		fm.msisdn = mp.msisdn
		and
		mp.state='ENABLED'
		and fm.POOL_PACKAGE
		='I00010300040'
		and fm.EFF_TYPE=0
		and fm.END_DATE  <![CDATA[ > ]]>
		(SYSDATE-1)
		and fm.EFF_DATE <![CDATA[ < ]]>
		add_months(last_day(SYSDATE+1),-1)

		<if test="ecCode != null and ecCode != ''">
			and fm.ec_code=#{ecCode}
		</if>
		<if test="prdCode != null and prdCode != ''">
			and fm.product_code=#{prdCode}
		</if>
		<if test="pkgCode != null and pkgCode != ''">
			and fm.package_code = #{pkgCode}
		</if>
		<!-- <if test="channel != null and channel != ''"> and fm.PACKAGE_CHANNEL 
			= #{channel} </if> -->
		group by fm.product_code,fm.PACKAGE_CODE)b
		on pkg.prdCode=b.prdCode
		and
		pkg.pkgCode=b.pkgCode
		group by pkg.prdCode,pkg.pkgCode
	</select>


	<select id="getTotalStreamForSharing" resultType="Map">
		SELECT PRODUCT_CODE,
		nvl(SPECIAL_TOTAL_STREAM,0) SPECIAL_TOTAL_STREAM,
		nvl(COMMON_TOTAL_STREAM,0) COMMON_TOTAL_STREAM
		FROM FLUX_POOL_MEM_SHARE
		WHERE 1=1

		<if test="month != null and month != ''">
			and STAT_MONTH = #{month}
		</if>
		<if test="ecCode != null and ecCode != ''">
			and ec_code=#{ecCode}
		</if>
		<if test="prdCode != null and prdCode != ''">
			and product_code = #{prdCode}
		</if>
	</select>

	<select id="findProductList"
		resultType="com.hvgroup.modules.customer.entity.CustomerProductVo">
			select ep.product_code prdCode, ep.product_name prdName
			  from ec_prod ep
			  inner join enterprise_customer ec on ec.ec_code = ep.ec_code
			  inner join areas a on a.area_id = ec.area_id
			 where ep.state = 'ENABLED'
			   and ep.ec_code = #{ecCode}
			<if test="areaId != null and areaId != ''">
	 			and a.area_id = #{areaId}
			</if>			   
	</select>

	<select id="findMainProduct" resultType="java.lang.String">
		SELECT
		gr.TO_CODE
		FROM
		group_rel gr
		WHERE
		gr.FROM_CODE = #{prdCode} AND
		gr.relation = 'putaway'
		UNION
		SELECT
		gr.TO_CODE
		FROM
		service_pkg sp
		INNER JOIN group_rel gr
		ON
		sp.PRODUCT_CODE = gr.FROM_CODE AND
		sp.PACKAGE_CODE = #{prdCode} AND
		gr.relation = 'putaway'

	</select>

	<select id="findProductInfo"
		resultType="com.hvgroup.modules.customer.entity.CustomerProductVo">

		select sub.prdCode,decode(sub.mainPrdCode,'','无主体产品',sub.mainPrdCode)
		as mainPrdCode,sub.prdName,sub.memCount,
		( SELECT
		to_char(OPEN_TIME,'yyyy-MM-dd hh24:mm:ss')
		FROM
		EC_PROD
		WHERE
		sub.prdCode=product_code
		)addDate
		from
		(
		select
		a.EC_CODE,a.PRODUCT_CODE as
		prdCode,a.PRODUCT_NAME as
		prdName,max(a.state),max(ps.product_code) as
		mainPrdCode,count(distinct mg.msisdn) as memCount
		from
		( select * from
		ec_prod where 1=1
		<if test="ecCode != null and ecCode != ''">
			and ec_code=#{ecCode}
		</if>
		<if test="prdCode != null and prdCode != ''">
			and product_code = #{prdCode}
		</if>
		) a left join 
		<!-- m2m_grpmem
		<if test="part != null and part != ''">
			partition(m2m_grpmem_PARTITION${part})
		</if> -->
		 (  select a.msisdn,a.EC_CODE,b.PRODUCT_CODE,a.package_code from IOV_PRI_PKG a
            left join IOV_CARD b on a.msisdn = b.msisdn and a.ec_code = b.ec_code
            where a.STATE = 'ENABLED' and b.STATE = 'ENABLED' 
            union
            select a.msisdn,a.EC_CODE,b.PRODUCT_CODE,a.package_code from MAC_PRI_PKG a
            left join MAC_CARD b on a.msisdn = b.msisdn and a.ec_code = b.ec_code
            where a.STATE = 'ENABLED' and b.STATE = 'ENABLED' 
            union
            select a.msisdn,a.EC_CODE,b.PRODUCT_CODE,a.package_code from NB_PRI_PKG a
            left join NB_CARD b on a.msisdn = b.msisdn and a.ec_code = b.ec_code
            where a.STATE = 'ENABLED' and b.STATE = 'ENABLED' 
            union
            select a.msisdn,a.EC_CODE,b.PRODUCT_CODE,a.package_code from PRI_PKG_9105 a
            left join CARD_9105 b on a.msisdn = b.msisdn and a.ec_code = b.ec_code
            where a.STATE = 'ENABLED' and b.STATE = 'ENABLED'  
         ) 
		mg
		ON a.EC_CODE = mg.EC_CODE AND
		a.PRODUCT_CODE = mg.PRODUCT_CODE 
		<!-- and mg.state='ENABLED' -->
		left JOIN product_suites ps
		ON mg.package_code LIKE
		'%'||ps.product_code AND
		ps.TYPE = '0'
		group by
		a.ec_code,a.product_code,a.product_name
		) sub
	</select>

	<select id="queryPrdMsisdnList"
		resultType="com.hvgroup.modules.customer.entity.CustomerProductVo">
		<!-- select sub.msisdn,
		to_char(sub.start_date,'yyyy-MM-dd hh24:mm:ss')
		addDate,
		decode((SELECT MAX(LIFE_CYCLE)FROM m2m_person WHERE msisdn = sub.msisdn ),
		'TEST','测试期',
		'SILENT','沉默期',
		'NORMAL','正使用',
		'STOP','停机',
		'PRECLOSE','预约销户',
		'CANCEL','销户',
		'STOCK','库存期',
		'OTHERS',、'其他','-') AS
		lifecycle
		from(
		<include refid="pageSqlStart" />
		select distinct mg.msisdn,max(mg.start_date) start_date
		from m2m_grpmem
		<if test="part != null and part != ''">
			partition(m2m_grpmem_PARTITION${part})
		</if>
		mg
		where mg.state='ENABLED'
		<if test="ecCode != null and ecCode != ''">
			and mg.ec_code=#{ecCode}
		</if>
		<if test="prdCode != null and prdCode != ''">
			and mg.product_code = #{prdCode}
		</if>
		<include refid="prdSearchSql" />
		group by mg.msisdn
		<include refid="pageSqlEnd" />
		)sub -->
		
		select sub.msisdn,
		to_char(sub.start_date,'yyyy-MM-dd hh24:mm:ss')
		addDate,
		decode(sub.life_cycle,
		'TEST','测试期',
		'SILENT','沉默期',
		'NORMAL','正使用',
		'STOP','停机',
		'PRECLOSE','预约销户',
		'CANCEL','销户',
		'STOCK','库存期',
		'OTHERS',、'其他','-') AS
		lifecycle
		from(
		<include refid="pageSqlStart" />
		select mg.msisdn,
		       max(mg.start_date) start_date,
		       max(c.life_cycle) life_cycle
		  from IOV_PRI_PKG mg
		  left join IOV_CARD c
		    on mg.msisdn = c.msisdn
		 where mg.state = 'ENABLED'
		 <if test="ecCode != null and ecCode != ''">
			and mg.ec_code=#{ecCode}
		</if>
		<if test="prdCode != null and prdCode != ''">
			and mg.product_code = #{prdCode}
		</if>
		<include refid="prdSearchSql" />
		 group by mg.msisdn
		union
		select mg.msisdn,
		       max(mg.start_date) start_date,
		       max(c.life_cycle) life_cycle
		  from MAC_PRI_PKG mg
		  left join MAC_CARD c
		    on mg.msisdn = c.msisdn
		 where mg.state = 'ENABLED'
		 <if test="ecCode != null and ecCode != ''">
			and mg.ec_code=#{ecCode}
		</if>
		<if test="prdCode != null and prdCode != ''">
			and mg.product_code = #{prdCode}
		</if>
		<include refid="prdSearchSql" />
		 group by mg.msisdn
		union
		select mg.msisdn,
		       max(mg.start_date) start_date,
		       max(c.life_cycle) life_cycle
		  from NB_PRI_PKG mg
		  left join NB_CARD c
		    on mg.msisdn = c.msisdn
		 where mg.state = 'ENABLED'
		 <if test="ecCode != null and ecCode != ''">
			and mg.ec_code=#{ecCode}
		</if>
		<if test="prdCode != null and prdCode != ''">
			and mg.product_code = #{prdCode}
		</if>
		<include refid="prdSearchSql" />
		 group by mg.msisdn
		union
		select mg.msisdn,
		       max(mg.start_date) start_date,
		       max(c.life_cycle) life_cycle
		  from PRI_PKG_9105 mg
		  left join CARD_9105 c
		    on mg.msisdn = c.msisdn
		 where mg.state = 'ENABLED'
		 <if test="ecCode != null and ecCode != ''">
			and mg.ec_code=#{ecCode}
		</if>
		<if test="prdCode != null and prdCode != ''">
			and mg.product_code = #{prdCode}
		</if>
		<include refid="prdSearchSql" />
		 group by mg.msisdn
		<include refid="pageSqlEnd" />
		)sub

	</select>

	<select id="queryPrdMsisdnListCount" resultType="Long">

		select count(1) from (
		select distinct mg.msisdn,max(mg.start_date)
		start_date
		from 
		<!-- m2m_grpmem
		<if test="part != null and part != ''">
			partition(m2m_grpmem_PARTITION${part})
		</if> -->
		(  select a.msisdn,a.EC_CODE,b.PRODUCT_CODE,a.start_date from IOV_PRI_PKG a
            left join IOV_CARD b on a.msisdn = b.msisdn and a.ec_code = b.ec_code
            where a.STATE = 'ENABLED' and b.STATE = 'ENABLED' 
            union
            select a.msisdn,a.EC_CODE,b.PRODUCT_CODE,a.start_date from MAC_PRI_PKG a
            left join MAC_CARD b on a.msisdn = b.msisdn and a.ec_code = b.ec_code
            where a.STATE = 'ENABLED' and b.STATE = 'ENABLED' 
            union
            select a.msisdn,a.EC_CODE,b.PRODUCT_CODE,a.start_date from NB_PRI_PKG a
            left join NB_CARD b on a.msisdn = b.msisdn and a.ec_code = b.ec_code
            where a.STATE = 'ENABLED' and b.STATE = 'ENABLED' 
            union
            select a.msisdn,a.EC_CODE,b.PRODUCT_CODE,a.start_date from PRI_PKG_9105 a
            left join CARD_9105 b on a.msisdn = b.msisdn and a.ec_code = b.ec_code
            where a.STATE = 'ENABLED' and b.STATE = 'ENABLED'  
         ) 
		mg
		where 1=1
		<if test="ecCode != null and ecCode != ''">
			and mg.ec_code=#{ecCode}
		</if>
		<if test="prdCode != null and prdCode != ''">
			and mg.product_code = #{prdCode}
		</if>
		<include refid="prdSearchSql" />
		group by mg.msisdn

		) temp


	</select>


	<sql id="prdSearchSql">

		<if test="msisdn != null and msisdn != ''">
			and mg.msisdn like '%' || #{msisdn} || '%'
		</if>

		<if test="lifecycle != null and lifecycle != ''">
			and mg.msisdn in (
				<!-- select msisdn from m2m_person where LIFE_CYCLE =
				#{lifecycle} -->
			   select msisdn from IOV_CARD where LIFE_CYCLE = #{lifecycle}
		       union
		       select msisdn from MAC_CARD  where LIFE_CYCLE = #{lifecycle}
		       union
		       select msisdn from NB_CARD  where LIFE_CYCLE = #{lifecycle}
		       union
		       select msisdn from CARD_9105  where LIFE_CYCLE = #{lifecycle}
			)
			
			
			<!-- <if test="lifecycle == 'test'"> (p.run_code = 'US10' and exists (select 
				1 from m2m_grpmem m, atomic_products a where m.package_code = a.package_code 
				and m.state = 'ENABLED' and a.pkg_type = 'PKG_TYPE_TEST' and m.msisdn = p.msisdn 
				union select 1 from m2m_per_pkg m, atomic_products a where m.package_code 
				= a.package_code and m.state = 'ENABLED' and a.pkg_type = 'PKG_TYPE_TEST' 
				and m.msisdn = p.msisdn) ) </if> <if test="lifecycle == 'normal'"> (p.run_code 
				= 'US10' and not exists (select 1 from m2m_grpmem m, atomic_products a where 
				m.package_code = a.package_code and m.state = 'ENABLED' and a.pkg_type = 
				'PKG_TYPE_TEST' and m.msisdn = p.msisdn union select 1 from m2m_per_pkg m, 
				atomic_products a where m.package_code = a.package_code and m.state = 'ENABLED' 
				and a.pkg_type = 'PKG_TYPE_TEST' and m.msisdn = p.msisdn) ) </if> <if test="lifecycle 
				== 'stop'"> p.run_code in ( select * from table(SPLITSTR((select include_state_codes 
				from PRO_USER_STATE where code='STOP'),',')) ) </if> <if test="lifecycle 
				== 'preclose'"> p.run_code in ( select * from table(SPLITSTR((select include_state_codes 
				from PRO_USER_STATE where code='PRECLOSE'),',')) ) </if> <if test="lifecycle 
				== 'silent'"> p.run_code in ( select * from table(SPLITSTR((select include_state_codes 
				from PRO_USER_STATE where code='SILENT'),',')) ) </if> <if test="lifecycle 
				== 'cancel'"> p.run_code in ( select * from table(SPLITSTR((select include_state_codes 
				from PRO_USER_STATE where code='CANCEL'),',')) ) </if> -->
		</if>


	</sql>

	<!-- 查询客户基本信息 -->
	<select id="queryCustomer"
		resultType="com.hvgroup.modules.customer.entity.CustomerBaseInfo">
	<!-- select t.ec_code ecCode,max(t.ec_name) ecName,max(t.enterprise_level)
	ecLevel,max(a.area_name) area,
	max(stat.total_sim_count) totalCount,to_char(max(t.create_date),'yyyy-MM-dd hh24:mm:ss')
	createDate,
	max(stat.sms_count) smsCount,  短信用户数
	sum(stat.month_flow) monthFlow, 本月流量
	sum(stat.last_month_fee) lastMonthFee, 上月总费用
	wm_concat(distinct p.main_prod_name) mainProdName
	from enterprise_customer t
	left join RPT_EC_MEM_STAT_PPROD stat on stat.ec_code=t.ec_code
	left join prod_card_type p on stat.main_package_code = 'AppendAttr.' ||
	p.main_prod_id and p.prod_type='EC'
	left join areas a on a.area_id=t.area_id
	where t.ec_code= #{ecCode}
	and stat.start_day = (select max(start_day) from RPT_EC_MEM_STAT_PPROD )
	group by t.ec_code -->

	select t.ec_code ecCode,t.ec_name ecName,
	t.enterprise_level ecLevel,a.area_name area,
	stat.total_sim_count totalCount,
	to_char(t.create_date,'yyyy-MM-dd hh24:mm:ss') createDate,
	stat.sms_count smsCount, <!-- 短信用户数 -->
	stat.month_flow monthFlow, <!-- 本月流量 -->
	stat.last_month_fee  lastMonthFee<!-- 上月总费用 -->
	from enterprise_customer t
	left join RPT_EC_MEM_STAT_ALL_NEW<if test='dbConnectionMode =="1" '>@IOTLINK_ST</if> stat on stat.ec_code=t.ec_code
	left join areas a on a.area_id=t.area_id
	where t.ec_code= #{ecCode}
	and stat.start_day = (select max(start_day) from RPT_EC_MEM_STAT_ALL_NEW<if test='dbConnectionMode =="1" '>@IOTLINK_ST</if> )
  
	</select>

	<select id="findProductInfoNew"
		resultType="com.hvgroup.modules.customer.entity.CustomerProductVo">
		
		select ec.product_code prdCode,ec.product_name prdName,apply.name applyName,rpt.main_package_code mainPrdCode,
		pr.main_prod_name mainPrdName from ec_prod ec 
    	left join (select r.* from rpt_ec_mem_stat_pprod r
     	where r.start_day = (select max(start_day) from rpt_ec_mem_stat_pprod)) rpt on rpt.ec_code = ec.ec_code and ec.product_code = rpt.product_code
    	left join prod_card_type pr on rpt.main_package_code = 'AppendAttr.' || pr.main_prod_id 
		left join pro_iot_apply  apply on apply.id = ec.apply_id
    	where ec.ec_code = #{ecCode} and ec.product_code = #{prdCode} and ec.state = 'ENABLED'
		and rownum <![CDATA[ < ]]>  2 
		<!-- select t.product_code prdCode,ec.product_name prdName,
		to_char(ec.open_time,'yyyy-MM-dd hh24:mm:ss') addDate,apply.name applyName,
		t.main_package_codepr.main_prod_id  mainPrdCode,pr.main_prod_name mainPrdName
		from rpt_ec_mem_stat_pprod t left join ec_prod ec on ec.ec_code =
		t.ec_code and ec.product_code = t.product_code
		left join prod_card_type pr on t.main_package_code = 'AppendAttr.' || pr.main_prod_id 
		left join pro_iot_apply  apply on apply.id = t.apply_id
		where t.start_day = (select max(start_day) from rpt_ec_mem_stat_pprod)
		and t.ec_code=#{ecCode} and t.product_code = #{prdCode}
		and rownum <![CDATA[ < ]]>  2 -->
	</select>

	<select id="queryPrdMsisdnListCountNew" resultType="long">
		<!-- select
		count(distinct m.msisdn)
		from m2m_person m
		where m.ec_code=#{ecCode}
		<if test="prdCode !=null and prdCode !='' ">
			and m.product_code=#{prdCode}
		</if>
		<if test="lifecycle !=null and lifecycle !='' ">
			and m.life_cycle=#{lifecycle}
		</if>
		<if test="msisdn !=null and msisdn !='' ">
			and m.msisdn=#{msisdn}
		</if>
		and m.state = 'ENABLED' -->
		
		select sum(counts) from (
			select
			count(distinct m.msisdn) counts
			from IOV_CARD m
			where m.ec_code=#{ecCode}
			<if test="prdCode !=null and prdCode !='' ">
				and m.product_code=#{prdCode}
			</if>
			<if test="lifecycle !=null and lifecycle !='' ">
				and m.life_cycle=#{lifecycle}
			</if>
			<if test="msisdn !=null and msisdn !='' ">
				and m.msisdn=#{msisdn}
			</if>
			and m.state = 'ENABLED'
			union all
			select
			count(distinct m.msisdn) counts
			from MAC_CARD m
			where m.ec_code=#{ecCode}
			<if test="prdCode !=null and prdCode !='' ">
				and m.product_code=#{prdCode}
			</if>
			<if test="lifecycle !=null and lifecycle !='' ">
				and m.life_cycle=#{lifecycle}
			</if>
			<if test="msisdn !=null and msisdn !='' ">
				and m.msisdn=#{msisdn}
			</if>
			and m.state = 'ENABLED'
			union all
			select
			count(distinct m.msisdn) counts
			from NB_CARD m
			where m.ec_code=#{ecCode}
			<if test="prdCode !=null and prdCode !='' ">
				and m.product_code=#{prdCode}
			</if>
			<if test="lifecycle !=null and lifecycle !='' ">
				and m.life_cycle=#{lifecycle}
			</if>
			<if test="msisdn !=null and msisdn !='' ">
				and m.msisdn=#{msisdn}
			</if>
			and m.state = 'ENABLED'
			union all
			select
			count(distinct m.msisdn) counts
			from CARD_9105 m
			where m.ec_code=#{ecCode}
			<if test="prdCode !=null and prdCode !='' ">
				and m.product_code=#{prdCode}
			</if>
			<if test="lifecycle !=null and lifecycle !='' ">
				and m.life_cycle=#{lifecycle}
			</if>
			<if test="msisdn !=null and msisdn !='' ">
				and m.msisdn=#{msisdn}
			</if>
			and m.state = 'ENABLED'
		)
		
	</select>
	<!-- 查找产品下总成员数 -->
	<select id="findProductMemberNumber" resultType="long">
		<!-- select
		count(distinct m.msisdn)
		from m2m_person 
		<if test=" part !=null and part !='' ">
		 partition(M2M_PERSON_PARTITION${part})
		</if>
		m
		where m.ec_code=#{ecCode}
		<if test="prdCode !=null and prdCode !='' ">
			and m.product_code=#{prdCode}
		</if>
		and m.state = 'ENABLED' -->
		
		select sum(counts) from (
			select
			count(distinct m.msisdn) counts
			from IOV_CARD m
			where m.ec_code=#{ecCode}
			<if test="prdCode !=null and prdCode !='' ">
				and m.product_code=#{prdCode}
			</if>
			and m.state = 'ENABLED'
			union all
			select
			count(distinct m.msisdn) counts
			from MAC_CARD m
			where m.ec_code=#{ecCode}
			<if test="prdCode !=null and prdCode !='' ">
				and m.product_code=#{prdCode}
			</if>
			and m.state = 'ENABLED'
			union all
			select
			count(distinct m.msisdn) counts
			from NB_CARD m
			where m.ec_code=#{ecCode}
			<if test="prdCode !=null and prdCode !='' ">
				and m.product_code=#{prdCode}
			</if>
			and m.state = 'ENABLED'
			union all
			select
			count(distinct m.msisdn) counts
			from CARD_9105 m
			where m.ec_code=#{ecCode}
			<if test="prdCode !=null and prdCode !='' ">
				and m.product_code=#{prdCode}
			</if>
			and m.state = 'ENABLED'
		)
		
	</select>
	
	

	<!-- <select id="queryPrdMsisdnListNew" resultType="com.hvgroup.modules.customer.entity.CustomerProductVo"> 
		<include refid="pageSqlStart" /> select distinct t.msisdn msisdn, t.imei 
		imei,t.imsi imsi, t.iccid iccid, decode(t.life_cycle ,'TEST','测试期','SILENT','沉默期','NORMAL', 
		'正使用','STOP','停机', 'PRECLOSE','预约销户','CANCEL','销户','STOCK','库存期','OTHERS', 
		'其他','-') as lifecycle, to_char(t.open_time,'yyyy-MM-dd hh24:mm:ss') openTime, 
		to_char(t.ACTIVATE_DATE,'yyyy-MM-dd hh24:mm:ss') activateTime, decode(t.user_type,'PN','专网卡','9105','行业卡','行业卡') 
		userType from m2m_person t where t.ec_code=#{ecCode} and t.product_code=#{prdCode} 
		<include refid="pageSqlEnd" /> </select> -->

	<select id="queryPrdMsisdnListNew" resultType="com.hvgroup.modules.customer.entity.MsisdnBean">

		select
		sub.msisdn,
		<!-- (case sub.userType when 'PN' then '物联网卡' else '动力100'
		end) as userType, -->
		sub.ecCode,
		sub.iccid,
		sub.imei,
		sub.imsi,

		decode(lifeCycle,
		'TEST','测试期',
		'SILENT','沉默期',
		'NORMAL','正使用',
		'FREEZING','冷冻期',
		'STOP','停机',
		'PRECLOSE','预约销户',
		'CANCEL','销户',
		'STOCK','库存期',
		'OTHERS','其他',
		'-'
		) as runCode,
		to_char(sub.openTime,'yyyy-mm-dd
		hh24:mi:ss') as openTime,
		(case
		when to_char(sub.activateDate,'yyyy') =
		'1970'
		then
		'-'
		else
		to_char(sub.activateDate,'yyyy-mm-dd hh24:mi:ss')
		end)as activateDate,
		(
			<!-- select
			wm_concat(mai.package_code||'|'||mai.apn_state||';'||mai.apn_name) as
			pkgInfo
			from m2m_apn_info mai
			where mai.msisdn=sub.msisdn
			and
			mai.state='ENABLED'
			AND mai.START_TIME <![CDATA[<= ]]>SYSDATE
			AND mai.END_TIME <![CDATA[ >= ]]>SYSDATE
			and mai.package_code in
			('I00010100035','I00010100085','I00010100092','I00010100093','PCRF00010100085','PCRF00010100093') -->
			
			 select wm_concat(mai.package_code || '|' || mai.apn_state || ';' || mai.apn_name) as pkgInfo
			  from 
			   (  select a.msisdn,a.status apn_state,a.apn_name,a.PACKAGE_CODE from IOV_CONNECT_INFO a
		          left join IOV_FUNC_PKG b on a.msisdn = b.msisdn and a.package_code = b.package_code  
		          where a.STATE = 'ENABLED' and b.state = 'ENABLED'
		          and a.package_code in ('I00010100035', 'I00010100085', 'I00010100092','I00010100093','PCRF00010100085','PCRF00010100093')
		          union
		          select a.msisdn,a.status apn_state,a.apn_name,a.PACKAGE_CODE from MAC_CONNECT_INFO a 
		          left join MAC_FUNC_PKG  b on a.msisdn = b.msisdn and a.package_code = b.package_code
		          where a.STATE = 'ENABLED' and b.state = 'ENABLED'
		          and a.package_code in ('I00010100035', 'I00010100085', 'I00010100092','I00010100093','PCRF00010100085','PCRF00010100093') 
		          union
		          select a.msisdn,a.status apn_state,a.apn_name,a.PACKAGE_CODE from NB_CONNECT_INFO a 
		          left join NB_FUNC_PKG  b on a.msisdn = b.msisdn and a.package_code = b.package_code
		          where a.STATE = 'ENABLED' and b.state = 'ENABLED'
		          and a.package_code in ('I00010100035', 'I00010100085', 'I00010100092','I00010100093','PCRF00010100085','PCRF00010100093') 
		          union
				  select a.msisdn,a.status apn_state,b.apn_name,a.PACKAGE_CODE from CONNECT_INFO_9105 a
				  left join FUNC_PKG_9105 b on a.msisdn = b.msisdn and a.package_code = b.package_code
				  where a.state = 'ENABLED' and b.state = 'ENABLED'
		          and a.package_code in ('I00010100035', 'I00010100085', 'I00010100092','I00010100093','PCRF00010100085','PCRF00010100093') 
		        ) mai
			  where mai.msisdn=sub.msisdn
		) as returnStr,
		(
			case when 1 in (select 1
			from 
			<!-- m2m_grpmem -->
			 ( select MSISDN,PACKAGE_CODE from IOV_PRI_PKG where STATE = 'ENABLED'  
			   union
			   select MSISDN,PACKAGE_CODE from MAC_PRI_PKG where STATE = 'ENABLED'  
			   union
			   select MSISDN,PACKAGE_CODE from NB_PRI_PKG where STATE = 'ENABLED' 
			   union
			   select MSISDN,PACKAGE_CODE from PRI_PKG_9105 where STATE = 'ENABLED' 
			 ) 
			 m,
			atomic_products a
			where m.package_code = a.package_code
			<!-- and m.state ='ENABLED' -->
			and a.state = 'ENABLED'
			and a.visible = '1'
			and
			a.BUS_CATEGORY='SMS'
			and m.msisdn = sub.msisdn)
			then '开'
			else '关'
			end
		) as
		smsSwitch,
		(case when 1 in (select 1
		from 
		<!-- m2m_grpmem -->
		(   select MSISDN,PACKAGE_CODE from IOV_PRI_PKG where STATE = 'ENABLED'  
			union
			select MSISDN,PACKAGE_CODE from MAC_PRI_PKG where STATE = 'ENABLED'  
			union
			select MSISDN,PACKAGE_CODE from NB_PRI_PKG where STATE = 'ENABLED' 
			union
			select MSISDN,PACKAGE_CODE from PRI_PKG_9105 where STATE = 'ENABLED' 
		) 
		 m, atomic_products
		a
		where m.package_code = a.package_code
		<!-- and m.state = 'ENABLED' -->
		and a.state = 'ENABLED'
		and a.visible = '1'
		and a.BUS_CATEGORY='VOICE'
		and
		m.msisdn = sub.msisdn)
		then '开'
		else '关'
		end
		) as voiceSwitch,
		remark
		remark
		from

		(
		<include refid="pageSqlStart" />
		select p.msisdn,
		max(p.ec_code) ecCode,
		<!-- max(user_type) userType, -->
		max(iccid) iccid,
		max(imei) imei,
		max(imsi) imsi,
		max(LIFE_CYCLE) as
		lifeCycle,
		max(open_time) as openTime,
		max(activate_date) as
		activateDate,
		max(remark) remark
		from 
		<!-- M2M_PERSON
		<if test="part != null and part != ''">
			partition(M2M_PERSON_PARTITION${part})
		</if> -->
		IOV_CARD
		p
		where state='ENABLED'
		and ec_code= #{ecCode} and product_code=
		#{prdCode}
		<if test="msisdn !=null and msisdn !='' ">
			and p.msisdn=#{msisdn}
		</if>
		<if test="lifecycle !=null and lifecycle !='' ">
			and p.life_cycle=#{lifecycle}
		</if>
		and state='ENABLED'
		group by p.msisdn
		union
		select p.msisdn,
		max(p.ec_code) ecCode,
		<!-- max(user_type) userType, -->
		max(iccid) iccid,
		max(imei) imei,
		max(imsi) imsi,
		max(LIFE_CYCLE) as
		lifeCycle,
		max(open_time) as openTime,
		max(activate_date) as
		activateDate,
		max(remark) remark
		from 
		<!-- M2M_PERSON
		<if test="part != null and part != ''">
			partition(M2M_PERSON_PARTITION${part})
		</if> -->
		MAC_CARD
		p
		where state='ENABLED'
		and ec_code= #{ecCode} and product_code=
		#{prdCode}
		<if test="msisdn !=null and msisdn !='' ">
			and p.msisdn=#{msisdn}
		</if>
		<if test="lifecycle !=null and lifecycle !='' ">
			and p.life_cycle=#{lifecycle}
		</if>
		and state='ENABLED'
		group by p.msisdn
		union
		select p.msisdn,
		max(p.ec_code) ecCode,
		<!-- max(user_type) userType, -->
		max(iccid) iccid,
		max(imei) imei,
		max(imsi) imsi,
		max(LIFE_CYCLE) as
		lifeCycle,
		max(open_time) as openTime,
		max(activate_date) as
		activateDate,
		max(remark) remark
		from 
		<!-- M2M_PERSON
		<if test="part != null and part != ''">
			partition(M2M_PERSON_PARTITION${part})
		</if> -->
		NB_CARD
		p
		where state='ENABLED'
		and ec_code= #{ecCode} and product_code=
		#{prdCode}
		<if test="msisdn !=null and msisdn !='' ">
			and p.msisdn=#{msisdn}
		</if>
		<if test="lifecycle !=null and lifecycle !='' ">
			and p.life_cycle=#{lifecycle}
		</if>
		and state='ENABLED'
		group by p.msisdn
		union
		select p.msisdn,
		max(p.ec_code) ecCode,
		<!-- max(user_type) userType, -->
		max(iccid) iccid,
		max(imei) imei,
		max(imsi) imsi,
		max(LIFE_CYCLE) as
		lifeCycle,
		max(open_time) as openTime,
		max(activate_date) as
		activateDate,
		max(remark) remark
		from 
		<!-- M2M_PERSON
		<if test="part != null and part != ''">
			partition(M2M_PERSON_PARTITION${part})
		</if> -->
		CARD_9105
		p
		where state='ENABLED'
		and ec_code= #{ecCode} and product_code=
		#{prdCode}
		<if test="msisdn !=null and msisdn !='' ">
			and p.msisdn=#{msisdn}
		</if>
		<if test="lifecycle !=null and lifecycle !='' ">
			and p.life_cycle=#{lifecycle}
		</if>
		and state='ENABLED'
		group by p.msisdn
		
		<include refid="pageSqlEnd" />
		) sub


	</select>
	
	<!-- 查找apn信息 -->
	<select id="findApnInfoList" resultType="com.hvgroup.modules.customer.entity.customerBase.ApnInfo">
	SELECT gai.apn_name apnName,
    count(distinct  mp.MSISDN) apnCusCount
    FROM 
    <!-- m2m_apn_info -->
    ( select msisdn,apn_name from IOV_CONNECT_INFO  where STATE = 'ENABLED' 
      union
      select msisdn,apn_name from MAC_CONNECT_INFO  where STATE = 'ENABLED'
      union
      select msisdn,apn_name from NB_CONNECT_INFO  where STATE = 'ENABLED'
      union
      select msisdn,apn_name from FUNC_PKG_9105  where STATE = 'ENABLED'
    )
     mp 
    join
    <!-- M2M_PERSON 
    <if test="part !=null and part !='' ">
    partition(M2M_PERSON_PARTITION${part})
    </if> -->
    ( select MSISDN,ec_code,state from IOV_CARD 
	  union
	  select MSISDN,ec_code,state from MAC_CARD 
	  union
	  select MSISDN,ec_code,state from NB_CARD  
	  union
	  select MSISDN,ec_code,state from CARD_9105)
    per on per.msisdn = mp.msisdn
    left join group_apn_info gai on gai.ec_code = per.ec_code
    WHERE 
    per.STATE='ENABLED'
  <!--  AND mp.STATE = 'ENABLED'
     and (sysdate <![CDATA[>=]]> mp.START_TIME and sysdate <![CDATA[<=]]> mp.END_TIME) -->
    and gai.ec_code = per.ec_code
    and per.ec_code = #{ecCode}
    and mp.apn_name = gai.apn_name
    and gai.apn_name is not null
    group by gai.apn_name
	</select>
	
	<select id="productInfo"
	resultType="com.hvgroup.modules.customer.entity.customerBase.ProductInfo">
	select t.product_code productCode,max(pct.main_prod_name) mainProductName,
	max(apply.name) applyType, to_char(MIN(ec.OPEN_TIME),'yyyy-MM-dd HH24:mm') createTime
	,sum(t.total_sim_count) cusCount from rpt_ec_mem_stat_pprod t
	join ec_prod ec on t.ec_code = ec.ec_code and t.product_code =
	ec.product_code
	left join prod_card_type pct on t.main_package_code =
	'AppendAttr.'||pct.main_prod_id
	left join pro_iot_apply apply on apply.id = t.apply_id
	where t.ec_code = #{ecCode}
	and t.start_day = (select max(start_day) from rpt_ec_mem_stat_pprod)
	group by t.product_code
</select>

	<select id="comboList" resultType="com.hvgroup.modules.customer.entity.customerBase.PackageInfo">

	<!-- select t.package_code packageCode,max(t.package_name) packageName,
	max(t.package_type) packageType,count(distinct t.msisdn) cusCount
	 from m2m_grpmem 
	<if test="part !=null and part !='' ">
	partition(M2M_GRPMEM_PARTITION${part}) 
	</if>
	t
	where t.state='ENABLED'
	and t.ec_code = #{ecCode}
	group by t.package_code -->
	
  select t.package_code packageCode,max(a.package_name) packageName,
  <!-- max(t.package_type) packageType, -->(case max(a.pkg_type)  when 'PKG_TYPE_TEST' then '测试期套餐'
  when 'PKG_TYPE_MONTH' then '月套餐'
  when 'PKG_TYPE_PEACE' then '安心包'
  when 'PKG_TYPE_REFUEL' then '加油包'
  when 'PKG_TYPE_MARKET' then '营销包'
  when 'PKG_TYPE_QUARTER' then '季包'
  when 'PKG_TYPE_HALF_YEAR' then '半年包'
  when 'PKG_TYPE_YEAR' then '年包'
  when 'PKG_TYPE_IDLE' then '闲时流量套餐'
  else '--' end) pkgType ,count(distinct t.msisdn) cusCount
   from 
   <!-- m2m_grpmem 
   <if test="part !=null and part !='' ">
	partition(M2M_GRPMEM_PARTITION${part}) 
	</if> -->
	(  select MSISDN,PACKAGE_CODE from IOV_PRI_PKG where STATE = 'ENABLED' and ec_code = #{ecCode} 
	   union
	   select MSISDN,PACKAGE_CODE from MAC_PRI_PKG where STATE = 'ENABLED' and ec_code = #{ecCode}  
	   union
	   select MSISDN,PACKAGE_CODE from NB_PRI_PKG where STATE = 'ENABLED' and ec_code = #{ecCode}  
	   union
	   select MSISDN,PACKAGE_CODE from PRI_PKG_9105 where STATE = 'ENABLED' and ec_code = #{ecCode}  
	   ) 
   	t
   join atomic_products a on t.package_code = a.package_code <!-- 内连接只查询原子套餐 -->
	where 1=1 <!-- and t.state='ENABLED'
	and t.ec_code = #{ecCode} -->
	group by t.package_code

</select>
	
	<select id="flowSharePoolInfo"
	resultType="com.hvgroup.modules.customer.entity.customerBase.FlowSharePool">

	select t.product_code productCode,t.common_package_code packageCode, ap.package_name packageName,
	(select count(distinct msisdn) from flux_pool_mem m where m.ec_code = #{ecCode} and
	m.product_code = t.product_code and m.eff_type = 0) cusCount
	from flux_pool_mem_share t
	left join atomic_products ap on ap.package_code = t.common_package_code
	where t.ec_code = #{ecCode} and t.STAT_MONTH = to_char(sysdate,'yyyy-MM')

</select>

	<select id="flowPoolInfo"
	resultType="com.hvgroup.modules.customer.entity.customerBase.FlowSharePool">
	select
	t.product_code productCode,max(t.package_code) packageCode,max(t.package_name) packageName,count(distinct
	t.msisdn)  cusCount from flux_pool_mem t
	where t.pool_package in ('I00010300046','I00010300045') and t.eff_type = '0'
	and t.ec_code = #{ecCode}
	group by t.product_code

</select>

<!-- List<EcMemStatVo> findCardStateCountByEc(Map<String, String> params); -->

	<select id="findCardStateCountByEc"
			resultType="com.hvgroup.modules.customer.entity.customerBase.EcMemStatVo">
		select #{currentMonth} as statMonth,
		       t.ec_membercnt AS totalCount,
		       t.ec_test AS testCount, 
		       t.ec_silent AS unActivateCount,
		       t.ec_normal AS normalCount,
		       t.ec_stop as stopCount,
		       t.ec_preclose as cancleCount,
		       t.EC_STOCK as stockCount
		  FROM TMP_MEMBER_CRON_STAT t
		 where t.ec_code = #{ecCode}
		UNION ALL <!-- sql优化 edit 20180412 -->	   
		select stat_date as statMonth,
			   total_sim_count as totalCount,
			   test_sim_count as testCount,
			   silent_sim_count as unActivateCount,
			   normal_sim_count as normalCount,
			   stop_sim_count as stopCount,
			   pcancel_sim_count as cancleCount,
			   STOCK_SIM_COUNT as stockCount
		from rpt_ec_mem_stat_mm where
		1=1
		<if test="ecCode != null and ecCode !='' ">
			and ec_code=#{ecCode}
		</if>
		<if test="firstMonth != null and firstMonth !='' ">
			and stat_date<![CDATA[>=]]>#{firstMonth}
		</if>
		<if test="currentMonth != null and currentMonth !='' ">
			and stat_date<![CDATA[<]]>#{currentMonth}
		</if>
		order by statMonth desc
		

</select>
	
	<!-- 查询额外信息 流量池...-->
	<select id="flowSharePool" resultType="java.lang.Integer">
	SELECT count(1)
	FROM FLUX_POOL_MEM fm
	WHERE
	fm.POOL_PACKAGE = 'I00010300040' AND
	fm.EFF_TYPE = 0 AND
	fm.END_DATE >
	(SYSDATE - 1) AND
	fm.ec_code = #{ecCode}
</select>
	<select id="flowPool" resultType="java.lang.Integer">
	SELECT count(fm.product_code)
    FROM FLUX_POOL_MEM fm
    WHERE 
    fm.EFF_TYPE = 0 AND
    (fm.POOL_PACKAGE = 'I00010300045' OR
    fm.POOL_PACKAGE = 'I00010300046') AND
	fm.ec_code = #{ecCode}
</select>
	<select id="extPkg" resultType="java.lang.Integer">
	SELECT
    count(1)
    FROM FLUX_POOL_MEM fm ,PRO_MEMBER_OPTIONAL_PKG pkg
    WHERE 
    fm.POOL_PACKAGE = 'I00010300040' AND
    fm.EFF_TYPE = 0 AND
    fm.END_DATE > (SYSDATE - 1)
    and fm.package_code=pkg.package_code and
    pkg.state='ENABLED'
    and fm.ec_code = #{ecCode}
    and (
    (fm.package_channel='1' and pkg.package_code='prod.10086000006570')
    or
    ( fm.package_channel='2' and (pkg.package_code='prod.10086000006571'
    or pkg.package_code='prod.10086000007981'))
    )
</select>

	<select id="voiceCount" resultType="java.lang.Integer">
	<!-- select count(1) from m2m_grpmem t where 
	t.ec_code = #{ecCode}
	and  t.package_code in
	('I00010100097','I00010100095') and t.state = 'ENABLED' -->
	
	select count(1)
	from(
	   select MSISDN,PACKAGE_CODE from IOV_PRI_PKG where STATE = 'ENABLED' and package_code in ('I00010100097', 'I00010100095') and ec_code = #{ecCode} 
	   union
	   select MSISDN,PACKAGE_CODE from MAC_PRI_PKG where STATE = 'ENABLED' and package_code in ('I00010100097', 'I00010100095') and ec_code = #{ecCode}  
	   union
	   select MSISDN,PACKAGE_CODE from NB_PRI_PKG where STATE = 'ENABLED' and package_code in ('I00010100097', 'I00010100095') and ec_code = #{ecCode}  
	   union
	   select MSISDN,PACKAGE_CODE from PRI_PKG_9105 where STATE = 'ENABLED' and package_code in ('I00010100097', 'I00010100095') and ec_code = #{ecCode}  
	   ) 
</select>

<select id="queryMsisdnList" resultType="java.lang.String">
	<!-- select distinct p.MSISDN from M2M_PERSON 
	<if test="part !=null and part !='' ">
		partition(m2m_person_partition${part})
	</if>
	 p 
	where p.ec_code=#{ecCode} and p.state='ENABLED' -->
	
	select p.MSISDN from IOV_CARD p 
	where p.ec_code=#{ecCode} and p.state='ENABLED'
	union
	select p.MSISDN from MAC_CARD p 
	where p.ec_code=#{ecCode} and p.state='ENABLED'
	union
	select p.MSISDN from NB_CARD p 
	where p.ec_code=#{ecCode} and p.state='ENABLED'
	union
	select p.MSISDN from CARD_9105 p 
	where p.ec_code=#{ecCode} and p.state='ENABLED'	
	
</select>

	<select id="findMemberCount" resultType="java.lang.Long">
		select t.total_sim_count from RPT_EC_MEM_STAT_ALL_NEW<if test='dbConnectionMode =="1" '>@IOTLINK_ST</if> t where t.ec_code = #{ecCode}
		and t.start_day = (select max(start_day) from RPT_EC_MEM_STAT_ALL_NEW<if test='dbConnectionMode =="1" '>@IOTLINK_ST</if>)
	</select>

	<!-- 查询共享池成员总数 -->
	<select id="querySharePoolMemCount" resultType="java.lang.Integer">
		select  count(distinct pm.msisdn) from flux_pool_mem pm
 	    where pm.ec_code = #{ecCode}
  		and pm.product_code = #{productCode}
  		and pm.eff_type = 0
	</select>
	
	<!-- 查询共享成员 -->
	<select id="queryShareMember" resultType="com.hvgroup.modules.customer.entity.customerBase.FlowDetails">
		<include refid="pageSqlStart" />
		select distinct pm.msisdn msisdn,pm.package_channel channel from flux_pool_mem pm
 	    where pm.ec_code = #{ecCode}
  		and pm.product_code = #{productCode}
  		and pm.eff_type = 0
  		<include refid="pageSqlEnd" />
	</select>
	
	
	


</mapper>	