<?xml version="1.0" encoding="UTF-8" ?>
<!DOCTYPE mapper PUBLIC "-//mybatis.org//DTD Mapper 3.0//EN" "http://mybatis.org/dtd/mybatis-3-mapper.dtd">
<mapper namespace="com.hvgroup.modules.customer.dao.MsisdnListDao">

<sql id="pageSqlStart">
		<if test="pageInfo.pageNo != null and pageInfo.pageNo != ''">
		
		select * from
			(
			 select a.*, rownum rn from 
				(
		</if>
	</sql>
	<!-- 分页SQL语句结尾语句 -->
	<sql id="pageSqlEnd">
		<if test="pageInfo.pageSize != null and pageInfo.pageSize != ''">
				) a
			 where rownum <![CDATA[<=]]> #{pageInfo.pageNo}*#{pageInfo.pageSize}
			)
		where rn > (#{pageInfo.pageNo}-1)*#{pageInfo.pageSize}
		</if>
	</sql>





<sql id="filterMsisdnList">

        <if test="prdCode != null and prdCode != ''">
             and p.product_code like  #{prdCode} || '%'
           </if>

		<!-- <if test="ecName != null and ecName != ''">
			and cus.ec_name like '%' || #{ecName} || '%'
		</if> -->
		
		<if test="ecCode != null and ecCode != ''">
			and p.ec_code =  #{ecCode}
		</if>
		
		<!-- <if test="areaId != null and areaId != ''">
			and cus.area_id= #{areaId}
		</if> -->
	

		<if test="msisdnAndSoOn != null and msisdnAndSoOn != ''">
			and (p.msisdn like #{msisdnAndSoOn} ||'%'
			or p.iccid like #{msisdnAndSoOn} ||'%'
			or p.imsi like #{msisdnAndSoOn} ||'%')
		</if>


		<if test="openTimeStart != null and openTimeStart != ''">
			and to_date(#{openTimeStart},'yyyy-mm-dd hh24:mi:ss') <![CDATA[<= ]]>
			p.open_time
		</if>

		<if test="openTimeEnd != null and openTimeEnd != ''">
			and to_date(#{openTimeEnd},'yyyy-mm-dd hh24:mi:ss') <![CDATA[>= ]]>
			p.open_time
		</if>

		<if test="activateDateStart != null and activateDateStart != ''">
			and to_date(#{activateDateStart},'yyyy-mm-dd hh24:mi:ss') <![CDATA[<= ]]>
			p.activate_date
			
			
		</if>

		<if test="activateDateEnd != null and activateDateEnd != ''">
			
			and to_date(#{activateDateEnd},'yyyy-mm-dd hh24:mi:ss') <![CDATA[>= ]]>
			p.activate_date
		</if>

		<if test="lifecycle != null and lifecycle != ''">
			and p.LIFE_CYCLE = #{lifecycle}
			<!-- <if test="lifecycle == 'test'">
				(p.run_code = 'US10' and 1 in
				(select 1
				from m2m_grpmem
				m, atomic_products a
				where m.package_code = a.package_code
				and m.state
				= 'ENABLED'
				and a.pkg_type = 'PKG_TYPE_TEST'
				and m.msisdn = p.msisdn
				union all
				select 1
				from m2m_per_pkg m, atomic_products a
				where
				m.package_code = a.package_code
				and m.state = 'ENABLED'
				and a.pkg_type
				= 'PKG_TYPE_TEST'
				and m.msisdn = p.msisdn)
				)
			</if>
			<if test="lifecycle == 'normal'">
				(p.run_code = 'US10' and 1 not in
				(select 1
				from
				m2m_grpmem m, atomic_products a
				where m.package_code = a.package_code
				and m.state = 'ENABLED'
				and a.pkg_type = 'PKG_TYPE_TEST'
				and m.msisdn
				= p.msisdn
				union all
				select 1
				from m2m_per_pkg m, atomic_products a
				where
				m.package_code = a.package_code
				and m.state = 'ENABLED'
				and a.pkg_type
				= 'PKG_TYPE_TEST'
				and m.msisdn = p.msisdn)
				)
			</if>
			<if test="lifecycle == 'stop'">
				p.run_code in (
				select * from table(SPLITSTR((select
				include_state_codes from
				PRO_USER_STATE where code='STOP'),','))
				)
			</if>
			<if test="lifecycle == 'preclose'">
				p.run_code in (
				select * from table(SPLITSTR((select
				include_state_codes from
				PRO_USER_STATE where code='PRECLOSE'),','))
				)
			</if>
			<if test="lifecycle == 'silent'">
				p.run_code in (
				select * from table(SPLITSTR((select
				include_state_codes from
				PRO_USER_STATE where code='SILENT'),','))
				)
			</if>
			<if test="lifecycle == 'cancel'">
				p.run_code in (
				select * from table(SPLITSTR((select
				include_state_codes from
				PRO_USER_STATE where code='CANCEL'),','))
				)
			</if> -->
		</if>

</sql>


<select id="findMsisdnList" resultType="com.hvgroup.modules.customer.entity.MsisdnBean">
select 
 <!-- apn1,
       apn2,
       (case when apn1 is null then apn2
       when apn1 is not null and apn2 is not null then apn1 || ',' || apn2
        else apn1 end) -->
        apnlist, 
     (case
     when mainPrdCode1 is null then
      mainPrdCode2
     when mainPrdCode1 is not null and mainPrdCode2 is not null then
      mainPrdCode1 || ',' || mainPrdCode2
     else
      mainPrdCode1
     end) mainPrdCode,
    t.msisdn,
       t.iccid,
       t.imei,
       t.imsi,
       t.runcode,
       t.opentime,
       t.activatedate,
       t.returnstr,
       t.smsswitch,
       t.voiceswitch,
       t.prdCode,       
       t.ecName,
	   t.ecCode,
	   t.areaName
      
       from

(

select 
		sub.msisdn,
        sub.iccid,
        sub.imei,
        sub.imsi,       
		(case when sub.ecCode='000000001' then '个人客户' else (select ec_name from enterprise_customer cus where sub.ecCode=cus.ec_code) end) ecName,
		sub.ecCode,
		(case when sub.ecCode='000000001' then (select area_name from areas areas where areas.area_code = sub.areaCode) else (select area_name from enterprise_customer cus,areas areas where sub.ecCode=cus.ec_code and cus.area_id=areas.area_id) end) areaName,
        sub.prdCode,
        (	select package_code
           from 
           <!-- m2m_grpmem -->
           	( select MSISDN,package_code from IOV_PRI_PKG where state = 'ENABLED'
		      union
		      select MSISDN,package_code from MAC_PRI_PKG where state = 'ENABLED'
		      union
		      select MSISDN,package_code from NB_PRI_PKG where state = 'ENABLED'
		      union
		      select MSISDN,package_code from PRI_PKG_9105 where state = 'ENABLED'
		    )
            mg
             where  sub.msisdn = mg.msisdn
           <!--  and mg.state = 'ENABLED' -->
            and mg.package_code in
            <foreach item="item" index="index" collection="prdList" open="(" separator="," close=")">  
             #{item}  
            </foreach> 
          ) as mainPrdCode1,            
         <!-- (select package_code
           from m2m_per_pkg mp
            where  sub.msisdn = mp.msisdn
            and mp.state = 'ENABLED'
            and mp.package_code in
            <foreach item="item" index="index" collection="prdList" open="(" separator="," close=")">  
             #{item}  
            </foreach> 
            ) --> '' as mainPrdCode2,
            	
         (		<!-- SELECT wm_concat(distinct mp.apn_name)
                  FROM m2m_apn_info MP,M2M_PERSON PER
                 where MP.STATE = 'ENABLED'
                   and MP.MSISDN = PER.MSISDN
                   and PER.ec_code = sub.ecCode
                   and mp.msisdn = sub.msisdn
                   and (sysdate <![CDATA[ >= ]]> mp.START_TIME and sysdate <![CDATA[ <= ]]> mp.END_TIME)
                   and mp.apn_name is not null -->
                   
                  SELECT wm_concat(distinct mp.apn_name)
				  FROM(
				     select a.msisdn,b.ec_code,a.apn_name from IOV_CONNECT_INFO a
				     left join IOV_FUNC_PKG b on a.msisdn = b.msisdn and a.package_code = b.package_code
				     where a.state = 'ENABLED' and b.state = 'ENABLED' and b.start_date <![CDATA[ <= ]]> SYSDATE and b.end_date <![CDATA[ >= ]]> SYSDATE and a.apn_name is not null
				     union
				     select a.msisdn,b.ec_code,a.apn_name from MAC_CONNECT_INFO a
				     left join MAC_FUNC_PKG  b on a.msisdn = b.msisdn and a.package_code = b.package_code
				     where a.state  = 'ENABLED' and b.state = 'ENABLED' and b.start_date <![CDATA[ <= ]]> SYSDATE and b.end_date <![CDATA[ >= ]]> SYSDATE and a.apn_name is not null
				     union
				     select a.msisdn,b.ec_code,a.apn_name from NB_CONNECT_INFO a
				     left join NB_FUNC_PKG  b on a.msisdn = b.msisdn and a.package_code = b.package_code
				     where a.state = 'ENABLED' and b.state = 'ENABLED' and b.start_date <![CDATA[ <= ]]> SYSDATE and b.end_date <![CDATA[ >= ]]> SYSDATE and a.apn_name is not null
				     union
				     select a.msisdn,b.ec_code,b.apn_name from CONNECT_INFO_9105 a
				     left join FUNC_PKG_9105 b on a.msisdn = b.msisdn and a.package_code = b.package_code
				     where a.state = 'ENABLED' and b.state = 'ENABLED' and b.start_date <![CDATA[ <= ]]> SYSDATE and b.end_date <![CDATA[ >= ]]> SYSDATE and b.apn_name is not null
				   ) mp 
				   where mp.ec_code = sub.ecCode
          ) apnlist,   
        <!--  更改数据来源  ↑
		(SELECT wm_concat(distinct mp.apn_name)
                  FROM M2M_GRPMEM 
                  <if test="part != null and part != ''">
                  PARTITION(M2M_GRPMEM_PARTITION${part})
                  </if>
                   MP
                 where MP.STATE = 'ENABLED'
                   and mp.ec_code = sub.ecCode
                   and mp.msisdn = sub.msisdn
                   and mp.apn_name is not null) apn1,
        (SELECT wm_concat(distinct MP.Apn_Name)
                FROM M2M_PER_PKG MP,
                     M2M_PERSON 
                     <if test="part != null and part != ''">
                  	 partition(M2M_PERSON_PARTITION${part})
                  	 </if>
                     PER
               WHERE MP.MSISDN = PER.MSISDN
                 AND PER.STATE = 'ENABLED'
                 AND MP.STATE = 'ENABLED'
                 and PER.ec_code = sub.ecCode
                 and mp.msisdn = sub.msisdn
                 and mp.apn_name is not null) apn2, -->
		
		
		<!-- (case 
         when sub.runCode= 'US10' and 1 in
          (select 1
             from m2m_grpmem m, atomic_products a
            where m.package_code = a.package_code
              and m.state = 'ENABLED'
              and a.pkg_type = 'PKG_TYPE_TEST'
              and m.msisdn = sub.msisdn
           union all
           select 1
             from m2m_per_pkg m, atomic_products a
            where m.package_code = a.package_code
              and m.state = 'ENABLED'
              and a.pkg_type = 'PKG_TYPE_TEST'
              and m.msisdn = sub.msisdn) then
          '测试期'
          when sub.runCode= 'US10' and 1 not in
          (select 1
             from m2m_grpmem m, atomic_products a
            where m.package_code = a.package_code
              and m.state = 'ENABLED'
              and a.pkg_type = 'PKG_TYPE_TEST'
              and m.msisdn = sub.msisdn
           union
           select 1
             from m2m_per_pkg m, atomic_products a
            where m.package_code = a.package_code
              and m.state = 'ENABLED'
              and a.pkg_type = 'PKG_TYPE_TEST'
              and m.msisdn = sub.msisdn) then
          '正使用'
          when sub.runCode in (
         	select * from table(SPLITSTR((select include_state_codes from PRO_USER_STATE where code='SILENT'),','))
 		 ) then
          '沉默期'
         when sub.runCode in (
         	select * from table(SPLITSTR((select include_state_codes from PRO_USER_STATE where code='STOP'),','))
 		 ) then
          '停机'
         when sub.runCode in (
         	select * from table(SPLITSTR((select include_state_codes from PRO_USER_STATE where code='PRECLOSE'),','))
		 ) then
          '预约销户' 
         when sub.runCode in (
         	select * from table(SPLITSTR((select include_state_codes from PRO_USER_STATE where code='CANCEL'),','))
		 ) then
          '销户'   
         when sub.runCode in (
         	select * from table(SPLITSTR((select include_state_codes from PRO_USER_STATE where code='OWE'),','))
		 ) then
          '欠费'
         when sub.runCode = 'US99' then 
          '无效用户'
         when sub.runCode = 'US281' then 
          '套卡开通'
         when sub.runCode = 'US27' then 
          '已转换品牌'
         when sub.runCode = 'US28' then 
          '临时生成资料'
         else
          '-'
       end) as runCode, -->
       (case when sub.runCode = 'TEST'
       		 then '测试期'
       		 when sub.runCode = 'SILENT'
       		 then '沉默期'
       		 when sub.runCode = 'NORMAL'
       		 then '正使用'
       		 when sub.runCode = 'STOP'
       		 then '停机'
       		 when sub.runCode = 'PRECLOSE'
       		 then '预约销户'
       		 when sub.runCode = 'CANCEL'
       		 then '销户'
       		 when sub.runCode = 'STOCK'
       		 then '库存期'
       		 when sub.runCode = 'OTHERS'
       		 then '其他'
       		 else '-'
        end)as runCode,
		to_char(sub.openTime,'yyyy-mm-dd hh24:mi:ss') as openTime,
		(case 
	          when to_char(sub.activateDate,'yyyy') = '1970'
	        then
	          '-'
	        else
	          to_char(sub.activateDate,'yyyy-mm-dd hh24:mi:ss')
	    end)as activateDate,     
         (
           <!--  select wm_concat(distinct a.pkgInfo) from
            (
            select mg.msisdn,mg.package_code||'|'||mai.apn_state||'-'||mai.apn_name as pkgInfo
            from 
            (
              select msisdn,package_code from M2M_GRPMEM where state='ENABLED' 
                and package_code in ('I00010100035','I00010100085','I00010100092','I00010100093','PCRF00010100085','PCRF00010100093') 
            ) mg left join m2m_apn_info mai 
            on mg.msisdn=mai.msisdn and mg.package_code=mai.package_code and mai.state='ENABLED' 
		      union all
		      select mpp.msisdn,mpp.package_code||'|'||mai.apn_state||'-'||mai.apn_name as pkgInfo
		      from 
		      (
		        select msisdn,package_code from M2M_PER_PKG where state='ENABLED' 
		                and package_code in ('I00010100035','I00010100085','I00010100092','I00010100093','PCRF00010100085','PCRF00010100093') 
		      ) mpp left join m2m_apn_info mai 
		      on mpp.msisdn=mai.msisdn and mpp.package_code=mai.package_code and mai.state='ENABLED' 
		           ) a where a.msisdn=sub.msisdn  -->
		      
		      select wm_concat(distinct a.pkgInfo)
			  from (select mai.msisdn,
			               mai.package_code || '|' || mai.apn_state || '-' ||
			               mai.apn_name as pkgInfo
			          from 
			          	( select a.msisdn,a.status apn_state,a.apn_name,a.PACKAGE_CODE from IOV_CONNECT_INFO a
				          left join IOV_FUNC_PKG b on a.msisdn = b.msisdn and a.package_code = b.package_code  
				          where a.STATE = 'ENABLED' and b.state = 'ENABLED'
				          and a.package_code in ('I00010100035', 'I00010100085', 'I00010100092','I00010100093','PCRF00010100085','PCRF00010100093')
				          union
				          select a.msisdn,a.status apn_state,a.apn_name,a.PACKAGE_CODE from MAC_CONNECT_INFO a 
				          left join MAC_FUNC_PKG  b on a.msisdn = b.msisdn and a.package_code = b.package_code
				          where a.STATE = 'ENABLED' and b.state = 'ENABLED'
				          and a.package_code in ('I00010100035', 'I00010100085', 'I00010100092','I00010100093','PCRF00010100085','PCRF00010100093')
				          union
				          select a.msisdn,a.status apn_state,a.apn_name,a.PACKAGE_CODE from NB_CONNECT_INFO a 
				          left join NB_FUNC_PKG  b on a.msisdn = b.msisdn and a.package_code = b.package_code
				          where a.STATE = 'ENABLED' and b.state = 'ENABLED'
				          and a.package_code in ('I00010100035', 'I00010100085', 'I00010100092','I00010100093','PCRF00010100085','PCRF00010100093')
				          union
						  select a.msisdn,a.status apn_state,b.apn_name,a.PACKAGE_CODE from CONNECT_INFO_9105 a
						  left join FUNC_PKG_9105 b on a.msisdn = b.msisdn and a.package_code = b.package_code
						  where a.state = 'ENABLED' and b.state = 'ENABLED'
				          and a.package_code in ('I00010100035', 'I00010100085', 'I00010100092','I00010100093','PCRF00010100085','PCRF00010100093')
				        ) mai   
			      ) a
			 where a.msisdn = sub.msisdn
         ) as returnStr,
         (
         	case when 1 in (select 1
             from 
             <!-- m2m_grpmem -->
              ( 
			       select msisdn,PACKAGE_CODE from IOV_PRI_PKG where STATE = 'ENABLED' 
			       union
			       select msisdn,PACKAGE_CODE from MAC_PRI_PKG where STATE = 'ENABLED' 
			       union
			       select msisdn,PACKAGE_CODE from NB_PRI_PKG where STATE = 'ENABLED' 
			       union
			       select msisdn,PACKAGE_CODE from PRI_PKG_9105 where STATE = 'ENABLED' 
			    )
              m, atomic_products a
            where m.package_code = a.package_code
              <!-- and m.state = 'ENABLED' -->
              and a.state = 'ENABLED'
              and a.visible = '1'
               and a.BUS_CATEGORY='SMS'
              and m.msisdn = sub.msisdn)
              then '开'
              else '关'
              end
           ) as smsSwitch,
          (case when 1 in(select 1
             from 
             <!-- m2m_grpmem -->
              ( 
			       select msisdn,PACKAGE_CODE from IOV_PRI_PKG where STATE = 'ENABLED' 
			       union
			       select msisdn,PACKAGE_CODE from MAC_PRI_PKG where STATE = 'ENABLED' 
			       union
			       select msisdn,PACKAGE_CODE from NB_PRI_PKG where STATE = 'ENABLED' 
			       union
			       select msisdn,PACKAGE_CODE from PRI_PKG_9105 where STATE = 'ENABLED' 
			    )
              m, atomic_products a
            where m.package_code = a.package_code
              <!-- and m.state = 'ENABLED' -->
              and a.state = 'ENABLED'
              and a.visible = '1'
              and a.BUS_CATEGORY='VOICE'
              and m.msisdn = sub.msisdn)
              then '开'
              else '关'
              end
              ) as voiceSwitch    
    from 
    (<include refid="pageSqlStart"/> 
    
    select p.msisdn,
       p.ec_code ecCode,          
       p.product_code prdCode,
       p.area_code areaCode,
       p.state,
       p.iccid iccid,
       p.imei imei,
       p.imsi imsi,
       p.LIFE_CYCLE as runCode,
       p.open_time as openTime,
       p.activate_date as activateDate 
    from
    (
    select pm.msisdn,
           pm.ec_code,          
           pm.product_code,
           pm.area_code,
           pm.state,
           pm.iccid,
           pm.imei,
           pm.imsi,
           pm.LIFE_CYCLE,
           pm.open_time,
           pm.activate_date
           from 
           <!-- M2M_PERSON
           <if test="part != null and part != ''">
              partition(M2M_PERSON_PARTITION${part})
           </if> -->
           ( select MSISDN,EC_CODE,product_code,area_code,state,iccid,imei,imsi,LIFE_CYCLE,open_time,activate_date from IOV_CARD 
	         union
	         select MSISDN,EC_CODE,product_code,area_code,state,iccid,imei,imsi,LIFE_CYCLE,open_time,activate_date from MAC_CARD 
	         union
	         select MSISDN,EC_CODE,product_code,area_code,state,iccid,imei,imsi,LIFE_CYCLE,open_time,activate_date from NB_CARD 
	         union
	         select MSISDN,EC_CODE,product_code,area_code,state,iccid,imei,imsi,LIFE_CYCLE,open_time,activate_date from CARD_9105 
	       )
           pm
     <if test="msisdnAndSoOn != null and msisdnAndSoOn != ''">
      UNION
	      select pmi.msisdn,
	       '000000001' ec_code,  <!-- 个人客户编码虚拟 -->
	       'I000000001' product_code, <!-- 个人产品编码虚拟 -->
     		pmi.area_code area_code,
     		pmi.state,
	       pmi.iccid,
	       pmi.imei,
	       pmi.imsi,
	       pmi.life_cycle,
	       pmi.open_time,
	       pmi.activate_date
	  from per_member_info pmi 
	  where (pmi.msisdn like #{msisdnAndSoOn} ||'%'
			or pmi.iccid like #{msisdnAndSoOn} ||'%'
			or pmi.imsi like #{msisdnAndSoOn} ||'%')
	  and NOT EXISTS (
	  		<!-- select m.msisdn from 
		    m2m_person 
		   <if test="part != null and part != ''">
	         partition(M2M_PERSON_PARTITION${part})
	      </if> m 
		  where m.msisdn like #{msisdnAndSoOn} ||'%'
				or m.iccid like #{msisdnAndSoOn} ||'%'
				or m.imsi like #{msisdnAndSoOn} ||'%' -->
				select 1 from(        
					 select MSISDN from IOV_CARD 
			         where msisdn like #{msisdnAndSoOn} || '%' or iccid like #{msisdnAndSoOn} || '%' or imsi like #{msisdnAndSoOn} || '%'
			         union
			         select MSISDN from MAC_CARD 
			         where msisdn like #{msisdnAndSoOn} || '%' or iccid like #{msisdnAndSoOn} || '%' or imsi like #{msisdnAndSoOn} || '%'
			         union
			         select MSISDN from NB_CARD 
			         where msisdn like #{msisdnAndSoOn} || '%' or iccid like #{msisdnAndSoOn} || '%' or imsi like #{msisdnAndSoOn} || '%'
			         union
			         select MSISDN from CARD_9105 
			         where msisdn like #{msisdnAndSoOn} || '%' or iccid like #{msisdnAndSoOn} || '%' or imsi like #{msisdnAndSoOn} || '%'
		 		 )
		)  
	</if>   
 		) p
          <if test="mainPrdCode != null and mainPrdCode != ''"> 
	           left join 
	           <!-- m2m_grpmem
	           <if test="part != null and part != ''">
	              partition(m2m_grpmem_PARTITION${part})
	           </if> -->
	           ( select MSISDN,package_code from IOV_PRI_PKG where state = 'ENABLED'
		         union
		         select MSISDN,package_code from MAC_PRI_PKG where state = 'ENABLED'
		         union
		         select MSISDN,package_code from NB_PRI_PKG where state = 'ENABLED'
		         union
		         select MSISDN,package_code from PRI_PKG_9105 where state = 'ENABLED'
		        )
	            mg
	            on p.msisdn = mg.msisdn     
	            <!-- and mg.state = 'ENABLED'  -->
	            and mg.package_code in 
	            <foreach item="item" index="index" collection="prdList" open="(" separator="," close=")">  
	             #{item}  
	            </foreach>           
	            <!-- left join m2m_per_pkg mp
	            on p.msisdn = mp.msisdn
	            and mp.state = 'ENABLED'
	            and mp.package_code in 
	            <foreach item="item" index="index" collection="prdList" open="(" separator="," close=")">  
	             #{item}  
	            </foreach>   -->
          </if>          
          where p.state='ENABLED'
          <include refid="filterMsisdnList"/>
          
         <if test="mainPrdCode != null and mainPrdCode != ''">
             and (mg.package_code = #{mainPrdCode} or mp.package_code = #{mainPrdCode})
         </if>
        <if test="ecCode == null or ecCode == ''">
        <if test="ecName != null and ecName != ''">
            and p.ec_code in(select ec_code from enterprise_customer cus where cus.ec_name like #{ecName} || '%')
        </if>
        </if> 
        
         <!-- 权限数据展示 -->
         <if test="userAreaCode != null and userAreaCode != ''">
         	 and p.ec_code in (select ec_code from enterprise_customer cus where cus.area_id= <include refid="Common.findDataUserAreaId"/>)
         </if>
        
        <if test="areaId != null and areaId != ''">
            and p.ec_code in (select ec_code from enterprise_customer cus where cus.area_id= #{areaId})
        </if>

       
      <include refid="pageSqlEnd"/>
      ) sub
      
   ) t        
   
</select>


<select id="findMsisdnListCount" resultType="java.lang.Long">
	
	select count(1) from (
		
		select  p.msisdn,
	       p.ec_code       ecCode,
	       p.product_code  prdCode,
	       p.area_code     areaCode,
	       p.state,
	       p.iccid         iccid,
	       p.imei          imei,
	       p.imsi          imsi,
	       p.LIFE_CYCLE    as runCode,
	       p.open_time     as openTime,
	       p.activate_date as activateDate from (
		    select pm.msisdn,
		           pm.ec_code,          
		           pm.product_code,
		           pm.area_code,
		           pm.state,
		           pm.iccid,
		           pm.imei,
		           pm.imsi,
		           pm.LIFE_CYCLE,
		           pm.open_time,
		           pm.activate_date
		           from 
		           <!-- M2M_PERSON
		           <if test="part != null and part != ''">
		              partition(M2M_PERSON_PARTITION${part})
		           </if> -->
		           ( select MSISDN,EC_CODE,product_code,area_code,state,iccid,imei,imsi,LIFE_CYCLE,open_time,activate_date from IOV_CARD 
			         union
			         select MSISDN,EC_CODE,product_code,area_code,state,iccid,imei,imsi,LIFE_CYCLE,open_time,activate_date from MAC_CARD 
			         union
			         select MSISDN,EC_CODE,product_code,area_code,state,iccid,imei,imsi,LIFE_CYCLE,open_time,activate_date from NB_CARD 
			         union
			         select MSISDN,EC_CODE,product_code,area_code,state,iccid,imei,imsi,LIFE_CYCLE,open_time,activate_date from CARD_9105 
			       )
		           pm 
		     <if test="msisdnAndSoOn != null and msisdnAndSoOn != ''">
		      UNION
			      select pmi.msisdn,
			       '000000001' ec_code,  <!-- 个人客户编码虚拟 -->
			       'I000000001' product_code, <!-- 个人产品编码虚拟 -->
		     		pmi.area_code area_code,
		     		pmi.state,
			       pmi.iccid,
			       pmi.imei,
			       pmi.imsi,
			       pmi.life_cycle,
			       pmi.open_time,
			       pmi.activate_date
			  from per_member_info pmi 
			  where  (pmi.msisdn like #{msisdnAndSoOn} ||'%'
					or pmi.iccid like #{msisdnAndSoOn} ||'%'
					or pmi.imsi like #{msisdnAndSoOn} ||'%')
			  and NOT EXISTS (
				  <!-- select m.msisdn
				  from m2m_person 
				   <if test="part != null and part != ''">
			         partition(M2M_PERSON_PARTITION${part})
			      </if> m 
				  where m.msisdn like #{msisdnAndSoOn} ||'%'
					or m.iccid like #{msisdnAndSoOn} ||'%'
					or m.imsi like #{msisdnAndSoOn} ||'%' -->
					select 1 from (        
						 select MSISDN from IOV_CARD 
				         where msisdn like #{msisdnAndSoOn} || '%' or iccid like #{msisdnAndSoOn} || '%' or imsi like #{msisdnAndSoOn} || '%'
				         union
				         select MSISDN from MAC_CARD 
				         where msisdn like #{msisdnAndSoOn} || '%' or iccid like #{msisdnAndSoOn} || '%' or imsi like #{msisdnAndSoOn} || '%'
				         union
				         select MSISDN from NB_CARD 
				         where msisdn like #{msisdnAndSoOn} || '%' or iccid like #{msisdnAndSoOn} || '%' or imsi like #{msisdnAndSoOn} || '%'
				         union
				         select MSISDN from CARD_9105 
				         where msisdn like #{msisdnAndSoOn} || '%' or iccid like #{msisdnAndSoOn} || '%' or imsi like #{msisdnAndSoOn} || '%'
				  	)
				)  
			  </if>        
		      ) p     
	           <!-- left join
	           enterprise_customer cus
	           on p.ec_code=cus.ec_code
	           left join
	           areas areas 
	           on cus.area_id=areas.area_id -->
	        <if test="mainPrdCode != null and mainPrdCode != ''">
	     		left join 
	     		<!-- m2m_grpmem
	           <if test="part != null and part != ''">
	              partition(m2m_grpmem_PARTITION${part})
	           </if> -->
	           ( select MSISDN,package_code from IOV_PRI_PKG where state = 'ENABLED'
		         union
		         select MSISDN,package_code from MAC_PRI_PKG where state = 'ENABLED'
		         union
		         select MSISDN,package_code from NB_PRI_PKG where state = 'ENABLED'
		         union
		         select MSISDN,package_code from PRI_PKG_9105 where state = 'ENABLED'
		        )
	            mg
	            on p.msisdn = mg.msisdn     
	            <!-- and mg.state = 'ENABLED' --> 
	            and mg.package_code in 
	            <foreach item="item" index="index" collection="prdList" open="(" separator="," close=")">  
	             #{item}  
	            </foreach>           
	           <!--  left join m2m_per_pkg mp
	            on p.msisdn = mp.msisdn
	            and mp.state = 'ENABLED'
	            and mp.package_code in 
	            <foreach item="item" index="index" collection="prdList" open="(" separator="," close=")">  
	             #{item}  
	            </foreach>     -->                 
	     </if>                   
	           where p.state='ENABLED' 
	            <if test="mainPrdCode != null and mainPrdCode != ''">
	             and (mg.package_code = #{mainPrdCode} or mp.package_code = #{mainPrdCode})
	           </if>       
	        <include refid="filterMsisdnList"/> 
	        <if test="ecCode == null or ecCode == ''">
	        <if test="ecName != null and ecName != ''">
	            and p.ec_code in(select ec_code from enterprise_customer cus where cus.ec_name like #{ecName} || '%')
	        </if>
	        </if>

	         <!-- 权限数据展示 -->
	         <if test="userAreaCode != null and userAreaCode != ''">
	         	 and p.ec_code in (select ec_code from enterprise_customer cus where cus.area_id= <include refid="Common.findDataUserAreaId"/>)
	         </if>
         	       
	        <if test="areaId != null and areaId != ''">
	            and p.ec_code in (select ec_code from enterprise_customer cus where cus.area_id= #{areaId})
	        </if>
		)
</select>

    <select id="queryMainPrdCode" resultType="java.lang.String">
      
       select product_code
       from product_suites ps
       where ps.type ='0'
       and state='ENABLED'
    
    </select>
    
    
    
    <select id="queryMsisdnInfo" resultType="com.hvgroup.modules.customer.entity.MsisdnBean">

        select 
		sub.msisdn,
		(case sub.userType when 'PN' then '物联网卡' else '动力100' end) as userType,
		sub.iccid,
		sub.imei,
		sub.imsi,

    decode(lifeCycle,
    'TEST','测试期',
    'SILENT','沉默期',
    'NORMAL','正使用',
    'FREEZING','冷冻期',
    'STOP','停机',
    'PRECLOSE','预约销户',
    'CANCEL','销户',
    'STOCK','库存期',
    'OTHERS','其他',
    '-'
    )

         as runCode,
		to_char(sub.openTime,'yyyy-mm-dd hh24:mi:ss') as openTime,
		(case 
	          when to_char(sub.activateDate,'yyyy') = '1970'
	        then
	          '-'
	        else
	          to_char(sub.activateDate,'yyyy-mm-dd hh24:mi:ss')
	    end)as activateDate,     
         (
            <!-- select wm_concat(mai.package_code||'|'||mai.apn_state||';'||mai.apn_name) as pkgInfo
            from  m2m_apn_info mai 
            where mai.msisdn=sub.msisdn
            and mai.state='ENABLED'
            AND mai.START_TIME <![CDATA[<= ]]>SYSDATE
            AND mai.END_TIME <![CDATA[ >= ]]>SYSDATE
            and mai.package_code in ('I00010100035','I00010100085','I00010100092','I00010100093','PCRF00010100085','PCRF00010100093')    -->
             
            select wm_concat(mai.package_code || '|' || mai.apn_state || ';' || mai.apn_name) as pkgInfo
  			from (
			     select a.msisdn,a.package_code,a.status apn_state,a.apn_name from IOV_CONNECT_INFO a
			     left join IOV_FUNC_PKG b on a.msisdn = b.msisdn and a.package_code = b.package_code
			     where a.state = 'ENABLED' and b.state = 'ENABLED' and b.start_date <![CDATA[<= ]]> SYSDATE and b.end_date <![CDATA[ >= ]]> SYSDATE
			     and a.package_code in ('I00010100035','I00010100085','I00010100092','I00010100093','PCRF00010100085','PCRF00010100093')
			     union
			     select a.msisdn,a.package_code,a.status apn_state,a.apn_name from MAC_CONNECT_INFO a
			     left join MAC_FUNC_PKG  b on a.msisdn = b.msisdn and a.package_code = b.package_code
			     where a.state  = 'ENABLED' and b.state = 'ENABLED' and b.start_date <![CDATA[<= ]]> SYSDATE and b.end_date <![CDATA[ >= ]]> SYSDATE
			     and a.package_code in ('I00010100035','I00010100085','I00010100092','I00010100093','PCRF00010100085','PCRF00010100093')
			     union
			     select a.msisdn,a.package_code,a.status apn_state,a.apn_name from NB_CONNECT_INFO a
			     left join NB_FUNC_PKG  b on a.msisdn = b.msisdn and a.package_code = b.package_code
			     where a.state = 'ENABLED' and b.state = 'ENABLED' and b.start_date <![CDATA[<= ]]> SYSDATE and b.end_date <![CDATA[ >= ]]> SYSDATE
			     and a.package_code in ('I00010100035','I00010100085','I00010100092','I00010100093','PCRF00010100085','PCRF00010100093')
			     union
			     select a.msisdn,a.package_code,a.status apn_state,b.apn_name from CONNECT_INFO_9105 a
			     left join FUNC_PKG_9105 b on a.msisdn = b.msisdn and a.package_code = b.package_code
			     where a.state = 'ENABLED' and b.state = 'ENABLED' and b.start_date <![CDATA[<= ]]> SYSDATE and b.end_date <![CDATA[ >= ]]> SYSDATE
			     and a.package_code in ('I00010100035','I00010100085','I00010100092','I00010100093','PCRF00010100085','PCRF00010100093')
			   ) mai
			   where mai.msisdn=sub.msisdn
                   
          ) as returnStr,
         (case when 1 in (select 1
             from 
             <!-- m2m_grpmem -->
               ( select MSISDN,package_code from IOV_PRI_PKG where state = 'ENABLED'
		         union
		         select MSISDN,package_code from MAC_PRI_PKG where state = 'ENABLED'
		         union
		         select MSISDN,package_code from NB_PRI_PKG where state = 'ENABLED'
		         union
		         select MSISDN,package_code from PRI_PKG_9105 where state = 'ENABLED'
		       )
              m, atomic_products a
            where m.package_code = a.package_code
              <!-- and m.state = 'ENABLED' -->
              and a.state = 'ENABLED'
              and a.visible = '1'
               and a.BUS_CATEGORY='SMS'
              and m.msisdn = sub.msisdn)
              then '开'
              else '关'
              end
              ) as smsSwitch,
          (case when 1 in (select 1
             from 
            <!--  m2m_grpmem -->
               ( select MSISDN,package_code from IOV_PRI_PKG where state = 'ENABLED'
		         union
		         select MSISDN,package_code from MAC_PRI_PKG where state = 'ENABLED'
		         union
		         select MSISDN,package_code from NB_PRI_PKG where state = 'ENABLED'
		         union
		         select MSISDN,package_code from PRI_PKG_9105 where state = 'ENABLED'
		       )
              m, atomic_products a
            where m.package_code = a.package_code
              <!-- and m.state = 'ENABLED' -->
              and a.state = 'ENABLED'
              and a.visible = '1'
              and a.BUS_CATEGORY='VOICE'
              and m.msisdn = sub.msisdn)
              then '开'
              else '关'
              end
              ) as voiceSwitch,
              remark remark
    from 
  <!--  <include refid="pageSqlStart"/> -->
   ( select p.msisdn,
           <!-- max(user_type) userType, -->
           max(iccid) iccid,
           max(imei) imei,
           max(imsi) imsi,
           max(LIFE_CYCLE) as lifeCycle,
           max(open_time) as openTime,
           max(activate_date) as activateDate,
           max(remark) remark
           from 
           <!-- M2M_PERSON  
           <if test="part != null and part != ''">
		         partition(M2M_PERSON_PARTITION${part})
		   </if> -->
		   ( select MSISDN,remark,iccid,imei,imsi,LIFE_CYCLE,open_time,activate_date from IOV_CARD 
	         union
	         select MSISDN,remark,iccid,imei,imsi,LIFE_CYCLE,open_time,activate_date from MAC_CARD 
	         union
	         select MSISDN,remark,iccid,imei,imsi,LIFE_CYCLE,open_time,activate_date from NB_CARD 
	         union
	         select MSISDN,remark,iccid,imei,imsi,LIFE_CYCLE,open_time,activate_date from CARD_9105 
	       )
           p
           where 
           p.msisdn = #{msisdn}
           <if test="lifecycle !=null and lifecycle !=''">
           		and LIFE_CYCLE = #{lifecycle}
           </if>
           <!-- <isEqual property="rightType" compareValue="2">
               left join (
                    SELECT dept_id,msisdn FROM pro_asset 
                    WHERE dept_id in (<include refid="findDeptIdsByUserRights"/>) 
                )  pa on p.msisdn=pa.msisdn 
                </isEqual> 
           where p.state='ENABLED' 
           <isEqual property="rightType" compareValue="2">
               and pa.dept_id is not null 
           </isEqual>  -->   
       <!-- <include refid="whereInfo"/> -->
          group by p.msisdn  
       <!-- <isNotEmpty property="order">
       <isEqual property="order" compareValue="ascm" >
        order by p.msisdn asc
       </isEqual>
         <isEqual property="order" compareValue="descm" >
        order by p.msisdn desc
       </isEqual>
         <isEqual property="order" compareValue="asct" >
        order by max(open_time) asc
       </isEqual>
         <isEqual property="order" compareValue="desct" >
        order by max(open_time) desc
       </isEqual>
       </isNotEmpty>
       <isEmpty property="order">
        order by p.msisdn  asc
       </isEmpty> -->
     
     <!--  <include refid="pageSqlEnd"/> -->
      ) sub
            
   
</select>
    <select id="queryMsisdnInfoNew" resultType="com.hvgroup.modules.customer.entity.MsisdnBean">

        select 
		sub.msisdn,
		<!-- (case sub.userType when 'PN' then '物联网卡' else '动力100' end) as userType, -->
		sub.iccid,
		sub.imei,
		sub.imsi,
		<!-- sub.mainPrdCode, -->
		sub.ecCode,
		sub.ecName,
		sub.areaName,
		sub.prdCode,
    decode(lifeCycle,
    'TEST','测试期',
    'SILENT','沉默期',
    'NORMAL','正使用',
    'FREEZING','冷冻期',
    'STOP','停机',
    'PRECLOSE','预约销户',
    'CANCEL','销户',
    'STOCK','库存期',
    'OTHERS','其他',
    '-'
    )

         as runCode,
		to_char(sub.openTime,'yyyy-mm-dd hh24:mi:ss') as openTime,
		(case 
	          when to_char(sub.activateDate,'yyyy') = '1970'
	        then
	          '-'
	        else
	          to_char(sub.activateDate,'yyyy-mm-dd hh24:mi:ss')
	    end)as activateDate,     
         (
            <!-- select wm_concat(mai.package_code||'|'||mai.apn_state||';'||mai.apn_name) as pkgInfo
            from  m2m_apn_info mai 
            where mai.msisdn=sub.msisdn
            and mai.state='ENABLED'
            AND mai.START_TIME <![CDATA[<= ]]>SYSDATE
            AND mai.END_TIME <![CDATA[ >= ]]>SYSDATE
            and mai.package_code in ('I00010100035','I00010100085','I00010100092','I00010100093','PCRF00010100085','PCRF00010100093')    -->
            
            select wm_concat(mai.package_code || '|' || mai.apn_state || ';' || mai.apn_name) as pkgInfo
  			from (
			     select a.msisdn,a.package_code,a.status apn_state,a.apn_name from IOV_CONNECT_INFO a
			     left join IOV_FUNC_PKG b on a.msisdn = b.msisdn and a.package_code = b.package_code
			     where a.state = 'ENABLED' and b.state = 'ENABLED' and b.start_date <![CDATA[<= ]]> SYSDATE and b.end_date <![CDATA[ >= ]]> SYSDATE
			     and a.package_code in ('I00010100035','I00010100085','I00010100092','I00010100093','PCRF00010100085','PCRF00010100093')
			     union
			     select a.msisdn,a.package_code,a.status apn_state,a.apn_name from MAC_CONNECT_INFO a
			     left join MAC_FUNC_PKG  b on a.msisdn = b.msisdn and a.package_code = b.package_code
			     where a.state  = 'ENABLED' and b.state = 'ENABLED' and b.start_date <![CDATA[<= ]]> SYSDATE and b.end_date <![CDATA[ >= ]]> SYSDATE
			     and a.package_code in ('I00010100035','I00010100085','I00010100092','I00010100093','PCRF00010100085','PCRF00010100093')
			     union
			     select a.msisdn,a.package_code,a.status apn_state,a.apn_name from NB_CONNECT_INFO a
			     left join NB_FUNC_PKG  b on a.msisdn = b.msisdn and a.package_code = b.package_code
			     where a.state = 'ENABLED' and b.state = 'ENABLED' and b.start_date <![CDATA[<= ]]> SYSDATE and b.end_date <![CDATA[ >= ]]> SYSDATE
			     and a.package_code in ('I00010100035','I00010100085','I00010100092','I00010100093','PCRF00010100085','PCRF00010100093')
			     union
			     select a.msisdn,a.package_code,a.status apn_state,b.apn_name from CONNECT_INFO_9105 a
			     left join FUNC_PKG_9105 b on a.msisdn = b.msisdn and a.package_code = b.package_code
			     where a.state = 'ENABLED' and b.state = 'ENABLED' and b.start_date <![CDATA[<= ]]> SYSDATE and b.end_date <![CDATA[ >= ]]> SYSDATE
			     and a.package_code in ('I00010100035','I00010100085','I00010100092','I00010100093','PCRF00010100085','PCRF00010100093')
			   ) mai
			   where mai.msisdn=sub.msisdn
                   
          ) as returnStr,
         (case when 1 in (select 1
             from 
             <!-- m2m_grpmem -->
             ( select MSISDN,package_code from IOV_PRI_PKG where state = 'ENABLED'
		         union
		         select MSISDN,package_code from MAC_PRI_PKG where state = 'ENABLED'
		         union
		         select MSISDN,package_code from NB_PRI_PKG where state = 'ENABLED'
		         union
		         select MSISDN,package_code from PRI_PKG_9105 where state = 'ENABLED'
		       )
              m, atomic_products a
            where m.package_code = a.package_code
              <!-- and m.state = 'ENABLED' -->
              and a.state = 'ENABLED'
              and a.visible = '1'
               and a.BUS_CATEGORY='SMS'
              and m.msisdn = sub.msisdn)
              then '开'
              else '关'
              end
              ) as smsSwitch,
          (case when 1 in (select 1
             from 
             <!-- m2m_grpmem -->
             ( select MSISDN,package_code from IOV_PRI_PKG where state = 'ENABLED'
		         union
		         select MSISDN,package_code from MAC_PRI_PKG where state = 'ENABLED'
		         union
		         select MSISDN,package_code from NB_PRI_PKG where state = 'ENABLED'
		         union
		         select MSISDN,package_code from PRI_PKG_9105 where state = 'ENABLED'
		       )
              m, atomic_products a
            where m.package_code = a.package_code
             <!--  and m.state = 'ENABLED' -->
              and a.state = 'ENABLED'
              and a.visible = '1'
              and a.BUS_CATEGORY='VOICE'
              and m.msisdn = sub.msisdn)
              then '开'
              else '关'
              end
              ) as voiceSwitch,
              remark remark
    from 
   ( select p.msisdn,
          <!--  max(p.user_type) userType, -->
           wm_concat(distinct p.product_code) prdCode,
           <!-- max(p.main_prod_code) mainPrdCode, -->
           <!-- max(pr.main_prod_name) mainPrdName, -->
           p.ec_code ecCode,
           cus.ec_name ecName,
           max(a.area_name) areaName,
           max(p.iccid) iccid,
           max(p.imei) imei,
           max(p.imsi) imsi,
           max(p.LIFE_CYCLE) as lifeCycle,
           max(p.open_time) as openTime,
           max(p.activate_date) as activateDate,
           max(p.remark) remark
           from 
           <!-- M2M_PERSON  
           <if test="part != null and part != ''">
		         partition(M2M_PERSON_PARTITION${part})
		   </if> -->
		   ( select MSISDN,EC_CODE,product_code,iccid,imei,imsi,LIFE_CYCLE,open_time,activate_date,remark from IOV_CARD 
		     where STATE = 'ENABLED' and (msisdn = #{msisdn} or iccid = #{msisdn} or imei = #{msisdn} or imsi = #{msisdn})
	         union
	         select MSISDN,EC_CODE,product_code,iccid,imei,imsi,LIFE_CYCLE,open_time,activate_date,remark from MAC_CARD 
	         where STATE = 'ENABLED' and (msisdn = #{msisdn} or iccid = #{msisdn} or imei = #{msisdn} or imsi = #{msisdn})
	         union
	         select MSISDN,EC_CODE,product_code,iccid,imei,imsi,LIFE_CYCLE,open_time,activate_date,remark from NB_CARD 
	         where STATE = 'ENABLED' and (msisdn = #{msisdn} or iccid = #{msisdn} or imei = #{msisdn} or imsi = #{msisdn})
	         union
	         select MSISDN,EC_CODE,product_code,iccid,imei,imsi,LIFE_CYCLE,open_time,activate_date,remark from CARD_9105 
	         where STATE = 'ENABLED' and (msisdn = #{msisdn} or iccid = #{msisdn} or imei = #{msisdn} or imsi = #{msisdn})
	         )
           p
           left join 
           <choose>
			<when test="createBy != null">
			(SELECT t.* FROM enterprise_customer t LEFT JOIN CITY_USER_EC cuec ON t.EC_CODE = cuec.EC_CODE
				WHERE cuec.LOGIN_NAME=#{createBy.loginName}
			) cus
			</when>
			<otherwise>
			enterprise_customer cus
			</otherwise>
		   </choose> on cus.ec_code = p.ec_code
           left join areas a on cus.area_id = a.area_id
          <!--  left join prod_card_type pr on pr.main_prod_id=p.main_prod_code -->
           where 1=1
           <!-- p.msisdn = #{msisdn} -->
           <if test="lifecycle !=null and lifecycle !=''">
           		and LIFE_CYCLE = #{lifecycle}
           </if>
           <if test="areaId != null and areaId != ''">
				and cus.area_id = #{areaId}
		   </if>
          group by p.msisdn  , p.ec_code , cus.ec_name
      ) sub
            
   
</select>


	<select id="pkginfo" resultType="java.util.HashMap">
		SELECT
			MP.MSISDN msisdn,
			ap.PACKAGE_NAME as pkgName ,
			MP.PACKAGE_CODE as pkgCode,
			MP.START_DATE,
			ap.BUS_CATEGORY BUSINESSTYPE,
			ap.CHANNEL CHANNEL,
			ap.UNIT_VALUE UNIT_VALUE
		FROM
		(
		   select MSISDN,PACKAGE_CODE,START_DATE from IOV_PRI_PKG where STATE = 'ENABLED'
		   AND START_DATE <![CDATA[<= ]]>  SYSDATE AND END_DATE > SYSDATE and MSISDN = #{msisdn}
		   union
		   select MSISDN,PACKAGE_CODE,START_DATE from MAC_PRI_PKG where STATE = 'ENABLED'
		   AND START_DATE <![CDATA[<= ]]>  SYSDATE AND END_DATE > SYSDATE and MSISDN = #{msisdn}
		   union
		   select MSISDN,PACKAGE_CODE,START_DATE from NB_PRI_PKG where STATE = 'ENABLED'
		   AND START_DATE <![CDATA[<= ]]>  SYSDATE AND END_DATE > SYSDATE and MSISDN = #{msisdn}
		   union
		   select MSISDN,PACKAGE_CODE,START_DATE from PRI_PKG_9105 where STATE = 'ENABLED'
		   AND START_DATE <![CDATA[<= ]]>  SYSDATE AND END_DATE > SYSDATE and MSISDN = #{msisdn}
		)
		MP ,atomic_products ap
		WHERE MP.PACKAGE_CODE=ap.PACKAGE_CODE AND ap.PKG_CATEGORY='PKG_CAT_BUSINESS'
	</select>

	<!-- 根据msisdn获取卡的类型 -->
    <select id="queryCardTypeByMsisdn"  resultType="java.lang.String"> 
			SELECT 
				PCT.CARD_TYPE 
			FROM NUM_ROUTE nr,PROD_CARD_TYPE pct 
				WHERE NR.STATE = 'ENABLED'
			    <if test="msisdn !=null and msisdn !=''">
		    	    AND nr.msisdn=#{msisdn}
		    	</if>
		    	<if test="iccid !=null and iccid !=''">
		    	    AND nr.ICCID = #{iccid} 
		    	</if>
		    	<if test="imsi !=null and imsi !=''">
		    	    AND nr.imsi=#{imsi}
		    	</if>
		    	<!-- <if test="imei !=null and imei !=''">
		    	    AND nr.imei=#{imei}
		    	</if> -->
				AND pct.MAIN_PROD_ID = nr.PER_MAIN_PROD_ID  
				AND ROWNUM=1
		UNION   
			SELECT 
				pct.CARD_TYPE 
			FROM NUM_ROUTE nr, PROD_CARD_TYPE pct
				WHERE nr.STATE = 'ENABLED'
				 <if test="msisdn !=null and msisdn !=''">
		    	    AND nr.msisdn=#{msisdn}
		    	</if>
		    	<if test="iccid !=null and iccid !=''">
		    	    AND nr.ICCID = #{iccid} 
		    	</if>
		    	<if test="imsi !=null and imsi !=''">
		    	    AND nr.imsi=#{imsi}
		    	</if>
		    	<!-- <if test="imei !=null and imei !=''">
		    	    AND NR.imei=#{imei}
		    	</if> -->
				AND pct.MAIN_PROD_ID = substr(nr.EC_MAIN_PROD_ID, (CASE when nr.EC_MAIN_PROD_ID LIKE 'AppendAttr%' then '12' ELSE '1' end))
				AND ROWNUM = 1
    </select>
	<select id="existMainType"  resultType="java.util.HashMap">
	select (select count(1) from IOV_CARD where msisdn = '13609649252') as IOV,
       (select count(1) from MAC_CARD where msisdn = '13609649252') as MAC,
       (select count(1) from NB_CARD where msisdn = '13609649252') as NB,
       (select count(1) from WLW_CARD where msisdn = '13609649252') as WLW,
       (select count(1) from CARD_9105 where msisdn = '13609649252') as "9105"
  	from dual
	</select>
	
	<select id="queryMsisdnInfoNew2" resultType="com.hvgroup.modules.customer.entity.MsisdnBean">

        select 
			sub.msisdn,
			sub.iccid,
			sub.imei,
			sub.imsi,
			sub.ecCode,
			sub.ecName,
			sub.areaName,
			sub.prdCode,
	    decode(lifeCycle,
	    'TEST','测试期',
	    'SILENT','沉默期',
	    'NORMAL','正使用',
	    'FREEZING','冷冻期',
	    'STOP','停机',
	    'PRECLOSE','预约销户',
	    'CANCEL','销户',
	    'STOCK','库存期',
	    'OTHERS','其他',
	    '-'
	    )as runCode,
		to_char(sub.openTime,'yyyy-mm-dd hh24:mi:ss') as openTime,
		(case 
	          when to_char(sub.activateDate,'yyyy') = '1970'
	        then
	          '-'
	        else
	          to_char(sub.activateDate,'yyyy-mm-dd hh24:mi:ss')
	    end)as activateDate,     
         (
            select wm_concat(mai.package_code || '|' || mai.apn_state || ';' || mai.apn_name) as pkgInfo
  			from (
  				 <choose>
  				 	<when test="userType !=null and userType =='IOV'">
  				 		 select a.msisdn,a.package_code,a.status apn_state,a.apn_name from IOV_CONNECT_INFO a
					     left join IOV_FUNC_PKG b on a.msisdn = b.msisdn and a.package_code = b.package_code
					     where a.state = 'ENABLED' and b.state = 'ENABLED' and b.start_date <![CDATA[<= ]]> SYSDATE and b.end_date <![CDATA[ >= ]]> SYSDATE
					     and a.package_code in ('I00010100035','I00010100085','I00010100092','I00010100093','PCRF00010100085','PCRF00010100093')
  				 	</when>
  				 	<when test="userType !=null and userType =='MAC'">
  				 		 select a.msisdn,a.package_code,a.status apn_state,a.apn_name from MAC_CONNECT_INFO a
					     left join MAC_FUNC_PKG  b on a.msisdn = b.msisdn and a.package_code = b.package_code
					     where a.state  = 'ENABLED' and b.state = 'ENABLED' and b.start_date <![CDATA[<= ]]> SYSDATE and b.end_date <![CDATA[ >= ]]> SYSDATE
					     and a.package_code in ('I00010100035','I00010100085','I00010100092','I00010100093','PCRF00010100085','PCRF00010100093')
  				 	</when>
  				 	<when test="userType !=null and userType =='NB'">
  				 		 select a.msisdn,a.package_code,a.status apn_state,a.apn_name from NB_CONNECT_INFO a
					     left join NB_FUNC_PKG  b on a.msisdn = b.msisdn and a.package_code = b.package_code
					     where a.state = 'ENABLED' and b.state = 'ENABLED' and b.start_date <![CDATA[<= ]]> SYSDATE and b.end_date <![CDATA[ >= ]]> SYSDATE
					     and a.package_code in ('I00010100035','I00010100085','I00010100092','I00010100093','PCRF00010100085','PCRF00010100093')
  				 	</when>
  				 	<when test="userType !=null and userType =='WLW'">
  				 		 select a.msisdn,a.package_code,a.status apn_state,a.apn_name from NB_CONNECT_INFO a
					     left join WLW_FUNC_PKG  b on a.msisdn = b.msisdn and a.package_code = b.package_code
					     where a.state = 'ENABLED' and b.state = 'ENABLED' and b.start_date <![CDATA[<= ]]> SYSDATE and b.end_date <![CDATA[ >= ]]> SYSDATE
					     and a.package_code in ('I00010100035','I00010100085','I00010100092','I00010100093','PCRF00010100085','PCRF00010100093')
  				 	</when>
  				 	<when test="userType !=null and userType =='9105'">
  				 		 select a.msisdn,a.package_code,a.status apn_state,b.apn_name from CONNECT_INFO_9105 a
					     left join FUNC_PKG_9105 b on a.msisdn = b.msisdn and a.package_code = b.package_code
					     where a.state = 'ENABLED' and b.state = 'ENABLED' and b.start_date <![CDATA[<= ]]> SYSDATE and b.end_date <![CDATA[ >= ]]> SYSDATE
					     and a.package_code in ('I00010100035','I00010100085','I00010100092','I00010100093','PCRF00010100085','PCRF00010100093')
  				 	</when>
  				 	<otherwise>
  				 		 select a.msisdn,a.package_code,a.status apn_state,a.apn_name from IOV_CONNECT_INFO a
					     left join IOV_FUNC_PKG b on a.msisdn = b.msisdn and a.package_code = b.package_code
					     where a.state = 'ENABLED' and b.state = 'ENABLED' and b.start_date <![CDATA[<= ]]> SYSDATE and b.end_date <![CDATA[ >= ]]> SYSDATE
					     and a.package_code in ('I00010100035','I00010100085','I00010100092','I00010100093','PCRF00010100085','PCRF00010100093')
					     union
					     select a.msisdn,a.package_code,a.status apn_state,a.apn_name from MAC_CONNECT_INFO a
					     left join MAC_FUNC_PKG  b on a.msisdn = b.msisdn and a.package_code = b.package_code
					     where a.state  = 'ENABLED' and b.state = 'ENABLED' and b.start_date <![CDATA[<= ]]> SYSDATE and b.end_date <![CDATA[ >= ]]> SYSDATE
					     and a.package_code in ('I00010100035','I00010100085','I00010100092','I00010100093','PCRF00010100085','PCRF00010100093')
					     union
					     select a.msisdn,a.package_code,a.status apn_state,a.apn_name from NB_CONNECT_INFO a
					     left join NB_FUNC_PKG  b on a.msisdn = b.msisdn and a.package_code = b.package_code
					     where a.state = 'ENABLED' and b.state = 'ENABLED' and b.start_date <![CDATA[<= ]]> SYSDATE and b.end_date <![CDATA[ >= ]]> SYSDATE
					     and a.package_code in ('I00010100035','I00010100085','I00010100092','I00010100093','PCRF00010100085','PCRF00010100093')
					     union
					     select a.msisdn,a.package_code,a.status apn_state,a.apn_name from NB_CONNECT_INFO a
					     left join WLW_FUNC_PKG  b on a.msisdn = b.msisdn and a.package_code = b.package_code
					     where a.state = 'ENABLED' and b.state = 'ENABLED' and b.start_date <![CDATA[<= ]]> SYSDATE and b.end_date <![CDATA[ >= ]]> SYSDATE
					     and a.package_code in ('I00010100035','I00010100085','I00010100092','I00010100093','PCRF00010100085','PCRF00010100093')
					     union
					     select a.msisdn,a.package_code,a.status apn_state,b.apn_name from CONNECT_INFO_9105 a
					     left join FUNC_PKG_9105 b on a.msisdn = b.msisdn and a.package_code = b.package_code
					     where a.state = 'ENABLED' and b.state = 'ENABLED' and b.start_date <![CDATA[<= ]]> SYSDATE and b.end_date <![CDATA[ >= ]]> SYSDATE
					     and a.package_code in ('I00010100035','I00010100085','I00010100092','I00010100093','PCRF00010100085','PCRF00010100093')
  				 	</otherwise>
  				 </choose>
			   ) mai
			   where mai.msisdn=sub.msisdn
                   
          ) as returnStr,
         (case when 0 in (select status
           <choose>
		             <when test="userType !=null and userType =='IOV'">
		             	from IOV_SMS_INFO m where 1=1
		             </when>
		             <when test="userType !=null and userType =='MAC'">
		             	from MAC_SMS_INFO m where 1=1
		             </when>
		             <when test="userType !=null and userType =='NB'">
		             	from NB_SMS_INFO m where 1=1
		             </when>
		             <when test="userType !=null and userType =='WLW'">
		             	from WLW_SMS_INFO m where 1=1
		             </when>
		             <when test="userType !=null and userType =='9105'">
		             	from M2M_SMS_INFO_9105 m,FUNC_PKG_9105 f where m.msisdn=f.msisdn
		             </when>
		             <otherwise>
		             	from m2m_sms_info m where 1=1
	      		 	</otherwise>
  			</choose>
			and m.state = 'ENABLED'
			and m.msisdn = sub.msisdn)
			then '开'
			when 1 in (select status
			<choose>
		             <when test="userType !=null and userType =='IOV'">
		             	from IOV_SMS_INFO m where 1=1
		             </when>
		             <when test="userType !=null and userType =='MAC'">
		             	from MAC_SMS_INFO m where 1=1
		             </when>
		             <when test="userType !=null and userType =='NB'">
		             	from NB_SMS_INFO m where 1=1
		             </when>
		             <when test="userType !=null and userType =='WLW'">
		             	from WLW_SMS_INFO m where 1=1
		             </when>
		             <when test="userType !=null and userType =='9105'">
		             	from M2M_SMS_INFO_9105 m,FUNC_PKG_9105 f where m.msisdn=f.msisdn
		             </when>
		             <otherwise>
		             	from m2m_sms_info m where 1=1
	      		 	 </otherwise>
  			</choose>
			and m.state = 'ENABLED'
			and m.msisdn = sub.msisdn)
			then '关'
			else '--'
			end
           ) as smsSwitch,
          (case when 0 in (select status
              <choose>
		             <when test="userType !=null and userType =='IOV'">
		             	from IOV_VOICE_INFO m where 1=1
		             </when>
		             <when test="userType !=null and userType =='MAC'">
		             	from MAC_VOICE_INFO m where 1=1
		             </when>
		             <when test="userType !=null and userType =='NB'">
		             	from NB_VOICE_INFO m where 1=1
		             </when>
		             <when test="userType !=null and userType =='WLW'">
		             	from WLW_VOICE_INFO m where 1=1
		             </when>
		             <when test="userType !=null and userType =='9105'">
		             	from M2M_VOICE_INFO_9105 m,FUNC_PKG_9105 f where m.msisdn=f.msisdn
		             </when>
		             <otherwise>
		             	from m2m_voice_info m where 1=1
	      		 	</otherwise>
  			  </choose>
			and m.state = 'ENABLED'
			and m.msisdn = sub.msisdn)
			then '开'
			when 1 in (select status
			<choose>
		             <when test="userType !=null and userType =='IOV'">
		             	from IOV_VOICE_INFO m where 1=1
		             </when>
		             <when test="userType !=null and userType =='MAC'">
		             	from MAC_VOICE_INFO m where 1=1
		             </when>
		             <when test="userType !=null and userType =='NB'">
		             	from NB_VOICE_INFO m where 1=1
		             </when>
		             <when test="userType !=null and userType =='WLW'">
		             	from WLW_VOICE_INFO m where 1=1
		             </when>
		             <when test="userType !=null and userType =='9105'">
		             	from M2M_VOICE_INFO_9105 m,FUNC_PKG_9105 f where m.msisdn=f.msisdn
		             </when>
		            <otherwise>
		             	from m2m_voice_info m where 1=1
	      		 	</otherwise>
  			</choose>
			and m.state = 'ENABLED'
			and m.msisdn = sub.msisdn)
			then '关'
			else '--'
		end
		) as voiceSwitch,
        remark remark
    from 
   ( select p.msisdn,
           wm_concat(distinct p.product_code) prdCode,
           p.ec_code ecCode,
           cus.ec_name ecName,
           max(a.area_name) areaName,
           max(p.iccid) iccid,
           max(p.imei) imei,
           max(p.imsi) imsi,
           max(p.LIFE_CYCLE) as lifeCycle,
           max(p.open_time) as openTime,
           max(p.activate_date) as activateDate,
           max(p.remark) remark
           from 
		   ( 
		     <choose>
		             <when test="userType !=null and userType =='IOV'">
			             	select MSISDN,EC_CODE,product_code,iccid,imei,imsi,LIFE_CYCLE,open_time,activate_date,remark,area_code from IOV_CARD 
			     			where STATE = 'ENABLED' 
			     			<!-- and (msisdn = #{msisdn} or iccid = #{msisdn} or imei = #{msisdn} or imsi = #{msisdn}) -->
			     			<if test="msisdn !=null and msisdn !=''">
					    	    AND msisdn=#{msisdn}
					    	</if>
					    	<if test="iccid !=null and iccid !=''">
					    	    AND ICCID = #{iccid} 
					    	</if>
					    	<if test="imsi !=null and imsi !=''">
					    	    AND imsi=#{imsi}
					    	</if>
		             </when>
		             <when test="userType !=null and userType =='MAC'">
			             	select MSISDN,EC_CODE,product_code,iccid,imei,imsi,LIFE_CYCLE,open_time,activate_date,remark,area_code from MAC_CARD 
		        			where STATE = 'ENABLED' 
		        			<!-- and (msisdn = #{msisdn} or iccid = #{msisdn} or imei = #{msisdn} or imsi = #{msisdn}) -->
			     			<if test="msisdn !=null and msisdn !=''">
					    	    AND msisdn=#{msisdn}
					    	</if>
					    	<if test="iccid !=null and iccid !=''">
					    	    AND ICCID = #{iccid} 
					    	</if>
					    	<if test="imsi !=null and imsi !=''">
					    	    AND imsi=#{imsi}
					    	</if>
		             </when>
		             <when test="userType !=null and userType =='NB'">
			             	select MSISDN,EC_CODE,product_code,iccid,imei,imsi,LIFE_CYCLE,open_time,activate_date,remark,area_code from NB_CARD 
		         			where STATE = 'ENABLED' 
		         			<!-- and (msisdn = #{msisdn} or iccid = #{msisdn} or imei = #{msisdn} or imsi = #{msisdn}) -->
			     			<if test="msisdn !=null and msisdn !=''">
					    	    AND msisdn=#{msisdn}
					    	</if>
					    	<if test="iccid !=null and iccid !=''">
					    	    AND ICCID = #{iccid} 
					    	</if>
					    	<if test="imsi !=null and imsi !=''">
					    	    AND imsi=#{imsi}
					    	</if>
		             </when>
		             <when test="userType !=null and userType =='WLW'">
			             	select MSISDN,EC_CODE,product_code,iccid,imei,imsi,LIFE_CYCLE,open_time,activate_date,remark,area_code from WLW_CARD 
		         			where STATE = 'ENABLED' 
		         			<!-- and (msisdn = #{msisdn} or iccid = #{msisdn} or imei = #{msisdn} or imsi = #{msisdn}) -->
			     			<if test="msisdn !=null and msisdn !=''">
					    	    AND msisdn=#{msisdn}
					    	</if>
					    	<if test="iccid !=null and iccid !=''">
					    	    AND ICCID = #{iccid} 
					    	</if>
					    	<if test="imsi !=null and imsi !=''">
					    	    AND imsi=#{imsi}
					    	</if>
							AND card_type='HDJ'<!-- 和对讲HDJ -->
		             </when>
		             <when test="userType !=null and userType =='9105'">
			             	select MSISDN,EC_CODE,product_code,iccid,imei,imsi,LIFE_CYCLE,open_time,activate_date,remark,area_code from CARD_9105 
		         			where STATE = 'ENABLED' 
		         			<!-- and (msisdn = #{msisdn} or iccid = #{msisdn} or imei = #{msisdn} or imsi = #{msisdn}) -->
			     			<if test="msisdn !=null and msisdn !=''">
					    	    AND msisdn=#{msisdn}
					    	</if>
					    	<if test="iccid !=null and iccid !=''">
					    	    AND ICCID = #{iccid} 
					    	</if>
					    	<if test="imsi !=null and imsi !=''">
					    	    AND imsi=#{imsi}
					    	</if>
		             </when>
		             <otherwise>
				             select MSISDN,EC_CODE,product_code,iccid,imei,imsi,LIFE_CYCLE,open_time,activate_date,remark,area_code from IOV_CARD 
						     where STATE = 'ENABLED' 
						     <!-- and (msisdn = #{msisdn} or iccid = #{msisdn} or imei = #{msisdn} or imsi = #{msisdn}) -->
			     			<if test="msisdn !=null and msisdn !=''">
					    	    AND msisdn=#{msisdn}
					    	</if>
					    	<if test="iccid !=null and iccid !=''">
					    	    AND ICCID = #{iccid} 
					    	</if>
					    	<if test="imsi !=null and imsi !=''">
					    	    AND imsi=#{imsi}
					    	</if>
					         union
					         select MSISDN,EC_CODE,product_code,iccid,imei,imsi,LIFE_CYCLE,open_time,activate_date,remark,area_code from MAC_CARD 
					         where STATE = 'ENABLED' 
					         <!-- and (msisdn = #{msisdn} or iccid = #{msisdn} or imei = #{msisdn} or imsi = #{msisdn}) -->
			     			<if test="msisdn !=null and msisdn !=''">
					    	    AND msisdn=#{msisdn}
					    	</if>
					    	<if test="iccid !=null and iccid !=''">
					    	    AND ICCID = #{iccid} 
					    	</if>
					    	<if test="imsi !=null and imsi !=''">
					    	    AND imsi=#{imsi}
					    	</if>
					         union
					         select MSISDN,EC_CODE,product_code,iccid,imei,imsi,LIFE_CYCLE,open_time,activate_date,remark,area_code from NB_CARD 
					         where STATE = 'ENABLED'
					          <!-- and (msisdn = #{msisdn} or iccid = #{msisdn} or imei = #{msisdn} or imsi = #{msisdn}) -->
			     			<if test="msisdn !=null and msisdn !=''">
					    	    AND msisdn=#{msisdn}
					    	</if>
					    	<if test="iccid !=null and iccid !=''">
					    	    AND ICCID = #{iccid} 
					    	</if>
					    	<if test="imsi !=null and imsi !=''">
					    	    AND imsi=#{imsi}
					    	</if>
					    	union
					         select MSISDN,EC_CODE,product_code,iccid,imei,imsi,LIFE_CYCLE,open_time,activate_date,remark,area_code from WLW_CARD 
					         where STATE = 'ENABLED'
					         AND card_type='HDJ'
					          <!-- and (msisdn = #{msisdn} or iccid = #{msisdn} or imei = #{msisdn} or imsi = #{msisdn}) -->
			     			<if test="msisdn !=null and msisdn !=''">
					    	    AND msisdn=#{msisdn}
					    	</if>
					    	<if test="iccid !=null and iccid !=''">
					    	    AND ICCID = #{iccid} 
					    	</if>
					    	<if test="imsi !=null and imsi !=''">
					    	    AND imsi=#{imsi}
					    	</if>
					         union
					         select MSISDN,EC_CODE,product_code,iccid,imei,imsi,LIFE_CYCLE,open_time,activate_date,remark,area_code from CARD_9105 
					         where STATE = 'ENABLED' 
					         <!-- and (msisdn = #{msisdn} or iccid = #{msisdn} or imei = #{msisdn} or imsi = #{msisdn}) -->
			     			<if test="msisdn !=null and msisdn !=''">
					    	    AND msisdn=#{msisdn}
					    	</if>
					    	<if test="iccid !=null and iccid !=''">
					    	    AND ICCID = #{iccid} 
					    	</if>
					    	<if test="imsi !=null and imsi !=''">
					    	    AND imsi=#{imsi}
					    	</if>
	      		 	</otherwise>
  		    </choose>
	         )
           p
           left join 
           <choose>
			<when test="createBy != null">
			(SELECT t.* FROM enterprise_customer t LEFT JOIN CITY_USER_EC cuec ON t.EC_CODE = cuec.EC_CODE
				WHERE cuec.LOGIN_NAME=#{createBy.loginName}
			) cus
			</when>
			<otherwise>
			enterprise_customer cus
			</otherwise>
		   </choose> on cus.ec_code = p.ec_code
           left join areas a on p.area_code = a.area_code
           where 1=1
           <!-- p.msisdn = #{msisdn} -->
           <if test="lifecycle !=null and lifecycle !=''">
           		and LIFE_CYCLE = #{lifecycle}
           </if>
           <if test="areaId != null and areaId != ''">
				and cus.area_id = #{areaId}
		   </if>
          group by p.msisdn  , p.ec_code , cus.ec_name
      ) sub
            
   
</select>


</mapper>