<?xml version="1.0" encoding="UTF-8"?>

<!DOCTYPE sqlMap
 PUBLIC "-//ibatis.apache.org//DTD SQL Map 2.0//EN"
 "http://ibatis.apache.org/dtd/sql-map-2.dtd">



<sqlMap>

	<sql id="logWhere">

		where
		u.id(+)=po.user_id
 		and u.ec_id=#ecId#
		<isNotEmpty prepend="and" property="userName">
			po.username like '%' || #userName# || '%'
		</isNotEmpty>
		<isNotEmpty prepend="and" property="realName">
			u.real_name like '%' || #realName# || '%'
		</isNotEmpty>
		<isNotEmpty prepend="and" property="loginName">
			u.login_name like '%' || #loginName# || '%'
		</isNotEmpty>
		<isNotEmpty prepend="and" property="startDate">
			po.oper_date <![CDATA[>= ]]>
			to_date(#startDate#,'yyyy-mm-dd hh24:mi:ss')
		</isNotEmpty>
		<isNotEmpty prepend="and" property="endDate">
			po.oper_date <![CDATA[< ]]>
			to_date(#endDate#,'yyyy-mm-dd hh24:mi:ss')+1
		</isNotEmpty>

	</sql>

	<select id="findOperlogListByPage" resultClass="HashMap"
		parameterClass="HashMap" resultSetType="SCROLL_INSENSITIVE">
		<include refid="pageSqlStart" />

		select po.*,u.login_name,u.real_name from pro_operlog po,pro_users u

		<include refid="logWhere"></include>
		<!-- 子账户显示 -->
	    <isEqual property="rightType" compareValue="2">
	    	<isNotEmpty prepend="and" property="userId">
				po.user_id = #userId#
			</isNotEmpty>
	    </isEqual>
		order by po.oper_date desc
		<include refid="pageSqlEnd" />
	</select>

	<select id="findOperlogListByPageCount" resultClass="Long"
		parameterClass="HashMap" resultSetType="SCROLL_INSENSITIVE">
		select count(1) from pro_operlog po,pro_users u
		<include refid="logWhere"></include>
		<!-- 子账户显示选定部门下的卡信息 -->
	    <isEqual property="rightType" compareValue="2">
	    	<isNotEmpty prepend="and" property="userId">
				po.user_id = #userId#
			</isNotEmpty>
	    </isEqual>
	</select>

</sqlMap>