<?xml version="1.0" encoding="UTF-8"?>

<!DOCTYPE sqlMap
 PUBLIC "-//ibatis.apache.org//DTD SQL Map 2.0//EN"
 "http://ibatis.apache.org/dtd/sql-map-2.dtd">

<sqlMap>
	<sql id="roleWhere">
		where 1=1
		<isNotEmpty prepend="and" property="ecId">
			(ec_id=#ecId#)
		</isNotEmpty>
		<isNotEmpty prepend="and" property="name">
			name like '%' || #name# || '%'
		</isNotEmpty>
		<isNotEmpty prepend="and" property="id">
			id=#id#
		</isNotEmpty>
	</sql>


	<select id="findRoleListForAll" resultClass="HashMap"
		parameterClass="HashMap" resultSetType="SCROLL_INSENSITIVE">
		select 
			id id,
			name name,
			remark remark,
			seq seq,
			ec_id ecId,
			enabled enabled,
			data_per dataPer,
			ec_package_code ecPackageCode
		from pro_roles
		where 1=1 
		and enabled=1
		and ec_id=#ecId#
		order by ec_id
	</select>
	
	
	<!-- <select id="findGroupType" resultClass="com.lenovo.iotpro3.vo.api.ApiAbility" parameterClass="java.util.HashMap">
		SELECT 
			A.GROUP_TYPE as id,
			A.GROUP_TYPE as groupType,
			'0' as "parent.id" 
		FROM API_METHOD_GROUP A
		GROUP BY A.GROUP_TYPE
	</select>
	
	<select id="findGroupCodeByType" resultClass="com.lenovo.iotpro3.vo.api.ApiAbility" parameterClass="java.util.HashMap">
		SELECT 
			A.GROUP_CODE as id,
			A.GROUP_CODE as groupCode,
			A.GROUP_NAME as groupName,
			#groupType# as "parent.id"
		FROM API_METHOD_GROUP A
		WHERE 1=1
		<isNotEmpty prepend="and" property="groupType">
			A.GROUP_TYPE = #groupType#
		</isNotEmpty>
	</select>

	<select id="getEnabledMethod" resultClass="com.lenovo.iotpro3.vo.api.ApiAbility" parameterClass="java.util.HashMap">
		select 
			a.METHOD as id,
			a.METHOD_DES AS methodDes,
			a.method as method,
			b.GROUP_CODE as groupCode,
			a.state as state,
			a.METHOD_ID as methodId,
			a.METHOD_NAME as methodName,
			a.SERVICE_TYPE as serviceType,
			#groupCode# as "parent.id"
		FROM API_METHOD a
		join API_METHOD_REL b ON a.method = b. method
		where 1=1
		<isNotEmpty prepend="and" property="groupCode">
			 b.GROUP_CODE = #groupCode#
		</isNotEmpty>
		AND a.state = 'ENABLED'
		ORDER BY methodId ASC
	</select> -->


	<select id="findRoleApi" resultClass="com.lenovo.iotpro3.vo.api.RoleManager" parameterClass="java.util.HashMap">
		SELECT
			t.API_METHOD,
			t.ROLE_ID
		FROM
			SYSEC_ROLE_API t
		LEFT JOIN API_METHOD a ON t.API_METHOD = a.METHOD
		WHERE
			t.ROLE_ID = #roleId#
		AND a.STATE = 'ENABLED'
	</select>

	<select id="findApiNew" resultClass="com.lenovo.iotpro3.vo.api.ApiWoMasterDetail" parameterClass="java.util.HashMap">
		select 
		ar.group_code as groupCode,
		agp.group_name as groupName,
		tt.method_id as methodId,
		tt.method,
		tt.method_des as methodDes,
		tt.method_name as methodName,
		tt.can_handle as canHandle,
		<isNotEmpty property="roleId">
		case
		when p.ec_code is null and tt.can_handle = 1 then
		1
		when p.ec_code is null and tt.can_handle = 0 then
		0
		when p.ec_code is not null and tt.can_handle = 1 and p.state = 1 then
		1
		when p.ec_code is not null and tt.can_handle = 1 and p.state = 0 then
		0
		when p.ec_code is not null and tt.can_handle = 0 and p.state = 1 then
		1
		when p.ec_code is not null and tt.can_handle = 0 and p.state = 0 then
		0
		when p.ec_code is not null and tt.can_handle = 1 and p.state is null then
		1
		when p.ec_code is not null and tt.can_handle = 0 and p.state is null then
		0
		else null end state
		</isNotEmpty>
		<isEmpty property="roleId">
		1 state
		</isEmpty>
	from (select am.method_id,
		am.method,
		am.method_des,
		am.method_name,
		am.service_type,
		ac.can_handle,
		ac.def_choice
		from api_method am,
		(select distinct * from api_cus_method_templ a where a.api_cus_type = #serviceType#) ac
		where am.method = ac.method
		and am.method not in(select content from API_EC_CHANGE t where opt_type = 'METHOD_MODIFY' and ec_code = #ecCode#)
		) tt
		<isNotEmpty property="roleId">
		left join (select *
		    from API_EC_ROLE_CHANGE aec
		    where aec.ec_code = #ecCode#
		    <isNotEmpty prepend="and" property="roleId">
				aec.role_id=#roleId#
			</isNotEmpty>
		    ) p
		on p.content = tt.method
		</isNotEmpty>
		left join API_METHOD_REL ar
		on tt.method = ar.method
		left join API_METHOD_GROUP agp
		on ar.group_code = agp.group_code
		where agp.group_flag = 'view' 
		and agp.group_type not in('inner','special','person','messageValidation')
	</select>


	<select id="findRoleListByPage" resultClass="HashMap"
		parameterClass="HashMap" resultSetType="SCROLL_INSENSITIVE">
		<include refid="pageSqlStart" />
		select 
			id id,
			name name,
			remark remark,
			seq seq,
			ec_id ecId,
			enabled enabled,
			data_per dataPer,
			ec_package_code ecPackageCode
		from pro_roles
		where 1=1
		
		<isNotEmpty prepend="and" property="ecId">
			(ec_id=#ecId#)
		</isNotEmpty>
		<isNotEmpty prepend="and" property="name">
			name like '%' || #name# || '%'
		</isNotEmpty>
		<isNotEmpty prepend="and" property="id">
			id=#id#
		</isNotEmpty>
		
		 
		 order by ec_id
		
		<include refid="pageSqlEnd" />
	</select>

	<select id="findRoleListByPageCount" resultClass="Long"
		parameterClass="HashMap" resultSetType="SCROLL_INSENSITIVE">
		
		select count(1) from pro_roles
		
		where 1=1
		
		<isNotEmpty prepend="and" property="ecId">
			(ec_id=#ecId# )
		</isNotEmpty>
		<isNotEmpty prepend="and" property="name">
			name like '%' || #name# || '%'
		</isNotEmpty>
		<isNotEmpty prepend="and" property="id">
			id=#id#
		</isNotEmpty>
		
	</select>
	
	<select id="findRoleInfo" resultClass="HashMap"
		parameterClass="HashMap" resultSetType="SCROLL_INSENSITIVE">
		select 
			id id,
			name name,
			remark remark,
			seq seq,
			ec_id ecId,
			enabled enabled,
			data_per dataPer,
			ec_package_code ecPackageCode
		from pro_roles
		<include refid="roleWhere" />		
	</select>
	
	<delete id="deleteRoleByIdButCommon">
	delete from pro_roles p where p.id=#id# and p.ec_id=#ecId# and p.ec_id!=0
	</delete>

	<delete id="deleteUserRoleByRoleId">
		DELETE FROM PRO_USERS_ROLES WHERE ROLE_ID=#id# AND ROLE_ID!=10 AND ROLE_ID != 11
	</delete>

	<delete id="deleteRoleFunctionByRoleId">
		DELETE FROM pro_roles_functions WHERE ROLE_ID=#id# AND ROLE_ID!=10 AND ROLE_ID != 11
	</delete>

	<select id="findServiceType" resultClass="java.lang.Long">
			select t.service_type from API_METHOD t where t.method = #method#		
	</select>
	
	<insert id="insertApiEcChage">
			insert into API_EC_ROLE_CHANGE(EC_CODE,STATE,SERVICE_TYPE,CONTENT,ROLE_ID)values(#ecCode#,#state#,#serviceType#,#content#,#roleId#)
	</insert>
	<delete id="deleteEcChangeByEcCodeAndOptType">
		delete API_EC_ROLE_CHANGE where ec_code = #ecCode# and role_id=#roleId#
	</delete>
	<select id="findEnterpriseName" resultClass="com.lenovo.iotpro3.vo.api.ApiAccess">
		select 
			e.ec_id as ecId,
			e.ec_name ecName, 
			a.area_name areaName,
			ec.cus_type as cusType,
			e.ENTERPRISE_LEVEL enterpriseLevel
		from enterprise_customer e
		left join areas a on e.area_id = a.area_id
		left join EC_CUSTOMER_TYPE ec on ec.ec_code=e.ec_code
		WHERE e.ec_code = #ecCode#
	</select>
	<select id="findAllValidApi" resultClass="java.lang.String">
		select       
	       distinct tt.method
	      from (select am.method_id,
	        am.method,
	        am.method_des,
	        am.method_name,
	        am.service_type,
	        ac.can_handle,
	        ac.def_choice
	        from api_method am,
	        (select distinct * from api_cus_method_templ a where a.api_cus_type = 1 and a.can_handle = 1) ac
	        where am.method = ac.method) tt
	        left join API_METHOD_REL ar
	        on tt.method = ar.method
	        left join API_METHOD_GROUP agp
	        on ar.group_code = agp.group_code
	        where agp.group_flag = 'view'
	        and agp.group_type not in('inner','special','person','messageValidation')
	 </select>



	<select id="isRoleNameExist" resultClass="Long">

		select count(1) FROM PRO_ROLES WHERE EC_ID=#ecId# AND NAME=#name#

		<isNotEmpty prepend="and" property="id">
			id != #id#
		</isNotEmpty>

	</select>
</sqlMap>