<?xml version="1.0" encoding="UTF-8"?>

<!DOCTYPE sqlMap
 PUBLIC "-//ibatis.apache.org//DTD SQL Map 2.0//EN"
 "http://ibatis.apache.org/dtd/sql-map-2.dtd">

<sqlMap>
	<sql id="filteUserList">
	
	<isEqual compareValue="0" property="ecId"><!-- 系统管理员 -->
		and u.type=1
	</isEqual>
	
	<isGreaterThan compareValue="0" property="ecId"><!-- 企业管理员或企业员工 -->
  		and u.ec_id = #ecId#
	</isGreaterThan>
	
	<isNotEmpty prepend="and" property="loginName">
  		u.login_name like '%'||#loginName#||'%'
	</isNotEmpty>
	<isNotEmpty prepend="and" property="realName">
  		u.real_name like '%'||#realName#||'%'
	</isNotEmpty>
	<!-- 子账户显示 -->
	<isEqual property="rightType" compareValue="2">
	    <isNotEmpty prepend="and" property="userId">
			u.id = #userId#
		</isNotEmpty>
	</isEqual>
	
	</sql>

	<select id="findUserListByPage" resultClass="com.lenovo.iotpro.entity.Users" resultSetType="SCROLL_INSENSITIVE">
		<include refid="pageSqlStart" />
		select u.id id,
			u.login_name loginName,
			u.real_name realName,
			u.type type,
			u.ec_id ecId,
			u.dept_id deptId,
			u.msisdn,
			u.create_date createDate,
			u.last_login_time lastLoginTime,
			u.login_count loginCount,
			u.email email,
			u.LOGIN_NAME LOGIN_NAME
		from pro_users u
		where 1=1
		and enabled='1'
		<include refid="filteUserList"/>
		order by u.last_login_time,u.create_date desc
		<include refid="pageSqlEnd" />
	</select>


	<select id="findUserListByPageCount" resultClass="java.lang.Long"
		resultSetType="SCROLL_INSENSITIVE">
		select count(1)
		from pro_users u
		where 1=1
		and enabled='1'
		<include refid="filteUserList" />
	</select>

	<select id="findUserListByPages" resultClass="com.lenovo.iotpro.entity.Users" resultSetType="SCROLL_INSENSITIVE">
		<include refid="pageSqlStart" />
		select u.id id,
		      u.login_name loginName,
		      u.real_name realName,
		      u.type type,
		      ec.ec_id ecId,
		      u.dept_id deptId,
		      u.msisdn,
		      u.create_date createDate,
		      u.last_login_time lastLoginTime,
		      u.login_count loginCount,
		      u.email email,
		      u.LOGIN_NAME LOGIN_NAME,
		      a.area_name areaName,
		      ec.EC_NAME ecName,
		      ec.ec_code ecCode
		    from pro_users u,pro_user_ec ue,areas a,enterprise_customer ec
		    where 1=1
		    and u.ID=ue.USER_ID
		    and ec.area_id=a.area_id
		    and ue.ec_id=ec.ec_id
		    and enabled='1'
		    <isNotEmpty prepend="and" property="id">
		  		u.ID=#id#
			</isNotEmpty>
				<isNotEmpty prepend="and" property="ecCodes">
			  		 ec.ec_code like '%'||#ecCodes#||'%'
				</isNotEmpty>
				<isNotEmpty prepend="and" property="ecName">
			  		ec.EC_NAME like '%'||#ecName#||'%'
				</isNotEmpty>
				<isNotEmpty prepend="and" property="areaName">
			  		a.AREA_CODE=#areaName#
				</isNotEmpty>
		    order by u.last_login_time,u.create_date desc
		<include refid="pageSqlEnd" />
	</select>
	
	<select id="findUserListByPagesCount" resultClass="java.lang.Long" resultSetType="SCROLL_INSENSITIVE">
		select count(1)
			from pro_users u,pro_user_ec ue,areas a,enterprise_customer ec
		    where 1=1
		    and u.ID=ue.USER_ID
		    and ec.area_id=a.area_id
		    and ue.ec_id=ec.ec_id
		    and enabled='1'
		    <isNotEmpty prepend="and" property="id">
		  		u.ID=#id#
			</isNotEmpty>
				<isNotEmpty prepend="and" property="ecCodes">
			  		 ec.ec_code like '%'||#ecCodes#||'%'
				</isNotEmpty>
				<isNotEmpty prepend="and" property="ecName">
			  		ec.EC_NAME like '%'||#ecName#||'%'
				</isNotEmpty>
				<isNotEmpty prepend="and" property="areaName">
			  		a.AREA_CODE=#areaName#
				</isNotEmpty>
	</select>
	
	<select id="findGroupListByPages" resultClass="com.lenovo.iotpro.entity.Users" resultSetType="SCROLL_INSENSITIVE">
		<include refid="pageSqlStart" />
		   select ec.ec_id    ecId,
	           a.area_name areaName,
	           ec.EC_NAME  ecName,
	           ec.ec_code  ecCode
	      from enterprise_customer ec, areas a
	      where 1=1
		    and ec.area_id=a.area_id
		    
		    <isNotEmpty prepend="and" property="areaCode">
		    <isNotEqual property="areaCode" compareValue="GD">
		    	a.AREA_CODE=#areaCode#
		    </isNotEqual>
			</isNotEmpty>
			
				<isNotEmpty prepend="and" property="ecCodes">
			  		 ec.ec_code like '%'||#ecCodes#||'%'
				</isNotEmpty>
				<isNotEmpty prepend="and" property="ecName">
			  		ec.EC_NAME like '%'||#ecName#||'%'
				</isNotEmpty>
				<isNotEmpty prepend="and" property="areaName">
			  		a.AREA_CODE=#areaName#
				</isNotEmpty>
		<include refid="pageSqlEnd" />
	</select>
	
	<select id="findGroupListByPagesCount" resultClass="java.lang.Long" resultSetType="SCROLL_INSENSITIVE">
		select count(1)
			from enterprise_customer ec, areas a
	      	where 1=1
		    and ec.area_id=a.area_id
		    <isNotEmpty prepend="and" property="areaCode">
		    <isNotEqual property="areaCode" compareValue="GD">
		    	a.AREA_CODE=#areaCode#
		    </isNotEqual>
			</isNotEmpty>
				<isNotEmpty prepend="and" property="ecCodes">
			  		 ec.ec_code like '%'||#ecCodes#||'%'
				</isNotEmpty>
				<isNotEmpty prepend="and" property="ecName">
			  		ec.EC_NAME like '%'||#ecName#||'%'
				</isNotEmpty>
				<isNotEmpty prepend="and" property="areaName">
			  		a.AREA_CODE=#areaName#
				</isNotEmpty>
	</select>
	
	
	<select id="findAreaList" resultClass="com.lenovo.iotpro.entity.Areas" resultSetType="SCROLL_INSENSITIVE">
		select AREA_CODE areaCode,
	    AREA_NAME areaName
	    from areas
	</select>
	
	<select id="findAreaUserList" resultClass="com.lenovo.iotpro.entity.Areas" resultSetType="SCROLL_INSENSITIVE">
		select distinct a.AREA_CODE areaCode,
      			a.AREA_NAME areaName
      from areas a,enterprise_customer ec
        where 1=1
		and ec.area_id=a.area_id
		and a.AREA_CODE != '000'
	</select>

	<!-- 查找用户详细信息 -->
	<select id="findUser" resultClass="com.lenovo.iotpro.entity.Users"
		resultSetType="SCROLL_INSENSITIVE">
		select
		u.id id,
		u.type type,
		u.login_name loginName,
		u.real_name realName,
		u.type type,
		u.ec_id ecId,
		u.dept_id deptId,
		u.msisdn msisdn,
		u.create_date createDate,
		u.last_login_time lastLoginTime,
		u.login_count loginCount,
		u.EMAIL email,
		u.remark remark,
		u.gender gender,
		u.password password,
		u.enabled enabled,
		u.modify_date modifyDate,
	    ec.ec_code ecCode,
	    ec.ec_name ecName
		from
		pro_users u,
		enterprise_customer ec 
		where u.ec_id=ec.ec_id 
		<include refid="userWhere" />
		<isNotEmpty prepend="and" property="ecName">
			u.ec_id in(select
			ec.ec_id from enterprise_customer ec where ec.ec_name like
			'%'||#ecName#||'%' )
		</isNotEmpty>
		order by u.last_login_time,u.create_date desc
	</select>
	
	<select id="findLoginName" resultClass="int">
		select 1 from pro_users where login_name = #loginName# and rownum = 1
	</select>

	<update id="updateUserInfos" parameterClass="com.lenovo.iotpro.entity.Users">
		update PRO_USERS set
		<isNotEmpty property="realName">
			REAL_NAME=#realName#,
		</isNotEmpty>
		<isNotEmpty property="msisdn">
			MSISDN=#msisdn#,
		</isNotEmpty>
		<isNotEmpty property="email">
			EMAIL=#email#,
		</isNotEmpty>
		GENDER=#gender#,
		REMARK=#remark#,
		MSISDN_SOURCE=2,
		MODIFY_DATE=sysdate
		where id=#id# 
		
		<isGreaterThan compareValue="0" property="ecId"><!-- 企业管理员或企业员工 -->
  			and ec_id = #ecId#
		</isGreaterThan>
	</update>

	<update id="updateUserPassword" parameterClass="com.lenovo.iotpro.entity.Users">
		update PRO_USERS
		set
		PASSWORD=#password#,MSISDN_SOURCE=2,EFFECT_DATE = sysdate
		where id=#id# and ec_id=#ecId#
	</update>
	
	<select id="queryUsersPasswordById" resultClass="java.lang.String">
		SELECT PASSWORD FROM PRO_USERS WHERE ID = #id# AND EC_ID = #ecId# 
	</select>

	<update id="invalidUser" parameterClass="com.lenovo.iotpro.entity.Users">
		delete from PRO_USERS
		
		where id=#id# and ec_id=#ecId#
	</update>
	
	
	<!-- 获取用户可选择的角色列表 -->
	<select id="findRolesListForUser" resultClass="com.lenovo.iotpro.entity.Roles" resultSetType="SCROLL_INSENSITIVE">
		select r.id, r.name
		  from pro_roles r
		 where 1=1 
		 	<isGreaterThan compareValue="0" property="ecId">
		 and r.ec_id = #ecId#
		 	</isGreaterThan>
		 	<isEqual compareValue="0" property="ecId">
		 and r.ec_id = 0
		 </isEqual>
	</select>
	
	<!-- 获取用户可选择的角色列表 -->
	<select id="findUserByRole" resultClass="com.lenovo.iotpro.entity.Users" resultSetType="SCROLL_INSENSITIVE">
		select u.id id,
			u.login_name loginName,
			u.real_name realName,
			u.type type,
			u.ec_id ecId,
			u.dept_id deptId,
			u.msisdn,
			u.create_date createDate,
			u.last_login_time lastLoginTime,
			u.login_count loginCount,
			u.email email,
			u.LOGIN_NAME LOGIN_NAME
		from PRO_USERS_ROLES a LEFT JOIN pro_users u ON a.user_id = u.id
			LEFT JOIN pro_roles r ON a.role_id on r.id
		 	where 1=1 and r.name = #roleName#
	</select>
	
	
	<select id="loginNameIsExist" resultClass="Long" parameterClass="Map">
	select count(1) from pro_users where login_name=#loginName#
	</select>
	<select id="loginEnInfo"  resultClass="com.lenovo.iotpro3.vo.system.UserManagementVo" parameterClass="Map">
		select LOGIN_NAME as loginName,ID as id ,REAL_NAME as realName FROM PRO_USERS where 1=1
		<isNotEmpty prepend="and" property="ecId">
		EC_ID =#ecId#
		</isNotEmpty>
		<isNotEmpty prepend="and" property="realName">
		REAL_NAME =#realName#
		</isNotEmpty>
	</select>
	
	<update id="updateLoginEnInfo" parameterClass="com.lenovo.iotpro3.vo.system.UserManagementVo">
		update PRO_USERS set
		PASSWORD = #password#
		where id = #id#
	</update>
	
	<select id="checkExistByEcId" resultClass="java.lang.Integer" resultSetType="SCROLL_INSENSITIVE">
		select count(1) 
		from pro_user_ec p 
		where p.user_id = #id#
   		and p.ec_id = #ecId#
	</select>
</sqlMap>