<?xml version="1.0" encoding="UTF-8"?>


<!DOCTYPE sqlMap
 PUBLIC "-//ibatis.apache.org//DTD SQL Map 2.0//EN"
 "http://ibatis.apache.org/dtd/sql-map-2.dtd">
 <sqlMap>
 	<select id="msisdnQuery" resultClass="String" parameterClass="HashMap">
 	<include refid="pageSqlStart" />
 	 select ss.msisdn as msisdn from (
 select t.msisdn
                      from M2M_PERSON t 
                  where t.state = 'ENABLED' 
                  and t.EC_CODE=#ecCode# 
                  <isNotEmpty  property="msisdn" prepend="and">
	  				t.msisdn=#msisdn#
	   			 </isNotEmpty>
                
           ) ss order by ss.msisdn
           <include refid="pageSqlEnd" />
 	</select>
 	<select id="msisdnQueryCount" resultClass="java.lang.Long" parameterClass="HashMap" >
 	select count(1) from
		(
 	 select ss.msisdn as msisdn from (
 select t.msisdn
                    from M2M_PERSON t 
                  where t.state = 'ENABLED' 
                  and t.EC_CODE=#ecCode# 
                  <isNotEmpty  property="msisdn" prepend="and">
	  				t.msisdn=#msisdn#
	   			 </isNotEmpty>
                 
           ) ss order by ss.msisdn
           )
 	</select>
 	
 	
 	<!--流量 导出占位 假数据 -->
 	<select id="msisdnFlowfalse" resultClass="java.util.HashMap" parameterClass="HashMap" >
 		select 0 as msisdn ,EC_CODE
                  from M2M_GRPMEM mi 
                  where mi.EC_CODE=#ecCode# 
 	</select>
 	
 	
 	<!--流量导出查询号码 -->
 	<select id="msisdnQueryflow" resultClass="java.lang.String" parameterClass="HashMap" >
 		 select ss.msisdn as msisdn from (
 select t.msisdn
                      from M2M_PERSON t 
                  where t.state = 'ENABLED' 
                  and t.EC_CODE=#ecCode# 
                  <isNotEmpty  property="msisdn" prepend="and">
	  				t.msisdn=#msisdn#
	   			 </isNotEmpty>
                
           ) ss order by ss.msisdn
 	</select>
 	
 	
 	
 	
 </sqlMap>