<?xml version="1.0" encoding="UTF-8"?>

<!DOCTYPE sqlMap
 PUBLIC "-//ibatis.apache.org//DTD SQL Map 2.0//EN"
 "http://ibatis.apache.org/dtd/sql-map-2.dtd">

<sqlMap>

	<!-- list查询 -->
	<select id="queryAbroadCardList" resultClass="com.lenovo.intlpro.entity.tariff.EvenNumInfoVo" resultSetType="SCROLL_INSENSITIVE">
		<include refid="pageSqlStart" />
		select c.msisdn         as msisdn,
		       c.iccid          as iccid,
		       c.imsi           as imsi,
		       c.direction_name as directionName,
		       c.map_iccid      as mapIccid,
		       c.open_time      as openTime,
		       c.status         as status
		  from CM_OISIM c
		 where c.type in ('0','1')
		 <isNotEmpty prepend="and" property="msisdnAndSoOn">
			(c.msisdn LIKE '%'|| #msisdnAndSoOn# ||'%'
			OR c.iccid LIKE '%'|| #msisdnAndSoOn# ||'%' 
			OR c.imsi LIKE '%'|| #msisdnAndSoOn# ||'%')
		</isNotEmpty>
		<isNotEmpty prepend="and" property="directionName">
			c.direction_name = #directionName#
		</isNotEmpty>
		<isNotEmpty prepend="and" property="startDate">
           to_char(c.open_time,'yyyy-mm-dd hh24:mi:ss') <![CDATA[>= ]]> #startDate# 
        </isNotEmpty>
        <isNotEmpty prepend="and" property="endDate">
           to_char(c.open_time,'yyyy-mm-dd hh24:mi:ss') <![CDATA[<= ]]> #endDate# 
        </isNotEmpty>
	    <include refid="pageSqlEnd" />
	</select>
	 
	 <select id="queryAbroadCardCount" resultClass="java.lang.Long">
		select count(1)
		  from CM_OISIM c
		 where c.type in ('0', '1')
		 <isNotEmpty prepend="and" property="msisdnAndSoOn">
			(c.msisdn LIKE '%'|| #msisdnAndSoOn# ||'%'
			OR c.iccid LIKE '%'|| #msisdnAndSoOn# ||'%' 
			OR c.imei LIKE '%'|| #msisdnAndSoOn# ||'%'
			OR c.imsi LIKE '%'|| #msisdnAndSoOn# ||'%')
		</isNotEmpty>
		<isNotEmpty prepend="and" property="directionName">
			c.direction_name = #directionName#
		</isNotEmpty>
		<isNotEmpty prepend="and" property="startDate">
           to_char(c.open_time,'yyyy-mm-dd hh24:mi:ss') <![CDATA[>= ]]> #startDate# 
        </isNotEmpty>
        <isNotEmpty prepend="and" property="endDate">
           to_char(c.open_time,'yyyy-mm-dd hh24:mi:ss') <![CDATA[<= ]]> #endDate# 
        </isNotEmpty>
	 </select>
	 
	 <select id="findAbroadCardDetail" resultClass="java.util.HashMap">
    	select 
    		ICCID,IMSI,MSISDN,DIRECTION_NAME as DIRECTION,STATUS_NAME as STATUS,
    		 to_char(to_date(OPEN_TIME, 'yyyy-MM-dd hh24:mi:ss'), 'yyyyMMdd') as OPENTIME, 
    		 to_char(to_date(STATUS_TIME, 'yyyy-MM-dd hh24:mi:ss'), 'yyyyMMdd') as ACTIVETIME   
    	from cm_oisim where msisdn = #msisdn# and rownum = 1
    </select>
	 
 </sqlMap>