<?xml version="1.0" encoding="UTF-8"?>
<!DOCTYPE mapper PUBLIC "-//mybatis.org//DTD Mapper 3.0//EN" "http://mybatis.org/dtd/mybatis-3-mapper.dtd">
<mapper namespace="com.hvgroup.modules.personAnalysis.dao.PersonUserAnalysisDao">
    <select id="findUserInformation" resultType="com.hvgroup.modules.personAnalysis.entity.PersonUserAnalysis">
        select * from (select u.user_c as userC,
                                u.user_13 as user13,
                                u.user_11 as user11,
                                u.act_C as actC,
                                u.live_c as liveC,
                                u.off_net as offNet,
                                u.net_increase as netIncrease,
                                u.increase as increase ,
                                u.user_c9105 as userC9105,
                                u.act_c9105 as actC9105,
                                u.live_c9105 as liveC9105,
                                u.off_net9105 as offNet9105,
                                u.net_increase9105 as netIncrease9105,
                                u.increase9105 as increase9105,
                                to_char(u.create_date,'yyyy-MM-dd') as creatdata
                      from JXH_YHHZ_YHZTFX_DD u
                            where to_char(u.create_date,'yyyy-MM-dd')in
                                ( SELECT max(to_char(a.create_date,'yyyy-MM-dd'))FROM JXH_YHHZ_YHZTFX_DD a
                                WHERE 1=1
                                <if test="creatdata != null and creatdata != '' ">
                                    and to_char(a.create_date,'yyyy-MM') = #{creatdata}
                                </if>

                                )
                            order by create_date desc
                            )
             where rownum =1
    </select>

    <select id="findUserInformation2" resultType="com.hvgroup.modules.personAnalysis.entity.PersonUserAnalysis">
        select * from (
                        select u.user_c as userC,
                                u.user_13 as user13,
                                u.user_11 as user11,
                                u.act_C as actC,
                                u.live_c as liveC,
                                u.off_net as offNet,
                                u.net_increase as netIncrease,
                                u.increase as increase ,
                                u.user_c9105 as userC9105,
                                u.act_c9105 as actC9105,
                                u.live_c9105 as liveC9105,
                                u.off_net9105 as offNet9105,
                                u.net_increase9105 as netIncrease9105,
                                u.increase9105 as increase9105,
                                to_char(u.create_date,'yyyy-MM') as creatdata
                     from JXH_YHHZ_YHZTFX_DD u
                            where to_char(u.create_date,'yyyy-MM-dd')in
                            ( SELECT max(to_char(a.create_date,'yyyy-MM-dd'))FROM JXH_YHHZ_YHZTFX_DD a
                            WHERE 1=1
                            <if test="creatdata != null and creatdata != '' ">
                                and to_char(a.create_date,'yyyy-MM') = #{creatdata}
                            </if>
                            )
                            order by create_date desc
                      )where rownum =1
    </select>
<!--按照周查询显示-->
    <select id="findWeekUserInformat" resultType="com.hvgroup.modules.personAnalysis.entity.PersonUserAnalysis">
        select u.user_c as userC,
                u.act_C as actC,
                u.live_c as liveC,
                u.off_net as offNet,
                u.net_increase as netIncrease,
                u.increase as increase ,
                u.user_c9105 as userC9105,
                u.act_c9105 as actC9105,
                u.live_c9105 as liveC9105,
                u.off_net9105 as offNet9105,
                u.net_increase9105 as netIncrease9105,
                u.increase9105 as increase9105,
                to_char(u.create_date,'yyyy-MM-dd') as creatdata
        from JXH_YHHZ_YHZTFX_ZZ u
        where to_char(u.create_date,'yyyy-MM-dd')in
        ( SELECT max(to_char(a.create_date,'yyyy-MM-dd'))FROM JXH_YHHZ_YHZTFX_ZZ a
        WHERE 1=1
        <if test="creatdata != null and creatdata != '' ">
            and to_char(a.create_date,'yyyy-MM') = #{creatdata}
        </if>
        )
        order by create_date desc
    </select>

    <!--地市用户分析总体-->
    <select id="areaAnaly" resultType="com.hvgroup.modules.personAnalysis.entity.PersonUserAnalysis">
        select * from(select *
                      from (select ROW_NUMBER() OVER(PARTITION BY u2.areaCode ORDER BY u2.creatDate desc) rn,
                            u2.*
                               from (select *
                                           from
                                             (select max(substr(a.area_name,1,instr(a.area_name,'市')-1)) as areaName,
                                                    max(u.area_code) as areaCode,
                                                    max(u.user_c) as userC,
                                                    max(u.act_c) as actC,
                                                    max(u.live_c) as liveC,
                                                    max(u.off_net) as offNet,
                                                    max(u.net_increase) as netIncrease,
                                                    max(u.increase) as increase,
                                                    max(u.user_c9105) as userC9105,
                                                    max(u.act_c9105) as actC9105,
                                                    max(u.live_c9105) as liveC9105,
                                                    max(u.off_net9105) as offNet9105,
                                                    max(u.net_increase9105) as netIncrease9105,
                                                    max(u.increase9105) as increase9105,
                                                    sum( (nvl(u.user_c, 0) + nvl(u.user_c9105, 0))) as count,
                                                    sum( (nvl(u.act_c, 0) + nvl(u.act_c9105, 0))) as actCount,
                                                    sum( (nvl(u.live_c, 0) + nvl(u.live_c9105, 0))) as liveCount,
                                                    sum( (nvl(u.off_net, 0) + nvl(u.off_net9105, 0))) as offNetCount,
                                                    sum( (nvl(u.increase, 0) + nvl(u.increase9105, 0))) as increaseCount,
                                                    max(to_char(u.create_date,'yyyy-MM-dd') ) as creatDate
                                              from JXH_YHHZ_DSYH u
                                                    left join areas a
                                                          on a.area_code = u.area_code
                                                        where 1=1
                                                        <if test="creatdata != null and creatdata != '' ">
                                                            and to_char(u.create_date,'yyyy-MM-dd') = #{creatdata}
                                                        </if>
                                                        group by u.area_code, u.create_date
                                          ) u1
                                 )
                          u2)
            where rn = 1)
        <if test=" types!= null and types == 'user' ">
            order by creatDate,count asc
       </if>
        <if test=" types!= null and types == 'netIncrease' ">
            order by creatDate,count asc
        </if>
        <if test=" types!= null and types == 'actC' ">
            order by creatDate,actCount asc
       </if>
        <if test=" types!= null and types == 'liveC' ">
            order by creatDate,liveCount asc
        </if>
        <if test=" types!= null and types == 'offNet' ">
            order by creatDate,offNetCount asc
        </if>
         <if test=" types!= null and types == 'increase' ">
        order by creatDate,increaseCount asc
        </if>
    </select>
    <!--地市用户分析总体数率-->
   <!-- <select id="areaAnalylv" resultType="com.hvgroup.modules.personAnalysis.entity.PersonUserAnalysis">
        select * from(select *
        from (select ROW_NUMBER() OVER(PARTITION BY u2.areaCode ORDER BY u2.creatDate desc) rn,
        u2.*
        from (select *
        from
        (select max(substr(a.area_name,1,instr(a.area_name,'市')-1)) as areaName,
        max(u.area_code) as areaCode,
        max(u.user_c) as userC,
        max(u.act_c) as actC,
        max(u.live_c) as liveC,
        max(u.off_net) as offNet,
        max(u.net_increase) as netIncrease,
        max(u.increase) as increase,
        max(u.user_c9105) as userC9105,
        max(u.act_c9105) as actC9105,
        max(u.live_c9105) as liveC9105,
        max(u.off_net9105) as offNet9105,
        max(u.net_increase9105) as netIncrease9105,
        max(u.increase9105) as increase9105,
        sum( (nvl(u.user_c, 0) + nvl(u.user_c9105, 0))) as count,
        max(to_char(u.create_date,'yyyy-MM-dd') ) as creatDate
        from JXH_YHHZ_DSYH u
        left join areas a
        on a.area_code = u.area_code
        where 1=1
        <if test="creatdata != null and creatdata != '' ">
            and to_char(u.create_date,'yyyy-MM-dd') = #{creatdata}
        </if>
        group by u.area_code, u.create_date
        ) u1
        )
        u2)
        where rn = 1)
        order by creatDate,count desc


    </select>-->
    <!--地市行业用户数-->
    <select id="areahyUserAnaly" resultType="com.hvgroup.modules.personAnalysis.entity.PersonUserAnalysis">
         select
        u.industry as industry,
        u.use_c as userC,
        u.use_c9105 as userC9105,
        (use_c+ use_c9105)as count,
        '1' as num,
        to_char(u.create_date,'yyyy-MM-dd') as creatdata
        from JXH_YHHZ_DSYH_HY u
        where to_char(u.create_date,'yyyy-MM-dd')in
        ( SELECT max(to_char(a.create_date,'yyyy-MM-dd'))FROM JXH_YHHZ_DSYH_HY a
        WHERE 1=1
        <if test="creatdata != null and creatdata != '' ">
            and to_char(a.create_date,'yyyy-MM-dd') = #{creatdata}
        </if>
        )
        order by count desc

    </select>


    <!--地市行业用户数净增当前月-->
    <select id="areahyUserAnalyNet" resultType="com.hvgroup.modules.personAnalysis.entity.PersonUserAnalysis">
        select * from ( select
        u.industry as industry,
        u.use_c as userC,
        u.use_c9105 as userC9105,
        (use_c+ use_c9105)as count,
        '1' as num,
        to_char(u.create_date,'yyyy-MM-dd') as creatdata
        from JXH_YHHZ_DSYH_HY u
        where to_char(u.create_date,'yyyy-MM-dd')in
        ( SELECT max(to_char(a.create_date,'yyyy-MM-dd'))FROM JXH_YHHZ_DSYH_HY a
        WHERE 1=1
        <if test="creatdata != null and creatdata != '' ">
            and to_char(a.create_date,'yyyy-MM-dd') = #{creatdata}
        </if>
        )
        order by count desc)
        WHERE ROWNUM  <![CDATA[<=]]>9
        AND industry <![CDATA[<>]]> '其他'
    </select>


    <!--地市行业用户数净增其他当前月-->
    <select id="areahyUserAnalyNetOther" resultType="com.hvgroup.modules.personAnalysis.entity.PersonUserAnalysis">
        select  sum(userC9105) as userC9105,
        sum(userC) as userC from (select u.industry as industry,
        u.use_c as userC,
        u.use_c9105 as userC9105,
        (use_c + use_c9105) as count,
        '1' as num,
        to_char(u.create_date, 'yyyy-MM-dd') as creatdata
        from JXH_YHHZ_DSYH_HY u
        where to_char(u.create_date,'yyyy-MM-dd')in
        ( SELECT max(to_char(a.create_date,'yyyy-MM-dd'))FROM JXH_YHHZ_DSYH_HY a
        WHERE 1=1
        <if test="creatdata != null and creatdata != '' ">
            and to_char(a.create_date,'yyyyMM') = #{creatdata}
        </if>
        )
        and u.industry not in
        <foreach item = "item2" index = "index" collection = "proList" open = "(" separator = ","  close = ")">
            #{item2}
        </foreach >
        order by count desc)
    </select>
 <!--地市行业用户数净增其上个月前九-->
    <select id="areahyUserAnalyNetLast" resultType="com.hvgroup.modules.personAnalysis.entity.PersonUserAnalysis">
        select * from( select u.industry as industry,
        u.use_c as userC,
        u.use_c9105 as userC9105,
        (use_c + use_c9105) as count,
        '1' as num,
        to_char(u.create_date, 'yyyy-MM-dd') as creatdata
        from JXH_YHHZ_DSYH_HY u
        where to_char(u.create_date,'yyyy-MM-dd')in
        ( SELECT max(to_char(a.create_date,'yyyy-MM-dd'))FROM JXH_YHHZ_DSYH_HY a
        WHERE 1=1
        <if test="creatdata != null and creatdata != '' ">
            and to_char(a.create_date,'yyyyMM') = #{creatdata}
        </if>
        )
        and u.industry in
        <foreach item = "item2" index = "index" collection = "proList" open = "(" separator = ","  close = ")">
            #{item2}
        </foreach >
        order by count desc)
    </select>
    <!--地市行业用户数净增其上个月其他-->
    <select id="areahyUserAnalyNetLastOther" resultType="com.hvgroup.modules.personAnalysis.entity.PersonUserAnalysis">
        select  sum(userC9105) as userC9105,
        sum(userC) as userC from (select u.industry as industry,
        u.use_c as userC,
        u.use_c9105 as userC9105,
        (use_c + use_c9105) as count,
        to_char(u.create_date, 'yyyy-MM-dd') as creatdata
        from JXH_YHHZ_DSYH_HY u
        where to_char(u.create_date,'yyyy-MM-dd')in
        ( SELECT max(to_char(a.create_date,'yyyy-MM-dd'))FROM JXH_YHHZ_DSYH_HY a
        WHERE 1=1
        <if test="creatdata != null and creatdata != '' ">
            and to_char(a.create_date,'yyyyMM') = #{creatdata}
        </if>
        )
        and u.industry not in
        <foreach item = "item2" index = "index" collection = "proList" open = "(" separator = ","  close = ")">
            #{item2}
        </foreach >
        order by count desc)
    </select>

    <!--行业新增数-->
    <select id="areaxzAnaly" resultType="com.hvgroup.modules.personAnalysis.entity.PersonUserAnalysis">
        select a.industry as industry, a.userC as userC, a.userC9105 as userC9105
        from(select
		u.industry as industry,
		u.use_c as userC,
		u.use_c9105 as userC9105
		from JXH_YHHZ_DSYH_HY_XZ u
        where to_char(u.create_date,'yyyy-MM-dd')in
        ( SELECT max(to_char(a.create_date,'yyyy-MM-dd'))FROM JXH_YHHZ_DSYH_HY_XZ a
        WHERE 1=1
        <if test="creatdata != null and creatdata != '' ">
            and to_char(a.create_date,'yyyy-MM-dd') = #{creatdata}
        </if>
        )
		order by create_date desc) a
		order by  (userC+userC9105) desc
	</select>
    <!--行业活跃数-->
    <select id="areahyAnaly" resultType="com.hvgroup.modules.personAnalysis.entity.PersonUserAnalysis">
        select a.industry as industry, a.userC as userC, a.userC9105 as userC9105
        from(select
		u.industry as industry,
		u.use_c as userC,
		u.use_c9105 as userC9105
		from JXH_YHHZ_DSYH_HY_HY u
        where to_char(u.create_date,'yyyy-MM-dd')in
        ( SELECT max(to_char(a.create_date,'yyyy-MM-dd'))FROM JXH_YHHZ_DSYH_HY_HY a
        WHERE 1=1
        <if test="creatdata != null and creatdata != '' ">
            and to_char(a.create_date,'yyyy-MM-dd') = #{creatdata}
        </if>
        )
		order by create_date desc
        )a order by  (userC+userC9105) desc
	</select>
    <!--行业激活数-->
    <select id="areajhAnaly" resultType="com.hvgroup.modules.personAnalysis.entity.PersonUserAnalysis">
        select a.industry as industry, a.userC as userC, a.userC9105 as userC9105
        from(select
            u.industry as industry,
            u.use_c as userC,
            u.use_c9105 as userC9105
		from JXH_YHHZ_DSYH_HY_JH u
        where to_char(u.create_date,'yyyy-MM-dd')in
        ( SELECT max(to_char(a.create_date,'yyyy-MM-dd'))FROM JXH_YHHZ_DSYH_HY_JH a
        WHERE 1=1
        <if test="creatdata != null and creatdata != '' ">
            and to_char(a.create_date,'yyyy-MM-dd') = #{creatdata}
        </if>
        )
                order by create_date desc
        )a order by  (userC+userC9105) desc
	</select>
    <!--行业离网数-->
    <select id="arealwAnaly" resultType="com.hvgroup.modules.personAnalysis.entity.PersonUserAnalysis">
        select a.industry as industry, a.userC as userC, a.userC9105 as userC9105
        from(select
        u.industry as industry,
        u.use_c as userC,
        u.use_c9105 as userC9105
        from JXH_YHHZ_DSYH_HY_LW u
        where to_char(u.create_date,'yyyy-MM-dd')in
        ( SELECT max(to_char(a.create_date,'yyyy-MM-dd'))FROM JXH_YHHZ_DSYH_HY_LW a
        WHERE 1=1
        <if test="creatdata != null and creatdata != '' ">
            and to_char(a.create_date,'yyyy-MM-dd') = #{creatdata}
        </if>
        ) order by create_date desc
        )a order by  (userC+userC9105) desc
    </select>

    <!--产品用户数-->
    <select id="areacpUserAnaly" resultType="com.hvgroup.modules.personAnalysis.entity.PersonUserAnalysis">
        select
                u.mac_c AS macC,
                u.iov_c AS iovC,
                u.c_9105 AS C9105,
                u.nb_c AS nbC,
                u.hdj_c AS hdjC,
                u.zncd_c AS zncdC,
                u.zncd_c9105 AS zncdC9105,
                to_char(u.create_date,'yyyy-MM-dd') As creatdata
        from JXH_YHHZ_DSYH_CP u
          where to_char(create_date,'yyyy-MM-dd') in
                    (select max( to_char(a.create_date,'yyyy-MM-dd'))from JXH_YHHZ_DSYH_CP a
                    where 1=1
                    <if test="creatdata != null and creatdata != '' ">
                        and to_char(a.create_date,'yyyy-MM-dd') = #{creatdata}
                    </if>
                     )

<!--后期优化排序使用-->
       <!--
       select concat(a.macC, '_机器卡'),
        concat(a.iovC, '_车联网'),
        concat(a.C9105, '_行业卡'),
        concat(a.nbC, '_NB卡'),
        concat(a.hdjC, '_和对讲'),
        concat(a.zncdC, '_智能穿戴'),
        concat(a.zncdC9105, '_智能穿戴9105')
        from (select u.mac_c AS macC,
        u.iov_c AS iovC,
        u.c_9105 AS C9105,
        u.nb_c AS nbC,
        u.hdj_c AS hdjC,
        u.zncd_c AS zncdC,
        u.zncd_c9105 AS zncdC9105,
        to_char(u.create_date, 'yyyy-MM-dd') As creatdata,
        '1' as num
        from JXH_YHHZ_DSYH_CP u
        where to_char(create_date, 'yyyy-MM-dd') in
        (select max(to_char(a.create_date, 'yyyy-MM-dd'))
        from JXH_YHHZ_DSYH_CP a
        where 1 = 1
        <if test="creatdata != null and creatdata != '' ">
            and to_char(u.create_date,'yyyy-MM-dd') = #{creatdata}
        </if>)) a-->

    </select> <!--产品用户数-->
    <select id="areacpUserAnalyLast" resultType="com.hvgroup.modules.personAnalysis.entity.PersonUserAnalysis">
        select
                u.mac_c AS macC,
                u.iov_c AS iovC,
                u.c_9105 AS C9105,
                u.nb_c AS nbC,
                u.hdj_c AS hdjC,
                u.zncd_c AS zncdC,
                u.zncd_c9105 AS zncdC9105,
                to_char(u.create_date,'yyyy-MM-dd') As creatdata
        from JXH_YHHZ_DSYH_CP u
          where to_char(create_date,'yyyy-MM-dd') in
                    (select max( to_char(a.create_date,'yyyy-MM-dd'))from JXH_YHHZ_DSYH_CP a
                    where 1=1
                    <if test="creatdata != null and creatdata != '' ">
                        and to_char(a.create_date,'yyyyMM') = #{creatdata}
                    </if>
                     )
    </select>
    <!--产品新增数-->
    <select id="areacpxzAnaly" resultType="com.hvgroup.modules.personAnalysis.entity.PersonUserAnalysis">
		select
		u.create_date As creatdata,
		u.mac_c AS  macC,
		u.iov_c AS iovC,
		u.c_9105 AS  C9105,
		u.nb_c AS nbC,
		u.hdj_c AS hdjC,
		u.zncd_c AS zncdC,
		u.zncd_c9105 AS zncdC9105,
		'2' as num
		from JXH_YHHZ_DSYH_CP_XZ u
        where to_char(create_date,'yyyy-MM-dd') in
        (select max( to_char(a.create_date,'yyyy-MM-dd'))from JXH_YHHZ_DSYH_CP_XZ a
        where 1=1
        <if test="creatdata != null and creatdata != '' ">
            and to_char(a.create_date,'yyyy-MM-dd') = #{creatdata}
        </if>
        )
		order by create_date desc
	</select>
    <!--产品活跃数-->
    <select id="areacphyAnaly" resultType="com.hvgroup.modules.personAnalysis.entity.PersonUserAnalysis">
		select
		u.create_date As creatdata,
		u.mac_c AS  macC,
		u.iov_c AS iovC,
		u.c_9105 AS  C9105,
		u.nb_c AS nbC,
		u.hdj_c AS hdjC,
		u.zncd_c AS zncdC,
		u.zncd_c9105 AS zncdC9105,
		'3' as num
		from JXH_YHHZ_DSYH_CP_HY u
        where to_char(create_date,'yyyy-MM-dd') in
        (select max( to_char(a.create_date,'yyyy-MM-dd'))from JXH_YHHZ_DSYH_CP_HY a
        where 1=1
        <if test="creatdata != null and creatdata != '' ">
            and to_char(a.create_date,'yyyy-MM-dd') = #{creatdata}
        </if>
        )
		order by create_date desc
	</select>
    <!--产品激活数 JXH_YHHZ_DSYH_CP_JH-->
    <select id="areacpjhAnaly" resultType="com.hvgroup.modules.personAnalysis.entity.PersonUserAnalysis">
		select
		u.create_date As creatdata,
		u.mac_c AS  macC,
		u.iov_c AS iovC,
		u.c_9105 AS  C9105,
		u.nb_c AS nbC,
		u.hdj_c AS hdjC,
		u.zncd_c AS zncdC,
		u.zncd_c9105 AS zncdC9105,
		'5' as num
		from JXH_YHHZ_DSYH_CP_JH u
		where 1=1
        and to_char(create_date,'yyyy-MM-dd') in
        (select max( to_char(a.create_date,'yyyy-MM-dd'))from JXH_YHHZ_DSYH_CP_JH a
        where 1=1
        <if test="creatdata != null and creatdata != '' ">
            and to_char(a.create_date,'yyyy-MM-dd') = #{creatdata}
        </if>
        )
		order by create_date desc
	</select>
    <!--产品离网数-->
    <select id="areacplwAnaly" resultType="com.hvgroup.modules.personAnalysis.entity.PersonUserAnalysis">
		select
		u.create_date As creatdata,
		u.mac_c AS  macC,
		u.iov_c AS iovC,
		u.c_9105 AS  C9105,
		u.nb_c AS nbC,
		u.hdj_c AS hdjC,
		u.zncd_c AS zncdC,
		u.zncd_c9105 AS zncdC9105,
		'6' as num
		from JXH_YHHZ_DSYH_CP_LW u
		where 1=1
        and to_char(create_date,'yyyy-MM-dd') in
        (select max( to_char(a.create_date,'yyyy-MM-dd'))from JXH_YHHZ_DSYH_CP_LW a
        where 1=1
        <if test="creatdata != null and creatdata != '' ">
            and to_char(a.create_date,'yyyy-MM-dd') = #{creatdata}
        </if>
        )
		order by create_date desc
	</select>


    <!--各个生命用户周期占比当前月-->
    <select id="currentLifeCycleAnalysis" resultType="com.hvgroup.modules.personAnalysis.entity.PersonUserAnalysis">
        select
        sum(u.life_normal) As lifeNormal,
        sum(u.life_test) As lifeTest,
        sum(u.life_stock) As lifeStock,
        sum(u.life_silent) As lifeSilent,
        sum(u.life_stop) As lifeStop,
        sum(u.life_preclose) As lifePreclose,
        sum(u.life_cancel) As lifeCancel,
        sum(u.life_freezing) As lifeFreezing
        from JXH_YHHZ_GSMZQYHFB u
        where to_char(u.create_date,'yyyy-MM-dd') in
        (select max(to_char(a.create_date,'yyyy-MM-dd')) from JXH_YHHZ_GSMZQYHFB a
        where 1=1

        )
    </select>

    <!--各个生命用户周期占比下个月预测-->
    <select id="LifeCycleForecastAnaly" resultType="com.hvgroup.modules.personAnalysis.entity.PersonUserAnalysis">
      select
        sum(u.test_to_stock) As testToStock,
        sum(u.test_to_silent) As testToSilent,
        sum(u.silent_to_normal) As silentToNormal,
        sum(u.stock_to_normal) As stockToNormal
        from JXH_YHHZ_SMZQTLSCFB_YC u
         where to_char(u.create_date,'yyyy-MM-dd') in
        (select max(to_char(a.create_date,'yyyy-MM-dd')) from JXH_YHHZ_SMZQTLSCFB_YC a
        where 1=1
        )


    </select>


    <!--各个生命用户周期趋势分析图——总体-->
    <select id="currentLifeCycleAnalysis2" resultType="com.hvgroup.modules.personAnalysis.entity.PersonUserAnalysis">
        select
        to_char(u.create_date,'yyyy-MM') As creatdata,
        u.life_normal As lifeNormal,
        u.life_test As lifeTest,
        u.life_stock As lifeStock,
        u.life_silent As lifeSilent,
        u.life_stop As lifeStop,
        u.life_preclose As lifePreclose,
        u.life_cancel As lifeCancel,
        u.life_freezing As lifeFreezing
        from JXH_YHHZ_GSMZQYHFB u
        where to_char(u.create_date,'yyyy-MM-dd') in
        (select max(to_char(a.create_date,'yyyy-MM-dd')) from JXH_YHHZ_GSMZQYHFB a
        where 1=1
        <if test="creatdata != null and creatdata != '' ">
            and to_char(a.create_date,'yyyy-MM-dd') = #{creatdata}
        </if>)
    </select>

    <!--生命周期分析各个生命用户数占比-行业-->
    <select id="hyLifeCycleAnaly" resultType="com.hvgroup.modules.personAnalysis.entity.PersonUserAnalysis">
        select u.industry as industry,
        u.life_normal as lifeNormal,
        u.life_test As lifeTest,
        u.life_stock As lifeStock,
        u.life_silent As lifeSilent,
        u.life_stop As lifeStop,
        u.life_preclose As lifePreclose,
        u.life_cancel As lifeCancel,
        u.life_freezing As lifeFreezing,
        (nvl(life_normal, 0) + nvl(life_test, 0) + nvl(life_stock,0) + nvl(life_silent,0)
        + nvl(life_stop,0)+ nvl(life_preclose,0)+nvl(life_cancel,0)+nvl(life_freezing,0)) as count,
        to_char(u.create_date,'yyyy-MM-dd') As creatdata
        FROM JXH_YHHZ_GSMZQYHFB_HY u
        where to_char(u.create_date,'yyyy-MM-dd') in
        (select max(to_char(a.create_date,'yyyy-MM-dd')) from JXH_YHHZ_GSMZQYHFB_HY a
        where 1=1
        <if test="creatdata != null and creatdata != '' ">
            and to_char(a.create_date,'yyyy-MM') = #{creatdata}
        </if>)
        order by count desc
    </select>


    <!---生命周期分析——各个生命用户周期行业趋势-->
    <select id="hyLifeCycleqsAnaly" resultType="com.hvgroup.modules.personAnalysis.entity.PersonUserAnalysis">
		select
		sum(u.life_normal) as lifeNormal,
		sum(u.life_test) As lifeTest,
		sum(u.life_stock)  As lifeStock,
		sum(u.life_silent) As lifeSilent,
		sum(u.life_stop)  As lifeStop,
		sum(u.life_preclose) As   lifePreclose,
		sum(u.life_cancel) As lifeCancel,
		sum(u.life_freezing) As lifeFreezing,
		max(u.create_date) As creatdata
		FROM JXH_YHHZ_GSMZQYHFB_HY u
		WHERE  1=1
		AND to_char(u.create_date,'yyyy-MM-dd') = #{creatdata}
	</select>


    <!--生命周期分析-各个生命用产品占比-->
    <select id="cpLifeCycleAnaly" resultType="com.hvgroup.modules.personAnalysis.entity.PersonUserAnalysis">
        select
        (case
        when u.CARD_TYPE = 'MAC' then
        '机器卡'
        when u.card_type = 'NB' then
        'NB-IOT'
        when u.card_type = 'HDJ' then
        '和对讲'
        when u.card_type = 'IOV' then
        '车联网'
        when u.card_type = '9105' then
        '行业卡'
        when u.card_type = 'ZNCD' then
        '智能穿戴'
        end) as cardType,
        u.life_normal as lifeNormal,
        u.life_test As lifeTest,
        u.life_stock As lifeStock,
        u.life_silent As lifeSilent,
        u.life_stop As lifeStop,
        u.life_preclose As lifePreclose,
        u.life_cancel As lifeCancel,
        u.life_freezing As lifeFreezing,
        (nvl(life_normal, 0) + nvl(life_test, 0) + nvl(life_stock,0) + nvl(life_silent,0)
        + nvl(life_stop,0)+ nvl(life_preclose,0)+nvl(life_cancel,0)+nvl(life_freezing,0)) as count,
        to_char(u.create_date,'yyyy-MM-dd') As creatdata
        FROM JXH_YHHZ_GSMZQYHFB_CP u
        where to_char(u.create_date,'yyyy-MM-dd') in
        (select max(to_char(a.create_date,'yyyy-MM-dd')) from JXH_YHHZ_GSMZQYHFB_CP a
        where 1=1
        <if test="creatdata != null and creatdata != '' ">
            and to_char(a.create_date,'yyyy-MM') = #{creatdata}
        </if>)
        AND   u.card_type in('MAC','NB','IOV','HDJ','9105','ZNCD')
        order by count desc
    </select>


    <!--生命周期分析-各个生命用户周期产品趋势-->
    <select id="cpLifeCycleqsAnaly" resultType="com.hvgroup.modules.personAnalysis.entity.PersonUserAnalysis">
		select
		sum(u.life_normal) as lifeNormal,
		sum(u.life_test) As lifeTest,
		sum(u.life_stock)  As lifeStock,
		sum(u.life_silent) As lifeSilent,
		sum(u.life_stop)  As lifeStop,
		sum(u.life_preclose) As   lifePreclose,
		sum(u.life_cancel) As lifeCancel,
		sum(u.life_freezing) As lifeFreezing
		FROM JXH_YHHZ_GSMZQYHFB_CP u
		WHERE  1=1
		AND to_char(u.create_date,'yyyy-MM-dd') = #{creatdata}

	</select>


    <!--各个生命用户分布总体-->
    <select id="userLifeCycleAnaly" resultType="com.hvgroup.modules.personAnalysis.entity.PersonUserAnalysis">
        select * from (SELECT
            u.area_code as areaCode,
            substr(a.area_name,1,instr(a.area_name,'市')-1) as areaName,
            u.life_normal as lifeNormal,
            u.life_test As lifeTest,
            u.life_stock As lifeStock,
            u.life_silent As lifeSilent,
            u.life_stop As lifeStop,
            u.life_preclose As lifePreclose,
            u.life_cancel As lifeCancel,
        	u.life_freezing As lifeFreezing,
            (nvl(u.life_normal, 0) + nvl(u.life_test, 0)+ nvl(u.life_stock, 0)+
            nvl(u.life_silent, 0)+ nvl(u.life_stop, 0)+ nvl(u.life_preclose, 0)+ nvl(u.life_cancel, 0)+ nvl(u.life_freezing, 0)) as count,
            u.create_date As creatdata
        FROM JXH_YHHZ_GSMZQYHFB u
        left join areas a on a.area_code= u.area_code
        where to_char(u.create_date,'yyyy-MM-dd') in
        (select max(to_char(a.create_date,'yyyy-MM-dd')) from JXH_YHHZ_GSMZQYHFB a
        where 1=1
        <if test="creatdata != null and creatdata != '' ">
            and to_char(a.create_date,'yyyy-MM-dd') = #{creatdata}
        </if>))a1
        order by count asc
    </select>

    <!--各个生命用户分布总体率-->
    <select id="userLifeCycleAnalyLy" resultType="com.hvgroup.modules.personAnalysis.entity.PersonUserAnalysis">
        select * from (SELECT
        u.area_code as areaCode,
        substr(a.area_name,1,instr(a.area_name,'市')-1) as areaName,
        u.life_normal as lifeNormal,
        u.life_test As lifeTest,
        u.life_stock As lifeStock,
        u.life_silent As lifeSilent,
        u.life_stop As lifeStop,
        u.life_preclose As lifePreclose,
        u.life_cancel As lifeCancel,
        u.life_freezing As lifeFreezing,
        (nvl(u.life_normal, 0) + nvl(u.life_test, 0)+ nvl(u.life_stock, 0)+
        nvl(u.life_silent, 0)+ nvl(u.life_stop, 0)+ nvl(u.life_preclose, 0)+ nvl(u.life_cancel, 0)+ nvl(u.life_freezing, 0)) as count,
        u.create_date As creatdata
        FROM JXH_YHHZ_GSMZQYHFB u
        left join areas a on a.area_code= u.area_code
        where to_char(u.create_date,'yyyy-MM-dd') in
        (select max(to_char(a.create_date,'yyyy-MM-dd')) from JXH_YHHZ_GSMZQYHFB a
        where 1=1
        <if test="creatdata != null and creatdata != '' ">
            and to_char(a.create_date,'yyyy-MM-dd') = #{creatdata}
        </if>))a1
        order by count desc

    </select>
    <!--生命周期分析各个生命用户行业-->
    <select id="lifeCycleUserHyAnaly" resultType="com.hvgroup.modules.personAnalysis.entity.PersonUserAnalysis">
        select u.industry as industry,
        u.life_normal as lifeNormal,
        u.life_test As lifeTest,
        u.life_stock As lifeStock,
        u.life_silent As lifeSilent,
        u.life_stop As lifeStop,
        u.life_preclose As lifePreclose,
        u.life_cancel As lifeCancel,
        u.life_freezing As lifeFreezing,
        (nvl(life_normal, 0) + nvl(life_test, 0) + nvl(life_stock,0) + nvl(life_silent,0)
        + nvl(life_stop,0)+ nvl(life_preclose,0)+nvl(life_cancel,0)+nvl(life_freezing,0)) as count,
        to_char(u.create_date,'yyyy-MM-dd') As creatdata
        FROM JXH_YHHZ_GSMZQYHFB_HY u
        where to_char(u.create_date,'yyyy-MM-dd') in
        (select max(to_char(a.create_date,'yyyy-MM-dd')) from JXH_YHHZ_GSMZQYHFB_HY a
        where 1=1
        <if test="creatdata != null and creatdata != '' ">
            and to_char(a.create_date,'yyyy-MM-dd') = #{creatdata}
        </if>)
        <!--order by ${lifeCycle} desc 通过字段排序使用-->
        order by count desc
    </select>

    <!--生命周期分析各个生命用户产品-->
    <select id="lifeCycleUserCpAnaly" resultType="com.hvgroup.modules.personAnalysis.entity.PersonUserAnalysis">
        SELECT * from(select
        (case
        when u.CARD_TYPE = 'MAC' then
        '机器卡'
        when u.card_type = 'NB' then
        'NB-IOT'
        when u.card_type = 'HDJ' then
        '和对讲'
        when u.card_type = 'IOV' then
        '车联网'
        when u.card_type = '9105' then
        '行业卡'
        when u.card_type = 'ZNCD' then
        '智能穿戴'
        end) as cardType,
        u.life_normal as lifeNormal,
        u.life_test As lifeTest,
        u.life_stock As lifeStock,
        u.life_silent As lifeSilent,
        u.life_stop As lifeStop,
        u.life_preclose As lifePreclose,
        u.life_cancel As lifeCancel,
        u.life_freezing As lifeFreezing,
        (nvl(life_normal, 0) + nvl(life_test, 0) + nvl(life_stock,0) + nvl(life_silent,0)
        + nvl(life_stop,0)+ nvl(life_preclose,0)+nvl(life_cancel,0)+nvl(life_freezing,0)) as count,
        u.create_date As creatdata
        FROM JXH_YHHZ_GSMZQYHFB_CP u
        where to_char(u.create_date,'yyyy-MM-dd') in
        (select max(to_char(a.create_date,'yyyy-MM-dd')) from JXH_YHHZ_GSMZQYHFB_CP a
        where 1=1
        <if test="creatdata != null and creatdata != '' ">
            and to_char(a.create_date,'yyyy-MM-dd') = #{creatdata}
        </if>)
        AND   u.card_type in('MAC','NB','IOV','HDJ','9105','ZNCD')
        order by create_date desc) order by count desc

    </select>

    <!--生命周期停留时长分布-->
    <select id="lifeCycleDwellTimeFb" resultType="com.hvgroup.modules.personAnalysis.entity.PersonUserAnalysis">
        SELECT * from (
                select
                        (case
                        when u.CARD_TYPE = 'MAC' then
                        '机器卡'
                        when u.card_type = 'NB' then
                        'NB-IOT'
                        when u.card_type = 'HDJ' then
                        '和对讲'
                        when u.card_type = 'IOV' then
                        '车联网'
                        when u.card_type = '9105' then
                        '行业卡'
                        when u.card_type = 'ZNCD' then
                        '智能穿戴'
                        end) as cardType,
                        u.first_c as firstC,
                        u.sencond_c as sencondC,
                        u.third_c as thirdC,
                        (nvl(first_c, 0) + nvl(sencond_c, 0) + nvl(third_c,0) ) as count,
                        to_char(u.create_date,'yyyy-MM-dd') as creatdata
                     FROM JXH_YHHZ_SMZQTLSCFB u
                            where to_char(u.create_date,'yyyy-MM-dd') in
                            (select max(to_char(a.create_date,'yyyy-MM-dd')) from JXH_YHHZ_SMZQTLSCFB a
                            where 1=1
                            <if test="creatdata != null and creatdata != '' ">
                                and to_char(a.create_date,'yyyy-MM-dd') = #{creatdata}
                            </if>)
                            AND  u.card_type in('MAC','NB','IOV','HDJ','9105','ZNCD')
                     )order by creatdata desc

    </select>


    <!--异常生命周期停留监控情况-->
    <select id="abnormalLifeCycle" resultType="com.hvgroup.modules.personAnalysis.entity.PersonUserAnalysis">
        select
        u.apply_stop as applyStop,
        u.force_stop as forceStop,
        u.blank_card as blankCard,
        u.dis_blank_card as disBlankCard,
        u.silent_for6 as silentFor6,
        u.silent_for4 as silentFor4
        FROM JXH_YHHZ_YCSMZQJKQK u
        where to_char(u.create_date,'yyyy-MM-dd') in
        (select max(to_char(a.create_date,'yyyy-MM-dd')) from JXH_YHHZ_YCSMZQJKQK a
        where 1=1
        <if test="creatdata != null and creatdata != '' ">
            and to_char(a.create_date,'yyyy-MM-dd') = #{creatdata}
        </if>)
        order by create_date desc

    </select>

    <!--测试5-->
    <!--业务功能分析用户业务分析-->
    <select id="userBusinessAnalysis" resultType="com.hvgroup.modules.personAnalysis.entity.PersonUserAnalysis">
        select
        u.total_user As totalUser,
        u.total_increased As totalIncreased,
        u.flow_total As flowTotal,
        u.flow_increased As flowIncreased,
        u.vioce_total As vioceTotal,
        u.vioce_increased As vioceIncreased,
        u.sms_total As smsTotal,
        u.sms_increased As smsIncreased,
        u.roaming_total As roamingTotal,
        u.roaming_increased As roamingIncreased,
        u.tow_places_total As towPlacesTotal,
        u.tow_places_increased As towPlacesIncreased,
        to_char(u.create_date,'yyyy-MM-dd') as creatdata
        FROM JXH_YHHZ_YHYWFX u
        where to_char(u.create_date,'yyyy-MM-dd') in
        (select max(to_char(a.create_date,'yyyy-MM-dd')) from JXH_YHHZ_YHYWFX a
        where 1=1
        <if test="creatdata != null and creatdata != '' ">
            and to_char(a.create_date,'yyyy-MM') = #{creatdata}
        </if>)
        order by create_date desc
    </select>

    <!--业务功能分析用户业务趋势-->
 <select id="userBusinessqsAnalysis" resultType="com.hvgroup.modules.personAnalysis.entity.PersonUserAnalysis">
        select
        u.sms As sms,
        u.vioce As vioce,
        u.flow As flow,
        to_char(u.create_date,'yyyy-MM') as creatdata
        FROM JXH_YHHZ_YHYWCS u
        where to_char(u.create_date,'yyyy-MM-dd') in
        (select max(to_char(a.create_date,'yyyy-MM-dd')) from JXH_YHHZ_YHYWCS a
        where 1=1
        <if test="creatdata != null and creatdata != '' ">
            and to_char(a.create_date,'yyyy-MM-dd') = #{creatdata}
        </if>)
        order by create_date desc

    </select>



    <select id="userBusinessqsAnalysis1" resultType="com.hvgroup.modules.personAnalysis.entity.PersonUserAnalysis">
        select * from
        (
           <foreach item="item" index="index" collection="list" separator="union">
                 select * from(
                             select
                                 u.sms As sms,
                                 u.vioce As vioce,
                                 u.flow As flow,
                                 to_char(u.create_date,'yyyy-MM') as creatdata
                             from JXH_YHHZ_YHYWCS u
                                    where to_char(u.create_date,'yyyy-MM-dd') in
                                    (select max(to_char(a.create_date,'yyyy-MM-dd')) from JXH_YHHZ_YHYWCS a
                                    where 1=1
                                        and to_char(a.create_date,'yyyy-MM') = #{item}
                                      )
                                )

    	</foreach>
        )order by creatdata desc
	</select>

	<select id="userAnalysisDetail" resultType="com.hvgroup.modules.personAnalysis.entity.JxhDrilldownEc">
		select substr(a.area_name, 1, instr(a.area_name, '市') - 1) as areaCode,
               ae.product_code as productCode,
               ae.ec_code as ecCode,
               (case when regexp_like(ae.ec_code,'^[[:digit:]]+$') then 
               (case
                 when ae.card_type = 'MAC' then
                  '机器卡(集团)'
                 when ae.card_type = 'HDJ' then
                  '和对讲(集团)'
                 when ae.card_type = 'IOV' then
                  '车联网(集团)'
                 when ae.card_type = 'NB' then
                  'NB-IOT(集团)'
                 when ae.card_type = '9105' then
                  '动力100(集团)'
                 when ae.card_type = 'ZNCD' then
                  '智能穿戴(集团)'
               end)
               else (case
                 when ae.card_type = 'MAC' then
                  '机器卡(个人)'
                 when ae.card_type = 'HDJ' then
                  '和对讲(个人)'
                 when ae.card_type = 'IOV' then
                  '车联网(个人)'
                 when ae.card_type = 'NB' then
                  'NB-IOT(个人)'
                 when ae.card_type = '9105' then
                  '动力100(个人)'
                 when ae.card_type = 'ZNCD' then
                  '智能穿戴(个人)'
               end) end
               ) as mainProduct,
               (case
		         when ae.life_cycle = 'NORMAL' then
		          '正使用'
		         when ae.life_cycle = 'TEST' then
		          '测试期'
		         when ae.life_cycle = 'SILENT' then
		          '沉默期'
		         when ae.life_cycle = 'STOCK' then
		          '库存期'
		         when ae.life_cycle = 'STOP' then
		          '停机'
		         when ae.life_cycle = 'PRECLOSE' then
		          '预约销户'
		         when ae.life_cycle = 'CANCEL' then
		          '销户'
		          when ae.life_cycle = 'FREEZING' then
		          '冷冻期'
		         when ae.life_cycle = 'OTHERS' then
		          '其他'
		       end) as type,
               ae.business as business,
               ec.ec_name as ecName,
               ae.count_c as count
          from ${tableName} ae
          left join enterprise_customer ec
            on ec.ec_code = ae.ec_code
          left join areas a
            on a.area_code = ae.area_code
		 where to_char(ae.create_date, 'yyyymmdd') = to_char((select * from (select create_date from ${tableName} order by create_date desc) where rownum = 1), 'yyyymmdd' )
		 <if test="ecCode != null and ecCode != ''">
			    and ae.ec_code = #{ecCode} 
			</if>
			<if test="ecName != null and ecName != ''">
			    and ec.ec_name = #{ecName}
			</if>
			<if test="business != null and business != ''">
			    and ae.business = #{business}
			</if>
			<if test="type != null and type != ''">
			    and ae.LIFE_CYCLE = #{type}
			</if>
			<if test="mainProduct != null and mainProduct != ''">
			    and ae.CARD_TYPE = #{mainProduct}
			</if>
	</select>

</mapper>