<?xml version="1.0" encoding="UTF-8" ?>
<!DOCTYPE mapper PUBLIC "-//mybatis.org//DTD Mapper 3.0//EN" "http://mybatis.org/dtd/mybatis-3-mapper.dtd" >
<mapper namespace="com.hvgroup.modules.selfServeManage.dao.MktProductMapper" >
  <resultMap id="BaseResultMap" type="com.hvgroup.modules.selfServeManage.entity.MktProduct" >
    <id column="PACKAGE_CODE" property="packageCode" jdbcType="VARCHAR" />
    <id column="ACTIVITY_ID" property="activityId" jdbcType="VARCHAR" />
    <result column="PACKAGE_NAME" property="packageName" jdbcType="VARCHAR" />
    <result column="EFFECTIVE_MODE" property="effectiveMode" jdbcType="DECIMAL" />
    <result column="TYPE" property="type" jdbcType="VARCHAR" />
    <result column="START_DATE" property="startDate" jdbcType="DATE" />
    <result column="END_DATE" property="endDate" jdbcType="DATE" />
    <result column="STATE" property="state" jdbcType="VARCHAR" />
    <result column="SORT" property="sort" jdbcType="DECIMAL" />
    <result column="PACKAGE_DES" property="packageDes" jdbcType="VARCHAR" />
    <result column="AMOUNT" property="amount" jdbcType="DECIMAL" />
    <result column="DISCOUNT" property="discount" jdbcType="DECIMAL" />
    <result column="CONSUME_PRESENT" property="consumePresent" jdbcType="DECIMAL" />
    <result column="ALL_CONSUME_PRESENT" property="allConsumePresent" jdbcType="DECIMAL" />
    <result column="UNIT_VALUE" property="unitValue" jdbcType="VARCHAR" />
    <result column="PKG_TYPE" property="pkgType" jdbcType="VARCHAR" />
    <result column="ATTACH_ID" jdbcType="VARCHAR" property="attachId" />
    <result column="PRESTORE_COST" jdbcType="DECIMAL" property="prestoreCost" />
  </resultMap>
  <resultMap id="BaseResultMap2" type="com.hvgroup.modules.selfServeManage.entity.MktActivity" />
  <resultMap id="atomicPackageOdeVo" type="com.hvgroup.modules.selfServeManage.entity.AtomicPackageOdeVo" />
  <sql id="Base_Column_List" >
    PACKAGE_CODE, ACTIVITY_ID, PACKAGE_NAME, EFFECTIVE_MODE, TYPE, START_DATE, END_DATE, 
    STATE, SORT, PACKAGE_DES, AMOUNT, DISCOUNT, CONSUME_PRESENT, ALL_CONSUME_PRESENT, 
    UNIT_VALUE, PKG_TYPE, ATTACH_ID, PRESTORE_COST
  </sql>
  <select id="findMktProductList" resultMap="BaseResultMap" parameterType="com.hvgroup.modules.selfServeManage.entity.MktProduct" >
    select mp.package_code,
		mp.package_name,
		mp.effective_mode,
		mp.type,
		mp.start_date,
		mp.end_date,
		mp.state,
		mp.sort,
		mp.package_des,
		mp.amount,
		mp.discount,
		mp.consume_present,
		mp.all_consume_present,
		mp.unit_value,
		mp.pkg_type,
		mp.activity_id,
		a.activity_name,
		mp.attach_id,
		mp.prestore_cost,
		mp.payment,
		fal.attach_path attachPath
 	from mkt_product mp left join f_attach_list fal on fal.id = mp.attach_id
 	left join MKT_ACTIVITY a on mp.activity_id = a.id
     where 1=1
    <if test="packageName != null and packageName != ''">
		AND mp.package_name like '%'||#{packageName}||'%'
	</if>
	<if test="state != null and state != ''">
		AND mp.state like '%'||#{state}||'%'
	</if>
	<if test="activityId != null and activityId != ''">
		AND mp.activity_id = #{activityId}
	</if>
    order by mp.state desc,mp.activity_id,mp.sort,mp.package_code
  </select>
  <select id="selectByPrimaryKey" resultMap="BaseResultMap" parameterType="com.hvgroup.modules.selfServeManage.entity.MktProduct" >
    select 
    <include refid="Base_Column_List" />
    from MKT_PRODUCT
    where PACKAGE_CODE = #{packageCode,jdbcType=VARCHAR}
      and ACTIVITY_ID = #{activityId,jdbcType=VARCHAR}
  </select>
  <select id="findActivity" resultMap="BaseResultMap2" >
    select * from mkt_activity where state = 'ENABLED' order by state desc,sort
  </select>
  <select id="findActivityName" resultMap="BaseResultMap2" parameterType="String" >
    select * from mkt_activity where id = #{activityId,jdbcType=VARCHAR} 
  </select>
  <delete id="deleteByPrimaryKey" parameterType="com.hvgroup.modules.selfServeManage.entity.MktProduct" >
    delete from MKT_PRODUCT
    where PACKAGE_CODE = #{packageCode,jdbcType=VARCHAR}
      and ACTIVITY_ID = #{activityId,jdbcType=VARCHAR}
  </delete>
  
  <insert id="insert" parameterType="com.hvgroup.modules.selfServeManage.entity.MktProduct" >
    insert into MKT_PRODUCT (PACKAGE_CODE, ACTIVITY_ID, PACKAGE_NAME, 
      EFFECTIVE_MODE, TYPE, START_DATE, 
      END_DATE, STATE, SORT, 
      PACKAGE_DES, AMOUNT, DISCOUNT, 
      CONSUME_PRESENT, ALL_CONSUME_PRESENT, UNIT_VALUE, 
      PKG_TYPE, ATTACH_ID, PRESTORE_COST,PAYMENT)
    values (#{packageCode,jdbcType=VARCHAR}, #{activityId,jdbcType=VARCHAR}, #{packageName,jdbcType=VARCHAR}, 
      #{effectiveMode,jdbcType=DECIMAL}, #{type,jdbcType=VARCHAR}, #{startDate,jdbcType=DATE}, 
      #{endDate,jdbcType=DATE}, #{state,jdbcType=VARCHAR}, #{sort,jdbcType=DECIMAL}, 
      #{packageDes,jdbcType=VARCHAR}, #{amount,jdbcType=DECIMAL}, #{discount,jdbcType=DECIMAL}, 
      #{consumePresent,jdbcType=DECIMAL}, #{allConsumePresent,jdbcType=DECIMAL}, #{unitValue,jdbcType=VARCHAR}, 
      #{pkgType,jdbcType=VARCHAR}, #{attachId,jdbcType=VARCHAR}, #{prestoreCost,jdbcType=DECIMAL}, #{payment,jdbcType=VARCHAR})
  </insert>
  <insert id="saveMktProduct" parameterType="com.hvgroup.modules.selfServeManage.entity.MktProduct" >
    insert into MKT_PRODUCT (PACKAGE_CODE, ACTIVITY_ID, PACKAGE_NAME, 
      EFFECTIVE_MODE, TYPE, START_DATE, 
      END_DATE, STATE, SORT, 
      PACKAGE_DES, AMOUNT, DISCOUNT, 
      CONSUME_PRESENT, ALL_CONSUME_PRESENT, UNIT_VALUE, 
      PKG_TYPE, ATTACH_ID, PRESTORE_COST,PAYMENT)
    values (#{packageCode,jdbcType=VARCHAR}, #{activityId,jdbcType=VARCHAR}, #{packageName,jdbcType=VARCHAR}, 
      #{effectiveMode,jdbcType=DECIMAL}, #{type,jdbcType=VARCHAR}, #{startDate,jdbcType=DATE}, 
      #{endDate,jdbcType=DATE}, #{state,jdbcType=VARCHAR}, #{sort,jdbcType=DECIMAL}, 
      #{packageDes,jdbcType=VARCHAR}, #{amount,jdbcType=DECIMAL}, #{discount,jdbcType=DECIMAL}, 
      #{consumePresent,jdbcType=DECIMAL}, #{allConsumePresent,jdbcType=DECIMAL}, #{unitValue,jdbcType=VARCHAR}, 
      #{pkgType,jdbcType=VARCHAR}, #{attachId,jdbcType=VARCHAR}, #{prestoreCost,jdbcType=DECIMAL}, #{payment,jdbcType=VARCHAR})
  </insert>
  
  <update id="update" parameterType="com.hvgroup.modules.selfServeManage.entity.MktProduct">
    <!-- <set>
      <if test="packageName != null">
        PACKAGE_NAME = #{packageName,jdbcType=VARCHAR},
      </if>
      <if test="effectiveMode != null">
        EFFECTIVE_MODE = #{effectiveMode,jdbcType=DECIMAL},
      </if>
      <if test="type != null">
        TYPE = #{type,jdbcType=VARCHAR},
      </if>
      <if test="startDate != null">
        START_DATE = #{startDate,jdbcType=DATE},
      </if>
      <if test="endDate != null">
        END_DATE = #{endDate,jdbcType=DATE},
      </if>
      <if test="state != null">
        STATE = #{state,jdbcType=VARCHAR},
      </if>
      <if test="sort != null">
        SORT = #{sort,jdbcType=DECIMAL},
      </if>
      <if test="packageDes != null">
        PACKAGE_DES = #{packageDes,jdbcType=VARCHAR},
      </if>
      <if test="amount != null">
        AMOUNT = #{amount,jdbcType=DECIMAL},
      </if>
      <if test="discount != null">
        DISCOUNT = #{discount,jdbcType=DECIMAL},
      </if>
      <if test="consumePresent != null">
        CONSUME_PRESENT = #{consumePresent,jdbcType=DECIMAL},
      </if>
      <if test="allConsumePresent != null">
        ALL_CONSUME_PRESENT = #{allConsumePresent,jdbcType=DECIMAL},
      </if>
      <if test="unitValue != null">
        UNIT_VALUE = #{unitValue,jdbcType=VARCHAR},
      </if>
      <if test="pkgType != null">
        PKG_TYPE = #{pkgType,jdbcType=VARCHAR},
      </if>
      <if test="attachId != null">
        ATTACH_ID = #{attachId,jdbcType=VARCHAR},
      </if>
      <if test="prestoreCost != null">
        PRESTORE_COST = #{prestoreCost,jdbcType=DECIMAL},
      </if>
    </set> -->
    update MKT_PRODUCT
    SET PACKAGE_NAME = #{packageName,jdbcType=VARCHAR},
    	EFFECTIVE_MODE = #{effectiveMode,jdbcType=DECIMAL},
    	TYPE = #{type,jdbcType=VARCHAR},
    	START_DATE = #{startDate,jdbcType=DATE},
    	END_DATE = #{endDate,jdbcType=DATE},
    	STATE = #{state,jdbcType=VARCHAR},
    	SORT = #{sort,jdbcType=DECIMAL},
    	PACKAGE_DES = #{packageDes,jdbcType=VARCHAR},
    	AMOUNT = #{amount,jdbcType=DECIMAL},
        DISCOUNT = #{discount,jdbcType=DECIMAL},
        CONSUME_PRESENT = #{consumePresent,jdbcType=DECIMAL},
        ALL_CONSUME_PRESENT = #{allConsumePresent,jdbcType=DECIMAL},
        UNIT_VALUE = #{unitValue,jdbcType=VARCHAR},
        PKG_TYPE = #{pkgType,jdbcType=VARCHAR},
        ATTACH_ID = #{attachId,jdbcType=VARCHAR},
        PRESTORE_COST = #{prestoreCost,jdbcType=DECIMAL},
        PAYMENT = #{payment,jdbcType=VARCHAR}
    WHERE PACKAGE_CODE = #{packageCode,jdbcType=VARCHAR}
  </update>
  
  <update id="updateState" parameterType="com.hvgroup.modules.selfServeManage.entity.MktProduct">
    update MKT_PRODUCT
    <set>
      <if test="state != null">
        STATE = #{state,jdbcType=VARCHAR},
      </if>
    </set>
    where PACKAGE_CODE = #{packageCode,jdbcType=VARCHAR}
    <if test="activityId != null">
        and activity_id = #{activityId,jdbcType=VARCHAR}
    </if>
  </update>
  
  <select id="findMktProduct" resultType="com.hvgroup.modules.selfServeManage.entity.MktProduct">
		select
		*
		from MKT_PRODUCT 
		where PACKAGE_CODE = #{packageCode}
		<if test="activityId != null">
	        and activity_id = #{activityId}
	    </if>

	</select>
	
	<select id="checkCode" resultType="Long">
		select
		count(PACKAGE_CODE)
		from MKT_PRODUCT where PACKAGE_CODE = #{packageCode}
	</select>
	<select id="checkActivity" resultType="Long">
		select
		count(ACTIVITY_ID)
		from MKT_PRODUCT where ACTIVITY_ID = #{activityId}
	</select>
  <select id="selectAtomic" resultMap="atomicPackageOdeVo" parameterType="com.hvgroup.modules.selfServeManage.entity.MktProduct">
		select package_code,package_name from Atomic_Products where package_Code like '%'||#{packageCode}||'%'
	</select>
</mapper>