<?xml version="1.0" encoding="UTF-8" ?>
<!DOCTYPE mapper PUBLIC "-//mybatis.org//DTD Mapper 3.0//EN" "http://mybatis.org/dtd/mybatis-3-mapper.dtd" >
<mapper namespace="com.hvgroup.modules.selfServeManage.dao.MktProductPkgMapper" >
  <resultMap id="BaseResultMap" type="com.hvgroup.modules.selfServeManage.entity.MktProductPkg" >
    <id column="PACKAGE_CODE" property="packageCode" jdbcType="VARCHAR" />
    <id column="SUB_PACKAGE_CODE" property="subPackageCode" jdbcType="VARCHAR" />
    <result column="PACKAGE_NAME" property="packageName" jdbcType="VARCHAR" />
    <result column="PACKAGE_DES" property="packageDes" jdbcType="VARCHAR" />
  </resultMap>
  
  <sql id="Base_Column_List" >
    PACKAGE_CODE, SUB_PACKAGE_CODE, PACKAGE_NAME, PACKAGE_DES
  </sql>
  <select id="selectByExample" resultMap="BaseResultMap" parameterType="com.hvgroup.modules.selfServeManage.entity.MktProductPkg" >
    select
    <include refid="Base_Column_List" />
    from MKT_PRODUCT_PKG
    <if test="orderByClause != null" >
      order by ${orderByClause}
    </if>
  </select>
  <select id="findMktProductPkg" resultMap="BaseResultMap" parameterType="String" >
    select 
    <include refid="Base_Column_List" />
    from MKT_PRODUCT_PKG
    where SUB_PACKAGE_CODE = #{subPackageCode,jdbcType=VARCHAR}
  </select>
  <select id="getPackageCodeSpit" resultType="String" parameterType="String" >
    select 
    wm_concat(MPP.package_code)
    from MKT_PRODUCT_PKG MPP
    where SUB_PACKAGE_CODE = #{subPackageCode,jdbcType=VARCHAR}
  </select>
  <delete id="deleteByPrimaryKey" parameterType="com.hvgroup.modules.selfServeManage.entity.MktProductPkg" >
    delete from MKT_PRODUCT_PKG
    where PACKAGE_CODE = #{packageCode,jdbcType=VARCHAR}
      and SUB_PACKAGE_CODE = #{subPackageCode,jdbcType=VARCHAR}
  </delete>
  <delete id="removeProductPkg" parameterType="String" >
    delete from MKT_PRODUCT_PKG
    where SUB_PACKAGE_CODE = #{subPackageCode,jdbcType=VARCHAR}
  </delete>
  <insert id="save" parameterType="com.hvgroup.modules.selfServeManage.entity.MktProductPkg" >
    insert into MKT_PRODUCT_PKG (PACKAGE_CODE, SUB_PACKAGE_CODE, PACKAGE_NAME, 
      PACKAGE_DES)
    values (#{packageCode,jdbcType=VARCHAR}, #{subPackageCode,jdbcType=VARCHAR}, #{packageName,jdbcType=VARCHAR}, 
      #{packageDes,jdbcType=VARCHAR})
  </insert>
  <!-- <select id="countByExample" parameterType="com.hvgroup.modules.selfServeManage.entity.MktProductPkgExample" resultType="java.lang.Integer" >
    select count(*) from MKT_PRODUCT_PKG
    <if test="_parameter != null" >
      <include refid="Example_Where_Clause" />
    </if>
  </select> -->
  <update id="updateByPrimaryKeySelective" parameterType="com.hvgroup.modules.selfServeManage.entity.MktProductPkg" >
    update MKT_PRODUCT_PKG
    <set >
      <if test="packageName != null" >
        PACKAGE_NAME = #{packageName,jdbcType=VARCHAR},
      </if>
      <if test="effectiveMode != null" >
        EFFECTIVE_MODE = #{effectiveMode,jdbcType=DECIMAL},
      </if>
      <if test="packageDes != null" >
        PACKAGE_DES = #{packageDes,jdbcType=VARCHAR},
      </if>
      
    </set>
    where PACKAGE_CODE = #{packageCode,jdbcType=VARCHAR}
      and SUB_PACKAGE_CODE = #{subPackageCode,jdbcType=VARCHAR}
  </update>
  <update id="updateByPrimaryKey" parameterType="com.hvgroup.modules.selfServeManage.entity.MktProductPkg" >
    update MKT_PRODUCT_PKG
    set PACKAGE_NAME = #{packageName,jdbcType=VARCHAR},
      EFFECTIVE_MODE = #{effectiveMode,jdbcType=DECIMAL},
      PACKAGE_DES = #{packageDes,jdbcType=VARCHAR}
    where PACKAGE_CODE = #{packageCode,jdbcType=VARCHAR}
      and SUB_PACKAGE_CODE = #{subPackageCode,jdbcType=VARCHAR}
  </update>
</mapper>