<?xml version="1.0" encoding="UTF-8" ?>
<!DOCTYPE mapper PUBLIC "-//mybatis.org//DTD Mapper 3.0//EN" "http://mybatis.org/dtd/mybatis-3-mapper.dtd">
<mapper namespace="com.hvgroup.modules.selfServeManage.dao.PersonalBannerDao">

	<select id="findList" resultType="PersonalBanner">
		select m.id,
		       m.state,
		       to_char(m.start_date,'yyyy-MM-dd ') startDate,
		       to_char(m.end_date,'yyyy-MM-dd ') endDate,
		       m.sort,
		       m.create_date createDate,
		       m.url,
		       m.attach_id attachIds,
		  	   f.attach_path attachPath
		from MKT_BANNER m
    	left join F_ATTACH_LIST f on m.attach_id = f.id
		where 1=1
		<if test="id !=null and id !=''">
			and m.id = #{id}
		</if>
		order by m.sort
	</select>

	<insert id="insert">
		INSERT INTO MKT_BANNER(
			id,
			<!-- state, -->
			<if test="startDate != null">
	                start_date,
	        </if>
	        <if test="endDate != null">
	                end_date,
	        </if>
	        <if test="sort != null and sort !=''">
	                sort,
	        </if>
	        <if test="url != null and url !=''">
	                url,
	        </if>
	        <if test="attachIds != null and attachIds !=''">
	                attach_id,
	        </if>
			create_date
		)VALUES(
			#{id},
			<!-- #{state}, -->
			<if test="startDate != null">
	                to_date(#{startDate},'yyyy-MM-dd '),
	        </if>
	        <if test="endDate != null">
	                to_date(#{endDate},'yyyy-MM-dd '),
	        </if>
	        <if test="sort != null and sort !=''">
	                #{sort},
	        </if>
	        <if test="url != null and url !=''">
	                #{url},
	        </if>
	        <if test="attachIds != null and attachIds !=''">
	                #{attachIds},
	        </if>
			sysdate
		)
	</insert>
	
	<update id="update">
		UPDATE MKT_BANNER
			<!-- <set> 
	            <if test="state != null and state !=''">
	                state = #{state},
	            </if>
	            <if test="startDate != null">
	                start_date = to_date(#{startDate},'yyyy-MM-dd hh24:mi:ss'),
	            </if>
	            <if test="endDate != null">
	                end_date = to_date(#{endDate},'yyyy-MM-dd hh24:mi:ss'),
	            </if>
	            <if test="sort != null and sort !=''">
	                sort = #{sort},
	            </if>
	            <if test="url != null and url !=''">
	                url = #{url},
	            </if>
	             <if test="attachIds != null and attachIds !=''">
	                attach_id = #{attachIds},
	            </if>
	        </set> -->
	        set
	        state = #{state},
	        <choose>
	        	<when test="startDate != null">
		           start_date = to_date(#{startDate},'yyyy-MM-dd hh24:mi:ss'),
		        </when>
		        <otherwise>
		        	start_date = #{startDate}
		        </otherwise>
	        </choose>
	        <choose>
	        	<when test="endDate != null">
		           end_date = to_date(#{endDate},'yyyy-MM-dd hh24:mi:ss'),
		        </when>
		        <otherwise>
		        	end_date = #{endDate}
		        </otherwise>
	        </choose>
	        sort = #{sort},
	        url = #{url},
	        attach_id = #{attachIds}
    	WHERE id = #{id}
	</update>
	
	<delete id="delete">
		delete from MKT_BANNER WHERE id = #{id}
	</delete>
	
	<select id="sortCheck" resultType="java.lang.Integer">
		select count(1) from
		<choose>
			<when test='flag != null and flag =="2"'>MKT_ACTIVITY</when>
			<when test='flag != null and flag =="3"'>mkt_product</when>
			<otherwise>MKT_BANNER</otherwise>
		</choose>
		where sort = #{sort}
		<if test="id != null and id !=''">
	        and id != #{id}
	    </if>
	    <if test='flag != null and flag =="3"'>
		    <if test="packageCode != null and packageCode !=''">
		         and PACKAGE_CODE != #{packageCode}
		    </if>
		    <if test="activityId != null and activityId !=''">
		        and ACTIVITY_ID = #{activityId}
		    </if>
	    </if>
	</select>
	
</mapper>