<?xml version="1.0" encoding="UTF-8" ?>
<!DOCTYPE mapper
        PUBLIC "-//mybatis.org//DTD Mapper 3.0//EN"
        "http://mybatis.org/dtd/mybatis-3-mapper.dtd">

<mapper namespace="adc">

	<insert id="insertMaster" parameterType="com.lenovo.iotpro.entity.BusinessOrder">
		INSERT INTO
		BUSINESS_ORDER_MASTER (
		MASTER_ORDER_NO,
		BUSINESS_TYPE,
		STATE,
		START_DATE,
		CREATE_USER,
		EC_CODE
		)VALUES(
		#{master_order_no},
		#{business_Type},
		#{state},
		#{start_Date},
		#{create_User},
		#{ec_Code}
		)
	</insert>

	<insert id="insertDetail" parameterType="com.lenovo.iotpro.entity.BusinessOrderDetail">
		INSERT INTO business_order_detail(
		parent_no, child_no
		<if test="order_no !=null">,order_no</if>
		,tran_id,msisdn,type
		<if test="old_package_code !=null">,old_package_code</if>
		<if test="new_package_code !=null">,new_package_code</if>
		<if test="old_product_code !=null">,old_product_code</if>
		<if test="new_product_code !=null">,new_product_code</if>
		<if test="old_apn_id !=null">,old_apn_id</if>
		<if test="new_apn_id !=null">,new_apn_id</if>
		,state
		<if test="result !=null">,result</if>
		,create_date
		<if test="end_date !=null">,end_date</if>
		<if test="ec_code !=null">,ec_code</if>
		<if test="retry_count !=0">,retry_count</if>
		<if test="pack_begin_time !=null">,pack_begin_time</if>
		<if test="pack_end_time !=null">,pack_end_time</if>
		<if test="has_local_saved !=null">,has_local_saved</if>
		<if test="business_model !=0">,business_model</if>
		<if test="internalRequestId !=null">,internalRequestId</if>
		<if test="transId !=null">,transId</if>
		<if test="subSprodId !=null">,subSprodId</if>
		<if test="effectiveMode !=null">,effective_mode</if>
		<if test="expDate !=null">,exp_date</if>
		<if test="loginName !=null">,login_name</if>
		<if test="ip !=null">,ip</if>

		,result_code

		) VALUES (
		#{parent_no},#{child_no}
		<if test="order_no !=null">,#{order_no}</if>
		,#{tran_id},#{msisdn},#{type}
		<if test="old_package_code !=null">,#{old_package_code}</if>
		<if test="new_package_code !=null">,#{new_package_code}</if>
		<if test="old_product_code !=null">,#{old_product_code}</if>
		<if test="new_product_code !=null">,#{new_product_code}</if>
		<if test="old_apn_id !=null">,#{old_apn_id}</if>
		<if test="new_apn_id !=null">,#{new_apn_id}</if>
		,#{state}
		<if test="result !=null">,#{result}</if>
		,#{create_date}
		<if test="end_date !=null">,#{end_date}</if>
		<if test="ec_code !=null">,#{ec_code}</if>
		<if test="retry_count !=0">,#{retry_count}</if>
		<if test="pack_begin_time !=null">,#{pack_begin_time}</if>
		<if test="pack_end_time !=null">,#{pack_end_time}</if>
		<if test="has_local_saved !=null">,#{has_local_saved}</if>
		<if test="business_model !=0">,#{business_model}</if>
		<if test="internalRequestId !=null">,#{internalRequestId}</if>
		<if test="transId !=null">,#{transId}</if>
		<if test="subSprodId !=null">,#{subSprodId}</if>
		<if test="effectiveMode !=null">,#{effectiveMode}</if>
		<if test="expDate !=null">,#{expDate}</if>
		<if test="loginName !=null">,#{loginName}</if>
		<if test="ip !=null">,#{ip}</if>

		,#{result_code}
		)
	</insert>

	<select id="queryOrderNoInfo" parameterType="java.util.Map"
		resultType="java.util.Map">

		SELECT
		d.PARENT_NO,<!-- 父订单编号 -->
		d.MSISDN,<!-- -->
		d.STATE,<!-- 业务办理状态 UNCOMMITTED:已生成未提交，VALIDATE_FAILED:订单校验不通过， COMMITED_TIME_OUT:提交超时，COMMITTED：已提交， 
			COMMITTED_FAIL:提交失败 EXECUTED：执行成功，BUSINESS_FAIL：执行失败 -->
		d.RESULT,<!-- 业务办理结果描述 -->
		d.CREATE_DATE,<!-- 开始时间 -->
		d.END_DATE,<!-- 结束时间 -->
		d.TYPE,<!-- 业务办理类型 -->
		d.CHECK_STATE,<!-- NCHECK：未验证,CHECKING：验证中,WAITING：等待下次验证,CHECKED：已验证（成功或验证已达3次） -->
		d.OLD_PACKAGE_CODE,<!-- 原产品编码 -->
		d.NEW_PACKAGE_CODE,<!-- 新产品编码 -->
		d.NEW_APN_ID,<!-- 新apnid -->
		(SELECT state FROM business_order_master WHERE
		master_order_no=d.parent_no ) order_state

		FROM business_order_detail d

		WHERE 1=1
		<if test="orderNo !=null">
			AND d.PARENT_NO=#{orderNo}
		</if>
		<if test="msisdn !=null">
			AND d.MSISDN =#{msisdn}
		</if>
		<if test="ecCode !=null">
			AND d.EC_CODE =#{ecCode}
		</if>
		<if test="createDate !=null">
			AND d.CREATE_DATE <![CDATA[ >= ]]>#{createDate}
		</if>
		ORDER BY d.CREATE_DATE DESC
	</select>


	<select id="queryParentOrderNoInfo" parameterType="java.util.Map"
		resultType="java.util.Map">
		SELECT
		MASTER_ORDER_NO,
		BUSINESS_TYPE,
		STATE,
		START_DATE,
		CREATE_USER,
		EC_CODE
		FROM BUSINESS_ORDER_MASTER
		WHERE 1=1
		<if test="orderNo !=null">
			AND MASTER_ORDER_NO=#{orderNo}
		</if>
		<if test="createDate !=null">
			AND START_DATE <![CDATA[ >= ]]>#{createDate}
		</if>
		ORDER BY START_DATE DESC
	</select>
	
	<!-- 新增在途订单表 -->
	<insert id="insert_en_route_order" parameterType="com.lenovo.iotpro.entity.EnRouteOrder">
		insert into EN_ROUTE_ORDER(
		TRAN_ID
		<if test="order_no !=null">,order_no</if>
		<if test="api_method !=null">,api_method</if>
		<if test="state !=null">,state</if>
		<if test="count !=null">,count</if>
		<if test="order_type !=null">,order_type</if>
		<if test="msisdn !=null">,msisdn</if>
		<if test="apn_name !=null">,apn_name</if>
		<if test="ec_code !=null">,ec_code</if>
		<if test="parent_no !=null">,parent_no</if>
		<if test="update_date !=null">,update_date</if>
		<if test="current_state !=null">,current_state</if>
		<if test="opt_state !=null">,opt_state</if>
		<if test="error_message !=null">,error_message</if>
		<if test="package_code !=null">,package_code</if>
		)
		values(
		#{tran_id}
		<if test="order_no !=null">
			,#{order_no}
		</if>
		<if test="api_method !=null">
			,#{api_method}
		</if>
		<if test="state !=null">
			,#{state}
		</if>
		<if test="count !=null">
			,#{count}
		</if>
		<if test="order_type !=null">
			,#{order_type}
		</if>
		<if test="msisdn !=null">
			,#{msisdn}
		</if>
		<if test="apn_name !=null">,#{apn_name}</if>
		<if test="ec_code !=null">
			,#{ec_code}
		</if>
		<if test="parent_no !=null">
			,#{parent_no}
		</if>
		<if test="update_date !=null">,#{update_date}</if>
		<if test="current_state !=null">,#{current_state}</if>
		<if test="opt_state !=null">,#{opt_state}</if>
		<if test="error_message !=null">,#{error_message}</if>
		<if test="package_code !=null">,#{package_code}</if>
		)
	</insert>
	
	<!-- 根据号码查找订单类型（在途还是异常订单）ORDER_TYPE, OPT_STATE  java.util.HashMap -->
	<select id="selectOrderType" parameterType="java.util.Map"
		resultType="java.util.HashMap">
       select ORDER_TYPE, OPT_STATE,PACKAGE_CODE,TRAN_ID,APN_NAME  from EN_ROUTE_ORDER where msisdn=#{msisdn} and
		API_METHOD=#{api_method}
		<if test="apn_name !=null">
		   and APN_NAME=#{apn_name} 
		</if>
		<if test="packageCode !=null">
		   and PACKAGE_CODE=#{packageCode} 
		</if>
		and  rownum=1
	</select>
	
		<!-- 根据号码删除该条订单 -->
	<delete id="deleteOrderType" parameterType="java.util.Map">
		delete  from EN_ROUTE_ORDER where msisdn=#{msisdn} and
		API_METHOD=#{api_method}  
		<if test="apn_name !=null">
		and APN_NAME=#{apn_name}
        </if>
        <if test="packageCode !=null">
        and PACKAGE_CODE = #{packageCode}
        </if>
	</delete>
	
	<select id="getOrderDetailByMsisdn" parameterType="java.util.Map" resultType="java.util.HashMap">
        SELECT TYPE FROM business_order_detail  WHERE 1=1
            AND MSISDN = #{msisdn}
            AND TRAN_ID = #{tranId}
    </select>

</mapper>