<?xml version="1.0" encoding="UTF-8" ?>
<!DOCTYPE mapper PUBLIC "-//mybatis.org//DTD Mapper 3.0//EN" "http://mybatis.org/dtd/mybatis-3-mapper.dtd">
<mapper namespace="com.hvgroup.business.dao.EnRouteOrderDao">
    
    
   	<select id="findList" resultType="EnRouteOrder">
		select t.tran_id,
	       t.order_no,
	       t.parent_no,
	       t.api_method,
	       t.state,
	       t.opt_state,
	       t.count,
	       t.order_type,
	       t.msisdn,
	       r.iccid,
	       t.create_date,
		   ec.ec_name  AS ec_name ,
		   ec.ec_code,	       
	       m.method_name api_name
	    from EN_ROUTE_ORDER t
	    left join enterprise_customer ec on ec.ec_code = t.ec_code
        left join api_method m on m.method = t.api_method
        left join num_route r on r.msisdn = t.msisdn
		where 1=1
		<if test="ecCode != null and ecCode != ''">
			AND ec.ec_code like '%'||#{ecCode}||'%'
		</if>
		<if test="ecName != null and ecName != ''">
			AND ec.ec_name = #{ecName}
		</if>		
		<if test="msisdn != null and msisdn != ''">
			AND t.msisdn = #{msisdn}
		</if>	
		<if test="iccid != null and iccid != ''">
			AND r.iccid = #{iccid}
		</if>			
		<if test="parentNo != null and parentNo != ''">
			AND t.parent_no like '%'||#{parentNo}||'%' 
		</if>
		<if test="orderType != null and orderType != ''">
			AND t.order_type =  #{orderType}
		</if>
		<if test="areaId != null and areaId != ''">
			and ec.area_id = #{areaId}
		</if>
		order by t.create_date desc
   	</select>
    
    
 	<delete id="delete">
		delete from EN_ROUTE_ORDER WHERE tran_id = #{tranId}
	</delete>
	   
	 <select id="getEcCount" resultType="java.lang.Long">
		select sum(a) from(
		  select count(1) a from mac_card where ec_code = #{ecCode}
		  union
		  select count(1) a from nb_card where ec_code = #{ecCode}
		  union
		  select count(1) a from iov_card where ec_code = #{ecCode}
		  union
		  select count(1) a from wlw_card where ec_code = #{ecCode}
		  union
		  select count(distinct msisdn) a from card_9105 where ec_code = #{ecCode}
		 )	 
	 </select>  
	 
	 <select id="selectDataCountLessFour" resultType="EnRouteOrder">
		 select r.tran_id,
	       r.order_no,
	       r.api_method,
	       r.state,
	       r.count,
	       r.order_type,
	       r.msisdn from en_route_order r where r.order_type = 1 and r.count <![CDATA[<]]> 4
	 </select>
	 
	 <!-- 批量处理 -->	 
	 <update id="batchEnRouteOrder"  parameterType="java.util.List">
			merge into en_route_order r
		    using
		      (
		        <foreach collection="list" item="item" index="index" separator=" union ">
			        select 
			        	#{item.count} as count ,
			        	#{item.orderType} as order_type ,
			        	#{item.tranId} as tran_id
			        from dual
		        </foreach>
		      )  t
		    on(r.tran_id = t.tran_id)
		    WHEN MATCHED THEN
		        UPDATE SET 
			        r.order_type = t.order_type,
			        r.count = t.count
	 </update>
	 
	 
	
</mapper>