<?xml version="1.0" encoding="UTF-8" ?>
<!DOCTYPE mapper PUBLIC "-//mybatis.org//DTD Mapper 3.0//EN" "http://mybatis.org/dtd/mybatis-3-mapper.dtd">
<mapper namespace="com.hvgroup.business.dao.TradeDao">

	<select id="findAllTradeInfo" resultType="Trade">
		SELECT
			TRADE_ID as tradeId,
			TRADE_NAME as tradeName
		FROM TRADE a
	</select>
	
	<select id="findTrades" resultType="Trade">
			select id tradeId,name as tradeName  from  PRO_IOT_APPLY
	</select>
	
	
	<select id="findAllEcCode" resultType="java.lang.String">
		<!-- <include refid="pageSqlStart"/>  -->
			SELECT EC_CODE FROM ENTERPRISE_CUSTOMER WHERE STATE = 'ENABLED'
		<!-- <include refid="pageSqlEnd"/> -->
	</select>
	
	<select id="findEcList" resultType="java.lang.String">
			SELECT t.EC_CODE FROM ENTERPRISE_CUSTOMER t
			<if test="remarks != null and remarks != ''">
				right join CITY_USER_EC c on c.ec_code = t.ec_code
			</if>
			WHERE t.STATE = 'ENABLED'
			<if test="ecCode !=null and ecCode!=''">
				and t.EC_CODE = #{ecCode}
			</if>
			<if test="remarks != null and remarks != ''">
				and
				c.login_name = #{remarks}
				and 
				t.AREA_ID is not null
			</if>
			<if test="areaId!=null and areaId!=''">
				and t.area_id = #{areaId}
			</if>
	</select>
	
	<select id="findAreaNameByEc" resultType="java.lang.String">
			SELECT a.area_name FROM ENTERPRISE_CUSTOMER ec ,areas  a 
			WHERE 
			ec.ec_code = #{ecCode}
			and ec.STATE = 'ENABLED'
			and ec.area_id = a.area_id
			and rownum<![CDATA[<]]>2
	</select>
	
	<select id="finEcNameByEc" resultType="java.lang.String">
			SELECT ec_name FROM ENTERPRISE_CUSTOMER ec 
			WHERE 
			ec.ec_code = #{ecCode}
			and ec.STATE = 'ENABLED'
			and rownum<![CDATA[<]]>2
	</select>
	
	<select id="findAllEcCodeV2" resultType="com.hvgroup.modules.state.entity.CellularData">
			<!--新(查日表)： 根据月份查询有效集团(和客户发展统计的有效集团数保持一致) -->
			select 
                  t.ec_code AS ecCode, 
                  t.area_id AS areaId
            from rep_bus_cus_dd<if test='dbConnectionMode =="1" '>@IOTLINK_ST</if> t
            <if test="remarks != null and remarks != ''">
				right join CITY_USER_EC c on c.ec_code = t.ec_code
			</if>
			where 1=1  
			<if test="remarks != null and remarks != ''">
				and
				c.login_name = #{remarks}
				and 
				t.area_id is not null
			</if>
			<if test="ecCode != null and ecCode != ''">
				and t.ec_code = #{ecCode}
			</if>
			<if test="areaId != null and areaId != ''">
				and t.area_id = #{areaId}
			</if>
            and t.area_id <![CDATA[ <> ]]> 1
            and t.start_day = ( select max(dd.start_day)
                                 from rep_bus_cus_dd<if test='dbConnectionMode =="1" '>@IOTLINK_ST</if> dd
                                 where substr(dd.start_day,1,6) = replace(#{statMonth},'-','')
                                )
            and t.main_package_code in
                    (select decode(pct.prod_type,
                                   'EC',
                                   'AppendAttr.' || pct.main_prod_id,
                                   'PER',
                                   pct.main_prod_id)
                     from prod_card_type pct
                     where pct.prod_type in ('EC')
                    )
            group by t.area_id, t.ec_code, t.start_day
			
			
			<!-- 新(查月表)： 根据月份查询有效集团(和客户发展统计的有效集团数保持一致)
			select 
                  t.ec_code AS ecCode, 
                  t.area_id AS areaId
            from rep_bus_cus_mm<if test='dbConnectionMode =="1" '>@IOTLINK_ST</if> t
            <if test="remarks != null and remarks != ''">
				right join CITY_USER_EC c on c.ec_code = t.ec_code
			</if>
			where 1=1  
			<if test="remarks != null and remarks != ''">
				and
				c.login_name = #{remarks}
				and 
				t.area_id is not null
			</if>
			<if test="ecCode != null and ecCode != ''">
				and t.ec_code = #{ecCode}
			</if>
			<if test="areaId != null and areaId != ''">
				and t.area_id = #{areaId}
			</if>
            and t.area_id <![CDATA[ <> ]]> 1
            and t.start_month <![CDATA[ >= ]]> replace(#{statMonth},'-','')
            and t.start_month <![CDATA[ <= ]]> replace(#{statMonth},'-','')
            and t.main_package_code in
			       (select decode(pct.prod_type,
			                      'EC',
			                      'AppendAttr.' || pct.main_prod_id,
			                      'PER',
			                      pct.main_prod_id)
			         from prod_card_type pct
			         where pct.prod_type in ('EC')
			        )
			group by t.area_id, t.ec_code, t.start_month -->
	
	
	
			<!--旧： SELECT t.EC_CODE AS ecCode, t.AREA_ID AS areaId 
			FROM ENTERPRISE_CUSTOMER t
			<if test="remarks != null and remarks != ''">
				right join CITY_USER_EC c on c.ec_code = t.ec_code
			</if>
				where 1=1  
			<if test="remarks != null and remarks != ''">
				and
				c.login_name = #{remarks}
				and 
				t.AREA_ID is not null
			</if>
				and STATE = 'ENABLED'
			<if test="ecCode != null and ecCode != ''">
				and EC_CODE = #{ecCode}
			</if>
			<if test="areaId != null and areaId != ''">
				and AREA_ID = #{areaId}
			</if> -->
	</select>
	
</mapper>