<?xml version="1.0" encoding="UTF-8"?>

<!DOCTYPE sqlMap
 PUBLIC "-//ibatis.apache.org//DTD SQL Map 2.0//EN"
 "http://ibatis.apache.org/dtd/sql-map-2.dtd">

<sqlMap>

<sql id="suppinfoWhere">
  <isNotEmpty prepend="and" property="ecId">
  	a.ec_id = #ecId#
  </isNotEmpty>
  <isNotEmpty prepend="and" property="msisdn">
  	a.msisdn like '%'||#msisdn# ||'%'
  </isNotEmpty>
  <isNotEmpty prepend="and" property="areaId">
  	a.area_Id = #areaId#
  </isNotEmpty>
  <isNotEmpty prepend="and" property="classId">
  	a.class_Id = #classId#
  </isNotEmpty>
   <isNotEmpty prepend="and" property="cityId">
  	a.city_Id = #cityId#
  </isNotEmpty>
  <isNotEmpty prepend="and" property="cardState">
  	a.card_State = #cardState#
  </isNotEmpty>
  <isNotEmpty prepend="and" property="applicant">
  	a.applicant like '%'||#applicant# ||'%'
  </isNotEmpty>
  <isNotEmpty prepend="and" property="userDept">
  	a.user_Dept like '%'||#userDept#||'%'
  </isNotEmpty>
  <isNotEmpty prepend="and" property="taiquName">
  	a.taiqu_Name like '%'||#taiquName#||'%'
  </isNotEmpty>
  <isNotEmpty prepend="and" property="mergeNetwoekState">
  	a.merge_Netwoek_State = #mergeNetwoekState#
  </isNotEmpty>
  <isNotEmpty prepend="and" property="cardProperty">
  	a.card_Property = #cardProperty#
  </isNotEmpty>
   <isNotEmpty prepend="and" property="ipAddress">
   	a.IP_ADDRESS like '%'||#ipAddress#||'%'
  </isNotEmpty>
  <isNotEmpty prepend="and" property="startTime">
    to_char(a.CARD_STATE_DATE,'yyyy-mm-dd') <![CDATA[>= ]]> #startTime#
  </isNotEmpty>
  <isNotEmpty prepend="and" property="endTime">
    to_char(a.CARD_STATE_DATE,'yyyy-mm-dd') <![CDATA[<= ]]> #endTime#
  </isNotEmpty>
</sql>


<select id="findfreeListPage" resultClass="com.lenovo.iotpro.entity.UserSuppinfo" resultSetType="SCROLL_INSENSITIVE">
  <include refid="pageSqlStart"/>
   select 
         us.id,
         (select area_name from Areas where Areas.Area_Id=us.AREA_ID) as areaName,
  		 us.AREA_CODE as areaCode,
  		 us.TERMINAL_FAC as terminalFac,
  		 us.tel as tel,
  		 us.INS_SITE as insSite,
  		 us.EC_ID as  ecId,
        temp1.msisdn,
         us.IP_ADDRESS as ipAddress,
  		us.AREA_ID as areaId ,
  		us.CLASS_ID as classId ,
  		(select class_name from Terminal_Class where class_Id=us.class_id) as className,
  		us.USER_DEPT as userDept,
  		us.INSTALL_NO as installNo,
  		us.APPLICANT as applicant,
  		us.TAIQU_NAME as taiquName,
  		us.CARD_PROPERTY as cardProperty,
  		 to_char(us.CARD_PROPERTY_DATE,'yyyy-mm-dd')  as cardPropertyDateStr,
  		us.PERSON_NAME as personName,
  		us.CARD_STATE as cardState,
  		 to_char(us.CARD_STATE_DATE,'yyyy-mm-dd') as cardStateDateStr,
  		us.MERGE_NETWOEK_STATE as mergeNetwoekState,
  		 to_char(us.MERGE_NETWOEK_STATE_DATE,'yyyy-mm-dd')  as mergeNetwoekStateDateStr,
  		us.RUN_STATE as runState,
  		 to_char(us.RUN_STATE_DATE,'yyyy-mm-dd')  as runStateDateStr,
  		us.sim as sim,
  		(select area_name from Areas where Areas.Area_Id=us.city_id) as cityName,
  		(select nvl(MONTH_4G_STREAM,0)+month_stream_measure from rpt_gprscdr_month_stat partition($pmonthForStream$)  where stat_date=#pmonth# and msisdn=us.msisdn) as precMonthStream,
  		(select nvl(MONTH_4G_STREAM,0)+month_stream_measure from rpt_gprscdr_month_stat partition($cmonthForStream$)  where stat_date=#cmonth# and msisdn=us.msisdn) as currentMonthStream,
  		to_char(( select sum(item_amt) from card_bill where stat_month=#pbill# and msisdn=us.msisdn)) as precBill,
  		to_char(( select sum(item_amt) from card_bill where stat_month=#cbill# and msisdn=us.msisdn)) as currentBill,
  		(select wm_concat(ps.package_name) as package_name 
  			from PACKAGE_ORDER po,PACKAGE_STREAM ps 
  			where po.package_stream_id=ps.package_stream_id and po.msisdn=us.msisdn) as  packageName 
   	from (select msisdn from MEMBER_INFO PARTITION($partitionName$) where ec_code=#ecCode#) temp1 
   	left join USER_SUPPINFO us on temp1.msisdn=us.msisdn
   	 where 1=1
  <isNotEmpty prepend="and" property="msisdns">
    temp1.msisdn  in 
   	<iterate property="msisdns" open="(" close=")" conjunction=",">   
	     #msisdns[]#   
	</iterate>
  </isNotEmpty>
    <isNotEmpty prepend="and" property="cardProperty">
  	us.card_Property = #cardProperty#
  </isNotEmpty>
  <isNotEmpty prepend="and" property="msisdn">
  	temp1.msisdn like '%'||#msisdn# ||'%'
  </isNotEmpty>
  order by  us.sim 
  <include refid="pageSqlEnd"/>
  
</select>

<select id="findfreeCount" resultClass="java.lang.Long" resultSetType="SCROLL_INSENSITIVE">
   select count(1) 
   	from (select msisdn from  MEMBER_INFO PARTITION($partitionName$) where ec_code=#ecCode#) temp1 
   	left join USER_SUPPINFO a on temp1.msisdn=a.msisdn
   	 where 1=1
  <isNotEmpty prepend="and" property="msisdns">
    temp1.msisdn  in 
   	<iterate property="msisdns" open="(" close=")" conjunction=",">   
	     #msisdns[]#   
	</iterate>
  </isNotEmpty>
    <isNotEmpty prepend="and" property="cardProperty">
  	a.card_Property = #cardProperty#
  </isNotEmpty>
  <isNotEmpty prepend="and" property="msisdn">
  	temp1.msisdn like '%'||#msisdn# ||'%'
  </isNotEmpty>
</select>


<select id="findAccountListPage" resultClass="com.lenovo.iotpro.entity.UserSuppinfo" resultSetType="SCROLL_INSENSITIVE">
  <include refid="pageSqlStart"/>
  select a.id,
         (select area_name from Areas where Areas.Area_Id=a. AREA_ID) as areaName,
  		 a.AREA_CODE as areaCode,
  		 a.TERMINAL_FAC as terminalFac,
  		 a.tel as tel,
  		 a.INS_SITE as insSite,
  		a. EC_ID as  ecId,
  		a. MSISDN as msisdn,
  		 a.IP_ADDRESS as ipAddress,
  		a. AREA_ID as areaId ,
  		a. CLASS_ID as classId ,
  		(select class_name from Terminal_Class where class_Id=a.class_id) as className,
  		a. USER_DEPT as userDept,
  		a. INSTALL_NO as installNo,
  		a. APPLICANT as applicant,
  		a. TAIQU_NAME as taiquName,
  		a. CARD_PROPERTY as cardProperty,
  		 to_char(a.CARD_PROPERTY_DATE,'yyyy-mm-dd')  as cardPropertyDateStr,
  		a. PERSON_NAME as personName,
  		a. CARD_STATE as cardState,
  		 to_char(a.CARD_STATE_DATE,'yyyy-mm-dd') as cardStateDateStr,
  		a. MERGE_NETWOEK_STATE as mergeNetwoekState,
  		 to_char(a.MERGE_NETWOEK_STATE_DATE,'yyyy-mm-dd')  as mergeNetwoekStateDateStr,
  		a. RUN_STATE as runState,
  		 to_char(a.RUN_STATE_DATE,'yyyy-mm-dd')  as runStateDateStr,
  		a.sim as sim,
  		(select area_name from Areas where Areas.Area_Id=a.city_id) as cityName,
  		(select nvl(MONTH_4G_STREAM,0)+month_stream_measure from rpt_gprscdr_month_stat partition($pmonthForStream$)  where stat_date=#pmonth# and msisdn=a.msisdn) as precMonthStream,
  		(select nvl(MONTH_4G_STREAM,0)+month_stream_measure from rpt_gprscdr_month_stat partition($cmonthForStream$)  where stat_date=#cmonth# and msisdn=a.msisdn) as currentMonthStream,
  		to_char(( select sum(item_amt) from card_bill where stat_month=#pbill# and msisdn=a.msisdn)) as precBill,
  		to_char(( select sum(item_amt) from card_bill where stat_month=#cbill# and msisdn=a.msisdn)) as currentBill,
  		(select wm_concat(ps.package_name) as package_name 
  			from PACKAGE_ORDER po,PACKAGE_STREAM ps 
  			where po.package_stream_id=ps.package_stream_id and po.msisdn=a.msisdn) as  packageName
  from user_suppinfo a where 1=1
  <isNotEmpty prepend="and" property="msisdns">
    a.msisdn  in 
   	<iterate property="msisdns" open="(" close=")" conjunction=",">   
	     #msisdns[]#   
	</iterate>
 </isNotEmpty>
  <include refid="suppinfoWhere"/>
 
 <include refid="pageSqlEnd"/>
  order by IPADDRESS
</select>

<select id="findAccountListCount" resultClass="java.lang.Long" resultSetType="SCROLL_INSENSITIVE">
 select count(1)
 from user_suppinfo a
  where 1=1 
  <isNotEmpty prepend="and" property="msisdns">
    a.msisdn  in 
   	<iterate property="msisdns" open="(" close=")" conjunction=",">   
	     #msisdns[]#   
	</iterate>
 </isNotEmpty>
  <include refid="suppinfoWhere"/>
</select>

<select id="getClassList" resultClass="java.util.HashMap" resultSetType="SCROLL_INSENSITIVE">
select CLASS_ID,CLASS_CODE,CLASS_NAME from Terminal_Class  where 1=1
 <isNotEmpty prepend="and" property="ecId">
  ENTERPRISE_ID=#ecId#
 </isNotEmpty>
  <isNotEmpty prepend="and" property="id">
  CLASS_ID=#id#
 </isNotEmpty>

</select>


<select id="getAreaByCityList" resultClass="java.util.HashMap" resultSetType="SCROLL_INSENSITIVE">
 select AREA_NAME,AREA_CODE,AREA_ID from areas  where 1=1
 <isNotEmpty prepend="and" property="parentId">
 parent_area_id=#parentId#
 </isNotEmpty>
 <isNotEmpty prepend="and" property="areaLevel">
 AREA_LEVEL=#areaLevel#
 </isNotEmpty>
 <isNotEmpty prepend="and" property="areaLevel">
 AREA_LEVEL=#areaLevel#
 </isNotEmpty>
 <isNotEmpty prepend="and" property="areaId">
 AREA_ID=#areaId#
 </isNotEmpty>
 
</select>

<select id="getAreaByEcId" resultClass="java.util.HashMap" resultSetType="SCROLL_INSENSITIVE">
 select a.AREA_NAME,a.AREA_CODE,a.AREA_ID 
 	from areas a,enterprise_customer ec where a.parent_area_id=ec.area_id and ec_id=#ecId#
</select>


<delete id="delAccount" parameterClass="java.util.HashMap" >
	delete user_suppinfo where id in
	<iterate property="idList" open="(" close=")" conjunction=",">   
	    #idList[]#   
	</iterate>
</delete>

<insert id="insertAcount" parameterClass="java.util.HashMap" >
 insert into user_suppinfo (
 	id,
 	msisdn,
 	ip_Address,
 	user_Dept,
 	class_Id,
 	applicant,
 	tel,
 	install_No,
 	area_Code,
 	area_Name,
 	taiqu_Name,
 	area_Id,
 	city_Id,
 	person_Name,
 	ins_Site,
 	card_State,
 	card_State_Date,
 	card_Property,
 	card_Property_Date,
 	sim,
 	ec_Id
 )
 values(
    SEQ_USER_SUPPINFO.nextval,
    #msisdn#,
 	#ipAddress#,
 	#userDept#,
 	#classId#,
 	#applicant#,
 	#tel#,
 	#installNo#,
 	#areaCode#,
 	#areaName#,
 	#taiquName#,
 	#areaId#,
 	#cityId#,
 	#personName#,
 	#insSite#,
 	#cardState#,
 	#cardStateDate#,
 	#cardProperty#,
 	#cardPropertyDate#,
 	#sim#,
 	#ecId#
 )
</insert>

<update id="updateAcount" parameterClass="java.util.HashMap" >
 update user_suppinfo set 
 	ip_Address=#ipAddress#,
 	user_Dept=#userDept#,
 	class_Id=#classId#,
 	applicant=#applicant#,
 	tel=#tel#,
 	install_No=#installNo#,
 	area_Code=#areaCode#,
 	area_Name=#areaName#,
 	taiqu_Name=#taiquName#,
 	area_Id=#areaId#,
 	city_Id=#cityId#,
 	person_Name=#personName#,
 	ins_Site=#insSite#,
 	card_State=#cardState#,
 	card_State_Date=#cardStateDate#,
 	card_Property=#cardProperty#,
 	card_Property_Date=#cardPropertyDate#,
 	sim=#sim#
 where	msisdn=#msisdn#
</update>

</sqlMap>
