<?xml version="1.0" encoding="UTF-8"?>

<!DOCTYPE sqlMap
 PUBLIC "-//ibatis.apache.org//DTD SQL Map 2.0//EN"
 "http://ibatis.apache.org/dtd/sql-map-2.dtd">
<sqlMap>
	<sql id="alarmRuleWhere">
	  <isNotEmpty prepend="and" property="ec_id">
        ec_id = #ec_id#
      </isNotEmpty>
      <isNotEmpty prepend="and" property="class_id">
        CLASS_ID = #class_id#
      </isNotEmpty>
      <!-- 
      <isNotEmpty prepend="and" property="area_id">
        area_id = #area_id#
      </isNotEmpty>
       -->
      <isNotEmpty prepend="and" property="package_code">
        package_code = #package_code#
      </isNotEmpty>
      <isNotEmpty prepend="and" property="threshold">
        threshold = #threshold#
      </isNotEmpty>
      <isNotEmpty prepend="and" property="threshold_unit">
        threshold_unit = #threshold_unit#
      </isNotEmpty>
      <isNotEmpty prepend="and" property="state">
      	state = #state#
      </isNotEmpty>
      <isNotEmpty prepend="and" property="pre_alarm_type">
      	pre_alarm_type = #pre_alarm_type#
      </isNotEmpty>
	</sql>
	
	<sql id="findByPageWhereINAlarmPage">
	  <isNotEmpty prepend="and" property="ec_id">
  		      b.ec_id=#ec_id#
  	   </isNotEmpty>
  	   <isNotEmpty prepend="and" property="msisdnOrSim">
  		      b.msisdn=#msisdnOrSim#
  	   </isNotEmpty>
	   <isNotEmpty prepend="and" property="class_id">
  		      c.class_id=#class_id#
  	   </isNotEmpty>
	   <isNotEmpty prepend="and" property="area_id">
  		      c.area_id=#area_id#
  	   </isNotEmpty>
	</sql>
	
<insert id="insertAlRule" parameterClass="java.util.HashMap">
	insert into POWER_PRE_ALARM_RULE (EC_ID, CLASS_ID, AREA_ID, 
	PACKAGE_CODE ,THRESHOLD ,
    THRESHOLD_UNIT,
    STATE ,
    PRE_ALARM_TYPE) 
	values(#ec_id#,#class_id#,#area_id#,#packge_code#,#threshold#,#threshold_unit#,#state#,#pre_alarm_type#)
</insert>
<select id="select_package" resultClass="java.util.HashMap" resultSetType="SCROLL_INSENSITIVE">
	select package_code,package_name from PACKAGE_STREAM where 1=1 
</select>
<select id="getAlarmRuleVo" parameterClass="java.util.HashMap" resultClass="com.lenovo.iotpro.entity.vo.AlarmRuleVo">
	select 	EC_ID ec_id, 
			CLASS_ID class_id, 
			AREA_ID area_id, 
			PACKAGE_CODE PACKAGE_CODE ,
			THRESHOLD threshold,
    		THRESHOLD_UNIT threshold_unit,
   			STATE state,
   			PRE_ALARM_TYPE pre_alarm_type ,
   			(select class_name from Terminal_Class where class_id=POWER_PRE_ALARM_RULE.class_id) as className,
   			(select area_name from Areas where area_id=POWER_PRE_ALARM_RULE.area_id) as areaName,
   			(select package_name from Package_Stream where package_code=POWER_PRE_ALARM_RULE.package_code) as packageName
   			from POWER_PRE_ALARM_RULE  where 1=1
   			<isNotEmpty prepend="and" property="dingzhiType">
   			(package_code='' OR package_code is null)
   			</isNotEmpty>
   			
	 <include refid="alarmRuleWhere"/>
</select>

<select id="getRPTCARDSTREAMSTAT"  resultClass="com.lenovo.iotpro.entity.vo.RptCardStreamVo" resultSetType="SCROLL_INSENSITIVE">
	select t.stat_date,t.area_id,t.class_id,t.gprs_stream from RPT_CARD_STREAM_STAT_DD t where 1=1
	       t.area_id = #area_id# and t.class_id = #class_id#
	       <isNotEmpty prepend="and" property="startTime">
	      	 t.stat_date <![CDATA[ >= ]]> to_date(#startTime#,'yyyy/MM/dd')
	       </isNotEmpty>
	       <isNotEmpty prepend="and" property="endTime">
	      	 t.stat_date <![CDATA[ <= ]]> to_date(#endTime#,'yyyy/MM/dd') 
	       </isNotEmpty>
</select>

<select id="getRPTStreamTotal"  resultClass="com.lenovo.iotpro.entity.vo.RptCardStreamVo" resultSetType="SCROLL_INSENSITIVE">
	select t.stat_date,t.area_id,t.class_id,t.gprs_stream from RPT_CARD_STREAM_STAT_DD t where t.class_id = #class_id#
	       <isNotEmpty prepend="and" property="startTime">
	      	 t.stat_date <![CDATA[ >= ]]> to_date(#startTime#,'yyyy/MM/dd')
	       </isNotEmpty>
	       <isNotEmpty prepend="and" property="endTime">
	      	 t.stat_date <![CDATA[ <= ]]> to_date(#endTime#,'yyyy/MM/dd') 
	       </isNotEmpty>
		   group by t.t.area_id
</select>

<select id="queryMsisdnByPageOrAC" resultClass="java.util.HashMap" resultSetType="SCROLL_INSENSITIVE">
	<include refid="pageSqlStart"/>
	   select b.msisdn from user_info b,user_suppinfo c where 1=1 and b.msisdn = c.msisdn
	   <include refid="findByPageWhereINAlarmPage"/>
	<include refid="pageSqlEnd"/>
</select>

 <select id="queryMsisdnByPageCountOrAC" resultClass="java.lang.Long" resultSetType="SCROLL_INSENSITIVE">
	  		select count(1) from user_info b,user_suppinfo c where 1=1 and b.msisdn = c.msisdn
	   <include refid="findByPageWhereINAlarmPage"/>
</select>

</sqlMap>
