<?xml version="1.0" encoding="UTF-8"?>

<!DOCTYPE sqlMap
 PUBLIC "-//ibatis.apache.org//DTD SQL Map 2.0//EN"
 "http://ibatis.apache.org/dtd/sql-map-2.dtd">

<sqlMap>


<!-- 所有设备号码停开机信息 -->
<select id="queryApnChangeVo" resultClass="com.lenovo.iotpro.entity.vo.ApnChangeVo" resultSetType="SCROLL_INSENSITIVE">
 <include refid="pageSqlStart"/>
        select 
        	distinct pa.id,
        	pa.code,
        	pa.name,
        	pa.sim,
        	ui.msisdn,
        	ui.product_code as productCode,
        	ui.product_name as productName,
        	ui.apn_id as apnId,
        	ui.apn_name as apnName,
        	u.USER_TYPE as userType,
        	(select  wm_concat(distinct PACKAGE_NAME)  from
             (select msisdn,PACKAGE_NAME
              from m2m_grpmem partition (M2M_GRPMEM_PARTITION$part$)u 
        	  where  u.state='ENABLED' AND u.ec_code=#ecCode#
        	   and  u.package_code in(select PACKAGE_CODE from PERSONAL_PACKAGE where VISIBLE = '0')
              union
              select msisdn,PACKAGE_NAME
              from M2M_PER_PKG partition (M2M_PER_PKG_PARTITION$part$)u  
              where u.state='ENABLED' 
              and  u.package_code in(select PACKAGE_CODE from PERSONAL_PACKAGE where VISIBLE = '0')
              )u where ui.msisdn=u.msisdn  ) as packageName,
        	U.Iccid AS iccid
        from ( 
                select msisdn, PRODUCT_CODE,PRODUCT_NAME,APN_ID,APN_NAME
                 from MEM_PROD PARTITION(MEM_PROD_PARTITION$part$)
                where ec_code=#ecCode#
                group by PRODUCT_CODE,PRODUCT_NAME,APN_ID,APN_NAME,msisdn
        ) ui LEFT JOIN pro_asset pa on ui.msisdn=pa.msisdn 
        LEFT JOIN  m2m_person partition (M2M_PERSON_PARTITION$part$) U
    ON UI.MSISDN = U.MSISDN 
        <!-- 企业管理员 -->
		<isEqual property="rightType" compareValue="1">
			where (pa.dept_id in (<include refid="findDeptIdsByUserRights"/>) or pa.dept_id is null) 
		</isEqual>
		<!-- 省/地市运营商 -->
		<isEqual property="rightType" compareValue="2">
			where (pa.dept_id in (<include refid="findDeptIdsByUserRights"/>))
		</isEqual>
        
        <isNotEmpty prepend="and" property="msisdnOrSimSch">
			  	(pa.sim = #msisdnOrSimSch# or  ui.msisdn  like '%'||#msisdnOrSimSch#||'%' or u.iccid like '%'||#msisdnOrSimSch#||'%')
			  </isNotEmpty>
			   <isNotEmpty prepend="and" property="deviceName">
			  	pa.name = #deviceName# 
			  </isNotEmpty>
			   <isNotEmpty prepend="and" property="assetType">
			  	pa.asset_type = #assetType# 
			  </isNotEmpty>
			   and U.state='ENABLED'
			   and U.run_code in ('US30','US10','US41') 
     <!-- order by pa.code -->
        
<include refid="pageSqlEnd"/>
</select>

<!-- 所有设备号码停开机信息总数 -->
	  <select id="queryApnChangeVoCount" resultClass="java.lang.Long" resultSetType="SCROLL_INSENSITIVE">
	  		select count(distinct ui.msisdn) from
		        ( 
		                 select msisdn, PRODUCT_CODE,PRODUCT_NAME,APN_ID,APN_NAME
                 from MEM_PROD PARTITION(MEM_PROD_PARTITION$part$)
                where ec_code=#ecCode#
                group by PRODUCT_CODE,PRODUCT_NAME,APN_ID,APN_NAME,msisdn
        ) ui LEFT JOIN pro_asset pa on ui.msisdn=pa.msisdn 
        LEFT JOIN m2m_person partition (M2M_PERSON_PARTITION$part$) U
    ON UI.MSISDN = U.MSISDN 
        <!-- 企业管理员 -->
		<isEqual property="rightType" compareValue="1">
			where (pa.dept_id in (<include refid="findDeptIdsByUserRights"/>) or pa.dept_id is null) 
		</isEqual>
		<!-- 省/地市运营商 -->
		<isEqual property="rightType" compareValue="2">
			where (pa.dept_id in (<include refid="findDeptIdsByUserRights"/>))
		</isEqual>
              <isNotEmpty prepend="and" property="msisdnOrSimSch">
			  	(pa.sim = #msisdnOrSimSch# or  ui.msisdn  like '%'||#msisdnOrSimSch#||'%' or u.iccid like '%'||#msisdnOrSimSch#||'%')
			  </isNotEmpty>
			   <isNotEmpty prepend="and" property="deviceName">
			  	pa.name = #deviceName# 
			  </isNotEmpty>
			   <isNotEmpty prepend="and" property="assetType">
			  	pa.asset_type = #assetType# 
			  </isNotEmpty>
			   and U.state='ENABLED'
			    and U.run_code in ('US30','US10','US41') 
	  </select>
	  
		<!-- 	  查询专线APN -->
	  <select id="queryPrivateApn" parameterClass="java.util.HashMap" resultClass="java.util.HashMap">
        select distinct apn_name from package_business_rpt where ec_id=#ecId# and apn_name like '%.GD%'
	</select>
	

	 <!-- 获取apn信息  -->
	  <!-- <select id="apnInfo" resultSetType="SCROLL_INSENSITIVE" resultClass="java.util.HashMap">
	   <include refid="pageSqlStart"/>
		   select (select count(us.product_id) from user_product_order us where us.product_id=ec.product_id  and us.state='ENABLED') as total_sim_count, p.apn_name ,p.product_code from  ec_product ec
                  left join product p on p.product_id =  ec.product_id 
                  where 1=1  and ec.state='ENABLED' and p.state='ENABLED'
                  and Upper(p.apn_name)!='CMNET'
            <isNotEmpty prepend="and" property="ecId">
               ec.ec_id=#ecId#
            </isNotEmpty>
            <isNotEmpty prepend="and" property="apnName">
            	Upper(p.apn_name)=Upper(#apnName#)
            </isNotEmpty>
           group by p.apn_name,p.product_code,ec.product_id	
	   <include refid="pageSqlEnd"/>	
	  </select>
	  
	   <select id="apnInfoCount" resultClass="java.lang.Long" >
	   		select count(*) from
	   		 (select (select count(us.product_id) from user_product_order us where us.product_id=ec.product_id   and us.state='ENABLED') as total_sim_count, p.apn_name ,p.product_code from  ec_product ec
                  left join product p on p.product_id =  ec.product_id 
                  where 1=1   and ec.state='ENABLED' and p.state='ENABLED'
            <isNotEmpty prepend="and" property="ecId">
               ec.ec_id=#ecId#
            </isNotEmpty>
            <isNotEmpty prepend="and" property="apnName">
            	Upper(p.apn_name)=Upper(#apnName#)
            </isNotEmpty>
            )
	   </select> -->
	   
	   <!-- 获取apn统计信息 -->
	   <select id="apnCountInfo" resultClass="HashMap" resultSetType="SCROLL_INSENSITIVE">
	   		<include refid="pageSqlStart"/>
         select count(distinct sub.msisdn) as total_sim_count, sub.apn_name
            from
	   		(select msisdn,apn_name
			from M2M_GRPMEM PARTITION(M2M_GRPMEM_PARTITION$partitionCode$) t
			where t.state='ENABLED' 
			<isNotEmpty property="apnName">
			and Upper(t.apn_name)=Upper(#apnName#)
			</isNotEmpty>
			<isNotEmpty property="ecCode">
			and ec_code = #ecCode#
			</isNotEmpty>
			union
            select t.msisdn,t.apn_name
            from M2M_PER_PKG PARTITION(M2M_PER_PKG_PARTITION$partitionCode$) t,
             M2M_PERSON PARTITION(M2M_PERSON_PARTITION$partitionCode$) mi
            where t.msisdn=mi.msisdn
            and t.state='ENABLED' 
            <isNotEmpty property="apnName">
            and Upper(t.apn_name)=Upper(#apnName#)
            </isNotEmpty>
            <isNotEmpty property="ecCode">
            and mi.ec_code = #ecCode#
      </isNotEmpty>
      ) sub group by sub.apn_name
       order by sub.apn_name
      
			<include refid="pageSqlEnd"/>
	   </select>
	   <select id="apnCountInfoCount" resultClass="Long" resultSetType="SCROLL_INSENSITIVE">
	   		select count(*) from
           (select count(sub.apn_name) from 
	   		(select msisdn,apn_name
			from M2M_GRPMEM PARTITION(M2M_GRPMEM_PARTITION$partitionCode$) t
			where t.state='ENABLED' 
			<isNotEmpty property="apnName">
			and Upper(t.apn_name)=Upper(#apnName#)
			</isNotEmpty>
			<isNotEmpty property="ecCode">
			and ec_code = #ecCode#
			</isNotEmpty>
			union
            select t.msisdn,t.apn_name
            from M2M_PER_PKG PARTITION(M2M_PER_PKG_PARTITION$partitionCode$) t,
             M2M_PERSON PARTITION(M2M_PERSON_PARTITION$partitionCode$) mi
            where t.msisdn=mi.msisdn
            and t.state='ENABLED' 
            <isNotEmpty property="apnName">
            and Upper(t.apn_name)=Upper(#apnName#)
            </isNotEmpty>
            <isNotEmpty property="ecCode">
            and mi.ec_code = #ecCode#
      </isNotEmpty>
      ) sub group by sub.apn_name
      )
			
	   </select>
	   
	   <!-- 导出APN-->
	   <select id="exportApnCountInfo" resultClass="java.util.HashMap" resultSetType="SCROLL_INSENSITIVE">
	   		select count(distinct sub.msisdn) total_sim_count,sub.apn_name
			from
            (select msisdn,apn_name
            from M2M_GRPMEM PARTITION(M2M_GRPMEM_PARTITION$partitionCode$) t
            where t.state='ENABLED' 
            <isNotEmpty property="apnName">
            and Upper(t.apn_name)=Upper(#apnName#)
            </isNotEmpty>
            <isNotEmpty property="ecCode">
            and ec_code = #ecCode#
            </isNotEmpty>
            union
            select t.msisdn,t.apn_name
            from M2M_PER_PKG PARTITION(M2M_PER_PKG_PARTITION$partitionCode$) t,
             M2M_PERSON PARTITION(M2M_PERSON_PARTITION$partitionCode$) mi
            where t.msisdn=mi.msisdn
            and t.state='ENABLED' 
            <isNotEmpty property="apnName">
            and Upper(t.apn_name)=Upper(#apnName#)
            </isNotEmpty>
            <isNotEmpty property="ecCode">
            and mi.ec_code = #ecCode#
            </isNotEmpty>
            ) sub group by sub.apn_name
			order by sub.apn_name
	   </select>
	   
	   <!-- 获取apn详情信息-->
	   <select id="apnInfoDetail" resultSetType="SCROLL_INSENSITIVE" resultClass="java.util.HashMap">
	   <include refid="pageSqlStart"/>
	      select distinct msisdn, apn_name from
            (select t.msisdn,t.apn_name
			from M2M_GRPMEM PARTITION(M2M_GRPMEM_PARTITION$partitionCode$) t
			where t.state='ENABLED' 
			<isNotEmpty property="ecCode">
			and ec_code = #ecCode#
			</isNotEmpty>
			and t.apn_name=#apnName#
       union
            select t.msisdn,t.apn_name
            from M2M_PER_PKG PARTITION(M2M_PER_PKG_PARTITION$partitionCode$) t,
             M2M_PERSON PARTITION(M2M_PERSON_PARTITION$partitionCode$) mi
            where t.msisdn=mi.msisdn
            and t.state='ENABLED' 
            <isNotEmpty property="ecCode">
            and mi.ec_code = #ecCode#
            </isNotEmpty>
            and t.apn_name=#apnName#
            )
	   <include refid="pageSqlEnd"/>	
	  </select>
	  
	   <select id="apnInfoCountDetail" resultClass="java.lang.Long" > 
	   select count(1) from (
	   		select distinct msisdn,apn_name from
            (select t.msisdn,t.apn_name
			from M2M_GRPMEM PARTITION(M2M_GRPMEM_PARTITION$partitionCode$) t
			where t.state='ENABLED' 
			<isNotEmpty property="ecCode">
			and ec_code = #ecCode#
			</isNotEmpty>
			and t.apn_name=#apnName#
      union
            select t.msisdn,t.apn_name
            from M2M_PER_PKG PARTITION(M2M_PER_PKG_PARTITION$partitionCode$) t,
             M2M_PERSON PARTITION(M2M_PERSON_PARTITION$partitionCode$) mi
            where t.msisdn=mi.msisdn
            and t.state='ENABLED' 
            <isNotEmpty property="ecCode">
            and mi.ec_code = #ecCode#
            </isNotEmpty>
            and t.apn_name=#apnName#
            )
		) 
	   </select>
        <!--apn详情信息 导出-->
        <select id="exportApnInfoDetail" resultSetType="SCROLL_INSENSITIVE" resultClass="java.util.HashMap">
            select distinct msisdn, apn_name from
            (select t.msisdn,t.apn_name
            from M2M_GRPMEM PARTITION(M2M_GRPMEM_PARTITION$partitionCode$) t
            where t.state='ENABLED' 
            <isNotEmpty property="ecCode">
            and ec_code = #ecCode#
            </isNotEmpty>
            and t.apn_name=#apnName#
       union
            select t.msisdn,t.apn_name
            from M2M_PER_PKG PARTITION(M2M_PER_PKG_PARTITION$partitionCode$) t,
            M2M_PERSON PARTITION(M2M_PERSON_PARTITION$partitionCode$) mi
            where t.msisdn=mi.msisdn
            and t.state='ENABLED' 
            <isNotEmpty property="ecCode">
            and mi.ec_code = #ecCode#
            </isNotEmpty>
            and t.apn_name=#apnName#
            )
        </select>
	   
	   <select id="productInfo" parameterClass="java.util.HashMap" resultClass="java.util.HashMap">
		   select product_code,apn_id,apn_name,product_name  
		   from prod_serv where product_code in ( 
		   		select product_code from ec_prod where  ec_code=#ecCode# and state='ENABLED' )
		   		<isNotEmpty prepend="and" property="apnName"> 
                   upper(apn_name)=upper(#apnName#)
                </isNotEmpty>
		   		and apn_id is not null
	   </select>
	   
	   <select id="productInfo1" parameterClass="java.util.HashMap" resultClass="java.util.HashMap">
		   select product_code,apn_id,apn_name,product_name  
		   from product where upper(apn_name)=upper(#apnName#) and state='ENABLED' 
		   		
	   </select>
	   
	   <select id="getAreasByEc" parameterClass="java.util.HashMap" resultClass="java.util.HashMap">
		   select area_name,
		   		  area_code 
		   from areas where area_id in(select area_id from enterprise_customer where ec_id=#ecId#)
	   </select>
	   
	   <select id="orderProdByMsisdn"  resultClass="java.lang.Long" >
	   	select count(1) from user_product_order where msisdn=#msisdn#
	   </select>
	   
	   <update id="update_user_product_order"  parameterClass="java.util.HashMap" >
		   update user_product_order 
		   		 set  product_id=(select product_id from product where product_code=#newProduct#)  
	       where 
	       		msisdn=#msisdn#
	       		and product_id =(select product_id from product where product_code=#oldProduct#)
       </update>
       
       <update id="update_package_business_rpt_apn"  parameterClass="java.util.HashMap" >
	       update package_business_rpt 
	       set product_code=#newProduct# ,
	       apn_name=#newApnName#,
	       apn_id=#newApnId# 
	       where msisdn=#msisdn# and product_code=#oldProduct#
       </update>
       
       <delete id="del_package_business_rpt_apn"  parameterClass="java.util.HashMap" >
	       delete package_business_rpt 
	       where product_code=#productCode# 
	       and msisdn=#msisdn#
	       and ec_id=#ecId# 
       </delete>
       
       <select id="get_package_business_rpt_Count"  resultClass="java.lang.Integer" >
           select count(1) from package_business_rpt    
            where msisdn =#msisdn# 
            and product_code=#productCode# 
            and ec_ID=#ecId#
       </select>
       
       <insert id="insert_package_business_rpt" parameterClass="java.util.HashMap">
       insert into  PACKAGE_BUSINESS_RPT (
	       MSISDN,
	       PRODUCT_CODE,
	       PRODUCT_NAME,
	       EC_ID,
	       ec_code,
	       PACKAGE_CODE,
	       APN_ID,
       APN_NAME) 
      values(
	      #msisdn#,
	      #productCode#,
	      #productName#,
	      #ecId#,
	      #ec_code#,
	      'prod.20000000000039',
	      #apnId#,
	      #apnName#)
      </insert>
       
       
       <select id="getProduCount"  resultClass="java.lang.Long" >
		   	select count(1) 
		   	from ec_product 
		   	where 1=1
		   	<isNotEmpty prepend="and" property="ecId">
		   	 	ec_id =#ecId#  
		   	</isNotEmpty>
		   	<isNotEmpty prepend="and" property="productCode">
		   	    product_id in(select product_id from product where product_code=#productCode#)
		   	</isNotEmpty>
	   </select>
	   
	   <select id="getApnInfoByMsiadn" parameterClass="java.util.HashMap" resultClass="java.util.HashMap">
	   		<!-- select p.apn_name,p.apn_id,p.product_code
            from user_product_order upr ,product p
            where upr.product_id=p.product_id   
                  and p.state='ENABLED' 
                  and upr.state='ENABLED' 
               	<isNotEmpty prepend="and" property="msisdn">
                    upr.msisdn=#msisdn# 
                </isNotEmpty>
                <isNotEmpty prepend="and" property="apnName"> 
                   upper(p.apn_name)=upper(#apnName#)
                </isNotEmpty>
                 <isNotEmpty prepend="and" property="ecId"> 
                   P.product_id IN( SELECT product_id FROM EC_PRODUCT WHERE EC_ID=#ecId#)
                 </isNotEmpty> -->
                 
                 select 
                 mp.apn_name,
                 mp.apn_id,
                 mp.product_code
                 from mem_prod mp
                 where mp.msisdn=#msisdn#
                
	   </select>
	   <select id="getApnInfoByApnName" parameterClass="java.util.HashMap" resultClass="java.util.HashMap">
	   		select 
                 ps.apn_name,
                 ps.apn_id,
                 ps.product_code
                 from prod_serv ps,ec_prod ep
                 where 
                 ps.product_code=ep.product_code
                 and ps.apn_name=#apnName#
                 and ep.ec_code=#ecCode#
	   </select>
	    <select id="getUserInfoData" parameterClass="java.util.HashMap" resultClass="java.util.HashMap">
	   		select ec_id,msisdn,run_code,(select ec.ec_code from enterprise_customer ec where ec_id=u.ec_id) as ec_code  
	   		from user_info U where 
	   		U.RUN_CODE IN (SELECT *
                              FROM THE (SELECT CAST(STR2VARLIST(GET_USER_INFO_STATE_ORDER()) AS
                                                    VARTABLETYPE)
                                          FROM DUAL)) 
            and U.STATE = 'ENABLED' 
            <isNotEmpty prepend="and" property="msisdn">                              
	   			U.msisdn=#msisdn#
	   		</isNotEmpty>
		   	<isNotEmpty prepend="and" property="idList">
	  	       u.ec_id in
	  	  	  <iterate property="idList" open="(" close=")" conjunction=",">   
		       #idList[]#   
		      </iterate>
             </isNotEmpty>
                
	   </select>
	   <select id="getEcInfoData" parameterClass="java.util.HashMap" resultClass="java.util.HashMap">
		   select ec.ec_code as ecCode,ec.ec_id as ecId from enterprise_customer ec 
		   where 1=1
		   <isNotEmpty prepend="and" property="ecCode">                              
		   			ec.ec_code=#ecCode#
		   </isNotEmpty>
	   </select>
	   
	   <select id="getConfigurations" parameterClass="java.util.HashMap" resultClass="java.util.HashMap">
	   		select config_value as configValue from configurations where config_code=#configCode#
	   </select>
	   
	   <select id="getEcIds" parameterClass="java.util.HashMap" resultClass="java.util.HashMap">
	    select ec_id as ecId
          from pro_ec_info a 
            START WITH ec_id in
            (select ec_id from enterprise_customer c where ec_code =#ecCode#)
            CONNECT BY PRIOR a.ec_id = a.parent_ec_id
	   </select>
	   
	   <update id="update_MEM_PROD"  parameterClass="java.util.HashMap" >
	    	update MEM_PROD set PRODUCT_CODE=#newProduct#,APN_ID=#newApnId#,APN_NAME=#newApnName# where msisdn=#msisdn# and PRODUCT_CODE=#oldProduct#
	   </update>
	   
	   
</sqlMap>
