<?xml version="1.0" encoding="UTF-8"?>

<!DOCTYPE sqlMap
 PUBLIC "-//ibatis.apache.org//DTD SQL Map 2.0//EN"
 "http://ibatis.apache.org/dtd/sql-map-2.dtd">

<sqlMap>

<sql id="assetWhere">
  <!--  isNotEmpty prepend="and" property="ecId">
  	a.ec_id = #ecId#
  </isNotEmpty-->
  <isGreaterThan prepend="and" compareValue="0" property="ecId">
  	a.ec_id = #ecId#
  </isGreaterThan>
  <isNotEmpty prepend="and" property="deptId">
  	a.dept_id = #deptId#
  </isNotEmpty>
  <isNotEmpty prepend="and" property="misOrName">
  	(a.msisdn like '%'||#misOrName#||'%' or a.name like '%'||#misOrName#||'%' or 
  	a.code like '%'||#misOrName#||'%' or a.sim like '%'||#misOrName#||'%')
  </isNotEmpty>
  <isNotEmpty prepend="and" property="msisdn">
  	a.msisdn = #msisdn#
  </isNotEmpty>
  <isNotEmpty prepend="and" property="assetCode">
  	a.CODE = #assetCode#
  </isNotEmpty>

</sql>

<select id="exportAssetList" resultClass="java.util.HashMap" resultSetType="SCROLL_INSENSITIVE">
	select 
	    UI.MSISDN,
	    (select dept_code from pro_depts where id=PA.DEPT_ID) DEPT_CODE,
	    PA.CODE as code,
	    (select pro_asset_type.name from pro_asset_type where pro_asset_type.code=PA.asset_Type and ec_id=#ecId#) ASSET_TYPE,
	    '' as REMARK 
from ( select 
			distinct u.msisdn,u.iccid 
		FROM M2M_PERSON PARTITION(M2M_PERSON_PARTITION$part$) U 
		WHERE U.STATE = 'ENABLED' 
		AND U.RUN_CODE IN (SELECT *
                              FROM THE (SELECT CAST(STR2VARLIST(GET_USER_INFO_STATE_ORDER()) AS
                                                    VARTABLETYPE)
                                          FROM DUAL)) 
		AND U.EC_CODE=#ecCode# 
) ui left join pro_asset pa on ui.msisdn=pa.msisdn 
where 1=1 
	<isNotEmpty prepend="and" property="deptId">
		<isEqual  property="deptId" compareValue="-1" >
			pa.dept_id is null
		</isEqual>
		<isNotEqual property="deptId" compareValue="-1">
		 	pa.dept_id in( select pro_depts.id from pro_depts  START WITH pro_depts.id =#deptId#
			 CONNECT BY PRIOR pro_depts.id =pro_depts.pid)
		</isNotEqual>
	</isNotEmpty>
	<isNotEmpty prepend="and" property="misOrName">
  	(ui.msisdn like '%'||#misOrName#||'%' or pa.name like '%'||#misOrName#||'%' or 
  	pa.code like '%'||#misOrName#||'%' or ui.iccid like '%'||#misOrName#||'%')
  </isNotEmpty>
</select>

<select id="getAsseCont" resultClass="java.lang.Long" resultSetType="SCROLL_INSENSITIVE">
	select count(1) from pro_asset a
	 where 1=1 
    <include refid="assetWhere"/>
</select>



<select id="findAssetListPage" resultClass="com.lenovo.iotpro.entity.Asset" resultSetType="SCROLL_INSENSITIVE">
  <include refid="pageSqlStart"/>
 select 
	    UI.MSISDN as msisdn,
	    ui.iccid as sim,
	    PA.CODE as code,
	    PA.NAME as name,
	    (select pro_asset_type.name from pro_asset_type where pro_asset_type.code=PA.asset_Type and ec_id=#ecId#) assetType,
<!-- 	    (case PA.state -->
<!-- 	            when 'enabled' then -->
<!-- 	             '使用' -->
<!-- 	            when 'disabled' then -->
<!-- 	            '禁用' -->
<!-- 	            when 'repair' then -->
<!-- 	            '维修' -->
<!-- 	            when 'spare' then -->
<!-- 	            '闲置' -->
<!-- 	            when 'scrap' then -->
<!-- 	            '报废' -->
<!-- 	            else -->
<!-- 	             '' -->
<!-- 	          end -->
<!-- 	      ) as state, -->
          PA.DEPT_ID AS deptId,
<!--           (select PERSON_NAME from pro_person where id=pa.user_id) as realName,  -->
          pa.id as id,
          ui.remark
from ( select 
			distinct u.msisdn,
			u.remark,
			u.iccid 
		FROM M2M_PERSON PARTITION(M2M_PERSON_PARTITION$part$) U 
		WHERE U.STATE = 'ENABLED' 
		AND U.RUN_CODE IN (SELECT *
                              FROM THE (SELECT CAST(STR2VARLIST(GET_USER_INFO_STATE_ORDER()) AS
                                                    VARTABLETYPE)
                                          FROM DUAL)) 
		AND U.EC_CODE=#ecCode# 
) ui left join pro_asset pa on ui.msisdn=pa.msisdn 
where 1=1 
	<isNotEmpty prepend="and" property="deptChild">
		<isEqual  property="deptChild" compareValue="-1" >
			pa.dept_id is null
		</isEqual>
		<isNotEqual property="deptChild" compareValue="-1">
		 	 pa.dept_id in( select pro_depts.id from pro_depts  START WITH pro_depts.id =#deptChild#
			 CONNECT BY PRIOR pro_depts.id =pro_depts.pid)
		</isNotEqual>
	</isNotEmpty>
  <isNotEmpty prepend="and" property="proUserId">   
     pa.dept_id in(select pro.dept_id from pro_user_dept pro where pro.user_id=#proUserId#)
  </isNotEmpty>
  
  <isNotEmpty prepend="and" property="misOrName">
  	(ui.msisdn like '%'||#misOrName#||'%' or pa.name like '%'||#misOrName#||'%' or 
  	pa.code like '%'||#misOrName#||'%' or ui.iccid like '%'||#misOrName#||'%')
  </isNotEmpty>
 <include refid="pageSqlEnd"/>
</select>

<select id="findAssetListCount" resultClass="java.lang.Long" resultSetType="SCROLL_INSENSITIVE">
   select count(distinct ui.msisdn)
  from ( select 
			u.msisdn,
			u.iccid 
		FROM M2M_PERSON PARTITION(M2M_PERSON_PARTITION$part$) U 
		WHERE U.STATE = 'ENABLED' 
		AND U.RUN_CODE IN (SELECT *
                              FROM THE (SELECT CAST(STR2VARLIST(GET_USER_INFO_STATE_ORDER()) AS
                                                    VARTABLETYPE)
                                          FROM DUAL)) 
		AND U.EC_CODE=#ecCode# 
) ui left join pro_asset pa on ui.msisdn=pa.msisdn 
where 1=1 
	<isNotEmpty prepend="and" property="deptChild">
		<isEqual  property="deptChild" compareValue="-1" >
			pa.dept_id is null
		</isEqual>
		<isNotEqual property="deptChild" compareValue="-1">
		 	 pa.dept_id in( select pro_depts.id from pro_depts  START WITH pro_depts.id =#deptChild#
			 CONNECT BY PRIOR pro_depts.id =pro_depts.pid)
		</isNotEqual>
	</isNotEmpty>
  <isNotEmpty prepend="and" property="proUserId">   
     pa.dept_id in(select pro.dept_id from pro_user_dept pro where pro.user_id=#proUserId#)
  </isNotEmpty>
  
  <isNotEmpty prepend="and" property="misOrName">
  	(ui.msisdn like '%'||#misOrName#||'%' or pa.name like '%'||#misOrName#||'%' or 
  	pa.code like '%'||#misOrName#||'%' or ui.iccid like '%'||#misOrName#||'%')
  </isNotEmpty>
</select>

<!-- 如果卡没有管理到部门，则归类到其他 -->
<select id="findAssetForNoDept" resultClass="com.lenovo.iotpro.entity.Asset" resultSetType="SCROLL_INSENSITIVE">
<include refid="pageSqlStart"/>
select distinct msisdn from M2M_PERSON PARTITION(M2M_PERSON_PARTITION$part$) u 
WHERE U.STATE = 'ENABLED' 
         AND U.RUN_CODE IN (SELECT *
                              FROM THE (SELECT CAST(STR2VARLIST(GET_USER_INFO_STATE_ORDER()) AS
                                                    VARTABLETYPE)
                                          FROM DUAL)) 
and not exists (select 1 from pro_asset where msisdn=u.msisdn) 
and ec_code=#ecCode#
<include refid="pageSqlEnd"/>
</select>
<select id="findAssetForNoDeptCount" resultClass="java.lang.Long" resultSetType="SCROLL_INSENSITIVE">
select count(distinct msisdn) from M2M_PERSON PARTITION(M2M_PERSON_PARTITION$part$) u 
WHERE U.STATE = 'ENABLED' 
         AND U.RUN_CODE IN (SELECT *
                              FROM THE (SELECT CAST(STR2VARLIST(GET_USER_INFO_STATE_ORDER()) AS
                                                    VARTABLETYPE)
                                          FROM DUAL)) 
and not exists (select 1 from pro_asset where msisdn=u.msisdn) 
and ec_code=#ecCode#
</select>


<select id="findDeptNameByMsisdn" resultClass="java.util.HashMap" resultSetType="SCROLL_INSENSITIVE">
	
	select 
		(select name from pro_depts where id = u.dept_id) as DEPTNAME
	from (select dept_id from pro_asset 
	where 1=1 
	<isNotEmpty prepend="and" property="idList">
  	   msisdn in
  	  	<iterate property="idList" open="(" close=")" conjunction=",">   
	       #idList[]#   
	   </iterate>
   </isNotEmpty>) u
</select>

<select id="findItemValueByAssetId" resultClass="java.util.HashMap" resultSetType="SCROLL_INSENSITIVE">
	select ID,ASSET_ITEM_ID,FIELD_VALUE
	from pro_asset_item_value
	where asset_id=#assetId#
	<isNotEmpty prepend="and" property="assetItemId">
	  ASSET_ITEM_ID=#assetItemId#
	</isNotEmpty>
</select>

<delete id="findNotInIds" parameterClass="java.util.HashMap">
	delete pro_asset_item_value where ASSET_ID=#assetId#
	<isNotEmpty prepend="AND" property="ids">
		ASSET_ITEM_ID not in ($ids$)
	</isNotEmpty>
	 
</delete>

<delete id="delaAsets" parameterClass="java.util.HashMap" >
	delete pro_asset where msisdn in
	<iterate property="idList" open="(" close=")" conjunction=",">   
	    #idList[]#   
	</iterate>
</delete>

<delete id="delaItermValue" parameterClass="java.util.HashMap" >
	delete pro_asset_item_value where asset_id in
	<iterate property="idList" open="(" close=")" conjunction=",">   
	    #idList[]#   
	</iterate>
</delete>

<delete id="delaItermValueByitem" parameterClass="java.util.HashMap" >
	delete pro_asset_item_value where ASSET_ITEM_ID in
	<iterate property="ids" open="(" close=")" conjunction=",">   
	    #ids[]#   
	</iterate>
</delete>

<update id="modifyDeptToAsset" parameterClass="java.util.HashMap">
	update   pro_asset set DEPT_ID=#deptid#
	where id in
	 <iterate property="oldIdList" open="(" close=")" conjunction=",">   
	    #oldIdList[]#   
	</iterate>
</update>



<select id="findAssetName" resultClass="java.lang.String" resultSetType="SCROLL_INSENSITIVE">
   select a.name name
  from pro_asset a 
  where 1=1
  <include refid="assetWhere"/>
</select>

<select id="assetTypeInfo" resultClass="java.util.HashMap" resultSetType="SCROLL_INSENSITIVE">
 select at.name,  
 		at.code, 
 		at.state,
 		at.id
 from pro_asset_type at where 1=1
<isNotEmpty prepend="AND" property="ecId">
	at.ec_id=#ecId#
</isNotEmpty>
<isNotEmpty prepend="AND" property="name">
	at.name=#name#
</isNotEmpty>
<isNotEmpty prepend="AND" property="code">
	at.code=#code#
</isNotEmpty>
<isNotEmpty prepend="AND" property="likename">
	at.name like '%'||#likename#|| '%'
</isNotEmpty>


<isNotEmpty  property="all">
	<isNotEmpty prepend="and (" property="code1">
	at.code=#code1#
	</isNotEmpty>
	<isNotEmpty prepend="or" property="name1">
	at.name=#name1# )
    </isNotEmpty>
</isNotEmpty>

</select>

<select id="getUserInfoCont" resultClass="java.lang.Long" resultSetType="SCROLL_INSENSITIVE">
	select count(distinct msisdn) from m2m_person partition (M2M_PERSON_PARTITION$part$)  
		where state='ENABLED' msisdn=#msisdn# and ec_code=#ecCode#
</select>

<select id="getProCodeCount" resultClass="java.lang.Long" resultSetType="SCROLL_INSENSITIVE">
    select count(1) from pro_asset
    where pro_asset.code=#code# 
   <isGreaterThan prepend="and" compareValue="0" property="ecId">
  	ec_id = #ecId#
  </isGreaterThan>
</select>

<select id="queyECInfo" resultClass="java.util.HashMap" resultSetType="SCROLL_INSENSITIVE">
  <include refid="pageSqlStart"/>
    select ec.ec_id,ec.ec_name,ec_code from enterprise_customer ec  where 1=1
    <isNotEmpty prepend="AND" property="ecName">
    	ec.ec_name like '%'||#ecName#||'%'
    </isNotEmpty>
    <isNotEmpty prepend="AND" property="ecNameOrCode">
    	(ec.ec_name like '%'||#ecNameOrCode#||'%' or ec.ec_code like '%'||#ecNameOrCode#||'%')
    </isNotEmpty>
  <include refid="pageSqlEnd"/>
</select>

<select id="queyECInfo_count" resultClass="java.lang.Long" resultSetType="SCROLL_INSENSITIVE">
    select count(*) from enterprise_customer ec  where 1=1
    <isNotEmpty prepend="AND" property="ecName">
    	ec.ec_name like '%'||#ecName#||'%'
    </isNotEmpty>
    <isNotEmpty prepend="AND" property="ecNameOrCode">
    	(ec.ec_name like '%'||#ecNameOrCode#||'%' or ec.ec_code like '%'||#ecNameOrCode#||'%')
    </isNotEmpty>
</select>

<select id="queyMsisdnInfo" resultClass="java.util.HashMap" resultSetType="SCROLL_INSENSITIVE">
  <include refid="pageSqlStart"/>
    select distinct mi.msisdn from M2M_PERSON PARTITION(M2M_PERSON_PARTITION$part$) mi left join pro_asset pa  on pa.msisdn=mi.msisdn 
    where pa.msisdn is null and mi.state='ENABLED'
    <isNotEmpty prepend="and" property="msisdn">
    	mi.msisdn like '%'||#msisdn#||'%'
    </isNotEmpty>
    <isNotEmpty prepend="AND" property="ecCode">
         mi.ec_code=#ecCode#
    </isNotEmpty>
  <include refid="pageSqlEnd"/>
</select>

<select id="queyMsisdnInfo_count" resultClass="java.lang.Long" resultSetType="SCROLL_INSENSITIVE">
    select count(distinct mi.msisdn) from M2M_PERSON PARTITION(M2M_PERSON_PARTITION$part$) mi left join pro_asset pa  on pa.msisdn=mi.msisdn 
    where pa.msisdn is null and mi.state='ENABLED'
    <isNotEmpty prepend="and" property="msisdn">
    	mi.msisdn like '%'||#msisdn#||'%'
    </isNotEmpty>
    <isNotEmpty prepend="AND" property="ecCode">
         mi.ec_code=#ecCode#
    </isNotEmpty>
</select>

<!-- 通过号码获取设备名称、编码 -->
<select id="findAssetInfoByMsisdn" resultClass="com.lenovo.iotpro.entity.Asset" resultSetType="SCROLL_INSENSITIVE">
	select 
		pa.id,
		pa.name,
		pa.code,
		pa.asset_type as assetType,
		u.msisdn, 
		u.iccid as sim,
		pa.dept_id as deptId,
		(select name from pro_depts where id = pa.dept_id) as deptName
	from (
		select 
			distinct msisdn,
			iccid 
		from M2M_PERSON PARTITION(M2M_PERSON_PARTITION$part$)  
		where msisdn=#msisdn# and state='ENABLED'
	) u left join pro_asset pa on u.msisdn=pa.msisdn
</select>

<!-- 查询设备名称、sim、msisdn、部门名称 -->
<select id="findDeviceInfo" resultClass="java.util.HashMap" resultSetType="SCROLL_INSENSITIVE" >
     <include refid="pageSqlStart"/>
      select a.msisdn, p.name as assetname,p.deptname,p.sim from user_info a ,
                    (select pa.name, pa.dept_id, pa.msisdn,pa.asset_type,ps.name as deptname,pa.sim
                     from pro_asset pa, pro_depts ps
			              where pa.dept_id = ps.id) p
                    where a.msisdn = p.msisdn 
      <isNotEmpty prepend="and" property="msisdnOrSim">
    	(a.msisdn like '%'||#msisdnOrSim#||'%') or (p.sim like '%'||#msisdnOrSim#||'%')
      </isNotEmpty>
      <isNotEmpty prepend="AND" property="ecId">
         a.ec_id=#ecId#
      </isNotEmpty>
      <isNotEmpty prepend="AND" property="deptId">
         p.dept_id=#deptId#
      </isNotEmpty>
      <isNotEmpty prepend="AND" property="assetType">
         p.asset_type=#assetType#
      </isNotEmpty>
      order by a.month_stream_measure
      <include refid="pageSqlEnd"/>              
</select>

<select id="findDeviceInfoCount" resultClass="java.lang.Long" resultSetType="SCROLL_INSENSITIVE" >
      select count(1) from user_info a ,
                    (select pa.name, pa.dept_id, pa.msisdn,pa.asset_type,ps.name as deptname,pa.sim
                     from pro_asset pa, pro_depts ps
			              where pa.dept_id = ps.id) p
                    where a.msisdn = p.msisdn 
      <isNotEmpty prepend="and" property="msisdnOrSim">
    	(a.msisdn like '%'||#msisdnOrSim#||'%') or (p.sim like '%'||#msisdnOrSim#||'%')
      </isNotEmpty>
      <isNotEmpty prepend="AND" property="ecId">
         a.ec_id=#ecId#
      </isNotEmpty>
      <isNotEmpty prepend="AND" property="deptId">
         p.dept_id=#deptId#
      </isNotEmpty>
      <isNotEmpty prepend="AND" property="assetType">
         p.asset_type=#assetType#
      </isNotEmpty>
</select>

<delete id="delTempAssetInfo" parameterClass="java.util.HashMap" >
	delete TEMP_ASSET_INFO where OPT_USER=#userId#
	
</delete>
<insert id="insertTempAsset" parameterClass="com.lenovo.iotpro.entity.vo.TempAssetInfoVo" >
 insert into TEMP_ASSET_INFO (
 	MSISDN,
 	DEPT_CODE,
 	ASSET_CODE,
 	ASSET_TYPE_NAME,
 	REMARK,
 	OPT_USER,
 	IS_SUCC
 )
 values(
   	#msisdn#,
 	#deptCode#,
 	#assetCode#,
 	#assetTypeName#,
 	#remark#,
 	#optUser#,
 	#isSucc#
 )
</insert>
<select id="queyTempAsset" resultClass="java.util.HashMap" resultSetType="SCROLL_INSENSITIVE">
    select MSISDN,DEPT_CODE,ASSET_CODE,ASSET_TYPE_NAME,	REMARK,IS_SUCC,ERROR_MSG from TEMP_ASSET_INFO
    where 1=1
    <isNotEmpty prepend="AND" property="userId">
         OPT_USER=#userId#
    </isNotEmpty>
    <isNotEmpty prepend="AND" property="isSucc">
         IS_SUCC=#isSucc#
    </isNotEmpty>
</select>
<select id="queyTempAssetCount" resultClass="java.lang.Long" resultSetType="SCROLL_INSENSITIVE">
  select count(MSISDN) from TEMP_ASSET_INFO
    where 1=1
    <isNotEmpty prepend="AND" property="userId">
         OPT_USER=#userId#
    </isNotEmpty>
    <isNotEmpty prepend="AND" property="isSucc">
         IS_SUCC=#isSucc#
    </isNotEmpty>
</select>

<select id="queySimInfo" resultClass="java.util.HashMap" resultSetType="SCROLL_INSENSITIVE">
    select iccid from user_info 
    where 1=1
    <isNotEmpty prepend="and" property="msisdn">
    	msisdn = #msisdn#
    </isNotEmpty>
</select>
</sqlMap>
