<?xml version="1.0" encoding="UTF-8"?>

<!DOCTYPE sqlMap
 PUBLIC "-//ibatis.apache.org//DTD SQL Map 2.0//EN"
 "http://ibatis.apache.org/dtd/sql-map-2.dtd">

<sqlMap>


	<select id="getCardCdrInfoByPartition" resultClass="com.lenovo.iotpro.entity.vo.CardCdrInfoVo"
		resultSetType="SCROLL_INSENSITIVE" parameterClass="java.util.HashMap">

		select msisdn,start_time gprsDate ,(nvl(GPRS_4G_DATA_AMOUNT,0)+GPRS_DATA_AMOUNT) as gprsAmount
		from
		card_cdr_info PARTITION($monthP$)
		where 1=1
		and msisdn in
		<iterate property="msisdnList" open="(" close=")" conjunction=",">
			#msisdnList[]#
		</iterate>
	</select>
	
	<!-- 优先取实时接口(ADC)数据,实时接口无数据时取BI数据-->
	<select id="getCardCdrInfoADCFirst" resultClass="com.lenovo.iotpro.entity.vo.CardCdrInfoVo"
		resultSetType="SCROLL_INSENSITIVE" parameterClass="java.util.HashMap">
        select 
        r.msisdn,
        (case 
         when r.day_card_cdr>0 then r.day_card_cdr
         else (nvl(c.GPRS_4G_DATA_AMOUNT,0)+c.GPRS_DATA_AMOUNT) end) as gprsAmount,
        r.stat_date gprsDate
    from REAL_TIME_CARD_CDR r 
    left join card_cdr_info PARTITION($monthP$) c
    on r.msisdn=c.msisdn and r.stat_date=c.start_time
    where 1=1
    and r.msisdn in
    <iterate property="msisdnList" open="(" close=")" conjunction=",">
			#msisdnList[]#
	</iterate>
    and r.stat_date<![CDATA[>= ]]>to_date(#monthStart#,#dateFormat#) and r.stat_date<![CDATA[<= ]]>to_date(#monthEnd#,#dateFormat#)
	</select>

	<select id="getRptGprsCdrMonthByPartition" resultClass="com.lenovo.iotpro.entity.MonthStream"
		resultSetType="SCROLL_INSENSITIVE">
		<!-- select rs.msisdn,
		( select sum(month_stream_measure) from
		rpt_gprscdr_month_stat PARTITION($monthp0$) where
		msisdn = rs.msisdn and
		to_date(stat_date,'yyyy-MM') = to_date(#startTime#,'yyyy-MM') group by
		msisdn ) gprsAmount,
		( select sum(month_stream_measure) from
		rpt_gprscdr_month_stat PARTITION($monthp1$) where
		msisdn = rs.msisdn and
		to_date(stat_date,'yyyy-MM') =
		add_months(to_date(#startTime#,'yyyy-MM'),-1) group by msisdn )
		gprsMon1,
		( select sum(month_stream_measure) from
		rpt_gprscdr_month_stat PARTITION($monthp2$) where
		msisdn = rs.msisdn and
		to_date(stat_date,'yyyy-MM') =
		add_months(to_date(#startTime#,'yyyy-MM'),-2) group by msisdn )
		gprsMon2,
		( select sum(month_stream_measure) from
		rpt_gprscdr_month_stat PARTITION($monthp3$) where
		msisdn = rs.msisdn and
		to_date(stat_date,'yyyy-MM') =
		add_months(to_date(#startTime#,'yyyy-MM'),-3) group by msisdn )
		gprsMon3,
		( select sum(month_stream_measure ) from
		rpt_gprscdr_month_stat PARTITION($monthp4$) where
		msisdn = rs.msisdn and
		to_date(stat_date,'yyyy-MM') =
		add_months(to_date(#startTime#,'yyyy-MM'),-4) group by msisdn )
		gprsMon4,
		( select sum(month_stream_measure) from
		rpt_gprscdr_month_stat PARTITION($monthp5$) where
		msisdn = rs.msisdn and
		to_date(stat_date,'yyyy-MM') =
		add_months(to_date(#startTime#,'yyyy-MM'),-5) group by msisdn )
		gprsMon5
		from rpt_gprscdr_month_stat rs
		where 1=1
		and rs.msisdn in
		<iterate property="msisdnList" open="(" close=")" conjunction=",">
			#msisdnList[]#
		</iterate>
		group by rs.msisdn  -->
		
		
		select t.column_value as msisdn,
		( select sum(month_stream_measure+nvl(MONTH_4G_STREAM,0)) from
		  rpt_gprscdr_month_stat PARTITION($monthp0$) where
		  msisdn = t.column_value ) gprsAmount,
		    ( select sum(month_stream_measure+nvl(MONTH_4G_STREAM,0)) from
		    rpt_gprscdr_month_stat PARTITION($monthp1$) where
		    msisdn = t.column_value )
		    gprsMon1,
		    ( select sum(month_stream_measure+nvl(MONTH_4G_STREAM,0)) from
		    rpt_gprscdr_month_stat PARTITION($monthp2$) where
		    msisdn = t.column_value )
		    gprsMon2,
		    ( select sum(month_stream_measure+nvl(MONTH_4G_STREAM,0)) from
		    rpt_gprscdr_month_stat PARTITION($monthp3$) where
		    msisdn = t.column_value )
		    gprsMon3,
		    ( select sum(month_stream_measure +nvl(MONTH_4G_STREAM,0)) from
		    rpt_gprscdr_month_stat PARTITION($monthp4$) where
		    msisdn = t.column_value )
		    gprsMon4,
		    ( select sum(month_stream_measure+nvl(MONTH_4G_STREAM,0)) from
		    rpt_gprscdr_month_stat PARTITION($monthp5$) where
		    msisdn = t.column_value )
		    gprsMon5
		 from 
		table(splitstr(#msisdns#, ',')) t
	</select>
	
	<select id="exportGprsCdrMonthByPartition" resultClass="com.lenovo.iotpro.entity.MonthStream" resultSetType="SCROLL_INSENSITIVE">
		select
			r.msisdn,sum(r.month_stream_measure+nvl(r.MONTH_4G_STREAM,0)) as gprsAmount from
			RPT_GPRSCDR_MONTH_STAT PARTITION($monthP$) r
			where r.msisdn in
		<iterate property="msisdnList" open="(" close=")" conjunction=",">
			#msisdnList[]#
		</iterate>
		    GROUP BY r.MSISDN
	</select>

	<select id="getRptGprsCdrMonthFormLine" resultClass="java.util.HashMap"
		resultSetType="SCROLL_INSENSITIVE">
		select c.class_name,d.gprs_stream
		from terminal_class c,
		(select
			u.class_id,sum(r.month_stream_measure+nvl(r.MONTH_4G_STREAM,0)) gprs_stream from
			user_suppinfo
			u, RPT_GPRSCDR_MONTH_STAT PARTITION($monthP$) r
			where u.msisdn=r.msisdn
			and u.area_id=#areaId# and u.ec_id=#ecId#
			group by u.class_id
		) d
		where
		c.class_id=d.class_id


	</select>

</sqlMap>