<?xml version="1.0" encoding="UTF-8"?>

<!DOCTYPE sqlMap
 PUBLIC "-//ibatis.apache.org//DTD SQL Map 2.0//EN"
 "http://ibatis.apache.org/dtd/sql-map-2.dtd">
<sqlMap>
    <sql id="daystreamWhere">
	  <isNotEmpty prepend="and" property="msisdnOrSim">
        (msisdn = #msisdnOrSim#)
      </isNotEmpty>
	</sql>
	<!-- 日流量统计 start -->
	<select id="queryDayStreamBySSE" resultSetType="SCROLL_INSENSITIVE"  resultClass="com.lenovo.iotpro.entity.vo.DayStreamVo">
		 <include refid="pageSqlStart"/>
		     select t.msisdn msisdn ,sum(t.gprs_data_amount+nvl(t.GPRS_4G_DATA_AMOUNT,0)) as gprsAmount,t.start_time gprsDate
             from CARD_CDR_INFO t where
			 1=1
			 <isNotEmpty prepend="and" property="msisdnOrSim">
  		      t.msisdn = #msisdnOrSim#
  	        </isNotEmpty>
             <isNotEmpty prepend="and" property="startTime">
	      	 t.start_time <![CDATA[ >= ]]> to_date(#startTime#,'yyyy-MM-dd')
	        </isNotEmpty>
	       <isNotEmpty prepend="and" property="endTime">
	      	 t.start_time <![CDATA[ <= ]]> to_date(#endTime#,'yyyy-MM-dd') 
	       </isNotEmpty>
		   group by t.msisdn,t.start_time order by t.start_time asc
    <include refid="pageSqlEnd"/>
	</select>
	
	<select id="listDayStreamByEc" resultSetType="SCROLL_INSENSITIVE"  resultClass="com.lenovo.iotpro.entity.vo.DayStreamVo">
		     select distinct sum(t.gprs_data_amount+nvl(t.GPRS_4G_DATA_AMOUNT,0)) as gprsAmount,t.msisdn msisdn,t.start_time gprsDate 
			 from PRO_USERS p,pro_ec_info e,ENTERPRISE_CUSTOMER ec,
			 CARD_CDR_INFO t where
			  <isNotEqual property="userType" compareValue="0">
			  	 e.ec_id = #ec_id# and p.ec_id = #ec_id# and
			     and t.msisdn = p.msisdn 
			     or t.msisdn = e.tel or t.msisdn = ec.customer_mobile
			  </isNotEqual>
			<isNotEmpty prepend="and" property="msisdnOrSim">
  		      t.msisdn = #msisdnOrSim#
  	        </isNotEmpty> 
			<isNotEmpty prepend="and" property="startTime">
	      	 t.start_time <![CDATA[ >= ]]> to_date(#startTime#,'yyyy-MM-dd')
	        </isNotEmpty>
	       <isNotEmpty prepend="and" property="endTime">
	      	 t.start_time <![CDATA[ <= ]]> to_date(#endTime#,'yyyy-MM-dd') 
	       </isNotEmpty>
			 group by t.msisdn,t.start_time order by t.start_time asc
    </select>
	
	<select id="queryDayStreamByEc" resultSetType="SCROLL_INSENSITIVE"  resultClass="com.lenovo.iotpro.entity.vo.DayStreamVo">
		 <include refid="pageSqlStart"/>
		  select distinct sum(t.gprs_data_amount+nvl(t.GPRS_4G_DATA_AMOUNT,0)) as gprsAmount,t.msisdn msisdn,t.start_time gprsDate 
			 from user_info e,
			 CARD_CDR_INFO t where
			  <isNotEqual property="userType" compareValue="0">
			  	 e.ec_id = #ec_id# and t.msisdn = e.msisdn
			  </isNotEqual>
			<isNotEmpty prepend="and" property="msisdnOrSim">
  		      t.msisdn = #msisdnOrSim#
  	        </isNotEmpty> 
			<isNotEmpty prepend="and" property="startTime">
	      	 t.start_time <![CDATA[ >= ]]> to_date(#startTime#,'yyyy-MM-dd')
	        </isNotEmpty>
	       <isNotEmpty prepend="and" property="endTime">
	      	 t.start_time <![CDATA[ <= ]]> to_date(#endTime#,'yyyy-MM-dd') 
	       </isNotEmpty>
			 group by t.msisdn,t.start_time order by t.start_time asc
         <include refid="pageSqlEnd"/>
	</select>
	
	<select id="countDayStreamByEc" resultSetType="SCROLL_INSENSITIVE"  resultClass="java.lang.Long">
		      select count(1) from (
		      select distinct sum(t.gprs_data_amount+nvl(t.GPRS_4G_DATA_AMOUNT,0)) as gprsAmount,t.msisdn msisdn,t.start_time gprsDate 
			  from user_info e,
			 CARD_CDR_INFO t where
			  <isNotEqual property="userType" compareValue="0">
			  	 e.ec_id = #ec_id# and t.msisdn = e.msisdn
			  </isNotEqual>
			<isNotEmpty prepend="and" property="msisdnOrSim">
  		      t.msisdn = #msisdnOrSim#
  	        </isNotEmpty> 
			<isNotEmpty prepend="and" property="startTime">
	      	 t.start_time <![CDATA[ >= ]]> to_date(#startTime#,'yyyy-MM-dd')
	        </isNotEmpty>
	       <isNotEmpty prepend="and" property="endTime">
	      	 t.start_time <![CDATA[ <= ]]> to_date(#endTime#,'yyyy-MM-dd') 
	       </isNotEmpty>
			 group by t.msisdn,t.start_time
			  )
			  where 1=1
    </select>
	
	<select id="findDayStreamCount" resultSetType="SCROLL_INSENSITIVE"  resultClass="java.lang.Long">
		  select count(1) from (
		     select t.msisdn msisdn ,sum(t.gprs_data_amount+nvl(t.GPRS_4G_DATA_AMOUNT,0)) as gprsAmount,t.start_time gprsDate
             from CARD_CDR_INFO t where
			 1=1
            <isNotEmpty prepend="and" property="msisdnOrSim">
  		      t.msisdn = #msisdnOrSim#
  	        </isNotEmpty>
             <isNotEmpty prepend="and" property="startTime">
	      	 t.start_time <![CDATA[ >= ]]> to_date(#startTime#,'yyyy-MM-dd')
	        </isNotEmpty>
	       <isNotEmpty prepend="and" property="endTime">
	      	 t.start_time <![CDATA[ <= ]]> to_date(#endTime#,'yyyy-MM-dd') 
	       </isNotEmpty>
			 group by t.msisdn,t.start_time
		)
	     where 1=1
    </select>

	<select id="listDayStreamBySSE" resultSetType="SCROLL_INSENSITIVE"  resultClass="com.lenovo.iotpro.entity.vo.DayStreamVo">
		 select t.msisdn msisdn ,sum(t.gprs_data_amount+nvl(t.GPRS_4G_DATA_AMOUNT,0)) as gprsAmount,t.start_time gprsDate
             from CARD_CDR_INFO t where
			 1=1
			 <isNotEmpty prepend="and" property="msisdnOrSim">
  		      t.msisdn = #msisdnOrSim#
  	        </isNotEmpty>
             <isNotEmpty prepend="and" property="startTime">
	      	 t.start_time <![CDATA[ >= ]]> to_date(#startTime#,'yyyy-MM-dd')
	        </isNotEmpty>
	       <isNotEmpty prepend="and" property="endTime">
	      	 t.start_time <![CDATA[ <= ]]> to_date(#endTime#,'yyyy-MM-dd') 
	       </isNotEmpty>
		   group by t.msisdn,t.start_time order by t.start_time asc
   </select>
	   <select id="countPageMsisdnBySSE" resultSetType="SCROLL_INSENSITIVE"  resultClass="java.lang.Long">
       	select count(1) from (
			select distinct count(t.msisdn) count,t.msisdn msisdn from  
			<isNotEqual property="userType" compareValue="0">
		       	  user_info e,
			</isNotEqual>
			CARD_CDR_INFO t where 1=1
			<isNotEqual prepend="and" property="userType" compareValue="0">
			  	 e.ec_id = #ec_id#
			     and t.msisdn = e.msisdn 
			 </isNotEqual>
			  <isNotEmpty prepend="and" property="msisdnOrSim">
  		      t.msisdn = #msisdnOrSim#
  	         </isNotEmpty>
			 <isNotEmpty prepend="and" property="Time">
		      	 to_char(t.start_time,'yyyy-MM') <![CDATA[ = ]]> #Time#
		     </isNotEmpty>
			 group by t.msisdn
		   )
	     where 1=1
       </select>
	   <select id="listPageMsisdnBySSE" resultSetType="SCROLL_INSENSITIVE"  resultClass="com.lenovo.iotpro.entity.vo.DayStreamVo">
		  select t.msisdn msisdn ,sum(t.gprs_data_amount+nvl(t.GPRS_4G_DATA_AMOUNT,0)) as gprsAmount,t.start_time gprsDate from 
			 <isNotEqual property="userType" compareValue="0">
		       	  user_info e,
			 </isNotEqual>
			 CARD_CDR_INFO t where
			 1=1
			 <isNotEqual prepend="and" property="userType" compareValue="0">
			  	 e.ec_id = #ec_id#
			     and t.msisdn = e.msisdn 
			 </isNotEqual>
			 <isNotEmpty prepend="and" property="msisdnOrSim">
  		      t.msisdn = #msisdnOrSim#
  	        </isNotEmpty>
            <isNotEmpty prepend="and" property="Time">
		      	 to_char(t.start_time,'yyyy-MM') <![CDATA[ = ]]> #Time#
		     </isNotEmpty>
		   group by t.msisdn,t.start_time order by t.start_time asc
		 <include refid="pageSqlEnd"/>
       </select>
	<!-- 日流量统计 end -->
	<!-- 月流量统计 start -->
	<select id="newcountMonthStreamBySSE" resultSetType="SCROLL_INSENSITIVE"  resultClass="java.lang.Long">
		  select count(1) from (
		     select ui.msisdn from user_info ui left join (
				     select msisdn,stat_date gprsDate,sum(month_stream_measure) as gprsAmount
					 from rpt_gprscdr_month_stat
					 where 1=1
				      <isNotEmpty prepend="and" property="msisdnOrSim">
  		                 msisdn = #msisdnOrSim#
  	                  </isNotEmpty>
					  <isNotEmpty prepend="and" property="startTime">
	      	             to_date(stat_date,'yyyy-MM') <![CDATA[ = ]]> to_date(#startTime#,'yyyy-MM')
	                  </isNotEmpty>
					  group by msisdn,stat_date
				    ) t
				  on(
				    t.msisdn = ui.msisdn
				  )
				where ui.ec_id=#ec_id# 
				<isNotEmpty prepend="and" property="msisdnOrSim">
  		                 ui.msisdn = #msisdnOrSim#
  	             </isNotEmpty>
       ) where 1=1
	</select>
	<select id="newqueryMonthStreamBySSE" resultSetType="SCROLL_INSENSITIVE" resultClass="com.lenovo.iotpro.entity.MonthStream">
		 <include refid="pageSqlStart"/>
		     select ui.msisdn,
			 t.gprsDate,
			 t.gprsAmount,
			( select sum(month_stream_measure+nvl(MONTH_4G_STREAM,0)) from rpt_gprscdr_month_stat  where msisdn = ui.msisdn and 
		           to_date(stat_date,'yyyy-MM') = add_months(to_date(#startTime#,'yyyy-MM'),-1)  group by msisdn ) gprsMon1,
			( select sum(month_stream_measure+nvl(MONTH_4G_STREAM,0)) from rpt_gprscdr_month_stat  where msisdn = ui.msisdn and 
		           to_date(stat_date,'yyyy-MM') = add_months(to_date(#startTime#,'yyyy-MM'),-2)  group by msisdn ) gprsMon2,
			( select sum(month_stream_measure+nvl(MONTH_4G_STREAM,0)) from rpt_gprscdr_month_stat  where msisdn = ui.msisdn and 
		           to_date(stat_date,'yyyy-MM') = add_months(to_date(#startTime#,'yyyy-MM'),-3)  group by msisdn ) gprsMon3,
			( select sum(month_stream_measure+nvl(MONTH_4G_STREAM,0)) from rpt_gprscdr_month_stat  where msisdn = ui.msisdn and 
		           to_date(stat_date,'yyyy-MM') = add_months(to_date(#startTime#,'yyyy-MM'),-4)  group by msisdn ) gprsMon4,
			( select sum(month_stream_measure+nvl(MONTH_4G_STREAM,0)) from rpt_gprscdr_month_stat  where msisdn = ui.msisdn and 
		           to_date(stat_date,'yyyy-MM') = add_months(to_date(#startTime#,'yyyy-MM'),-5)  group by msisdn ) gprsMon5 
			from user_info ui 
			left join (
				     select msisdn,stat_date gprsDate,sum(month_stream_measure+nvl(MONTH_4G_STREAM,0)) as gprsAmount
					 from rpt_gprscdr_month_stat
					 where 1=1
				      <isNotEmpty prepend="and" property="msisdnOrSim">
  		                 msisdn = #msisdnOrSim#
  	                  </isNotEmpty>
					  <isNotEmpty prepend="and" property="startTime">
	      	             to_date(stat_date,'yyyy-MM') <![CDATA[ = ]]> to_date(#startTime#,'yyyy-MM')
	                  </isNotEmpty>
					  group by msisdn,stat_date
				    ) t
				  on(
				    t.msisdn = ui.msisdn
				  )
				where ui.ec_id=#ec_id# 
				 <isNotEmpty prepend="and" property="msisdnOrSim">
  		                 ui.msisdn = #msisdnOrSim#
  	             </isNotEmpty>
         <include refid="pageSqlEnd"/>
	</select>
	<select id="queryMonthStreamBySSE" resultSetType="SCROLL_INSENSITIVE"  resultClass="com.lenovo.iotpro.entity.MonthStream">
		 <include refid="pageSqlStart"/>
		     select t.msisdn msisdn ,sum(t.month_stream_measure+nvl(t.MONTH_4G_STREAM,0)) as gprsAmount,t.stat_date gprsDate
             from rpt_gprscdr_month_stat t where
			 <isEqual property="userType" compareValue="0">
			     1 = 2
			  </isEqual>
			 <isNotEmpty prepend="and" property="msisdnOrSim">
  		      t.msisdn = #msisdnOrSim#
  	        </isNotEmpty>
             <isNotEmpty prepend="and" property="startTime">
	      	 to_date(t.stat_date,'yyyy-MM') <![CDATA[ >= ]]> to_date(#startTime#,'yyyy-MM')
	        </isNotEmpty>
			<isNotEmpty prepend="and" property="endTime">
	      	  to_date(t.stat_date,'yyyy-MM') <![CDATA[ <= ]]> to_date(#endTime#,'yyyy-MM')
	        </isNotEmpty>
		   group by t.msisdn,t.stat_date
    <include refid="pageSqlEnd"/>
	</select>

    <select id="listMonthStreamBySSE" resultSetType="SCROLL_INSENSITIVE"  resultClass="com.lenovo.iotpro.entity.MonthStream">
		 select t.msisdn msisdn ,sum(t.month_stream_measure+nvl(t.MONTH_4G_STREAM,0)) as gprsAmount,t.stat_date gprsDate
             from rpt_gprscdr_month_stat t where
			 1=1
			 <isNotEmpty prepend="and" property="msisdnOrSim">
  		      t.msisdn = #msisdnOrSim#
  	        </isNotEmpty>
             <isNotEmpty prepend="and" property="startTime">
	      	 to_date(t.stat_date,'yyyy-MM') <![CDATA[ >= ]]> to_date(#startTime#,'yyyy-MM')
	        </isNotEmpty>
			<isNotEmpty prepend="and" property="endTime">
	      	  to_date(t.stat_date,'yyyy-MM') <![CDATA[ <= ]]> to_date(#endTime#,'yyyy-MM')
	        </isNotEmpty>
		   group by t.msisdn,t.stat_date
    </select>

	<select id="countMonthStreamBySSE" resultSetType="SCROLL_INSENSITIVE"  resultClass="java.lang.Long">
		  select count(1) from (
		  select t.msisdn msisdn ,sum(t.month_stream_measure+nvl(t.MONTH_4G_STREAM,0)) as gprsAmount,t.stat_date gprsDate
             from rpt_gprscdr_month_stat t where
			 1=1
			 <isNotEmpty prepend="and" property="msisdnOrSim">
  		      t.msisdn = #msisdnOrSim#
  	        </isNotEmpty>
             <isNotEmpty prepend="and" property="startTime">
	      	 to_date(t.stat_date,'yyyy-MM') <![CDATA[ >= ]]> to_date(#startTime#,'yyyy-MM')
	        </isNotEmpty>
	       <isNotEmpty prepend="and" property="endTime">
	      	  to_date(t.stat_date,'yyyy-MM') <![CDATA[ <= ]]> to_date(#endTime#,'yyyy-MM')
	       </isNotEmpty>
		   group by t.msisdn,t.stat_date
    ) where 1=1
	</select>
	<select id="queryMonthStreamByEc" resultSetType="SCROLL_INSENSITIVE"  resultClass="com.lenovo.iotpro.entity.MonthStream">
		 <include refid="pageSqlStart"/>
		  select distinct sum(t.month_stream_measure+nvl(t.MONTH_4G_STREAM,0)) as gprsAmount,t.msisdn msisdn,t.stat_date gprsDate 
			 from user_info e,
			 rpt_gprscdr_month_stat t where
			  <isNotEqual property="userType" compareValue="0">
			  	 e.ec_id = #ec_id#
			     and t.msisdn = e.msisdn
			  </isNotEqual>
			<isNotEmpty prepend="and" property="msisdnOrSim">
  		      t.msisdn = #msisdnOrSim#
  	        </isNotEmpty> 
			<isNotEmpty prepend="and" property="startTime">
	      	 to_date(t.stat_date,'yyyy-MM') <![CDATA[ >= ]]> to_date(#startTime#,'yyyy-MM')
	        </isNotEmpty>
	       <isNotEmpty prepend="and" property="endTime">
	      	  to_date(t.stat_date,'yyyy-MM') <![CDATA[ <= ]]> to_date(#endTime#,'yyyy-MM')
	       </isNotEmpty>
			 group by t.msisdn,t.stat_date
         <include refid="pageSqlEnd"/>
	</select>
	
	<select id="listMonthStreamByEc" resultSetType="SCROLL_INSENSITIVE"  resultClass="com.lenovo.iotpro.entity.MonthStream">
		 select distinct sum(t.month_stream_measure+nvl(t.MONTH_4G_STREAM,0)) as gprsAmount,t.msisdn msisdn,t.stat_date gprsDate 
			  from user_info e,
			 rpt_gprscdr_month_stat t where
			  <isNotEqual property="userType" compareValue="0">
			  	 e.ec_id = #ec_id#
			     and t.msisdn = e.msisdn
			  </isNotEqual>
			<isNotEmpty prepend="and" property="msisdnOrSim">
  		      t.msisdn = #msisdnOrSim#
  	        </isNotEmpty> 
			<isNotEmpty prepend="and" property="startTime">
	      	 to_date(t.stat_date,'yyyy-MM') <![CDATA[ >= ]]> to_date(#startTime#,'yyyy-MM')
	        </isNotEmpty>
	       <isNotEmpty prepend="and" property="endTime">
	      	  to_date(t.stat_date,'yyyy-MM') <![CDATA[ <= ]]> to_date(#endTime#,'yyyy-MM')
	       </isNotEmpty>
			 group by t.msisdn,t.stat_date
    </select>
	
	<select id="countMonthStreamByEc" resultSetType="SCROLL_INSENSITIVE"  resultClass="java.lang.Long">
		  select count(1) from (
		     select distinct sum(t.month_stream_measure+nvl(t.MONTH_4G_STREAM,0)) as gprsAmount,t.msisdn msisdn,t.stat_date gprsDate 
			  from user_info e,
			  rpt_gprscdr_month_stat t where
			  <isNotEqual property="userType" compareValue="0">
			  	 e.ec_id = #ec_id#
			     and t.msisdn = e.msisdn
			  </isNotEqual>
			<isNotEmpty prepend="and" property="msisdnOrSim">
  		      t.msisdn = #msisdnOrSim#
  	        </isNotEmpty> 
			<isNotEmpty prepend="and" property="startTime">
	      	 to_date(t.stat_date,'yyyy-MM') <![CDATA[ >= ]]> to_date(#startTime#,'yyyy-MM')
	        </isNotEmpty>
	       <isNotEmpty prepend="and" property="endTime">
	      	  to_date(t.stat_date,'yyyy-MM') <![CDATA[ <= ]]> to_date(#endTime#,'yyyy-MM')
	       </isNotEmpty>
			 group by t.msisdn,t.stat_date
			 )
			  where 1=1 
    </select>
	
	<!-- 月流量统计 end -->
	<!-- 订单统计 start -->
	    <select id="queryBillStreamBySSE" resultSetType="SCROLL_INSENSITIVE"  resultClass="com.lenovo.iotpro.entity.BillMonthCountBean">
		 <include refid="pageSqlStart"/>
		      select distinct t.stat_month gprsDate ,t.msisdn,sum(t.total_amt) as count,sum(case when b.total is NULL then 0 else b.total end) as lastCount  from
			   card_bill  t   LEFT OUTER JOIN
			   (
	            select t1.stat_month stat_month ,t1.msisdn msisdn ,sum(t1.total_amt) as total from 
				    card_bill t1 where 1=1 group by t1.stat_month,t1.msisdn) b 
			   on (
			          t.msisdn = b.msisdn
					  and add_months(to_date(t.stat_month,'yyyy/mm'),-1) = to_date(b.stat_month,'yyyy/mm')
           
			    ) where 1=1 
				<isNotEmpty prepend="and" property="msisdnOrSim">
  		         t.msisdn = #msisdnOrSim#
  	            </isNotEmpty>
				 <isNotEmpty prepend="and" property="startTime">
	      	    to_date(t.stat_month,'yyyyMM') <![CDATA[ >= ]]> to_date(#startTime#,'yyyy-mm')
	            </isNotEmpty>
	            <isNotEmpty prepend="and" property="endTime">
	      	     to_date(t.stat_month,'yyyyMM') <![CDATA[ <= ]]> to_date(#endTime#,'yyyy-mm')
	            </isNotEmpty>
                 group by t.stat_month,t.msisdn,b.stat_month
    <include refid="pageSqlEnd"/>
	</select>
	
	<select id="listBillStreamBySSE" resultSetType="SCROLL_INSENSITIVE"  resultClass="com.lenovo.iotpro.entity.BillMonthCountBean">
		 select distinct t.stat_month gprsDate ,t.msisdn,sum(t.total_amt) as count,sum(case when b.total is NULL then 0 else b.total end) as lastCount  from
			   card_bill  t   LEFT OUTER JOIN
			   (
	            select t1.stat_month stat_month ,t1.msisdn msisdn ,sum(t1.total_amt) as total from 
				    card_bill t1 where 1=1 group by t1.stat_month,t1.msisdn) b 
			   on (
			          t.msisdn = b.msisdn
					  and add_months(to_date(t.stat_month,'yyyy/mm'),-1) = to_date(b.stat_month,'yyyy/mm')
           
			    ) where 1=1 
				<isNotEmpty prepend="and" property="msisdnOrSim">
  		         t.msisdn = #msisdnOrSim#
  	            </isNotEmpty>
				 <isNotEmpty prepend="and" property="startTime">
	      	    to_date(t.stat_month,'yyyyMM') <![CDATA[ >= ]]> to_date(#startTime#,'yyyy-mm')
	            </isNotEmpty>
	            <isNotEmpty prepend="and" property="endTime">
	      	     to_date(t.stat_month,'yyyyMM') <![CDATA[ <= ]]> to_date(#endTime#,'yyyy-mm')
	            </isNotEmpty>
                 group by t.stat_month,t.msisdn,b.stat_month
    </select>

	<select id="countBillStreamBySSE" resultSetType="SCROLL_INSENSITIVE"  resultClass="java.lang.Long">
		  select count(1) from (
		   select t.stat_month gprsDate ,t.msisdn,sum(t.total_amt) as count,sum(case when b.total is NULL then 0 else b.total end) as lastCount  from
			   card_bill  t   LEFT OUTER JOIN
			   (
	            select t1.stat_month stat_month ,t1.msisdn msisdn ,sum(t1.total_amt) as total from 
				    card_bill t1 where 1=1 group by t1.stat_month,t1.msisdn) b 
			   on (
			          t.msisdn = b.msisdn
					  and add_months(to_date(t.stat_month,'yyyy/mm'),-1) = to_date(b.stat_month,'yyyy/mm')
           
			    ) where 1=1
				 <isNotEmpty prepend="and" property="msisdnOrSim">
  		         t.msisdn = #msisdnOrSim#
  	            </isNotEmpty> 
				<isNotEmpty prepend="and" property="startTime">
	      	    to_date(t.stat_month,'yyyyMM') <![CDATA[ >= ]]> to_date(#startTime#,'yyyy-mm')
	            </isNotEmpty>
	            <isNotEmpty prepend="and" property="endTime">
	      	     to_date(t.stat_month,'yyyyMM') <![CDATA[ <= ]]> to_date(#endTime#,'yyyy-mm')
	            </isNotEmpty> 
				 group by t.stat_month,t.msisdn,b.stat_month
    ) where 1=1
	</select>
	
	<select id="queryBillStreamByEc" resultSetType="SCROLL_INSENSITIVE"  resultClass="com.lenovo.iotpro.entity.BillMonthCountBean">

		 select tab1.*,tab1.stat_month as gprsDate,
		         (select max(total_amt)
                             from card_bill, (select msisdn
                                           from user_info 
                                          where 1 = 1
                                            and ec_id = #ec_id#) u
                                   where tab1.msisdn = card_bill.msisdn and stat_month =#lastTime# and u.msisdn=tab1.msisdn ) as lastCount
		  from (
		 <include refid="pageSqlStart"/>
				select sub.*
			  from (select cb.msisdn, cb.stat_month as stat_month, max(cb.total_amt) AS count
			          from card_bill cb,
			               (
			                 select msisdn from user_info ui where  1=1 
			                  <isNotEmpty prepend="and" property="ec_id">
			                 	ec_id=#ec_id#
			                 </isNotEmpty>
			                 
			                ) b
			         where cb.msisdn = b.msisdn
			         <isNotEmpty prepend="and" property="msisdnOrSim">
		            	(cb.msisdn like '%'||#msisdnOrSim#||'%' )
	           		 </isNotEmpty>
	           		 <isNotEmpty prepend="and" property="startTime">
	            	     stat_month=#startTime#
	                 </isNotEmpty>
			         group by cb.msisdn, cb.stat_month) sub
			         
     <include refid="pageSqlEnd"/>
     )  tab1
     
	</select>
	
	<select id="countBillStreamByEc" resultSetType="SCROLL_INSENSITIVE"  resultClass="java.lang.Long">
      select count(1)
			  from (select cb.msisdn, cb.stat_month as stat_month, max(cb.total_amt) AS count
			          from card_bill cb,
			               (
			                 select msisdn from user_info ui where  1=1
			                  <isNotEmpty prepend="and" property="ec_id">
			                 	ec_id=#ec_id#
			                 </isNotEmpty>
			                ) b
			         where cb.msisdn = b.msisdn
					<isNotEmpty prepend="and" property="msisdnOrSim">
		            	(cb.msisdn like '%'||#msisdnOrSim#||'%' )
	           		 </isNotEmpty>
	           		 <isNotEmpty prepend="and" property="startTime">
	            	     stat_month=#startTime#
	                 </isNotEmpty>			        
	                  group by cb.msisdn, cb.stat_month) sub
			          
	</select>
	
	
	
	
	<select id="listBillStreamByEc" resultSetType="SCROLL_INSENSITIVE"  resultClass="com.lenovo.iotpro.entity.BillMonthCountBean">
		  select distinct t.stat_month gprsDate ,t.msisdn,sum(t.total_amt) as count,sum(case when b.total is NULL then 0 else b.total end) as lastCount  from
		      
			   <isNotEqual property="userType" compareValue="0">
		       	  user_info e,
				</isNotEqual>
		       card_bill  t   LEFT OUTER JOIN
			   (
	            select t1.stat_month stat_month ,t1.msisdn msisdn ,sum(t1.total_amt) as total from 
				    card_bill t1 where 1=1 
					<isNotEmpty prepend="and" property="msisdnOrSim">
  		             t1.msisdn = #msisdnOrSim#
  	                </isNotEmpty> 
					group by t1.stat_month,t1.msisdn
				) b 
			   on (
			          t.msisdn = b.msisdn
					  and add_months(to_date(t.stat_month,'yyyyMM'),-1) = to_date(b.stat_month,'yyyyMM')
           
			    ) where 
				<isNotEqual property="userType" compareValue="0">
			  	 e.ec_id = #ec_id#
			     and t.msisdn = e.msisdn 
			   </isNotEqual>
				<isNotEmpty prepend="and" property="msisdnOrSim">
  		         t.msisdn = #msisdnOrSim#
  	            </isNotEmpty> 
				<isNotEmpty prepend="and" property="startTime">
	      	    to_date(t.stat_month,'yyyyMM') <![CDATA[ >= ]]> to_date(#startTime#,'yyyy-mm')
	            </isNotEmpty>
	            <isNotEmpty prepend="and" property="endTime">
	      	     to_date(t.stat_month,'yyyyMM') <![CDATA[ <= ]]> to_date(#endTime#,'yyyy-mm')
	            </isNotEmpty>
				
				group by t.stat_month,t.msisdn,b.stat_month
    </select>
	
	
	<!-- 订单统计 end -->
	
	<!-- 成员数统计 start  -->
	<select id="queryBuyCardBySSE" resultSetType="SCROLL_INSENSITIVE"  resultClass="com.lenovo.iotpro.entity.BuyCardCountBean">
	     select e.* from (
	     select
	     	(
	     	 SELECT COUNT(1) FROM ( SELECT COUNT(1) FROM 
	     	 M2M_PERSON PARTITION(M2M_PERSON_PARTITION$part$) UI 
	     	 WHERE UI.STATE = 'ENABLED'
             AND UI.RUN_CODE IN ('US41','US10','US30','US22')
             AND UI.EC_CODE = #ecCode#
             group by UI.msisdn)) as TOTAL_SIM_COUNT,<!-- 总卡数 -->
            (
             SELECT COUNT(1) FROM ( SELECT COUNT(1) FROM 
	     	 M2M_PERSON PARTITION(M2M_PERSON_PARTITION$part$) UI 
	     	 WHERE UI.STATE = 'ENABLED'
             AND UI.RUN_CODE ='US41'
             AND UI.EC_CODE = #ecCode#
             group by UI.msisdn)) as UNACTIVATE_SIM_COUNT,<!-- 待激活卡数 -->
            (
             SELECT COUNT(1) FROM ( SELECT COUNT(1) FROM 
	     	 M2M_PERSON PARTITION(M2M_PERSON_PARTITION$part$) UI 
	     	 WHERE UI.STATE = 'ENABLED'
             AND UI.RUN_CODE = 'US10'
             AND UI.EC_CODE = #ecCode#
             group by UI.msisdn)) as NORMAL_SIM_COUNT,<!-- 正使用卡数 -->
            (
           	 SELECT COUNT(1) FROM ( SELECT COUNT(1) FROM 
	     	 M2M_PERSON PARTITION(M2M_PERSON_PARTITION$part$) UI 
	     	 WHERE UI.STATE = 'ENABLED'
             AND UI.RUN_CODE = 'US30'
             AND UI.EC_CODE = #ecCode#
             group by UI.msisdn)) as STOP_SIM_COUNT,<!-- 停机卡数 -->
            (
             SELECT COUNT(1) FROM ( SELECT COUNT(1) FROM 
	     	 M2M_PERSON PARTITION(M2M_PERSON_PARTITION$part$) UI 
	     	 WHERE UI.STATE = 'ENABLED'
             AND UI.RUN_CODE = 'US22'
             AND UI.EC_CODE = #ecCode#
             group by UI.msisdn)) as PCANCEL_SIM_COUNT,<!-- 预约销户卡数 -->
            to_char(sysdate,'yyyy-mm') as stat_date,
            #ecCode# as ec_code
            from dual
          union
          select total_sim_count,
		       UNACTIVATE_SIM_COUNT,
		       NORMAL_SIM_COUNT,
		       EC_STOP_SIM_COUNT AS STOP_SIM_COUNT,
		       PCANCEL_SIM_COUNT,
		       stat_date,
		       #ecCode# as ec_code
		       from RPT_EC_BIZ_SUMMARY_STAT_MM r
		       where r.stat_date <![CDATA[<]]> to_char(sysdate,'yyyy-mm')
		       and r.stat_date <![CDATA[>]]> to_char(add_months(trunc(sysdate),-12),'yyyy-mm')
		       and r.ec_id=#ecId#
		 ) e
         order by e.stat_date desc
	</select>
	
	<!-- 当月成员数 -->
	<select id="queryBuyCardBySSENow" resultSetType="SCROLL_INSENSITIVE"  resultClass="com.lenovo.iotpro.entity.BuyCardCountBean">
	     	 SELECT COUNT(distinct msisdn) as TOTAL_SIM_COUNT 
	     	 FROM M2M_PERSON PARTITION(M2M_PERSON_PARTITION$part$) UI 
	     	 WHERE UI.STATE = 'ENABLED'
             AND UI.RUN_CODE IN ('US41','US10','US30','US22')
             AND UI.EC_CODE = #ecCode#
	</select>
	
	<!-- 首页sim卡状态详情  -->
	<select id="queryCardStateByEc" resultSetType="SCROLL_INSENSITIVE"  resultClass="java.util.HashMap">
	  <include refid="pageSqlStart"/>
	  	 select distinct u.msisdn,
         u.run_code,
         u.imsi,
         u.iccid,
         to_char(u.open_time, 'yyyymmdd') open_time,
         u.remark,
         (
			select dd.dict_data_name 
			from dictionary_data dd 
			where dict_type_id = (select dict_type_id from dictionary_type where dict_type_code = 'ACCOUNT_STATUS') 
			and dict_data_code = u.run_code 
		) state
    	from M2M_PERSON partition(M2M_PERSON_PARTITION$part$) u
   		where U.EC_CODE=#ecCode# 
   		and U.STATE='ENABLED' 
   		
   		<isEqual property="type" compareValue="normal">
			and u.RUN_CODE = 'US10' 
		</isEqual> 
		
		<isEqual property="type" compareValue="stop">
			and u.run_code = 'US30'
		</isEqual> 
		
		<isEqual property="type" compareValue="toActivate">
			and u.run_code = 'US41' 
		</isEqual> 
		
		<isEqual property="type" compareValue="orderCancel">
			and u.run_code = 'US22' 
		</isEqual> 
   		
	  <include refid="pageSqlEnd"/>
	</select>
	<!-- 首页sim卡状态详情count  -->
	<select id="queryCardStateByEcCount" resultSetType="SCROLL_INSENSITIVE"  resultClass="java.lang.Long">
	  	 select count(distinct u.msisdn)
    	from m2m_person partition(M2M_PERSON_PARTITION$part$) u
   		where U.EC_CODE=#ecCode# 
   		and U.STATE='ENABLED' 
   		
   		<isEqual property="type" compareValue="normal">
			and u.RUN_CODE = 'US10' 
		</isEqual> 
		
		<isEqual property="type" compareValue="stop">
			and u.run_code = 'US30'
		</isEqual> 
		
		<isEqual property="type" compareValue="toActivate">
			and u.run_code = 'US41' 
		</isEqual> 
		
		<isEqual property="type" compareValue="orderCancel">
			and u.run_code = 'US22' 
		</isEqual> 
	</select>
	<!-- 首页sim卡状态详情导出  -->
	<select id="exportCardStateByEc" resultSetType="SCROLL_INSENSITIVE"  resultClass="java.util.HashMap">
	  	 select distinct u.msisdn,
         u.run_code,
         u.imsi,
         u.iccid,
         to_char(u.open_time, 'yyyymmdd') open_time,
         u.remark,
         (
			select dd.dict_data_name 
			from dictionary_data dd 
			where dict_type_id = (select dict_type_id from dictionary_type where dict_type_code = 'ACCOUNT_STATUS') 
			and dict_data_code = u.run_code 
		) state
    	from m2m_person partition(M2M_PERSON_PARTITION$part$) u
   		where U.EC_CODE=#ecCode# 
   		and U.STATE='ENABLED' 
   		
   		<isEqual property="type" compareValue="normal">
			and u.RUN_CODE = 'US10' 
		</isEqual> 
		
		<isEqual property="type" compareValue="stop">
			and u.run_code = 'US30'
		</isEqual> 
		
		<isEqual property="type" compareValue="toActivate">
			and u.run_code = 'US41' 
		</isEqual> 
		
		<isEqual property="type" compareValue="orderCancel">
			and u.run_code = 'US22' 
		</isEqual> 
	</select>
	<select id="listBuyCardBySSE" resultSetType="SCROLL_INSENSITIVE"  resultClass="com.lenovo.iotpro.entity.BuyCardCountBean">
		select e.* from (select c.*,
             c.data_cur-c.data_last as add_number
             from(
               select 
               #ec_id# as ec_id,
               (select count(distinct msisdn)
				  from member_info partition(MEMBER_INFO_PARTITION$part$)
				 where state = 'ENABLED' and run_code in (
					 'US281','US28','US282''US283','US10','US346','US347',
					 'US348','US344','US40','US30','US301','US302','US532') 
				 and ec_code = #ecCode#) as data_cur,
               (select to_char(sysdate,'yyyy-mm') from dual) as stat_date,
               (select ec_code from enterprise_customer where ec_id=#ec_id#) as ec_code, 
				nvl((select total_sim_count
				  from RPT_EC_BIZ_SUMMARY_STAT_MM
				 where to_date(stat_date, 'yyyy-mm') = add_months(sysdate, -1)
				   and ec_id = #ec_id#
				),0) as data_last,
               (select count(distinct msisdn)
				  from member_info partition(MEMBER_INFO_PARTITION$part$)
				 where state = 'ENABLED'
				   and run_code in ('US344', 'US40', 'US30', 'US301', 'US302', 'US532')
				   and ec_code = #ecCode#) as stop_sim 
               from dual
               ) c 
          union
          select distinct 
                         t.ec_id ec_id,
                         sum(t.total_sim_count) as data_cur,
                         t.stat_date stat_date,
                         SUBSTR(case when EC.ec_code is NULL then '' else ec.ec_code end,0) as ec_code,
                         sum(case when b.total is NULL then 0 else b.total end) as data_last,
                         sum(t.STOP_SIM_COUNT) stop_sim,
                         sum(case when b.total is NULL then t.total_sim_count else (t.total_sim_count- b.total) end ) as add_number
                         from RPT_EC_BIZ_SUMMARY_STAT_MM t LEFT OUTER JOIN
                                (
                                 select distinct t1.ec_id ec_id,
                             t1.stat_date as currentMonth,
                             t1.total_sim_count as total,
                             t1.STOP_SIM_COUNT
                                 from RPT_EC_BIZ_SUMMARY_STAT_MM t1
                                where 1=1  
                        		<isNotEmpty prepend="and" property="ec_id">
                               		t1.ec_id = #ec_id#
                                </isNotEmpty>
                          )	 b
                           on (
                                  t.ec_id = b.ec_id
                                  and add_months(to_date(t.stat_date,'yyyy-MM'),-1) = to_date(b.currentMonth,'yyyy-MM')
                           )LEFT OUTER JOIN 
                           ENTERPRISE_CUSTOMER ec
                                  on(
                                    t.ec_id = ec.ec_id
                                   
                                )
                       where 1=1
                      <isNotEmpty prepend="and" property="ec_id">
                               t.ec_id = #ec_id#
                      </isNotEmpty>
                      <isNotEmpty prepend="and" property="startTime">
                               t.stat_date = #startTime#
                      </isNotEmpty>
                       group by t.ec_id ,t.stat_date, b.total ,ec.ec_code) e  order by e.stat_date desc
	</select>
	
	<select id="countBuyCardBySSE" resultSetType="SCROLL_INSENSITIVE"  resultClass="java.lang.Long">
		 select count(1)+1 from (
		   select distinct 
			   t.ec_id ec_id,
			   sum(t.total_sim_count) as data_cur,
		       t.stat_date stat_date
				 from RPT_EC_BIZ_SUMMARY_STAT_MM t 
		   where 1=1
			<isNotEmpty prepend="and" property="ec_id">
  		         t.ec_id = #ec_id#
  	        </isNotEmpty>
  	        <isNotEmpty prepend="and" property="startTime">
                 t.stat_date = #startTime#
            </isNotEmpty>
	      	 and t.stat_date <![CDATA[<]]> to_char(sysdate,'yyyy-MM')
			 group by t.ec_id ,t.stat_date
		)
	</select>
	
	<select id="queryMsisdnForLedger" resultClass="com.lenovo.iotpro.entity.vo.LedgerResultVo" resultSetType="SCROLL_INSENSITIVE">
		select
			t.*,        
	       (select WM_CONCAT(distinct mp.product_code) from mem_prod partition(MEM_PROD_PARTITION$part$) mp where mp.msisdn=t.msisdn and state='ENABLED') as productCode,
<!-- 	       (select WM_CONCAT(distinct mp.product_name) from mem_prod partition(MEM_PROD_PARTITION$part$) mp where mp.msisdn=t.msisdn and state='ENABLED') as productName, -->
	       (select WM_CONCAT(distinct mp.apn_name) from mem_prod partition(MEM_PROD_PARTITION$part$) mp where mp.msisdn=t.msisdn and state='ENABLED') as apnName,
	     <!--   (select WM_CONCAT(distinct mpk.package_name) from M2M_GRPMEM partition(M2M_GRPMEM_PARTITION$part$) mpk where mpk.msisdn=t.msisdn and state='ENABLED' and ec_code=#ecCode#) as packageName, -->
<!-- 	       (select rptl.total_month_stream/1024 from  rpt_gprscdr_month_stat partition($lastMonthForStream$) rptl where rptl.msisdn=t.msisdn) as lastMonthstream, -->
	      <!--  (select rptl.month_up_sms from  rpt_gprscdr_month_stat partition($monthForSms$) rptl where rptl.msisdn=t.msisdn) as lastMonthUpSms,
	       (select rptl.total_voice_pkg from  rpt_gprscdr_month_stat partition($monthForSms$) rptl where rptl.msisdn=t.msisdn) as lastMonthVoice, 迁移到mongodb-->
	       0.0 as lastMonthFee
	       from(
		       <include refid="pageSqlStart"/>
		       select
		       mi.msisdn,
		       max(mi.ip_address) as ipAddress, 
		       <!-- (select dict_data_name 
		           from dictionary_data 
		           where dict_type_id=(select dict_type_id
                                       from dictionary_type
                                       where DICT_TYPE_CODE = 'ACCOUNT_STATUS') 
                   and dict_data_code=mi.run_code
               ) as runCode, -->
               max(dict_data_name) as runCode,
		       max(mi.iccid) as iccid,
		       max(mi.imei) as imei,
		       max(mi.open_time) as openTime,
		       max(mi.activate_date) as activationTime,
		       0 usedGprs,
               WM_CONCAT(distinct pkg.package_name) as packageName
		       from m2m_person partition(M2M_PERSON_PARTITION$part$) mi 
		         left join  (select * 
		           from dictionary_data   where dict_type_id=(select dict_type_id
                                       from dictionary_type
                                       where DICT_TYPE_CODE = 'ACCOUNT_STATUS')  )dt
      			    on dt.dict_data_code=mi.run_code
                left join (select msisdn,package_name from  M2M_GRPMEM partition(M2M_GRPMEM_PARTITION$part$) where state='ENABLED' and ec_code=#ecCode#
                union select msisdn,package_name from M2M_PER_PKG partition(M2M_PER_PKG_PARTITION$part$) where state='ENABLED') pkg
                on pkg.msisdn=mi.msisdn
		       <isEqual property="rightType" compareValue="2">
		       left join (
					SELECT dept_id,msisdn FROM pro_asset 
					WHERE dept_id in (<include refid="findDeptIdsByUserRights"/>) 
				)  pa on mi.msisdn=pa.msisdn 
				</isEqual> 
		       where mi.ec_code=#ecCode# and mi.state='ENABLED'		   
		       <isNotEmpty prepend="and" property="openTime">
		    		mi.open_time = to_date(#openTime#,'yyyy-mm-dd')
		       </isNotEmpty>
		       <isEqual property="userType" compareValue="commom">
					and (mi.user_type is null or mi.user_type!='PN')
			   </isEqual>
			   <isEqual property="userType" compareValue="PN">
						and mi.user_type='PN'
			   </isEqual>
			   <isEqual  property="runCode" compareValue="US41">
				and (mi.RUN_CODE = 'US41' )
			   </isEqual>
			   <isEqual  property="runCode" compareValue="US10">
					and  mi.RUN_CODE='US10'
			   </isEqual>
			   <isEqual  property="runCode" compareValue="US30">
					and  mi.RUN_CODE='US30'
			   </isEqual>
			   <isEqual  property="runCode" compareValue="US22">
					and  mi.RUN_CODE='US22'
			   </isEqual>
			   <isNotEmpty prepend="and" property="msisdn">
					    (instr(mi.msisdn,#msisdn#)>0 or instr(mi.iccid,#msisdn#)>0)
			   </isNotEmpty>
			   
				<isEqual property="rightType" compareValue="2">
					and pa.dept_id is not null 
				</isEqual>
				group by mi.msisdn
			   order by mi.msisdn
		       <include refid="pageSqlEnd"/>) t
       
	</select>
	
	<select id="queryMsisdnCountForLedger" resultClass="java.lang.Long" resultSetType="SCROLL_INSENSITIVE">
	select count(1)
	       from(select count(1)
	       from M2M_PERSON partition(M2M_PERSON_PARTITION$part$) mi 
	       <isEqual property="rightType" compareValue="2">
		       left join (
					SELECT dept_id,msisdn FROM pro_asset 
					WHERE dept_id in (<include refid="findDeptIdsByUserRights"/>) 
				)  pa on mi.msisdn=pa.msisdn 
				</isEqual> 
	       where mi.ec_code=#ecCode# and mi.state='ENABLED'
	       <isNotEmpty prepend="and" property="openTime">
		    		mi.open_time = to_date(#openTime#,'yyyy-mm-dd')
		   </isNotEmpty>
	       <isEqual property="userType" compareValue="commom">
				and (mi.user_type is null or mi.user_type!='PN')
		   </isEqual>
		   <isEqual property="userType" compareValue="PN">
					and mi.user_type='PN'
		   </isEqual>
		   <isEqual  property="runCode" compareValue="US41">
				and (mi.RUN_CODE = 'US41' )
		   </isEqual>
		   <isEqual  property="runCode" compareValue="US10">
				and  mi.RUN_CODE='US10'
		   </isEqual>
		   <isEqual  property="runCode" compareValue="US30">
				and  mi.RUN_CODE='US30'
		   </isEqual>
		   <isEqual  property="runCode" compareValue="US22">
				and  mi.RUN_CODE='US22'
		   </isEqual>
		   
		   <isNotEmpty prepend="and" property="msisdn">
				    (instr(mi.msisdn,#msisdn#)>0 or instr(mi.iccid,#msisdn#)>0)
		   </isNotEmpty>
		   <isEqual property="rightType" compareValue="2">
					and pa.dept_id is not null 
				</isEqual>
				group by mi.msisdn)
	</select>
	
	<select id="exportMsisdnForLedger" resultClass="java.util.HashMap" resultSetType="SCROLL_INSENSITIVE">
		select
			t.*,        
	       (select WM_CONCAT(distinct mp.product_code) from mem_prod partition(MEM_PROD_PARTITION$part$) mp where mp.msisdn=t.msisdn and state='ENABLED') as productCode,
<!-- 	       (select WM_CONCAT(distinct mp.product_name) from mem_prod partition(MEM_PROD_PARTITION$part$) mp where mp.msisdn=t.msisdn and state='ENABLED') as productName, -->
	       (select WM_CONCAT(distinct mp.apn_name) from mem_prod partition(MEM_PROD_PARTITION$part$) mp where mp.msisdn=t.msisdn and state='ENABLED') as apnName,
	       <!-- (select WM_CONCAT(distinct mpk.package_name) from M2M_GRPMEM partition(M2M_GRPMEM_PARTITION$part$) mpk where mpk.msisdn=t.msisdn and state='ENABLED' and ec_code=#ecCode#) as packageName, -->
<!-- 	       (select rptl.total_month_stream/1024 from  rpt_gprscdr_month_stat partition($lastMonthForStream$) rptl where rptl.msisdn=t.msisdn) as lastMonthstream, -->
	       <!-- (select rptl.month_up_sms from  rpt_gprscdr_month_stat partition($monthForSms$) rptl where rptl.msisdn=t.msisdn) as lastMonthUpSms,
	       (select rptl.total_voice_pkg from  rpt_gprscdr_month_stat partition($monthForSms$) rptl where rptl.msisdn=t.msisdn) as lastMonthVoice,迁移到mongodb -->
	       0.0 as lastMonthFee
	       from(
		       select
		       mi.msisdn,
		       max(mi.ip_address) as ipAddress, 
		      <!--  (select dict_data_name 
		           from dictionary_data 
		           where dict_type_id=(select dict_type_id
                                       from dictionary_type
                                       where DICT_TYPE_CODE = 'ACCOUNT_STATUS') 
                   and dict_data_code=mi.run_code
               ) as runCode, -->
               max(dt.dict_data_name) as runCode,
		       max(mi.iccid) as iccid,
		       max(mi.imei) as imei,
		       max(mi.open_time) as openTime,
		       max(mi.activate_date) as activationTime,
		       0 as usedGprs,
               WM_CONCAT(distinct pkg.package_name) as packageName
		       from M2M_PERSON partition(M2M_PERSON_PARTITION$part$) mi 
		       left join dictionary_data dt
      			    on dt.dict_data_code=mi.run_code
                 left join (select msisdn,package_name from  M2M_GRPMEM partition(M2M_GRPMEM_PARTITION$part$) where state='ENABLED' and ec_code=#ecCode#
                union select msisdn,package_name from M2M_PER_PKG partition(M2M_PER_PKG_PARTITION$part$) where state='ENABLED') pkg
                on pkg.msisdn=mi.msisdn
		       <isEqual property="rightType" compareValue="2">
		       left join (
					SELECT dept_id,msisdn FROM pro_asset 
					WHERE dept_id in (<include refid="findDeptIdsByUserRights"/>) 
				)  pa on mi.msisdn=pa.msisdn 
				</isEqual> 
		       where mi.ec_code=#ecCode#
		       and mi.state='ENABLED'
		        and dt.dict_type_id=(select dict_type_id
                                       from dictionary_type
                                       where DICT_TYPE_CODE = 'ACCOUNT_STATUS')
		       <isNotEmpty prepend="and" property="openTime">
		    		mi.open_time = to_date(#openTime#,'yyyy-mm-dd')
		       </isNotEmpty>
		       <isEqual property="userType" compareValue="commom">
					and (mi.user_type is null or mi.user_type!='PN')
			   </isEqual>
			   <isEqual property="userType" compareValue="PN">
						and mi.user_type='PN'
			   </isEqual>
			   <isEqual  property="runCode" compareValue="US41">
				and (mi.RUN_CODE = 'US41' )
			   </isEqual>
			   <isEqual  property="runCode" compareValue="US10">
					and  mi.RUN_CODE='US10'
			   </isEqual>
			   <isEqual  property="runCode" compareValue="US30">
					and  mi.RUN_CODE='US30'
			   </isEqual>
			   <isEqual  property="runCode" compareValue="US22">
					and  mi.RUN_CODE='US22'
			   </isEqual>
			   <isNotEmpty prepend="and" property="msisdn">
					    (instr(mi.msisdn,#msisdn#)>0 or instr(mi.iccid,#msisdn#)>0)
			   </isNotEmpty> 
			   <isEqual property="rightType" compareValue="2">
					and pa.dept_id is not null 
				</isEqual>
				group by mi.msisdn
			   order by mi.msisdn
		       ) t
       
	</select>
	
	<select id="findLedgerInfo" resultClass="com.lenovo.iotpro.entity.vo.LedgerResultVo" resultSetType="SCROLL_INSENSITIVE" >
	select t.column_value as msisdn,
       (select month_stream_measure+nvl(r.month_4g_stream,0) from rpt_gprscdr_month_stat PARTITION($monthForStream$) r 
       						where r.msisdn=(select * from table(splitstr(t.column_value,'-')) where rownum=1)) usedGprs
       <!-- (select total_amt from card_bill_master c 
       						where stat_month=#monthForFee# and c.msisdn=(select * from table(splitstr(t.column_value,'-')) where rownum=1)) lastMonthFee -->
       from table(splitstr(#msisdns#,',')) t
	</select>
	<!-- 购卡统计 end -->
	
	<select id="findCardBillMasterInfo" resultClass="java.util.HashMap" resultSetType="SCROLL_INSENSITIVE" >
     <include refid="pageSqlStart"/>
     select 
     	a.msisdn,
     	p.name as assetname,
      	p.deptname,
      	p.sim,
      	#statMonth# as STATMONTH,
      	NVL(a.total_amt,0) as TOTALAMT
     from (
     	select 
			msisdn,
			total_amt 
	     from (select ca.msisdn,ca.total_amt,ca.ec_id,ca.stat_month from card_bill_master ca,user_info u where ca.msisdn=u.msisdn
	             <isEqual property="userType" compareValue="commom">
				      and (u.user_type is null or u.user_type!='PN')
				  </isEqual>
				  <isEqual property="userType" compareValue="PN">
						and u.user_type='PN'
				  </isEqual> 
				   )  where ec_id in <include refid="ecIdList"/>    
		 and stat_month=#statMonth# 
	 ) a left join (
		select pa.name, pa.dept_id, pa.msisdn,pa.asset_type,ps.name as deptname,pa.sim
		from pro_asset pa, pro_depts ps
		where pa.dept_id = ps.id 
		and pa.ec_id in <include refid="ecIdList"/>  
		 and ps.ec_id in <include refid="ecIdList"/>  
      ) p on a.msisdn=p.msisdn 
      where 1=1
      <!-- 子账户显示选定部门下的卡信息 -->
      <isEqual property="rightType" compareValue="2">
      	 and exists (select 1  from pro_asset b where p.msisdn=b.msisdn and b.dept_id in (<include refid="findDeptIdsByUserRights"/>))
      </isEqual>
      <isNotEmpty prepend="AND" property="deptId">
         p.dept_id=#deptId#
      </isNotEmpty>
      <isNotEmpty prepend="AND" property="assetType">
         p.asset_type=#assetType#
      </isNotEmpty>
      <isNotEmpty prepend="and" property="msisdnOrSim">
    	(a.msisdn like '%'||#msisdnOrSim#||'%') or (p.sim like '%'||#msisdnOrSim#||'%')
      </isNotEmpty>
      <isNotEmpty prepend="AND" property="deptId">
         p.dept_id=#deptId#
      </isNotEmpty>
      <isNotEmpty prepend="AND" property="assetType">
         p.asset_type=#assetType#
      </isNotEmpty>
      order by a.total_amt desc 
      
      <include refid="pageSqlEnd"/>              
</select>

<select id="findCardBillMasterInfoCount" resultClass="java.lang.Long" resultSetType="SCROLL_INSENSITIVE" >
      <!-- select count(1) from user_info a 
      left join (
		select pa.name, pa.dept_id, pa.msisdn,pa.asset_type,ps.name as deptname,pa.sim
		from pro_asset pa, pro_depts ps
		where pa.dept_id = ps.id 
      ) p on a.msisdn=p.msisdn 
      where a.ec_id=#ecId#
      <isNotEmpty prepend="and" property="msisdnOrSim">
    	(a.msisdn like '%'||#msisdnOrSim#||'%') or (p.sim like '%'||#msisdnOrSim#||'%')
      </isNotEmpty>
      <isNotEmpty prepend="AND" property="deptId">
         p.dept_id=#deptId#
      </isNotEmpty>
      <isNotEmpty prepend="AND" property="assetType">
         p.asset_type=#assetType#
      </isNotEmpty>
       -->
        select count(1) from
         (
     	select 
			msisdn,
			total_amt 
	     from (select ca.msisdn,ca.total_amt,ca.ec_id,ca.stat_month from card_bill_master ca,user_info u where ca.msisdn=u.msisdn
	             <isEqual property="userType" compareValue="commom">
				      and (u.user_type is null or u.user_type!='PN')
				  </isEqual>
				  <isEqual property="userType" compareValue="PN">
						and u.user_type='PN'
				  </isEqual> 
				   ) where ec_id in <include refid="ecIdList"/>   and stat_month=#statMonth# 
	 ) a left join (
		select pa.name, pa.dept_id, pa.msisdn,pa.asset_type,ps.name as deptname,pa.sim
		from pro_asset pa, pro_depts ps
		where pa.dept_id = ps.id 
		and pa.ec_id in <include refid="ecIdList"/>   and ps.ec_id in <include refid="ecIdList"/>  
      ) p on a.msisdn=p.msisdn 
      where 1=1
      <!-- 子账户显示选定部门下的卡信息 -->
      <isEqual property="rightType" compareValue="2">
         and exists (select 1  from pro_asset b where p.msisdn=b.msisdn and b.dept_id in (<include refid="findDeptIdsByUserRights"/>))
      </isEqual>
      <isNotEmpty prepend="AND" property="deptId">
         p.dept_id=#deptId#
      </isNotEmpty>
      <isNotEmpty prepend="AND" property="assetType">
         p.asset_type=#assetType#
      </isNotEmpty>
      <isNotEmpty prepend="and" property="msisdnOrSim">
    	(a.msisdn like '%'||#msisdnOrSim#||'%') or (p.sim like '%'||#msisdnOrSim#||'%')
      </isNotEmpty>
      <isNotEmpty prepend="AND" property="deptId">
         p.dept_id=#deptId#
      </isNotEmpty>
      <isNotEmpty prepend="AND" property="assetType">
         p.asset_type=#assetType#
      </isNotEmpty>
</select>

<select id="exportCardBillMasterInfoByEc" resultClass="java.util.HashMap" resultSetType="SCROLL_INSENSITIVE" >
     select 
     	a.msisdn,
     	p.name as assetname,
      	p.deptname,
      	p.sim,
      	#statMonth# as STATMONTH,
      	NVL(a.total_amt,0) as TOTALAMT
     from (
     	select 
			msisdn,
			total_amt 
	     from (select ca.msisdn,ca.total_amt,ca.ec_id,ca.stat_month from card_bill_master ca,user_info u where ca.msisdn=u.msisdn
	             <isEqual property="userType" compareValue="commom">
				      and (u.user_type is null or u.user_type!='PN')
				  </isEqual>
				  <isEqual property="userType" compareValue="PN">
						and u.user_type='PN'
				  </isEqual> 
				   )  where ec_id in <include refid="ecIdList"/>    
		 and stat_month=#statMonth# 
	 ) a left join (
		select pa.name, pa.dept_id, pa.msisdn,pa.asset_type,ps.name as deptname,pa.sim
		from pro_asset pa, pro_depts ps
		where pa.dept_id = ps.id 
		and pa.ec_id in <include refid="ecIdList"/>  
		 and ps.ec_id in <include refid="ecIdList"/>  
      ) p on a.msisdn=p.msisdn 
      where 1=1
      <!-- 子账户显示选定部门下的卡信息 -->
      <isEqual property="rightType" compareValue="2">
      	 and exists (select 1  from pro_asset b where p.msisdn=b.msisdn and b.dept_id in (<include refid="findDeptIdsByUserRights"/>))
      </isEqual>
      <isNotEmpty prepend="AND" property="deptId">
         p.dept_id=#deptId#
      </isNotEmpty>
      <isNotEmpty prepend="AND" property="assetType">
         p.asset_type=#assetType#
      </isNotEmpty>
      <isNotEmpty prepend="and" property="msisdnOrSim">
    	(a.msisdn like '%'||#msisdnOrSim#||'%') or (p.sim like '%'||#msisdnOrSim#||'%')
      </isNotEmpty>
      <isNotEmpty prepend="AND" property="deptId">
         p.dept_id=#deptId#
      </isNotEmpty>
      <isNotEmpty prepend="AND" property="assetType">
         p.asset_type=#assetType#
      </isNotEmpty>
      order by a.total_amt desc 
      
</select>

<select id="exportCardBillMasterInfo" resultClass="java.util.HashMap" resultSetType="SCROLL_INSENSITIVE" >
      select 
      	a.msisdn,
      	p.name as assetname,
      	p.deptname,
      	p.sim,
      	#statMonth# as STATMONTH,
      	NVL(b.total_amt,0) as TOTALAMT
      from (
		select msisdn 
		from user_info 
		where RUN_CODE IN (SELECT *
                              FROM THE (SELECT CAST(STR2VARLIST(GET_USER_INFO_STATE_ORDER()) AS
                                                    VARTABLETYPE)
                                          FROM DUAL)) 
        and ec_id=#ecId# 
      ) a left join (
		select pa.name, pa.dept_id, pa.msisdn,pa.asset_type,ps.name as deptname,pa.sim
		from pro_asset pa, pro_depts ps
		where pa.dept_id = ps.id 
      ) p on a.msisdn=p.msisdn 
      left join ( 
           select msisdn,total_amt total_amt from card_bill_master where ec_id=#ecId# and stat_month=#statMonth# 
      ) b on a.msisdn=b.msisdn  
      where 1=1 
      <isNotEmpty prepend="and" property="msisdnOrSim">
    	(a.msisdn like '%'||#msisdnOrSim#||'%') or (p.sim like '%'||#msisdnOrSim#||'%')
      </isNotEmpty>
      <isNotEmpty prepend="AND" property="deptId">
         p.dept_id=#deptId#
      </isNotEmpty>
      <isNotEmpty prepend="AND" property="assetType">
         p.asset_type=#assetType#
      </isNotEmpty>
      order by NVL(b.total_amt,0) desc 
</select>
<select id="queryMsisdnForBill" resultClass="java.util.HashMap" resultSetType="SCROLL_INSENSITIVE" >
	select u.msisdn 
	from user_info u right join pro_asset p on u.msisdn=p.msisdn
	where u.RUN_CODE IN (SELECT *
                             FROM THE (SELECT CAST(STR2VARLIST(GET_USER_INFO_STATE_ORDER()) AS
                                                   VARTABLETYPE)
                                         FROM DUAL)) 
   <isNotEmpty prepend="and" property="ecId">
  		      u.ec_id in
  		 <iterate property="ecId" conjunction="," open="(" close=")">
		  #ecId[]#
		 </iterate>
   </isNotEmpty>  
   <isNotEmpty prepend="and" property="msisdnOrSim">
   		(u.msisdn like '%'||#msisdnOrSim#||'%') or (p.sim like '%'||#msisdnOrSim#||'%')
   </isNotEmpty> 
</select>

<!-- 根据msisdnList查询对应设备信息和账单信息 -->
<select id="exportCardBillMasterInfoByMsisdns" resultClass="java.util.HashMap" resultSetType="SCROLL_INSENSITIVE" >
      select 
      	p.msisdn,
      	p.name as assetname,
      	p.deptname,
      	p.sim,
      	#statMonth# as STATMONTH,
      	NVL(b.total_amt,0) as TOTALAMT
      from (
		select pa.name, pa.dept_id, pa.msisdn,pa.asset_type,ps.name as deptname,pa.sim
		from pro_asset pa, pro_depts ps
		where pa.dept_id = ps.id 
      ) p 
      left join ( 
           select msisdn,total_amt total_amt from card_bill_master where stat_month=#statMonth# 
      ) b on p.msisdn=b.msisdn  
      where 1=1 
      <isNotEmpty prepend="and" property="msisdns">
    	p.msisdn in
    	<iterate property="msisdns" conjunction="," open="(" close=")">
		  #msisdns[]#
		 </iterate>
      </isNotEmpty>
      <isNotEmpty prepend="AND" property="deptId">
         p.dept_id=#deptId#
      </isNotEmpty>
      <isNotEmpty prepend="AND" property="assetType">
         p.asset_type=#assetType#
      </isNotEmpty>
      order by NVL(b.total_amt,0) desc 
</select>

<!-- 首页费用详情 -->
<select id="queryMaxMonthBill" resultSetType="SCROLL_INSENSITIVE"  resultClass="java.util.HashMap">
	  <include refid="pageSqlStart"/>
	  select c.stat_month, c.msisdn, c.ano_total_amt, c.per_total_amt,c.total_amt,
	  (select iccid from m2m_person where msisdn=c.msisdn) iccid,
	  (select imsi from m2m_person where msisdn=c.msisdn) imsi,
	  (select remark from m2m_person where  msisdn=c.msisdn) remark
	  from card_bill_master c
	  where c.ec_id=#ecId#
	  and c.stat_month=#statMonth#
	  order by c.total_amt desc
	  <include refid="pageSqlEnd"/>
</select>
<!-- 首页费用详情count -->
<select id="queryMaxMonthBillCount" resultSetType="SCROLL_INSENSITIVE"  resultClass="java.lang.Long">
	  select count(msisdn)
	  from card_bill_master c
	  where c.ec_id=#ecId#
	  and c.stat_month=#statMonth#
</select>
<!-- 首页费用详情导出 -->
<select id="exportMaxMonthBill" resultSetType="SCROLL_INSENSITIVE"  resultClass="java.util.HashMap">
	  select c.stat_month, c.msisdn, c.ano_total_amt, c.per_total_amt,c.total_amt,
	  (select iccid from m2m_person where msisdn=c.msisdn) iccid,
	  (select imsi from m2m_person where msisdn=c.msisdn) imsi,
	  (select remark from m2m_person where  msisdn=c.msisdn) remark
	  from card_bill_master c
	  where c.ec_id=#ecId#
	  and c.stat_month=#statMonth#
	  order by c.total_amt desc
</select>
<!-- 首页代付费用详情 -->
<select id="queryMaxMonthAnoBill" resultSetType="SCROLL_INSENSITIVE"  resultClass="java.util.HashMap">
	  <include refid="pageSqlStart"/>
	  select c.stat_month, c.msisdn, c.ano_total_amt,
	  (select iccid from m2m_person where msisdn=c.msisdn) iccid,
	  (select imsi from m2m_person where msisdn=c.msisdn) imsi,
	  (select remark from m2m_person where  msisdn=c.msisdn) remark
	  from card_bill_master c
	  where c.ec_id=#ecId#
	  and c.stat_month=#statMonth#
	  and c.ano_total_amt is not null
	  and c.ano_total_amt!=0
	  order by c.ano_total_amt desc
	  <include refid="pageSqlEnd"/>
</select>
<!-- 首页代付费用详情count -->
<select id="queryMaxMonthAnoBillCount" resultSetType="SCROLL_INSENSITIVE"  resultClass="java.lang.Long">
	  select count(msisdn)
	  from card_bill_master c
	  where c.ec_id=#ecId#
	  and c.stat_month=#statMonth#
	  and c.ano_total_amt is not null
	  and c.ano_total_amt!=0
</select>
<!-- 首页代付费用详情导出 -->
<select id="exportMaxMonthAnoBill" resultSetType="SCROLL_INSENSITIVE"  resultClass="java.util.HashMap">
	  select c.stat_month, c.msisdn, c.ano_total_amt,
	  (select iccid from m2m_person where msisdn=c.msisdn) iccid,
	  (select imsi from m2m_person where msisdn=c.msisdn) imsi,
	  (select remark from m2m_person where  msisdn=c.msisdn) remark
	  from card_bill_master c
	  where c.ec_id=#ecId#
	  and c.stat_month=#statMonth#
	  and c.ano_total_amt is not null
	  and c.ano_total_amt!=0
	  order by c.ano_total_amt desc
</select>
<!-- 首页个付费用详情 -->
<select id="queryMaxMonthPerBill" resultSetType="SCROLL_INSENSITIVE"  resultClass="java.util.HashMap">
	  <include refid="pageSqlStart"/>
	  select c.stat_month, c.msisdn, c.per_total_amt,
	  (select iccid from m2m_person where msisdn=c.msisdn) iccid,
	  (select imsi from m2m_person where msisdn=c.msisdn) imsi,
	  (select remark from m2m_person where  msisdn=c.msisdn) remark
	  from card_bill_master c
	  where c.ec_id=#ecId#
	  and c.stat_month=#statMonth#
	  and c.per_total_amt is not null
	  and c.per_total_amt!=0
	  order by c.per_total_amt desc
	  <include refid="pageSqlEnd"/>
</select>
<!-- 首页个付费用详情count -->
<select id="queryMaxMonthPerBillCount" resultSetType="SCROLL_INSENSITIVE"  resultClass="java.lang.Long">
	  select count(msisdn)
	  from card_bill_master c
	  where c.ec_id=#ecId#
	  and c.stat_month=#statMonth#
	  and c.per_total_amt is not null
	  and c.per_total_amt!=0
</select>

<!-- 首页个付费用详情导出 -->
<select id="exportMaxMonthPerBill" resultSetType="SCROLL_INSENSITIVE"  resultClass="java.util.HashMap">
	  select c.stat_month, c.msisdn, c.per_total_amt,
	  (select iccid from m2m_person where msisdn=c.msisdn) iccid,
	  (select imsi from m2m_person where msisdn=c.msisdn) imsi,
	  (select remark from m2m_person where  msisdn=c.msisdn) remark
	  from card_bill_master c
	  where c.ec_id=#ecId#
	  and c.stat_month=#statMonth#
	  and c.per_total_amt is not null
	  and c.per_total_amt!=0
	  order by c.per_total_amt desc
</select>

<!-- 账单查询导出 -->
<select id="exportMonthFeeInfo" resultSetType="SCROLL_INSENSITIVE"  resultClass="java.util.HashMap">
	  select 
      cb.msisdn,
      cb.stat_month as gprsDate,
      nvl(total_amt,0) as count, <!-- 原本字段为tal_amt -->
      nvl(
             (select total_amt from card_bill_master 
                     where stat_month=#lastTime# 
                     and ec_id in <include refid="ecIdList"/>
                     and msisdn=cb.msisdn
             )
           ,0) as lastCount 
      from (select c.msisdn,c.stat_month,c.total_amt from card_bill_master c,MEMBER_INFO PARTITION($partitionName$) b 
      where c.msisdn=b.msisdn 
	  <isNotEmpty prepend="and" property="ecCode">
	   b.ec_code = #ecCode#
	  </isNotEmpty>
      <isNotEmpty prepend="and" property="msisdnOrSim">
	   (c.msisdn like '%'||#msisdnOrSim#||'%' )
	  </isNotEmpty>
      <isNotEmpty property="startTime" prepend="and">
       c.stat_month = #startTime# 
      </isNotEmpty>
      <isNotEmpty property="ecIdList" prepend="and">
       c.ec_id in <include refid="ecIdList"/>
      </isNotEmpty>
      
      <isEqual property="usertype" compareValue="commom">
			and (b.user_type is null or b.user_type!='PN')
	  </isEqual>
	  <isEqual property="usertype" compareValue="PN">
			and b.user_type='PN'
	  </isEqual>
      )  cb left join (
					SELECT dept_id,msisdn FROM pro_asset 
					WHERE dept_id in (<include refid="findDeptIdsByUserRights"/>) 
					<isNotEmpty prepend="and" property="ecIdList">
					    ec_id in <include refid="ecIdList"/>
					 </isNotEmpty>
				)  pa on cb.msisdn=pa.msisdn 
      where 1=1
      <!-- 企业管理员 -->
		<isEqual property="rightType" compareValue="1">
			or pa.dept_id is null 
		</isEqual>
		<isEqual property="rightType" compareValue="2">
			and pa.dept_id is not null 
		</isEqual>
       
      order by count desc
</select>
<select id="queryBillByEc" resultSetType="SCROLL_INSENSITIVE"  resultClass="com.lenovo.iotpro.entity.BillMonthCountBean">
	  <include refid="pageSqlStart"/>
	  select 
      cb.msisdn,
      cb.stat_month as startTime,
      nvl(total_amt,0) as curMonthAmt, <!-- 原本字段为tal_amt -->
      nvl(
             (select total_amt from card_bill_master 
                     where stat_month=#lastTime# 
                     and ec_id in <include refid="ecIdList"/>
                     and msisdn=cb.msisdn
             )
           ,0) as lastMonthCount 
      from (select c.msisdn,c.stat_month,c.total_amt from card_bill_master c,MEMBER_INFO PARTITION($partitionName$) b 
      where c.msisdn=b.msisdn 
	  <isNotEmpty prepend="and" property="ecCode">
	   b.ec_code = #ecCode#
	  </isNotEmpty>
      <isNotEmpty prepend="and" property="msisdnOrSim">
	   (c.msisdn like '%'||#msisdnOrSim#||'%' )
	  </isNotEmpty>
      <isNotEmpty property="startTime" prepend="and">
       c.stat_month = #startTime# 
      </isNotEmpty>
      <isNotEmpty property="ecIdList" prepend="and">
       c.ec_id in <include refid="ecIdList"/>
      </isNotEmpty>
      
      <isEqual property="usertype" compareValue="commom">
			and (b.user_type is null or b.user_type!='PN')
	  </isEqual>
	  <isEqual property="usertype" compareValue="PN">
			and b.user_type='PN'
	  </isEqual>
      )  cb left join (
					SELECT dept_id,msisdn FROM pro_asset 
					WHERE dept_id in (<include refid="findDeptIdsByUserRights"/>) 
					<isNotEmpty prepend="and" property="ecIdList">
					    ec_id in <include refid="ecIdList"/>
					 </isNotEmpty>
				)  pa on cb.msisdn=pa.msisdn 
      where 1=1
      <!-- 企业管理员 -->
		<isEqual property="rightType" compareValue="1">
			or pa.dept_id is null 
		</isEqual>
		<isEqual property="rightType" compareValue="2">
			and pa.dept_id is not null 
		</isEqual>
       
      order by count desc
       <include refid="pageSqlEnd"/>
      </select>
      
    <select id="countBillByEc" resultSetType="SCROLL_INSENSITIVE"  resultClass="java.lang.Long">
      select count(1) from (select c.msisdn from card_bill_master c,MEMBER_INFO PARTITION($partitionName$) b 
      where c.msisdn=b.msisdn 
	  <isNotEmpty prepend="and" property="ecCode">
	   b.ec_code = #ecCode#
	  </isNotEmpty> 
      <isNotEmpty prepend="and" property="msisdnOrSim">
	   (c.msisdn like '%'||#msisdnOrSim#||'%' )
	  </isNotEmpty>
      <isNotEmpty property="startTime" prepend="and">
       c.stat_month = #startTime# 
      </isNotEmpty>
      <isNotEmpty property="ecIdList" prepend="and">
       c.ec_id in <include refid="ecIdList"/>
      </isNotEmpty>
      
      <isEqual property="usertype" compareValue="commom">
			and (b.user_type is null or b.user_type!='PN')
	  </isEqual>
	  <isEqual property="usertype" compareValue="PN">
			and b.user_type='PN'
	  </isEqual>
      ) cb left join (
					SELECT dept_id,msisdn FROM pro_asset 
					WHERE dept_id in (<include refid="findDeptIdsByUserRights"/>) 
					<isNotEmpty prepend="and" property="ecIdList">
					    ec_id in <include refid="ecIdList"/>
					 </isNotEmpty>
				)  pa on cb.msisdn=pa.msisdn 
      where 1=1 
     <!-- 企业管理员 -->
		<isEqual property="rightType" compareValue="1">
			or pa.dept_id is null 
		</isEqual>
		<isEqual property="rightType" compareValue="2">
			and pa.dept_id is not null 
		</isEqual>
       
    </select>
    <select id="exportBillByEc" resultSetType="SCROLL_INSENSITIVE"  resultClass="com.lenovo.iotpro.entity.BillMonthCountBean">
	  select 
      cb.msisdn,
      cb.stat_month as gprsDate,
      nvl(total_amt,0) as count, <!-- 原本字段为tal_amt -->
      nvl(
             (select total_amt from card_bill_master 
                     where stat_month=#lastTime# 
                     and ec_id in <include refid="ecIdList"/>
                     and msisdn=cb.msisdn
             )
           ,0) as lastCount 
      from (select c.msisdn,c.stat_month,c.total_amt from card_bill_master c,MEMBER_INFO PARTITION($partitionName$) b 
      where c.msisdn=b.msisdn 
	  <isNotEmpty prepend="and" property="ecCode">
	   b.ec_code = #ecCode#
	  </isNotEmpty>
      <isNotEmpty prepend="and" property="msisdnOrSim">
	   (c.msisdn like '%'||#msisdnOrSim#||'%' )
	  </isNotEmpty>
      <isNotEmpty property="startTime" prepend="and">
       c.stat_month = #startTime# 
      </isNotEmpty>
      <isNotEmpty property="ecIdList" prepend="and">
       c.ec_id in <include refid="ecIdList"/>
      </isNotEmpty>
      
      <isEqual property="usertype" compareValue="commom">
			and (b.user_type is null or b.user_type!='PN')
	  </isEqual>
	  <isEqual property="usertype" compareValue="PN">
			and b.user_type='PN'
	  </isEqual>
      )  cb left join (
					SELECT dept_id,msisdn FROM pro_asset 
					WHERE dept_id in (<include refid="findDeptIdsByUserRights"/>) 
					<isNotEmpty prepend="and" property="ecIdList">
					    ec_id in <include refid="ecIdList"/>
					 </isNotEmpty>
				)  pa on cb.msisdn=pa.msisdn 
      where 1=1
      <!-- 企业管理员 -->
		<isEqual property="rightType" compareValue="1">
			or pa.dept_id is null 
		</isEqual>
		<isEqual property="rightType" compareValue="2">
			and pa.dept_id is not null 
		</isEqual>
      order by count desc
      </select>
      
      <!-- 首页卡数，停机卡数  -->
	<select id="querySimCountByEc" resultSetType="SCROLL_INSENSITIVE"  resultClass="com.lenovo.iotpro.entity.RptEcBizSummaryStatMm">
	     SELECT (
	     		SELECT COUNT(distinct msisdn) 
	     		FROM M2M_PERSON partition(M2M_PERSON_PARTITION$part$) 
	     		WHERE EC_CODE=#ecCode# 
	     		AND STATE='ENABLED' 
	     		AND RUN_CODE = 'US10' 
	     ) AS normalSimCount,
	     (
	     		SELECT COUNT(distinct msisdn) 
	     		FROM M2M_PERSON partition(M2M_PERSON_PARTITION$part$) 
	     		WHERE EC_CODE=#ecCode# 
	     		AND RUN_CODE = 'US30' 
	     		AND STATE='ENABLED' 
	     ) AS stopSimCount,
	     (
	     		SELECT COUNT(distinct msisdn) 
	     		FROM M2M_PERSON partition(M2M_PERSON_PARTITION$part$) 
	     		WHERE EC_CODE=#ecCode# 
	     		AND STATE='ENABLED'  
	     		AND RUN_CODE = 'US41' 
	     ) AS toActivateCount,
	     (
	     		SELECT COUNT(distinct msisdn) 
	     		FROM M2M_PERSON partition(M2M_PERSON_PARTITION$part$) 
	     		WHERE EC_CODE=#ecCode# 
	     		AND STATE='ENABLED'  
	     		AND RUN_CODE = 'US22' 
	     ) AS orderCancelCount 
	     FROM DUAL
	</select>
</sqlMap>