<?xml version="1.0" encoding="UTF-8"?>

<!DOCTYPE sqlMap
 PUBLIC "-//ibatis.apache.org//DTD SQL Map 2.0//EN"
 "http://ibatis.apache.org/dtd/sql-map-2.dtd">

<sqlMap>

<sql id="deviceViewWhere">
  <isGreaterThan compareValue="0" property="assetId">
  	and pa.id = #assetId# 
  </isGreaterThan>
  <isNotEmpty prepend="and" property="msisdn">
  	ui.msisdn = #msisdn#
  </isNotEmpty>
  
</sql>

<!-- 所有设备号码停开机信息 -->
<select id="getDeviceInfo" resultClass="java.util.HashMap" resultSetType="SCROLL_INSENSITIVE">
	select 
  		distinct ui.msisdn,
         (select WM_CONCAT(distinct a.product_name) from MEM_PROD partition(MEM_PROD_PARTITION$part$) a where a.msisdn=ui.msisdn ) as product_name,
         (select max(a.apn_name) from MEM_PROD partition(MEM_PROD_PARTITION$part$) a where a.msisdn=ui.msisdn and a.apn_name!=' ') as APN_NAME,
         (select a.dict_data_name from dictionary_data a,dictionary_type b
        where a.dict_type_id=b.dict_type_id 
        and b.dict_type_code='USER_BRAND' 
        and dict_data_code=ui.user_brand) as user_brand,
        (select pd.name from pro_asset pa left join pro_depts pd on pa.dept_id=pd.id where pa.msisdn=ui.msisdn) deptName,
        to_char(ui.open_time,'yyyy-mm-dd') as open_time,
	      TO_CHAR(Ui.ACTIVATE_DATE, 'yyyy-mm-dd') ACTIVETE_TIME,
        ui.imei,
	    ui.ICCID,
      ui.imsi,
      UI.USER_TYPE 
from m2m_person partition (M2M_PERSON_PARTITION$part$) ui 
	where 1=1 
	<isNotEmpty prepend="and" property="msisdn">
  		ui.msisdn = #msisdn#
  </isNotEmpty>
</select>

<select id="getDeviceInfoByIccId" resultClass="java.util.HashMap" resultSetType="SCROLL_INSENSITIVE">
	select 
  		ui.msisdn,
         (select WM_CONCAT(distinct a.product_name) from package_business_rpt a where a.msisdn=ui.msisdn ) as product_name,
         (select max(a.apn_name) from package_business_rpt a where a.msisdn=ui.msisdn and a.apn_name!=' ') as APN_NAME,
         (select a.dict_data_name from dictionary_data a,dictionary_type b
        where a.dict_type_id=b.dict_type_id 
        and b.dict_type_code='USER_BRAND' 
        and dict_data_code=ui.user_brand) as user_brand,
        (select pd.name from pro_asset pa left join pro_depts pd on pa.dept_id=pd.id where pa.msisdn=ui.msisdn) deptName,
        to_char(ui.open_time,'yyyy-mm-dd') as open_time,
	      TO_CHAR(Ui.ACTIVATE_DATE, 'yyyy-mm-dd') ACTIVETE_TIME,
        ui.gprs_state,
        ui.imei,
	    ui.ICCID,
      ui.imsi,
      UI.USER_TYPE 
from user_info ui 
	where 1=1 
	<isNotEmpty prepend="and" property="msisdn">
  		ui.ICCID = #iccid#
  </isNotEmpty>
</select>

<select id="getPerPackage" resultClass="java.util.HashMap" resultSetType="SCROLL_INSENSITIVE">
    select 
    po.msisdn,
    pi.package_name 
    from PER_PACKAGE_ORDER  po 
    left join PER_PACKAGE_INFO pi 
    on po.package_code=pi.package_code 
    where 1=1
    <isNotEmpty prepend="and" property="msisdn">
  	 po.msisdn = #msisdn#
    </isNotEmpty>
</select>
<select id="getBillInfo" resultClass="com.lenovo.iotpro.entity.vo.BillInfoTableVo" resultSetType="SCROLL_INSENSITIVE">
	select 
	    a.stat_month as statMonth,
	    a.msisdn,
	    sum(a.total_amt) as totalAmt,
	    sum(a.month_stream_measure) as monthStreamMeasure 
	  from (
	    select 
	       stat_month ,msisdn,max(total_amt) total_amt,0 as month_stream_measure 
	    from card_bill 
	    where 1=1 
	    <isNotEmpty prepend="and" property="statMonthArr">
	  	   stat_month in
	  	  	<iterate property="statMonthArr" open="(" close=")" conjunction=",">   
		       #statMonthArr[]#   
		   </iterate>
	   </isNotEmpty>
	   and msisdn=#msisdn# 
	    group by stat_month,msisdn 
	    
	    union 
	    
	    select 
	         replace(stat_date,'-','') as stat_month,msisdn,0 as total_amt,(month_stream_measure+nvl(MONTH_4G_STREAM,0)) as month_stream_measure 
	    from rpt_gprscdr_month_stat 
	    where 1=1 
	    <isNotEmpty prepend="and" property="statMonthFlowArr">
	  	   stat_date in
	  	  	<iterate property="statMonthFlowArr" open="(" close=")" conjunction=",">   
		       #statMonthFlowArr[]#   
		   </iterate>
	   </isNotEmpty>  
	   and msisdn=#msisdn# 
	  ) a group by a.stat_month,a.msisdn
</select>
	  
	  <select id="findGprsStreams" parameterClass="java.util.HashMap" resultClass="com.lenovo.iotpro.entity.chart.vo.LineChartVo">
			select 
				to_char(g.start_time, 'DD') xfieldValue,
				(nvl(g.gprs_data_amount,0) + nvl(g.gprs_4g_data_amount,0)) yfieldValue 
			from card_cdr_info g
			where g.msisdn=#msisdn#
			and to_char(g.start_time,'yyyy-MM') = #startDate#
	        order by g.start_time asc 
		</select>
		
		<select id="findMonthGprsStreams" parameterClass="java.util.HashMap" resultClass="com.lenovo.iotpro.entity.chart.vo.LineChartVo">
	        select 
			  stat_date as xfieldValue,
			  nvl(total_month_stream,0) as yfieldValue 
			from rpt_gprscdr_month_stat 
			where stat_date in 
			<iterate property="statMonthFlowArr" open="(" close=")" conjunction=",">   
	       	      #statMonthFlowArr[]#   
	       </iterate>
			and msisdn=#msisdn#
		</select>
		
		<!-- 优先取实时接口(ADC)数据，ADC无数据时取BI数据-->
		<select id="findGprsStreamsADCFirst" parameterClass="java.util.HashMap" resultClass="com.lenovo.iotpro.entity.chart.vo.LineChartVo">
		 select 
			 to_char(r.stat_date, 'DD') xfieldValue,
		    (case
		    when r.day_card_cdr >0 then r.day_card_cdr
		    else (nvl(c.gprs_data_amount,0) + nvl(c.gprs_4g_data_amount,0))
		    end) as yfieldValue 
			 from REAL_TIME_CARD_CDR r
		    left join card_cdr_info c 
		    on r.msisdn = c.msisdn
		    and r.stat_date = c.start_time
			where r.msisdn=#msisdn#
			and to_char(r.stat_date,'yyyy-MM') = #startDate#
	        order by r.stat_date asc 
		</select>
  <select id="accountInfoQuery"  resultClass="java.util.HashMap" resultSetType="SCROLL_INSENSITIVE">
       select 
       c.stat_month STATMONTH,
       c.msisdn msisdn,
       max(c.total_amt) TOTALAMT
       from card_bill c
       where msisdn in 
       <iterate property="msisdnList" open="(" close=")" conjunction=",">   
       	      #msisdnList[]#   
       </iterate>
       and stat_month=#statMonth#
       group by c.msisdn,c.stat_month
 </select>
 <!-- 明细费用查询 -->
 <select id="accountInfoDetail" resultClass="java.util.HashMap" resultSetType="SCROLL_INSENSITIVE">         
       select
       c.msisdn msisdn,
       c.stat_month statMonth,
       c.item_name itemName,
       c.item_no itemNo,
       c.item_amt itemAmt
       from card_bill c
       where msisdn=#msisdn# 
       and stat_month=#statMonth#   
 </select>
 
 <!-- 综合信息详情 -->
 <select id="getDeviceViewInfo" resultClass="java.util.HashMap" resultSetType="SCROLL_INSENSITIVE">         
       select 
		 distinct u.msisdn,
		  u.iccid,
		  u.imei,
		  u.imsi,
		  (select dict_data_name
  			from dictionary_data
 		    where dict_type_id =(select dict_type_id 
 		    						from dictionary_type
         							where DICT_TYPE_CODE = 'ACCOUNT_STATUS')
   			AND dict_data_code = u.run_code) as run_code,
		  to_char(u.open_time,'yyyy-mm-dd') as open_time,
		  to_char(u.ACTIVATE_DATE,'yyyy-mm-dd') as ACTIVATE_DATE,
		  REMARK
		from m2m_person partition (M2M_PERSON_PARTITION$part$) u 
		 <isEqual property="rightType" compareValue="2">
		       left join (
					SELECT dept_id,msisdn FROM pro_asset 
					WHERE dept_id in (<include refid="findDeptIdsByUserRights"/>) 
				)  pa on u.msisdn=pa.msisdn 
				</isEqual> 
				
		where u.msisdn= #msisdn# 
		<isEqual property="rightType" compareValue="2">
					and pa.dept_id is not null 
				</isEqual> </select>
 
 <!-- 生命周期 -->
 <select id="queryMsisdnLifeCycle" resultClass="java.util.HashMap" resultSetType="SCROLL_INSENSITIVE">         
	  select distinct mi.msisdn,
		     mi.run_code,
		     (select us.code
	          from user_state us
	         	where Instr(us.include_state_codes, mi.run_code) > 0
           		and us.state = 'ENABLED') as status,
		    (
				CASE WHEN 
					mi.run_code='US10' 
					AND 
					(
						EXISTS (SELECT 1 FROM m2m_grpmem PARTITION(m2m_grpmem_partition$part$)
							WHERE msisdn=mi.msisdn 
							AND state = 'ENABLED'
							AND (package_code='I00010300050' OR package_code='prod.10000001002163' OR package_code='prod.10086000002207')
						)
						OR
						EXISTS (SELECT 1 FROM m2m_per_pkg PARTITION(m2m_per_pkg_partition$part$)
			  				
							WHERE msisdn=mi.msisdn 
							AND state = 'ENABLED'
							AND (package_code='I00010300050' OR package_code='prod.10000001002163' OR package_code='prod.10086000002207')
						)
					) 
				THEN 'test'
				ELSE '' END
				
			) AS test 
		     from m2m_person partition (M2M_PERSON_PARTITION$part$) mi
		     where msisdn=#msisdn#
		     and state='ENABLED'
 </select>
 
 <select id="getSmsSumByCurrentMonth" parameterClass="String" resultClass="Long">
 	select sum(sms_data_amount) from card_cdr_info PARTITION(CARD_CDR_INFO_PARTITION03) where msisdn= #msisdn#
 </select>
 
 <update id="updateUserInfoRemark" parameterClass="HashMap">
 	 update member_info ui set ui.remark = #remark# where ui.msisdn = #msisdn#
 </update>
	
	<select id="selectRemark" parameterClass="String" resultClass="String">
		select ui.remark from member_info ui where ui.msisdn = #msisdn#
	</select>
 </sqlMap>
