<?xml version="1.0" encoding="UTF-8"?>

<!DOCTYPE sqlMap
 PUBLIC "-//ibatis.apache.org//DTD SQL Map 2.0//EN"
 "http://ibatis.apache.org/dtd/sql-map-2.dtd">
<sqlMap>

	<sql id="findByDownPageWhere">
		<isNotEmpty prepend="and" property="ecId">
			ui.ec_id=#ecId#
		</isNotEmpty>
		<isNotEmpty prepend="and" property="userId">
			ui.create_user_id=#userId#
		</isNotEmpty>
	</sql>

	<select id="queryDownloadTaskPage" resultClass="java.util.HashMap"
		resultSetType="SCROLL_INSENSITIVE">
		<include refid="pageSqlStart" />
		select ui.task_id,ui.task_name,ui.file_name,ui.filepath,ui.task_state,ui.create_user_id,ui.create_date,ui.ec_id from download_task ui where 1=1
		<include refid="findByDownPageWhere" />
 		order by ui.create_date desc
		<include refid="pageSqlEnd" />
	</select>


	<select id="queryDownloadTaskByPageCount" resultClass="java.lang.Long"
		resultSetType="SCROLL_INSENSITIVE">
		select count(1) from download_task ui where 1=1
		<include refid="findByDownPageWhere" />
	</select>

</sqlMap>