<?xml version="1.0" encoding="UTF-8"?>

<!DOCTYPE sqlMap
 PUBLIC "-//ibatis.apache.org//DTD SQL Map 2.0//EN"
 "http://ibatis.apache.org/dtd/sql-map-2.dtd">

<sqlMap>

<!-- 取菜单功能集列表 -->
<select id="findFunctions" resultClass="com.lenovo.iotpro.entity.Functions" resultSetType="SCROLL_INSENSITIVE">
<include refid="pageSqlStart"/>
select f.id    id,
       f.pid   pid,
       (select p.name from pro_functions p where p.id=f.pid) parentName,
       f.code  code,
       f.name  name,
       f.show  show,
       f.seq   seq,
       f.funcs funcs,
       f.type  type
  from pro_functions f
  where 1=1
  <isNotEmpty property="pid">
  and f.pid = #pid#
  </isNotEmpty>
  <isNotEmpty property="name">
  and name like '%'||#name#||'%'
  </isNotEmpty>
 order by f.seq asc, f.id asc
<include refid="pageSqlEnd"/>
</select>

<select id="countFunctions" resultClass="java.lang.Long">
select count(*) from pro_functions f
 where 1=1
  <isNotEmpty property="pid">
  and f.pid = #pid#
  </isNotEmpty>
  <isNotEmpty property="name">
  and f.name like '%'||#name#||'%'
  </isNotEmpty>
</select>

<!-- 角色取权限 -->
<select id="findRolesFunctions" resultClass="com.lenovo.iotpro.entity.Functions" resultSetType="SCROLL_INSENSITIVE">
select f.id    id,
       f.pid   pid,
       f.code  code,
       f.name  name
  from pro_functions f
  where 1=1
  and f.show = 1
  <isEmpty property="super">
  and f.id in (select rf.func_id from pro_roles_functions rf where rf.role_id = #roleId#)
  </isEmpty>
 order by f.seq asc, f.id asc
</select>


<select id="findRolesFunctionsTree" resultClass="com.lenovo.iotpro.entity.Functions" resultSetType="SCROLL_INSENSITIVE">

select * from
(
SELECT f.id id,
 f.pid pid,
  f.code code, 
  f.name name,
  f.seq
   FROM pro_functions f 
  START WITH f.code='top'
 CONNECT BY PRIOR f.id=f.pid
 ) t
 where t.id in
 (
 	(select rf.func_id from pro_roles_functions rf where rf.role_id = #roleId#)
 )
 order by seq
 
</select>

<!-- 取某个用户的权限配置 -->
<select id="findUserFunctions" resultClass="com.lenovo.iotpro.entity.Functions" resultSetType="SCROLL_INSENSITIVE">

    <!--首页权限-->
    (select * from
    (
    SELECT f.id id,
    f.name name,
    f.code code,
    f.TYPE type,
    f.FUNCS funcs
    FROM pro_functions f
    START WITH f.ID=
    (SELECT id FROM PRO_FUNCTIONS WHERE NAME='首页' AND pid=(SELECT id FROM PRO_FUNCTIONS WHERE CODE='top'))
    CONNECT BY PRIOR f.id=f.pid
    ) t)


    UNION
    (select f.id id,
       f.name name,
       f.code code,
       f.type type,
       f.funcs funcs
  from pro_functions f,pro_roles_functions rf,pro_users_roles ur
 where  f.id = rf.func_id
 and rf.role_id=ur.role_id
 <isNotEmpty prepend="and" property="userId">
  ur.user_id = #userId#
 </isNotEmpty>
 <isNotEmpty prepend="and" property="loginName">
  ur.user_id=(select id from pro_users u where u.login_name=#loginName#)
 </isNotEmpty>
   <isNotEmpty prepend="and" property="functionType">
   	f.type = #functionType#
   </isNotEmpty>
  and f.show=1         
<!--   不能越出企业角色功能的最大范围 -->
  and exists (
  		select 1 
  		from pro_roles_functions rf,pro_roles pr 
 		where  rf.role_id=pr.id 
 		and f.id=rf.func_id
 		and pr.id= nvl((
 				select ec.role_id from pro_users pu,pro_ec_info ec 
 				where pu.ec_id=ec.ec_id and pu.id=#userId# 
 				and ROLE_EFF_DATE &lt; sysdate 
 				and ROLE_EXP_DATE > sysdate
 		),10)
   ))
</select>

<!-- 根据角色取权限ID -->
<select id="findRolesFunctionIds" parameterClass="java.lang.Long" resultClass="java.lang.Long">
select rf.func_id from pro_roles_functions rf where rf.role_id = #roleId#
</select>

<!-- 添加角色和权限的关联 -->
<update id="insertRolesFunctions">
	insert into pro_roles_functions(role_id, func_id)
	values(#rolesId#, #funcId#)
</update>

<!-- 删除角色和权限的关联 -->
<delete id="deleteRolesFunctions">
	delete from pro_roles_functions rf
	where 1=1
	and (rf.role_id = #rolesId#
		<isNotEmpty property="ecId">
		or rf.role_id in (select r.id from pro_roles r where r.ec_id=#ecId#)
		</isNotEmpty>
		)
	and rf.func_id in
	<iterate property="functionIds" open="(" close=")" conjunction=","> 
	#functionIds[]#
	</iterate>
</delete>

<!-- 为新用户默认开通首页功能 -->
<select id="findHomeFunctions" resultClass="com.lenovo.iotpro.entity.Functions" resultSetType="SCROLL_INSENSITIVE">
select id,
       name,
       code,
       type,
       funcs
  from pro_functions 
  where pid in (select id from pro_functions where code='home') 
</select>
</sqlMap>