<?xml version="1.0" encoding="UTF-8"?>

<!DOCTYPE sqlMap
 PUBLIC "-//ibatis.apache.org//DTD SQL Map 2.0//EN"
 "http://ibatis.apache.org/dtd/sql-map-2.dtd">

<sqlMap>


<!-- 所有设备号码停开机信息 -->
<select id="queryPaymentVo" resultClass="com.lenovo.iotpro.entity.vo.PaymentVo" resultSetType="SCROLL_INSENSITIVE">
 
   select 
      tab.msisdn,
      (select iccid from M2M_PERSON partition(M2M_PERSON_PARTITION$part$) where msisdn=tab.msisdn) as sim,
      tab.payType,
      tab.payMoney,
      (select dict_data_name
		  from dictionary_data
		 where dict_type_id =
		       (select dict_type_id
		          from dictionary_type
		         where DICT_TYPE_CODE = 'ACCOUNT_STATUS')
		   AND dict_data_code =(select run_code
								  from M2M_PERSON partition(M2M_PERSON_PARTITION$part$)
								 where msisdn = tab.msisdn)) as runCode
  from (   	  
  		<include refid="pageSqlStart"/>      	  
        	select pa.code,pa.name,pa.sim,ui.msisdn,ui.payType,ui.payMoney
        	from PRO_PAYMENT ui left join pro_asset pa on ui.msisdn=pa.msisdn
        	where 1=1
        	<!-- 企业管理员 -->
			<isEqual property="rightType" compareValue="1">
				and (pa.dept_id in (<include refid="findDeptIdsByUserRights"/>) or pa.dept_id is null) 
			</isEqual>
			<!-- 省/地市运营商 -->
			<isEqual property="rightType" compareValue="2">
				and (pa.dept_id in (<include refid="findDeptIdsByUserRights"/>))
			</isEqual>
			 <isNotEmpty prepend="and" property="msisdnOrSimSch">
			  	(pa.sim = #msisdnOrSimSch# or ui.msisdn = #msisdnOrSimSch#)
			  </isNotEmpty>
			  <isNotEmpty prepend="and" property="deviceName">
			  	pa.name=#deviceName#
			  </isNotEmpty>
			  <isNotEmpty prepend="and" property="assetType">
			  	pa.asset_type = #assetType# 
			  </isNotEmpty>
        	
		<include refid="pageSqlEnd"/>
) tab
</select>

<!-- 所有设备号码停开机信息总数 -->
	  <select id="queryPaymentVoCount" resultClass="java.lang.Long" resultSetType="SCROLL_INSENSITIVE">
	  		select count(1) 
        from PRO_PAYMENT ui left join pro_asset pa on ui.msisdn=pa.msisdn
        	where 1=1
        	<!-- 企业管理员 -->
			<isEqual property="rightType" compareValue="1">
				and (pa.dept_id in (<include refid="findDeptIdsByUserRights"/>) or pa.dept_id is null) 
			</isEqual>
			<!-- 省/地市运营商 -->
			<isEqual property="rightType" compareValue="2">
				and (pa.dept_id in (<include refid="findDeptIdsByUserRights"/>))
			</isEqual>
			 <isNotEmpty prepend="and" property="msisdnOrSimSch">
			  	(pa.sim = #msisdnOrSimSch# or ui.msisdn = #msisdnOrSimSch#)
			  </isNotEmpty>
			  <isNotEmpty prepend="and" property="deviceName">
			  	pa.name=#deviceName#
			  </isNotEmpty>
			  <isNotEmpty prepend="and" property="assetType">
			  	pa.asset_type = #assetType# 
			  </isNotEmpty>
	  </select>
	  
	  <select id="queryBillStatus" resultClass="java.util.HashMap" resultSetType="SCROLL_INSENSITIVE">
	  		select 
	  			ec_id,
	  			stat_month,
	  			sum(TOTAL_AMT) AS TOTAL_AMT,
	  			SUM(ANO_TOTAL_AMT) AS ANO_TOTAL_AMT,
	  			SUM(PER_TOTAL_AMT) AS  PER_TOTAL_AMT 
	  		from card_bill_master 
	  		where STAT_MONTH = (select max(stat_month) from card_bill_master where ec_id=#ecId#) 
	  		and ec_id=#ecId# 
			group by ec_id,stat_month
	  </select>
</sqlMap>
