<?xml version="1.0" encoding="UTF-8"?>

<!DOCTYPE sqlMap
 PUBLIC "-//ibatis.apache.org//DTD SQL Map 2.0//EN"
 "http://ibatis.apache.org/dtd/sql-map-2.dtd">
<sqlMap>

	<select id="queryPowerAlarmInfo"
		resultClass="java.util.HashMap" resultSetType="SCROLL_INSENSITIVE">

	    select c.class_name,d.alarm_time,d.msisdn_num 
		from terminal_class c,
     	(select r.alarm_time,r.class_id,count(r.msisdn) msisdn_num 
     	from POWER_ALARM_INFO r
     	where 1=1
     	<isNotEmpty prepend="and" property="startTime">
			r.ALARM_TIME <![CDATA[ >= ]]>
			to_date(#startTime#,'yyyy-MM-dd')
		</isNotEmpty>
		<isNotEmpty prepend="and" property="endTime">
			r.ALARM_TIME <![CDATA[ <= ]]>
			to_date(#endTime#,'yyyy-MM-dd')
		</isNotEmpty>
		<isNotEmpty prepend="and" property="areaId">
			r.area_id=#areaId#
		</isNotEmpty>
		<isNotEmpty prepend="and" property="classId">
			r.class_id=#classId#
		</isNotEmpty>
		<isNotEmpty prepend="and" property="alarmType">
			r.alarm_type=#alarmType#
		</isNotEmpty>
		<isNotEmpty property="alarmTypes">
		<iterate prepend="and" property="alarmTypes" conjunction="or" open="(" close=")">
			r.alarm_type = #alarmTypes[]#
		</iterate>
		</isNotEmpty>
		group by r.alarm_time,r.class_id) d     	
		where c.class_id=d.class_id	    
	</select>
	
	<select id="queryPowerSilenceAlarmInfo"
		resultClass="java.util.HashMap" resultSetType="SCROLL_INSENSITIVE">

	    select c.class_name,d.alarm_time,d.msisdn_num 
		from terminal_class c,
     	(select to_char(r.alarm_time,'yy/mm') alarm_time,r.class_id,count(r.msisdn) msisdn_num 
     	from POWER_ALARM_INFO r
     	where 1=1
     	<isNotEmpty prepend="and" property="startTime">
			r.ALARM_TIME <![CDATA[ >= ]]>
			to_date(#startTime#,'yyyy-MM-dd')
		</isNotEmpty>
		<isNotEmpty prepend="and" property="endTime">
			r.ALARM_TIME <![CDATA[ <= ]]>
			to_date(#endTime#,'yyyy-MM-dd')
		</isNotEmpty>
		<isNotEmpty prepend="and" property="areaId">
			r.area_id=#areaId#
		</isNotEmpty>
		<isNotEmpty prepend="and" property="classId">
			r.class_id=#classId#
		</isNotEmpty>
		<isNotEmpty prepend="and" property="alarmType">
			r.alarm_type=#alarmType#
		</isNotEmpty>
		<isNotEmpty property="alarmTypes">
		<iterate prepend="and" property="alarmTypes" conjunction="or" open="(" close=")">
			r.alarm_type = #alarmTypes[]#
		</iterate>
		</isNotEmpty>
		group by to_char(r.alarm_time,'yy/mm'),  r.class_id) d     	
		where c.class_id=d.class_id	    
	</select>

	<select id="queryPowerAlarmMapInfo"
		resultClass="com.lenovo.iotpro.entity.vo.BussMonitorVo" resultSetType="SCROLL_INSENSITIVE">

	    select 
		       a.area_code as areaCode,
		       a.area_name as areaName,
		       nvl(b.alarm_num,0) as statNum,
		       nvl((
		       		SELECT 
		              COUNT(1)  
		           FROM MEMBER_INFO PARTITION($partitionName$) EO,USER_SUPPINFO US 
		           WHERE EO.MSISDN=US.MSISDN 
		           AND EO.STATE = 'ENABLED'
		           AND EO.RUN_CODE IN (SELECT * FROM THE (SELECT CAST(STR2VARLIST(GET_USER_INFO_STATE_ORDER()) AS VARTABLETYPE) FROM DUAL)) 
		           AND US.CLASS_ID=#classId# 
		           AND US.AREA_ID=a.Area_Id 
		           AND EO.EC_CODE = #ecCode#
		       ),0) as totalNum 
		from areas a left join (
		     select 
		     	area_id,
		     	count(msisdn) alarm_num 
		     from POWER_ALARM_INFO 
		     where 1=1 
		     <isNotEmpty prepend="and" property="alarmType">
				ALARM_TYPE=#alarmType#
			</isNotEmpty>
		     
		     <isNotEmpty prepend="and" property="ecId">
				ec_id=#ecId#
			</isNotEmpty>
			<isNotEmpty prepend="and" property="classId">
				class_id=#classId#
			</isNotEmpty>
			<isNotEmpty prepend="and" property="alarmMonth">
				to_char(alarm_time,'YYYY-MM')=#alarmMonth#
			</isNotEmpty>
		     group by area_id
		) b on a.area_id=b.area_id
		
		where 1=1 
		<isNotEmpty prepend="and" property="parentAreaId">
			a.parent_area_id=#parentAreaId#
		</isNotEmpty>
	</select>
</sqlMap>