<?xml version="1.0" encoding="UTF-8"?>

<!DOCTYPE sqlMap
 PUBLIC "-//ibatis.apache.org//DTD SQL Map 2.0//EN"
 "http://ibatis.apache.org/dtd/sql-map-2.dtd">

<sqlMap>
	<sql id="power_alarmWhere">
	  <isNotEmpty prepend="and" property="msisdnOrSim">
        p.msisdn  like '%'||#msisdnOrSim#||'%'
      </isNotEmpty>
       <isNotEmpty prepend="and" property="alarmType">
        p.alarm_Type = #alarmType#
      </isNotEmpty>
      <isNotEmpty prepend="and" property="ecId">
        p.ec_Id = #ecId#
      </isNotEmpty>
      <isNotEmpty prepend="and" property="content">
        p.content   like '%'||#"content"#||'%'
      </isNotEmpty>
      <isNotEmpty prepend="and" property="classId">
        p.class_Id = #classId#
      </isNotEmpty>
      <isNotEmpty prepend="and" property="areaId">
        p.area_Id = #areaId#
      </isNotEmpty>
      <isNotEmpty prepend="and" property="startTime">
        to_char(p.alarm_time,'yyyy-mm-dd') <![CDATA[ >= ]]> #startTime#
      </isNotEmpty>
      <isNotEmpty prepend="and" property="endTime">
        to_char(p.alarm_time,'yyyy-mm-dd') <![CDATA[ <= ]]> #endTime#
      </isNotEmpty>
      

 	</sql>

	<!-- 告警列表 -->
	<select id="power_queryAlarmStream" resultSetType="SCROLL_INSENSITIVE" resultClass="com.lenovo.iotpro.entity.vo.AlarmPowerStreamVo">
		<include refid="pageSqlStart"/>
		  	select p.id ,
		  		p.alarm_type as alarmType,
		  		p.content, 
		  		p.msisdn,
		  		p.class_id as classId,
		  		p.area_id as areaId,
		  		to_char(p.alarm_time,'yyyy-mm-dd') as alarmTime,
		  		p.ec_id as ecId,
		  		(select class_name from Terminal_Class where class_Id=p.class_id) as className,
		  		(select area_name from Areas where Areas.Area_Id=p.area_id) as areaName
           	from POWER_ALARM_INFO p  where 1=1
           	 <isNotEmpty prepend="and" property="msisdns">
           	   p.msisdn  in 
	           	<iterate property="msisdns" open="(" close=")" conjunction=",">   
				     #msisdns[]#   
				</iterate>
			</isNotEmpty>
			
	        <include refid="power_alarmWhere"/>
	        order by p.alarm_time desc
		<include refid="pageSqlEnd"/>
	  </select>
	  
	  <!-- 获取流量超出告警列表总数 -->
	  <select id="power_queryAlarmStreamCount" resultClass="java.lang.Long" resultSetType="SCROLL_INSENSITIVE">
	  		select count(1)
           	from POWER_ALARM_INFO p  where 1=1
           	<isNotEmpty prepend="and" property="msisdns">
           	   p.msisdn  in 
	           	<iterate property="msisdns" open="(" close=")" conjunction=",">   
				     #msisdns[]#   
				</iterate>
			</isNotEmpty>
	        <include refid="power_alarmWhere"/>
	  </select>
	  

	  
	
</sqlMap>
