<?xml version="1.0" encoding="UTF-8"?>

<!DOCTYPE sqlMap
 PUBLIC "-//ibatis.apache.org//DTD SQL Map 2.0//EN"
 "http://ibatis.apache.org/dtd/sql-map-2.dtd">

<sqlMap>
	<select id="queryUserDept" resultClass="com.lenovo.iotpro.entity.ProUserDept">
		select pro.user_id as userId,pro.dept_id as deptId from pro_user_dept  pro where pro.user_id = #userId#
	</select>

	<insert id="addUserDept" parameterClass="com.lenovo.iotpro.entity.ProUserDept">
		insert into pro_user_dept(user_id,dept_id) values(#userId#,#deptId#)
	</insert>

	<delete id="deleteUserDept" parameterClass="java.util.HashMap">
		delete pro_user_dept where 1=1
		<!--  isNotEmpty prepend="and" property="userid">
			USER_ID in(#userid#)
		</isNotEmpty-->
		
		<isNotEmpty prepend="and" property="userid">
  	       USER_ID in
  	  	<iterate property="userid" open="(" close=")" conjunction=",">   
	       #userid[]#   
	   </iterate>
  	</isNotEmpty>
	</delete>
	
	<delete id="deleteUserDept1" parameterClass="java.util.HashMap">
		delete pro_user_dept where 1=1
		<isNotEmpty prepend="and" property="userid">
			USER_ID in(#userid#)
		</isNotEmpty>
	</delete>



</sqlMap>  

