<?xml version="1.0" encoding="UTF-8"?>

<!DOCTYPE sqlMap
 PUBLIC "-//ibatis.apache.org//DTD SQL Map 2.0//EN"
 "http://ibatis.apache.org/dtd/sql-map-2.dtd">

<sqlMap>


<!-- 所有设备号码停开机信息 -->
<select id="querySmsTransferVo" resultClass="com.lenovo.iotpro.entity.vo.SmsTransferVo" resultSetType="SCROLL_INSENSITIVE">
 <include refid="pageSqlStart"/>
        select 
        	a.id,
        	a.code,
        	a.name,
        	a.sim,
        	a.msisdn,
        	(select real_name from pro_users u where a.user_id=u.id) as realName,
        	pkg.product_code as productCode,
        	pkg.product_name as productName 
        from
        (
        	select ui.user_info_id as id,pa.code,pa.user_id,pa.name,pa.sim,ui.msisdn,ui.run_code 
        	from user_info ui left join pro_asset pa on ui.msisdn=pa.msisdn
        	where (pa.dept_id in (<include refid="findDeptIdsByUserRights"/>) or pa.dept_id is null) 
<!--         	and ui.run_code in ('US344','US40','US30','US301','US302','US532','US10')  -->
        	<isNotEmpty prepend="and" property="ecIdList">
		  		ui.ec_id in <include refid="ecIdList"/>
		  	</isNotEmpty>
			 <isNotEmpty prepend="and" property="msisdnOrSimSch">
			  	(pa.sim = #msisdnOrSimSch# or ui.msisdn = #msisdnOrSimSch#)
			  </isNotEmpty>
			  <isNotEmpty prepend="and" property="deviceName">
			  	pa.name=#deviceName#
			  </isNotEmpty>
			  <isNotEmpty prepend="and" property="assetType">
			  	pa.asset_type = #assetType# 
			  </isNotEmpty>
        	order by pa.msisdn 
        ) a 
        left join PACKAGE_BUSINESS_RPT pkg on pkg.msisdn=a.msisdn 
        order by a.code
<include refid="pageSqlEnd"/>
</select>

<!-- 所有设备号码停开机信息总数 -->
	  <select id="querySmsTransferVoCount" resultClass="java.lang.Long" resultSetType="SCROLL_INSENSITIVE">
	  		select count(1) from
        (
        	select ui.user_info_id as id,pa.code,pa.user_id,pa.name,pa.sim,ui.msisdn,ui.run_code 
        	from user_info ui left join pro_asset pa on ui.msisdn=pa.msisdn
        	where (pa.dept_id in (<include refid="findDeptIdsByUserRights"/>) or pa.dept_id is null) 
<!--         	and ui.run_code in ('US344','US40','US30','US301','US302','US532','US10')  -->
        	<isNotEmpty prepend="and" property="ecIdList">
		  		ui.ec_id in <include refid="ecIdList"/>
		  	</isNotEmpty>
			 <isNotEmpty prepend="and" property="msisdnOrSimSch">
			  	(pa.sim = #msisdnOrSimSch# or ui.msisdn = #msisdnOrSimSch#)
			  </isNotEmpty>
			  <isNotEmpty prepend="and" property="deviceName">
			  	pa.name=#deviceName#
			  </isNotEmpty>
			  <isNotEmpty prepend="and" property="assetType">
			  	pa.asset_type = #assetType# 
			  </isNotEmpty>
        ) a 
        left join PACKAGE_BUSINESS_RPT pkg on pkg.msisdn=a.msisdn 
	  </select>
	  
</sqlMap>
