<?xml version="1.0" encoding="UTF-8"?>

<!DOCTYPE sqlMap
 PUBLIC "-//ibatis.apache.org//DTD SQL Map 2.0//EN"
 "http://ibatis.apache.org/dtd/sql-map-2.dtd">

<sqlMap>
	<select id="findSmsListToSend" resultClass="HashMap" resultSetType="SCROLL_INSENSITIVE">
		select * from (
			select a.*,rownum rn from(
				select sn.msisdn,sn.content from sms_notify sn 
				where sn.state = 'NO' 
				and sn.create_date <![CDATA[>]]> sysdate-0.5
				<isNotEmpty prepend="and" property="now">
					<!-- nvl(sn.tosend_date,sn.create_date) <![CDATA[<=]]> #now# -->
					sn.tosend_date <![CDATA[<=]]> #now#
				</isNotEmpty>
				order by sn.priority,sn.sms_id
			)a where rownum <![CDATA[<=]]> 10
		)where rn > 0
	</select>
	
	<update id="updateSmsSendInfo" parameterClass="HashMap">
		update sms_notify sn
		   set sn.state = #state#, sn.notify_date = #notifyDate#, sn.retry_times = #replyTimes#
		 where sn.msisdn = #msisdn# and sn.create_date <![CDATA[>]]> sysdate-0.52
	</update>
	<insert id="insertSmsNotify" parameterClass="com.lenovo.iotpro.entity.SmsNotify">
		insert into sms_notify(sms_id, msisdn, content, create_date, state, notify_date, way, tosend_date)
		                values(SEQ_SMS_NOTIFY.NEXTVAL,#msisdn#,#content#,#createDate#,#state#,#notifyDate#,#way#,#tosendDate#)
	</insert>
</sqlMap>
