<?xml version="1.0" encoding="UTF-8"?>

<!DOCTYPE sqlMap
 PUBLIC "-//ibatis.apache.org//DTD SQL Map 2.0//EN"
 "http://ibatis.apache.org/dtd/sql-map-2.dtd">

<sqlMap>

	<select id="flowinterfacelog" resultClass="com.lenovo.iotpro.entity.TaskLog">
		<include refid="pageSqlStart"/>
			select case TASK_APPLICATION 
						when 'flow' then '流量文件接口信息' 
						when 'bill' then '费用文件接口信息'
						when 'pool' then '流量池文件接口信息' 
						when 'spark' then 'Hive任务' 
						when 'sync' then '同步任务'
						when 'boss-order' then '订购关系'
						ELSE NULL 
					END taskApplicationdesc,
					TASK_PARAMS as taskParams,
					TASK_HANDLER as taskHandler,
					to_char(CREATE_DATE,'yyyy-mm-dd hh24:mi:ss') as createDate,
			to_char(EXECUTE_DATE,'yyyy-mm-dd hh24:mi:ss')as executeDate ,
			RETRY_COUNT as retryCount,
			REASON as reason,
			DURATION as duration,
			case STATE 
				when 'pending' then '等待处理'
				when 'processing' then '正在处理' 
				when 'success' then '处理成功' 
				when 'error' then '处理失败' 
				when 'retrying' then '正在重试' 
			    ELSE NULL 
			END statedesc,
			STEP as step,
			to_char(END_DATE,'yyyy-mm-dd hh24:mi:ss') as endDate
			from AST_HIST_TASK 
			where 1=1
			<isNotEmpty property="taskApplication">
				and TASK_APPLICATION = #taskApplication#
			</isNotEmpty>
			<isNotEmpty property="state">
				and STATE = #state#
			</isNotEmpty>
			<isNotEmpty property="taskParams">
				and TASK_PARAMS like '%'||#taskParams#||'%'
			</isNotEmpty>
			<isNotEmpty property="fromDate">
				and create_date <![CDATA[>=]]> to_date(#fromDate#,'yyyy-MM-dd HH24:mi:ss')
			</isNotEmpty>
			<isNotEmpty property="toDate">
				and create_date <![CDATA[<=]]> to_date(#toDate#,'yyyy-MM-dd HH24:mi:ss')
			</isNotEmpty>
			order by create_date desc
		<include refid="pageSqlEnd"/>
	</select>
	<select id="flowinterfacelogcount" resultClass="java.lang.Long">
		select count(*) from AST_HIST_TASK 
		where 1=1
		<isNotEmpty property="taskApplication">
			and TASK_APPLICATION = #taskApplication#
		</isNotEmpty>
		<isNotEmpty property="state">
			and STATE = #state#
		</isNotEmpty>
		<isNotEmpty property="taskParams">
			and TASK_PARAMS like '%'||#taskParams#||'%'
		</isNotEmpty>
		<isNotEmpty property="fromDate">
			and create_date <![CDATA[>=]]> to_date(#fromDate#,'yyyy-MM-dd HH24:mi:ss')
		</isNotEmpty>
		<isNotEmpty property="toDate">
			and create_date <![CDATA[<=]]> to_date(#toDate#,'yyyy-MM-dd HH24:mi:ss')
		</isNotEmpty>
		order by create_date desc
	</select>
<insert id="insertasttask" parameterClass="com.lenovo.iotpro.entity.AstTask">
	<selectKey resultClass="long" keyProperty="id">  
		SELECT SEQ_AST_TASK.nextval AS ID FROM DUAL  
	</selectKey>  
	insert into  AST_TASK (ID,TASK_APPLICATION,TASK_HANDLER,TASK_PARAMS,
	CREATE_DATE,EXECUTE_DATE,STEP)
	values(#id#,#taskApplication#,#taskHandler#,#taskParams#,
		#createDate#,#executeDate#,#step#)
</insert>

 <!-- 插入ExportExcelTask -->
	 <insert id="insertExportExcelTask" parameterClass="com.lenovo.iotpro.task.entity.ExportExcelTask">
	 insert into EXPORT_EXCEL_TASK(task_id,task_name,TITLE_ARRAY,query_data,page_size,map_key,handler_name,data_param,collection_name)
	 values(#taskId#,#taskName#,#titleArrayStr#,#queryStr#,#pageSize#,#mapKeyStr#,#handlerName#,#dataParamStr#,#collectionName#)
	 </insert>
	 
	 <!-- 插入LookUpObject -->
	 <insert id="insertLookUpObject" parameterClass="java.util.HashMap">
	 insert into LOOK_UP_OBJECT(id,start_time,msisdn_or_sim,pkg_code,apn_name,lifecycle,acti_end_date,acti_start_date,open_end_date,open_start_date,ecCode)
	 values(#id#,#startTime#,#msisdnOrSim#,#pkgCode#,#apnName#,#lifecycle#,#actiEndDate#,#actiStartDate#,#openEndDate#,#openStartDate#,#ecCode#)
	 </insert>

</sqlMap>