<?xml version="1.0" encoding="UTF-8"?>

<!DOCTYPE sqlMap
 PUBLIC "-//ibatis.apache.org//DTD SQL Map 2.0//EN"
 "http://ibatis.apache.org/dtd/sql-map-2.dtd">

<sqlMap>
    	<select id="findTranRecordErrorResult" resultClass="com.lenovo.iotpro.entity.TranRecord" resultSetType="SCROLL_INSENSITIVE">
		select 
			TRAN_ID as tranId,
			LOT_NO as lotNo,
			CREATE_USER as createUser,
			CREATE_TIME as createTime,
			STATE as state,
			MSG as msg,
			OPT_ORDER as optOrder,
			PARAM as param,
			MODIFY_USER as modifyUser,
			MODIFY_TIME as modifyTime
		from PRO_TRAN_RECORD 
		where STATE in ('error') 
		<isNotNull property="lotNo" prepend="AND">
			LOT_NO = #lotNo#
	   </isNotNull>
	   	 <isNotNull property="optOrder" prepend="AND">
			OPT_ORDER = #optOrder#
	   </isNotNull>
	   <isNotNull property="optOrder1" prepend="AND">
			(OPT_ORDER='GPRSON' or OPT_ORDER='GPRSOFF')
	   </isNotNull>
	   <isNotNull property="optOrder2" prepend="AND">
			(OPT_ORDER='ON' or OPT_ORDER='OFF')
	   </isNotNull>
	   
	   <isNotNull property="modifyUser" prepend="AND">
			MODIFY_USER = #modifyUser#
	   </isNotNull>
	   order by createTime DESC
	</select>
	
	<select id="findTranRecordResult" resultClass="com.lenovo.iotpro.entity.TranRecord" resultSetType="SCROLL_INSENSITIVE">
		select 
			TRAN_ID as tranId,
			LOT_NO as lotNo,
			CREATE_USER as createUser,
			CREATE_TIME as createTime,
			STATE as state,
			MSG as msg,
			OPT_ORDER as optOrder,
			PARAM as param,
			MODIFY_USER as modifyUser,
			MODIFY_TIME as modifyTime
		from PRO_TRAN_RECORD 
		where OPT_ORDER ='APNCHANG_PUSH'
		<isNotNull property="lotNo" prepend="AND">
			LOT_NO = #lotNo#
	   </isNotNull>
	</select>
	
		<select id="findTranRecordResult_count" resultClass="java.lang.Long" resultSetType="SCROLL_INSENSITIVE">
	  		select count(1)
		from PRO_TRAN_RECORD 
		where OPT_ORDER ='APNCHANG_PUSH'
		<isNotNull property="lotNo" prepend="AND">
			LOT_NO = #lotNo#
	   </isNotNull>
	 </select>
	
	
	<!-- 	获取成功数 -->
	<select id="TranRecode.querySuccCount" resultClass="java.lang.Long" resultSetType="SCROLL_INSENSITIVE">
	  		select count(1) 
        	from PRO_TRAN_RECORD 
        	where state = 'succ' 
        	<isNotNull property="lotNo" prepend="AND">
				LOT_NO = #lotNo#
	   		</isNotNull>
	   		<isNotNull property="optOrder" prepend="AND">
			OPT_ORDER = #optOrder#
	        </isNotNull>
	        <isNotNull property="optOrder1" prepend="AND">
			(OPT_ORDER='GPRSON' or OPT_ORDER='GPRSOFF')
	       </isNotNull>
	       <isNotNull property="optOrder2" prepend="AND">
			(OPT_ORDER='ON' or OPT_ORDER='OFF')
	       </isNotNull>
	       
	       <isNotNull property="modifyUser" prepend="AND">
				MODIFY_USER = #modifyUser#
		   </isNotNull>
	 </select>
	 
	 <!-- 	获取失败数 -->
	<select id="TranRecode.queryErrCount" resultClass="java.lang.Long" resultSetType="SCROLL_INSENSITIVE">
	  		select count(1) 
        	from PRO_TRAN_RECORD 
        	where STATE in ('error') 
        	<isNotNull property="lotNo" prepend="AND">
			LOT_NO = #lotNo#
	   		</isNotNull>
	   		<isNotNull property="optOrder" prepend="AND">
			OPT_ORDER = #optOrder#
	       </isNotNull>
	       <isNotNull property="optOrder1" prepend="AND">
			(OPT_ORDER='GPRSON' or OPT_ORDER='GPRSOFF')
	       </isNotNull>
	       <isNotNull property="optOrder2" prepend="AND">
			(OPT_ORDER='ON' or OPT_ORDER='OFF')
	       </isNotNull>
	       
	       <isNotNull property="modifyUser" prepend="AND">
				MODIFY_USER = #modifyUser#
		   </isNotNull>
	 </select>
	
	<select id="findTranErrorResult" resultClass="com.lenovo.iotpro.entity.TranFile" resultSetType="SCROLL_INSENSITIVE">
		select 
			TRAN_ID as tranId,
			LOT_NO as lotNo,
			CREATE_USER as createUser,
			CREATE_TIME as createTime,
			MODIFY_TIME as modifyTime,
			STATE as state,
			MSG as msg,
			EC_ID as ecId,
			MSISDN as msisdn,
			PACKAGE_CODE as packageCode,
			PACKAGE_NAME as packageName,
			ORG_PACKAGE_CODE as orgPackageCode,
			ORG_PACKAGE_NAME as orgPackageName,
			EC_CODE as  ecCode,
			PRODUCT_CODE as productCode,
			OPT_ORDER as optOrder,
			ORG_RUN_CODE as orgRunCode,
			INTERFACE_NUM as interfaceNum
		from TRAN_FILE 
		where STATE in ('VALID_ERR','ADC_ERR','FB_ERR') 
		
		<isNotNull property="lotNo" prepend="AND">
			LOT_NO = #lotNo#
	   </isNotNull>
		
		<isNotNull property="ecId" prepend="AND">
			EC_ID = #ecId#
	   </isNotNull>
	   <isNotNull property="interfaceNum" prepend="AND">
			INTERFACE_NUM = #interfaceNum#
	   </isNotNull>
	</select>
	
<!-- 	获取成功数 -->
	<select id="TranFile.querySuccCount" resultClass="java.lang.Long" resultSetType="SCROLL_INSENSITIVE">
	  		select count(1) 
        	from TRAN_FILE 
        	where state = 'FB_SUCC' 
        	<isNotNull property="lotNo" prepend="AND">
			LOT_NO = #lotNo#
	   		</isNotNull>
	   		<isNotNull property="ecId" prepend="AND">
				EC_ID = #ecId#
		   </isNotNull>
		   <isNotNull property="interfaceNum" prepend="AND">
			INTERFACE_NUM = #interfaceNum#
	   </isNotNull>
	 </select>
	 
	 <!-- 	获取失败数 -->
	<select id="TranFile.queryErrCount" resultClass="java.lang.Long" resultSetType="SCROLL_INSENSITIVE">
	  		select count(1) 
        	from TRAN_FILE 
        	where STATE in ('VALID_ERR','ADC_ERR','FB_ERR') 
        	<isNotNull property="lotNo" prepend="AND">
			LOT_NO = #lotNo#
	   		</isNotNull>
	   		<isNotNull property="ecId" prepend="AND">
				EC_ID = #ecId#
		   </isNotNull>
		   <isNotNull property="interfaceNum" prepend="AND">
			INTERFACE_NUM = #interfaceNum#
	   </isNotNull>
	 </select>
	 
	 <!-- 插入操作日志 -->
	 <insert id="addTranRecord" parameterClass="java.util.HashMap">
	 insert into PRO_TRAN_RECORD(tran_id,lot_no,create_user,create_time,state,msg,opt_order,param,modify_time)
	 values(#tranId#,#lotNo#,#createUser#,#createTime#,#state#,#msg#,#optOrder#,#param#,#modifyTime#)
	 </insert>
	 
	 <!-- 短信转移失败任务列表 -->
	<select id="findErrorResult" resultClass="java.util.HashMap" resultSetType="SCROLL_INSENSITIVE">
	select 
	create_time as createTime,
	state,
	msg,
	opt_order as optorder,
	param,
	modify_time as modifyTime,
	pro_tran_record.create_user as msisdn, 
	pro_tran_record.modify_user as notifyMsisdn 
	from pro_tran_record
	where state='error'
	and opt_order='TRANSFER'
	<isNotEmpty prepend="and" property="lotNo">
	lot_no=#lotNo#
	</isNotEmpty>
	order by modify_time desc
	</select>
	
	<!-- 获取短信转移成功数量 -->
    <select id="findSuccCount" resultClass="java.lang.Long" resultSetType="SCROLL_INSENSITIVE">	
    select 
	count(1)
	from pro_tran_record
	where state='succ'
	and opt_order='TRANSFER'
	<isNotEmpty prepend="AND" property="lotNo">
	lot_no=#lotNo#
	</isNotEmpty>
	</select>
	
	<!-- 获取短信转移失败数量 -->
	<select id="findErrorCount" resultClass="java.lang.Long" resultSetType="SCROLL_INSENSITIVE">	
    select 
	count(1)
	from pro_tran_record
	where state='error'
	and opt_order='TRANSFER'
	<isNotEmpty prepend="AND" property="lotNo">
	lot_no=#lotNo#
	</isNotEmpty>
	</select>
	
	<!-- 	获取需要处理的任务 -->
	<select id="TranRecode.queryCreatedTask" resultClass="com.lenovo.iotpro.entity.ProTranRecord" resultSetType="SCROLL_INSENSITIVE">
	  		select 
				TRAN_ID as tranId,
				LOT_NO as lotNo,
				CREATE_USER as createUser,
				CREATE_TIME as createTime,
				MODIFY_USER as modifyUser,
				MODIFY_TIME as modifyTime,
				STATE as state,
				MSG as msg,
				OPT_ORDER as optOrder,
				PARAM as param
        	from PRO_TRAN_RECORD 
        	where state = 'created' 
	 </select>
	 
	 <update id="TranRecode.updateTaskState" parameterClass="HashMap">
		update PRO_TRAN_RECORD sn
		   set state = #state# 
		 where TRAN_ID = #tranId#
	</update>
</sqlMap>
