<?xml version="1.0" encoding="UTF-8"?>

<!DOCTYPE sqlMap
 PUBLIC "-//ibatis.apache.org//DTD SQL Map 2.0//EN"
 "http://ibatis.apache.org/dtd/sql-map-2.dtd">

<sqlMap>
<!-- 如果卡没有管理到部门，则归类到其他 -->
<select id="findWhiteList" resultClass="com.lenovo.iotpro.entity.WhiteMember" resultSetType="SCROLL_INSENSITIVE">
<include refid="pageSqlStart"/>
select w.ID id,w.EC_ID ecId,w.PARENT_EC_ID parentEcId,w.STATE state,w.CREATE_DATE createDate,
(select ec_name from enterprise_customer p where p.ec_id=w.PARENT_EC_ID) parentName,
(select ec_name from enterprise_customer p where p.ec_id=w.EC_ID) ecName
 from PRO_EC_WHITE w where 1=1
<isNotEmpty prepend="and" property="ecId">
	 w.ec_id=#ecId#
</isNotEmpty>
<isNotEmpty prepend="and" property="parentEcId">
	 w.PARENT_EC_ID=#parentEcId#
</isNotEmpty> 
<isNotEmpty prepend="and" property="ecName">
	 EXISTS(select 1 from enterprise_customer ec where w.PARENT_EC_ID=ec.ec_id and   ec.EC_NAME  like '%'||#ecName#||'%') 
</isNotEmpty>
order by id desc 
<include refid="pageSqlEnd"/>
</select>
<select id="findWhiteListCount" resultClass="java.lang.Long" resultSetType="SCROLL_INSENSITIVE">
select count(1) from PRO_EC_WHITE w where  1=1
<isNotEmpty prepend="and" property="ecId">
	 w.ec_id=#ecId#
</isNotEmpty>
<isNotEmpty prepend="and" property="parentEcId">
	 w.PARENT_EC_ID=#parentEcId#
</isNotEmpty>
<isNotEmpty prepend="and" property="ecName">
	 EXISTS(select 1 from enterprise_customer ec where w.PARENT_EC_ID=ec.ec_id and   ec.EC_NAME  like '%'||#ecName#||'%') 
</isNotEmpty>
</select>
 <select id="findMyWhiteListCount" resultClass="java.lang.Long" resultSetType="SCROLL_INSENSITIVE">
select count(1) from PRO_EC_WHITE w where  1=1 and state!='UNPASS'
<isNotEmpty prepend="and" property="ecId">
	 w.ec_id=#ecId# 
</isNotEmpty>
<isNotEmpty prepend="and" property="parentEcId">
	 w.PARENT_EC_ID=#parentEcId# 
</isNotEmpty>
</select>

<select id="findOperlogList" resultClass="HashMap" parameterClass="HashMap" resultSetType="SCROLL_INSENSITIVE">
	<include refid="pageSqlStart"/>
	select *
	  from pro_operlog po
	 where po.ec_id = #ecId#
	 <isNotEmpty prepend="and" property="username">
	 	po.username like '%' || #username# || '%'
	 </isNotEmpty>
	 order by oper_date desc
	<include refid="pageSqlEnd"/>
</select>

<select id="findOperlogListCount" resultClass="Long" parameterClass="HashMap" resultSetType="SCROLL_INSENSITIVE">
	select count(1)
	  from pro_operlog po
	 where po.ec_id = #ecId#
	   <isNotEmpty prepend="and" property="username">
	 	po.username like '%' || #username# || '%'
	 </isNotEmpty>
</select>

</sqlMap>
