<?xml version="1.0" encoding="UTF-8"?>

<!DOCTYPE sqlMap
 PUBLIC "-//ibatis.apache.org//DTD SQL Map 2.0//EN"
 "http://ibatis.apache.org/dtd/sql-map-2.dtd">

<sqlMap>

	<!-- 号码分表分库 -->
	<sql id="findMsisdnByTablePartion_2">
		<isNotEmpty property="mainType">
			<isEqual property="mainType" compareValue="0"><!-- 全部产品 -->
				M2M_PERSON 
			</isEqual>
			<isEqual property="mainType" compareValue="1"><!-- 车联网主体产品 -->
				 IOV_CARD
			</isEqual>
			<isEqual property="mainType" compareValue="2"><!-- 机器卡主体产品 -->
				 MAC_CARD
			</isEqual>
			
			<isEqual property="mainType" compareValue="3"><!-- NB-IOT主体产品 -->
				 NB_CARD
			</isEqual>
			<isEqual property="mainType" compareValue="4"><!-- 和对讲主体产品HDJ -->
				 WLW_CARD
			</isEqual>	
			<isEqual property="mainType" compareValue="6"><!-- 9105 -->
				 CARD_9105
			</isEqual>
		</isNotEmpty>
		<isEmpty property="mainType">
				M2M_PERSON 
		</isEmpty>
	</sql>
	
	<!-- <sql id="queryMainProd_Sql7">
		<isNotEmpty prepend="and" property="mainType">
			<isEqual property="mainType" compareValue="1">车联网主体产品
				p.msisdn in (
					select MSISDN from m2m_person where MAIN_PROD_CODE in ('AppendAttr.I00010800001','I00010800001')
					and STATE = 'ENABLED'
					 <isNotEmpty prepend="and" property="ecCode">
						ec_code = #ecCode#
					</isNotEmpty>
				)
			</isEqual>
			<isEqual property="mainType" compareValue="2">机器卡主体产品
				p.msisdn in (
					select MSISDN from m2m_person where MAIN_PROD_CODE in ('AppendAttr.I00010300001','I00010300001')
					and STATE = 'ENABLED'
					 <isNotEmpty prepend="and" property="ecCode">
						ec_code = #ecCode#
					</isNotEmpty>
				)
			</isEqual>
			<isEqual property="mainType" compareValue="3">NB-IOT主体产品
				p.msisdn in (
					select MSISDN from m2m_person where MAIN_PROD_CODE in ('AppendAttr.I00011200001','I00011200001')
					and STATE = 'ENABLED'
					 <isNotEmpty prepend="and" property="ecCode">
						ec_code = #ecCode#
					</isNotEmpty>
				)
			</isEqual>
			<isEqual property="mainType" compareValue="4">和对讲
				 p.msisdn in (
					select MSISDN from m2m_person where MAIN_PROD_CODE in ('AppendAttr.I00011000001','I00011000001')
					and STATE = 'ENABLED'
					 <isNotEmpty prepend="and" property="ecCode">
						ec_code = #ecCode#
					</isNotEmpty>
				)
			</isEqual>
			<isEqual property="mainType" compareValue="5">行车卫士
				p.msisdn in (
					select MSISDN from m2m_person where MAIN_PROD_CODE in ('AppendAttr.I00011000001','I00011000001')
					and STATE = 'ENABLED'
					 <isNotEmpty prepend="and" property="ecCode">
						ec_code = #ecCode#
					</isNotEmpty>
				)
			</isEqual>
			<isEqual property="mainType" compareValue="6">9105
				 p.msisdn in (
					select MSISDN from m2m_person where MAIN_PROD_CODE in ('AppendAttr.9105','9105')
					and STATE = 'ENABLED'
					 <isNotEmpty prepend="and" property="ecCode">
						ec_code = #ecCode#
					</isNotEmpty>
				)
			</isEqual>
		</isNotEmpty>
	</sql> -->
	


<select id="queryHandlePkgMsisdnList" resultClass="com.lenovo.iotpro3.vo.asset.MsisdnManageVo">

    select sub.msisdn,sub.iccid,
           (case sub.run_code
        when 'TEST' then
             '测试期'
        when 'SILENT' then
             '沉默期'
        when 'STOCK' then
             '库存期'
        when 'NORMAL' then
             '正使用'
        when 'STOP' then
             '停机'
        when 'PRECLOSE' then
             '预约销户'
        when 'CANCEL' then
             '销户'
        when 'OTHERS' then
             '其他'
        else
             '-'
        end) runCode,
           to_char(sub.open_time,'yyyy-mm-dd hh24:mi:ss') as openTime 
           from (
       <include refid="pageSqlStart"/>
           select /*+index(p,<include refid="findByIndex"/> )*/ p.msisdn,p.iccid,p.life_cycle run_code,p.open_time open_time from <include refid="findMsisdnByTablePartion"/> p
           where p.state='ENABLED' 
	   <isNotEmpty prepend="and" property="ecCode">
	       p.ec_code = #ecCode# 
	   </isNotEmpty>
	   <isEqual property="mainType" compareValue="4"><!-- 和对讲HDJ -->
				and p.card_type='HDJ'
		</isEqual>
	   <isNotEmpty property="rightType">
		    <isEqual property="rightType" compareValue="2"><!--0：超级管理员 1：企业管理员 2：部门管理员-->
	    		and exists (select 1  from pro_asset b where p.msisdn=b.msisdn and b.dept_id in (<include refid="findDeptIdsByUserRights"/>))
			</isEqual>
	   </isNotEmpty>
	   <isNotEmpty prepend="and" property="lifecycle">
			p.life_cycle=#lifecycle#
    	</isNotEmpty>
    
     <isNotEmpty prepend="and" property="pkgCode">
       exists (<include refid="findByPkg"/>) 
    </isNotEmpty>
	<isNotEqual property="mainType" compareValue="6">
		<isNotEmpty prepend="and" property="apnName">
			exists (
			<include refid="findByApn" />
			)
		</isNotEmpty>		
	</isNotEqual>
   <include refid="pageSqlEnd"/>
   ) sub    
</select>
<select id="queryHandlePkgMsisdnListCount" resultClass="java.lang.Long">

    select /*+index(p,IND_MAC_CARD_EC_CODE)*/ count( p.msisdn)
           from <include refid="findMsisdnByTablePartion"/> p
           where p.state='ENABLED' 
	   <isNotEmpty prepend="and" property="ecCode">
	       p.ec_code = #ecCode# 
	   </isNotEmpty>
	   <isEqual property="mainType" compareValue="4"><!-- 和对讲HDJ -->
			and p.card_type='HDJ'
		</isEqual>
	   <!-- <isNotEmpty prepend="and" property="rightType">
		    <isEqual property="rightType" compareValue="2">0：超级管理员 1：企业管理员 2：部门管理员
			     p.msisdn in (select msisdn from pro_asset where dept_id in (<include refid="findDeptIdsByUserRights"/>))
			</isEqual>
	   </isNotEmpty> -->
	   <isNotEmpty property="rightType">
			<isEqual property="rightType" compareValue="2"><!--0：超级管理员 1：企业管理员 2：部门管理员-->
	    			and exists (select 1  from pro_asset b where p.msisdn=b.msisdn and b.dept_id in (<include refid="findDeptIdsByUserRights"/>))
			</isEqual>
		</isNotEmpty>
	   <isNotEmpty prepend="and" property="lifecycle">
			p.life_cycle=#lifecycle#
    	</isNotEmpty>
    
    <isNotEmpty prepend="and" property="pkgCode">
       exists (<include refid="findByPkg"/>) 
    </isNotEmpty>
	<isNotEqual property="mainType" compareValue="6">
		<isNotEmpty prepend="and" property="apnName">
			exists (
			<include refid="findByApn" />
			)
		</isNotEmpty>		
	</isNotEqual>
</select>



<!-- 好像没在用 -->
<select id="findPackagesByPage" resultClass="com.lenovo.iotpro3.vo.tariff.PackageInfoVo">
   <include refid="pageSqlStart"/>
     select mg.msisdn,
     		get_dict_data_name('ACCOUNT_STATUS',mp.run_code) as status,
     		mp.user_type as userType,
	        (select (case flowPackageType
	        			when '1' then '月套餐'
	        			when '2' then '跨月套餐'
	        			ELSE '叠加包套餐' 
	        		  END
	        		) AS packageType
	        	from personal_package 
	        	where package_code=mg.package_code) as packageType,
	        mg.package_code as packageCode,
	        mg.package_name as packageName,
	        mg.start_date as startDate,
	        mg.end_date as endDate
	 from m2m_grpmem mg,
	 (select msisdn, 
	 		 max(run_code) as run_code,
	 		 max(user_type) as user_type
  		from m2m_person
 		where 1=1
 		and state='ENABLED'
 		<isNotEmpty prepend="and" property="ecCode">
 			ec_code = #ecCode#
 		</isNotEmpty>
 		<isNotEmpty prepend="and" property="runCode">
   			run_code = #runCode#
     	</isNotEmpty>
 		group by msisdn) mp
	 where 1=1
	 and mg.msisdn=mp.msisdn
	 and mg.state = 'ENABLED'
	 and mg.package_code in (select package_code from personal_package where visible='0' and package_type=1 and businesstype=1)
	 <isNotEmpty prepend="and" property="startDate">
   		mg.start_Date <![CDATA[>= ]]>#startDate#
     </isNotEmpty>
     <isNotEmpty prepend="and" property="endDate">
   		mg.start_Date <![CDATA[<= ]]>#endDate#
     </isNotEmpty>
     <isNotEmpty prepend="and" property="cancelStartDate">
   		mg.end_Date <![CDATA[>= ]]>#cancelStartDate#
     </isNotEmpty>
     <isNotEmpty prepend="and" property="endDate">
   		mg.end_Date <![CDATA[<= ]]>#cancelEndDate#
     </isNotEmpty>
	 <isNotEmpty prepend="and" property="packageCode">
   		mg.package_code like '%'||#packageCode#||'%'
     </isNotEmpty>
	 <isNotEmpty prepend="and" property="packageName">
   		mg.package_name like '%'||#packageName#||'%'
     </isNotEmpty>
     <isNotEmpty prepend="and" property="msisdn">
   		mg.msisdn = #msisdn#
     </isNotEmpty> 	
	union all
	select mp.msisdn,
		   get_dict_data_name('ACCOUNT_STATUS',mp.run_code) as status,
		   mp.user_type as userType,
	       (select (case flowPackageType
	        			when '1' then '月套餐'
	        			when '2' then '跨月套餐'
	        			ELSE '叠加包套餐' 
	        		  END
	        		) AS packageType
	        	from personal_package 
	        	where package_code=pkg.package_code) as packageType,
	       pkg.package_code as packageCode,
	       pkg.package_name as packageName,
	       pkg.start_date as startDate,
	       pkg.end_date as endDate
	  from m2m_per_pkg pkg,
	  (select msisdn, 
	 		  max(run_code) as run_code,
	 		  max(user_type) as user_type
  		from m2m_person
 		where 1=1
 		and state='ENABLED'
 		<isNotEmpty prepend="and" property="ecCode">
 			ec_code = #ecCode#
 		</isNotEmpty>
 		<isNotEmpty prepend="and" property="runCode">
   			run_code = #runCode#
     	</isNotEmpty>
 		group by msisdn) mp 
	 where 1=1
	 and pkg.msisdn = mp.msisdn
	 and pkg.state = 'ENABLED'
	 and pkg.package_code in (select package_code from personal_package where visible='0' and package_type=1 and businesstype=1)
	 <isNotEmpty prepend="and" property="startDate">
   		pkg.start_Date <![CDATA[>= ]]>#startDate#
     </isNotEmpty>
     <isNotEmpty prepend="and" property="endDate">
   		pkg.start_Date <![CDATA[<= ]]>#endDate#
     </isNotEmpty>
     <isNotEmpty prepend="and" property="cancelStartDate">
   		pkg.end_Date <![CDATA[>= ]]>#cancelStartDate#
     </isNotEmpty>
     <isNotEmpty prepend="and" property="endDate">
   		pkg.end_Date <![CDATA[<= ]]>#cancelEndDate#
     </isNotEmpty>
	 <isNotEmpty prepend="and" property="packageCode">
   		pkg.package_code like '%'||#packageCode#||'%'
     </isNotEmpty>
	 <isNotEmpty prepend="and" property="packageName">
   		pkg.package_name like '%'||#packageName#||'%'
     </isNotEmpty>
	 <isNotEmpty prepend="and" property="msisdn">
   		pkg.msisdn = #msisdn#
     </isNotEmpty>       
   <include refid="pageSqlEnd"/>
</select>
<!-- 好像没在用 -->
<select id="findPackagesCount" resultClass="java.lang.Long">
   select t1.count+t2.count
   from 
   (select count(mg.package_code) as count
	  from m2m_grpmem mg,
	 (select msisdn, 
	 		 max(run_code) as run_code
  		from m2m_person
 		where 1=1
 		and state='ENABLED'
 		<isNotEmpty prepend="and" property="ecCode">
 			ec_code = #ecCode#
 		</isNotEmpty>
 		<isNotEmpty prepend="and" property="runCode">
   			run_code = #runCode#
     	</isNotEmpty>
 		group by msisdn) mp
	 where 1=1
	 and mg.msisdn=mp.msisdn
	 and mg.state = 'ENABLED'
	 and mg.package_code in (select package_code from personal_package where visible='0' and businesstype=1)
	 <isNotEmpty prepend="and" property="startDate">
   		mg.start_Date <![CDATA[>= ]]>#startDate#
     </isNotEmpty>
     <isNotEmpty prepend="and" property="endDate">
   		mg.start_Date <![CDATA[<= ]]>#endDate#
     </isNotEmpty>
     <isNotEmpty prepend="and" property="cancelStartDate">
   		mg.end_Date <![CDATA[>= ]]>#cancelStartDate#
     </isNotEmpty>
     <isNotEmpty prepend="and" property="endDate">
   		mg.end_Date <![CDATA[<= ]]>#cancelEndDate#
     </isNotEmpty>
	 <isNotEmpty prepend="and" property="packageCode">
   		mg.package_code like '%'||#packageCode#||'%'
     </isNotEmpty>
	 <isNotEmpty prepend="and" property="packageName">
   		mg.package_name like '%'||#packageName#||'%'
     </isNotEmpty>
     <isNotEmpty prepend="and" property="msisdn">
   		mg.msisdn = #msisdn#
     </isNotEmpty>) t1,	
	(select count(pkg.package_code) as count
	   from m2m_per_pkg pkg,
	  (select msisdn, 
	 		  max(run_code) as run_code
  		from m2m_person
 		where 1=1
 		and state='ENABLED'
 		<isNotEmpty prepend="and" property="ecCode">
 			ec_code = #ecCode#
 		</isNotEmpty>
 		<isNotEmpty prepend="and" property="runCode">
   			run_code = #runCode#
     	</isNotEmpty>
 		group by msisdn) mp 
	 where 1=1
	 and pkg.msisdn = mp.msisdn
	 and pkg.state = 'ENABLED'
	 and pkg.package_code in (select package_code from personal_package where visible='0' and businesstype=1)
	 <isNotEmpty prepend="and" property="startDate">
   		pkg.start_Date <![CDATA[>= ]]>#startDate#
     </isNotEmpty>
     <isNotEmpty prepend="and" property="endDate">
   		pkg.start_Date <![CDATA[<= ]]>#endDate#
     </isNotEmpty>
     <isNotEmpty prepend="and" property="cancelStartDate">
   		pkg.end_Date <![CDATA[>= ]]>#cancelStartDate#
     </isNotEmpty>
     <isNotEmpty prepend="and" property="endDate">
   		pkg.end_Date <![CDATA[<= ]]>#cancelEndDate#
     </isNotEmpty>
	 <isNotEmpty prepend="and" property="packageCode">
   		pkg.package_code like '%'||#packageCode#||'%'
     </isNotEmpty>
	 <isNotEmpty prepend="and" property="packageName">
   		pkg.package_name like '%'||#packageName#||'%'
     </isNotEmpty>
	 <isNotEmpty prepend="and" property="msisdn">
   		pkg.msisdn = #msisdn#
     </isNotEmpty>) t2
</select>

	<select id="findEnabledPackagesByType" resultClass="java.util.HashMap" resultSetType="SCROLL_INSENSITIVE">
       select 
        	package_code as packageCode,
        	PACKAGE_NAME as packageName,
        	PACKAGE_SERVICE as packageService,
        	PARENT_CODE as parentCode,
        	PARENT_SERVICE as parentService,
        	PACKAGE_TYPE as packageType
        from personal_package 
        where 1=1 
        and STATE='0' 
        and VISIBLE='0'
        and PACKAGE_TYPE='1'   <!-- 业务内容套餐  -->
        and BUSINESSTYPE='1'   <!-- 流量 -->
        and CANTRANSACT='0' <!-- 可办标志 -->
        <isNotEmpty prepend="and" property="useProduct">
        	USEPRODUCT=#useProduct#
        </isNotEmpty >
        <isEqual property="flowpackagetype" compareValue="1" prepend="and">
         	flowpackagetype=#flowpackagetype# <!-- 月套餐 -->
        </isEqual>
        <isNotEqual property="flowpackagetype" compareValue="1" prepend="and">
         	(flowpackagetype='2' or flowpackagetype='3') <!-- 跨月套餐，叠加包 -->
        </isNotEqual>
	    and (PACKAGE_CODE in
	            (select PACKAGE_CODE from EC_PACKAGE where EC_CODE=#ecCode#)
	         or
	         PACKAGE_CODE in (select package_code from personal_package 
                       			where not exists (select package_code 
                       							   from ec_package 
                       							   where ec_code = #ecCode#
                       							  )
                       	      )
             )          	
   </select>
   
   <select id="findMemByMsisdns" resultClass="java.util.HashMap" resultSetType="SCROLL_INSENSITIVE">
   		with tt as(
   		 	<iterate property="array" conjunction="union all"> 
					select #array[]# as msisdn from dual
		    </iterate>
		)
   		select msisdn,case when open_time is not null then to_char(open_time,'yyyy-mm-dd hh24:mi:ss') else '无' end open_time,
   			(case run_code
		        when 'TEST' then
		             '测试期'
		        when 'SILENT' then
		             '沉默期'
		        when 'STOCK' then
		             '库存期'
		        when 'NORMAL' then
		             '正使用'
		        when 'STOP' then
		             '停机'
		        when 'PRECLOSE' then
		             '预约销户'
		        when 'CANCEL' then
		             '销户'
		        when 'OTHERS' then
		             '其他'
		        else
		             '-'
		        end) run_code,iccid
		  from (
   			   select /*+index(mi,<include refid="findByIndex"/> )*/ sub.msisdn,max(sub.open_time) open_time,max(sub.life_cycle) run_code,max(iccid) iccid
	   			   from <include refid="queryMsisdn_1"/> sub 
	   			   where sub.ec_code= #ecCode#
	   			   and sub.state='ENABLED'
	   			   <!-- and sub.msisdn in ($msisdns$) -->
	   			   and exists (select 1 from tt where tt.msisdn = sub.msisdn)
				    <!-- <isNotEmpty prepend="and" property="rightType">
					    <isEqual property="rightType" compareValue="2">0：超级管理员 1：企业管理员 2：部门管理员
						     sub.msisdn in (select msisdn from pro_asset where dept_id in (<include refid="findDeptIdsByUserRights"/>))
						</isEqual>
					</isNotEmpty>  -->
					<isNotEmpty property="rightType">
					    <isEqual property="rightType" compareValue="2"><!--0：超级管理员 1：企业管理员 2：部门管理员-->
	    					and exists (select 1  from pro_asset b where sub.msisdn=b.msisdn and b.dept_id in (<include refid="findDeptIdsByUserRights"/>))
						</isEqual>
					</isNotEmpty>
					<isEqual property="mainType" compareValue="4"><!-- 和对讲HDJ -->
						and sub.card_type='HDJ'
					</isEqual>
			  group by sub.msisdn
			)
   </select>
   <!-- 好像没在用了 -->
   <select id="findMemDetailByMsisdns" resultClass="com.lenovo.iotpro3.vo.tariff.PackageInfoVo" resultSetType="SCROLL_INSENSITIVE">
   		select * from (select mg.msisdn as msisdn,
   			   mg.product_code as productCode,
   			   mg.package_code as packageCode,
   			   mg.package_name as packageName,
   			   mg.start_date as startDate,
   			   mg.end_date as endDate,
   			   mg.SUBSPRODID as subsprodId,
   			   ap.pkg_type as packageType,
   			   ap.unit_value||ap.unit as freeSource
   			   from m2m_grpmem mg,atomic_products ap
   			   where mg.package_code=ap.package_code
   			   and mg.ec_code= #ecCode#
   			   and mg.state='ENABLED'
   			   and mg.msisdn in
   			   <iterate property="msisdns" open="(" close=")" conjunction="," >   
                    #msisdns[]#   
               </iterate>
               and ap.pkg_type in ('PKG_TYPE_MONTH','PKG_TYPE_PEACE','PKG_TYPE_REFUEL','PKG_TYPE_QUARTER','PKG_TYPE_HALF_YEAR','PKG_TYPE_YEAR')
        union
        select mp.msisdn as msisdn,
        	   '' as productCode,
   			   mp.package_code as packageCode,
   			   mp.package_name as packageName,
   			   mp.start_date as startDate,
   			   mp.end_date as endDate,
   			   mp.SUBSPRODID as subsprodId,
   			   ap.pkg_type as packageType,
   			   ap.unit_value||ap.unit as freeSource
   			   from m2m_per_pkg mp,atomic_products ap
   			   where mp.package_code=ap.package_code
   			   and mp.state='ENABLED'
   			   and mp.msisdn in
   			   <iterate property="msisdns" open="(" close=")" conjunction="," >   
                    #msisdns[]#   
               </iterate>
               and ap.pkg_type in ('PKG_TYPE_MONTH','PKG_TYPE_PEACE','PKG_TYPE_REFUEL','PKG_TYPE_QUARTER','PKG_TYPE_HALF_YEAR','PKG_TYPE_YEAR'))
               order by msisdn
   </select>

	<!-- 语音 （么用到） -->
	 <!-- <select id="findMemVoiceDetailByMsisdns" resultClass="com.lenovo.iotpro3.vo.tariff.PackageInfoVo" resultSetType="SCROLL_INSENSITIVE">
   		with tt as(
   		 	<iterate property="array" conjunction="union all"> 
					select #array[]# as msisdn from dual
		    </iterate>
		)
   		select * from (select mg.msisdn as msisdn,
   			   mg.product_code as productCode,
   			   mg.package_code as packageCode,
   			   mg.package_name as packageName,
   			   mg.start_date as startDate,
   			   mg.end_date as endDate,
   			   ap.pkg_type as packageType,
   			   ap.unit_value||ap.unit as freeSource
   			   from m2m_grpmem mg,atomic_products ap
   			   where mg.package_code=ap.package_code
   			   and mg.ec_code= #ecCode#
   			   and mg.state='ENABLED'
   			   and ap.BUS_CATEGORY='VOICE'
   			   and mg.msisdn in ($msisdns$)
   			   and exists (select 1 from tt where tt.msisdn = mg.msisdn)
               and ap.pkg_type in ('PKG_TYPE_MONTH','PKG_TYPE_PEACE','PKG_TYPE_REFUEL','PKG_TYPE_QUARTER','PKG_TYPE_HALF_YEAR','PKG_TYPE_YEAR')
        union
        select mp.msisdn as msisdn,
        	   '' as productCode,
   			   mp.package_code as packageCode,
   			   mp.package_name as packageName,
   			   mp.start_date as startDate,
   			   mp.end_date as endDate,
   			   ap.pkg_type as packageType,
   			   ap.unit_value||ap.unit as freeSource
   			   from m2m_per_pkg mp,atomic_products ap
   			   where mp.package_code=ap.package_code
   			   and mp.state='ENABLED'
   			   and ap.BUS_CATEGORY='VOICE'
   			   and mp.msisdn in ($msisdns$)
   			   and exists (select 1 from tt where tt.msisdn = mg.msisdn)
               and ap.pkg_type in ('PKG_TYPE_MONTH','PKG_TYPE_PEACE','PKG_TYPE_REFUEL','PKG_TYPE_QUARTER','PKG_TYPE_HALF_YEAR','PKG_TYPE_YEAR'))
               order by msisdn
   </select> -->


   <select id="findEnabledPkgForAdd" resultClass="com.lenovo.iotpro3.vo.tariff.PackageInfoVo" resultSetType="SCROLL_INSENSITIVE">

   		<!-- select e.package_code as packageCode,
   			   a.package_name as packageName,
   			   a.UNIT_VALUE||a.UNIT as freeSource,
   			   a.amount as amount,
   			   a.PKG_TYPE as packageType
   		from ec_package_rel e,atomic_products a
   		where e.package_code=a.package_code
   		and e.package_code not in ('I00010101401','I00010101402','I00010101301','I00010101302','I00010101314','I00010101315','I00010101327','I00010101328')
   		and a.package_code not in ('I00010101401','I00010101402','I00010101301','I00010101302','I00010101314','I00010101315','I00010101327','I00010101328')
   		and e.ec_code=#ecCode#
   		and e.RELATIONSHIP='white'
   		and a.PKG_CATEGORY='PKG_CAT_BUSINESS'  
		and a.BUS_CATEGORY='FLOW'
   		and e.START_TIME<![CDATA[<]]>sysdate
   		and e.END_TIME<![CDATA[>]]> sysdate
   		and e.state='ENABLED'
   		and a.state='ENABLED' -->
   		select a.package_code as packageCode,
           a.package_name as packageName,
           (case when a.UNIT_VALUE is not null
           		 then a.UNIT_VALUE||a.UNIT
           		 else '0M'
           end) as freeSource,
           (case when a.amount is not null
           		 then a.amount
           		 else 0
           end)as amount,
           a.PKG_TYPE as packageType
      from EC_PACKAGE_REL pac
      join atomic_products a on pac.package_code=a.package_code
      where 1=1
      <!-- and a.PKG_CATEGORY='PKG_CAT_BUSINESS' -->  
      and a.BUS_CATEGORY='FLOW'
      and a.state='ENABLED'
	  and (a.is_default = '1' or a.CAN_HANDLE = '1')
	  and pac.ec_code = #ecCode#
      and a.package_code not in
       (select package_code from ec_package_rel where relationship = 'black' and ec_code = #ecCode#)
       <isEmpty property="count" prepend="and"><!-- 共享池 -->
       	 a.package_code not in ('IOT.SHARE.basislIMIT','IOT.SHARE.basislIMITDX','IOT.SHARE.addLIMIT','IOT.SHARE.addLIMITDX','IOT.CMPOOL.basislIMIT',
       	'IOT.CMPOOL.addLIMIT','IOT.DXPOOL.basislIMIT','IOT.DXPOOL.addLIMIT','IOT.EXCMPOOL.basislIMIT','IOT.EXCMPOOL.addlIMIT','IOT.EXDXPOOL.basislIMIT',
       	'IOT.EXDXPOOL.addLIMIT','iotprod.10086000015641','iotprod.10086000015642','iotprod.10086000015643','iotprod.10086000015644',
       	'iotprod.10086000015644','iotprod.10086000015646')
       </isEmpty>
        <isEmpty property="countIden" prepend="and"><!-- 内容计费 -->
       	 a.package_code not in ('iotprod.10086000016332','iotprod.10086000016333','iotprod.10086000016334','iotprod.10086000016335')
       </isEmpty>
   		<isNotEmpty property="packageType" prepend="and">
   			<isEqual property="packageType" compareValue="1" >
   				a.pkg_type='PKG_TYPE_MONTH' 
   			</isEqual>
   			<isEqual property="packageType" compareValue="2" >
   				a.pkg_type='PKG_TYPE_REFUEL' 
   			</isEqual>
   			<isEqual property="packageType" compareValue="3" >
   				a.pkg_type in ('PKG_TYPE_QUARTER','PKG_TYPE_HALF_YEAR','PKG_TYPE_YEAR') 
   			</isEqual>
   			<isEqual property="packageType" compareValue="4" >
   				a.pkg_type='PKG_TYPE_PEACE' 
   			</isEqual>
   			<isEqual property="packageType" compareValue="5" >
   				a.pkg_type='PKG_TYPE_MARKET' 
   			</isEqual>
   			<isEqual property="packageType" compareValue="6" >
   				a.pkg_type='PKG_TYPE_LIMIT' 
   			</isEqual>
   		</isNotEmpty>
   		<isNotEmpty property="inputPkg" prepend="and">
   			(a.package_code like '%'||#inputPkg#||'%' or
   			a.package_name like '%'||#inputPkg#||'%') 
   		</isNotEmpty>
   		<!-- and a.pkg_type in ('PKG_TYPE_MONTH','PKG_TYPE_PEACE','PKG_TYPE_REFUEL','PKG_TYPE_QUARTER','PKG_TYPE_HALF_YEAR','PKG_TYPE_YEAR') -->
   		<!-- and a.VISIBLE=1
   		and a.CAN_HANDLE=1 -->
   </select>
   
   <!-- 语音 -->
    <select id="findEnabledVoicePkgForAdd" resultClass="com.lenovo.iotpro3.vo.tariff.PackageInfoVo">
    	select 
    		a.package_code as packageCode,
	    	a.package_name as packageName,
	    	a.UNIT_VALUE||'分钟' as freeSource,
	    	a.amount as amount,
	    	a.PKG_TYPE as packageType
    	from EC_PACKAGE_REL pac
      	join atomic_products a on pac.package_code=a.package_code
    	where BUS_CATEGORY='VOICE' 
    	and a.state='ENABLED'
    	and (a.is_default = '1' or a.CAN_HANDLE = '1') 
    	and pac.ec_code = #ecCode#
    	and  a.package_code not in
       (select package_code from ec_package_rel where relationship = 'black' and ec_code = #ecCode#)
    	<!-- <isNotEmpty prepend="and" property="packageType">
			a.pkg_type = #packageType#
		</isNotEmpty> -->
		and (a.pkg_type = 'PKG_TYPE_MONTH' or a.pkg_type = 'PKG_TYPE_REFUEL' or a.pkg_type = 'PKG_TYPE_MARKET' or a.pkg_type = 'PKG_TYPE_FUNC')
    	<isNotEmpty property="inputPkg" prepend="and">
   			(a.package_code like '%'||#inputPkg#||'%' or
   			a.package_name like '%'||#inputPkg#||'%') 
   		</isNotEmpty>
    </select>
   
   <!-- 套餐修改 -->
   <sql id="lifecycleSearch">
   
    <isNotEmpty prepend="and" property="runCode">
			p.life_cycle=#runCode#
    	</isNotEmpty>
   </sql>
   
   
   
   <select id="queryPkgForModifyByPage" resultClass="com.lenovo.iotpro3.vo.tariff.PackageInfoVo" parameterClass="java.util.HashMap">
   select 
   sub.msisdn,sub.iccid,
   sub.apn_name,
   <!-- sub.userType, -->
   sub.packageCode,
   sub.packageName,
   sub.startDate,
   sub.endDate,
  (case sub.runCode
        when 'TEST' then
             '测试期'
        when 'SILENT' then
             '沉默期'
        when 'STOCK' then
             '库存期'
        when 'NORMAL' then
             '正使用'
        when 'STOP' then
             '停机'
        when 'PRECLOSE' then
             '预约销户'
        when 'CANCEL' then
             '销户'
        when 'OTHERS' then
             '其他'
        else
             '-'
        end) as status,
   sub.packageType
   from(
    <include refid="pageSqlStart"/>
   select /*+index(mg,<include refid="findByPriPkg"/>)*/ mg.msisdn,mp.iccid,
   mg.apn_name,
   mg.package_code packageCode,
   ap.package_name packageName,
   mg.start_date startDate,
   mg.end_date endDate,
   mp.run_code runCode,
    (case ap.CHANNEL when 'GENERAL' then '通用月套餐' when 'SPECIAL' then '专用月套餐' else '月套餐' end)as packageType      
    from <include refid="findPkgByTablePartion"/> mg,
   (select msisdn, iccid,
        life_cycle as run_code
      from <include refid="findMsisdnByTablePartion"/> p
    where 1=1
    and p.state='ENABLED'
    <isNotEmpty prepend="and" property="ecCode">
      p.ec_code = #ecCode#
    </isNotEmpty>
    <isEqual property="mainType" compareValue="4"><!-- 和对讲HDJ -->
		and p.card_type='HDJ'
	</isEqual>
    <!-- <isNotEmpty prepend="and" property="rightType">
	    <isEqual property="rightType" compareValue="2">0：超级管理员 1：企业管理员 2：部门管理员
		     p.msisdn in (select msisdn from pro_asset where dept_id in (<include refid="findDeptIdsByUserRights"/>))
		</isEqual>
	</isNotEmpty> -->
	<isNotEmpty property="rightType">
		<isEqual property="rightType" compareValue="2"><!--0：超级管理员 1：企业管理员 2：部门管理员-->
	    	and exists (select 1  from pro_asset b where p.msisdn=b.msisdn and b.dept_id in (<include refid="findDeptIdsByUserRights"/>))
		</isEqual>
	</isNotEmpty>
       <isNotEmpty prepend="and" property="runCode">
			p.life_cycle=#runCode#
    	</isNotEmpty>
      <include refid="lifecycleSearch"/>
    ) mp ,atomic_products ap
     where 1=1
   and mg.msisdn=mp.msisdn
   and ap.package_code=mg.package_code
   and mg.state = 'ENABLED'
   and ap.visible='1' 
   <!-- and ap.PKG_TYPE != 'PKG_TYPE_REFUEL' -->
   and ap.PKG_TYPE = 'PKG_TYPE_MONTH'<!--  套餐修改只查月套餐 -->
   and ap.BUS_CATEGORY = #busCategory#
      <isNotEmpty prepend="and" property="beginTime">
       to_char(mg.start_Date,'yyyy-MM-dd') <![CDATA[>= ]]>  #beginTime#
     </isNotEmpty>
     <isNotEmpty prepend="and" property="endTime">
      to_char(mg.start_Date,'yyyy-MM-dd') <![CDATA[<= ]]>#endTime#
     </isNotEmpty>
     <isNotEmpty prepend="and" property="cancelStartTime">
       to_char(mg.end_Date,'yyyy-MM-dd') <![CDATA[>= ]]>#cancelStartTime#
     </isNotEmpty>
     <isNotEmpty prepend="and" property="cancelEndTime">
       to_char(mg.end_Date,'yyyy-MM-dd') <![CDATA[<= ]]>#cancelEndTime#
     </isNotEmpty>
     
    <isNotEmpty prepend="and" property="packageCode">
      mg.package_code like '%'||#packageCode#||'%'
     </isNotEmpty>
     <isNotEmpty prepend="and" property="packageName">
      ap.package_name like '%'||#packageName#||'%'
     </isNotEmpty>
     <isNotEmpty prepend="and" property="msisdn">
      mg.msisdn like '%'||#msisdn#||'%' 
     </isNotEmpty>  
    <isNotEmpty prepend="and" property="packageType">
        ap.CHANNEL = #packageType#
    </isNotEmpty>
    <include refid="pageSqlEnd"/>
    )sub
   </select>
   
    <select id="queryPkgForModifyByPageCount" resultClass="java.lang.Long">
        	select count(1)
			from(
			   select /*+index(mg,<include refid="findByPriPkg"/>)*/ mg.msisdn,
			   mg.apn_name,
			   mg.package_code packageCode,
			   ap.package_name packageName,
			   mg.start_date startDate,
			   mg.end_date endDate,
			   mp.run_code runCode,
			    (case ap.CHANNEL when 'GENERAL' then '通用月套餐' when 'SPECIAL' then '专用月套餐' else '月套餐' end)as packageType      
			    from <include refid="findPkgByTablePartion"/> mg,
			   (select msisdn, 
			        life_cycle as run_code
			      from <include refid="findMsisdnByTablePartion"/> p
			    where 1=1
			    and p.state='ENABLED'
			    <isNotEmpty prepend="and" property="ecCode">
			      p.ec_code = #ecCode#
			    </isNotEmpty>
			    <isEqual property="mainType" compareValue="4"><!-- 和对讲HDJ -->
					and p.card_type='HDJ'
				</isEqual>
				<isNotEmpty property="rightType">
					<isEqual property="rightType" compareValue="2"><!--0：超级管理员 1：企业管理员 2：部门管理员-->
				    	and exists (select 1  from pro_asset b where p.msisdn=b.msisdn and b.dept_id in (<include refid="findDeptIdsByUserRights"/>))
					</isEqual>
				</isNotEmpty>
			       <isNotEmpty prepend="and" property="runCode">
						p.life_cycle=#runCode#
			    	</isNotEmpty>
			      <include refid="lifecycleSearch"/>
			    ) mp ,atomic_products ap
			     where 1=1
			   and mg.msisdn=mp.msisdn
			   and ap.package_code=mg.package_code
			   and mg.state = 'ENABLED'
			   and ap.visible='1' 
			   <!-- and ap.PKG_TYPE != 'PKG_TYPE_REFUEL' -->
			   and ap.PKG_TYPE = 'PKG_TYPE_MONTH'<!--  套餐修改只查月套餐 -->
			   and ap.BUS_CATEGORY = #busCategory#
			      <isNotEmpty prepend="and" property="beginTime">
			       to_char(mg.start_Date,'yyyy-MM-dd') <![CDATA[>= ]]>  #beginTime#
			     </isNotEmpty>
			     <isNotEmpty prepend="and" property="endTime">
			      to_char(mg.start_Date,'yyyy-MM-dd') <![CDATA[<= ]]>#endTime#
			     </isNotEmpty>
			     <isNotEmpty prepend="and" property="cancelStartTime">
			       to_char(mg.end_Date,'yyyy-MM-dd') <![CDATA[>= ]]>#cancelStartTime#
			     </isNotEmpty>
			     <isNotEmpty prepend="and" property="cancelEndTime">
			       to_char(mg.end_Date,'yyyy-MM-dd') <![CDATA[<= ]]>#cancelEndTime#
			     </isNotEmpty>
			    <isNotEmpty prepend="and" property="packageCode">
			      mg.package_code like '%'||#packageCode#||'%'
			     </isNotEmpty>
			     <isNotEmpty prepend="and" property="packageName">
			      ap.package_name like '%'||#packageName#||'%'
			     </isNotEmpty>
			     <isNotEmpty prepend="and" property="msisdn">
			      mg.msisdn like '%'||#msisdn#||'%' 
			     </isNotEmpty>  
			    <isNotEmpty prepend="and" property="packageType">
			        ap.CHANNEL = #packageType#
			    </isNotEmpty>
			    )sub
        	
            <!-- select count(1)
				   from(
				   select /*+index(mg,<include refid="findByPriPkg"/>)*/ mg.msisdn,
				   mg.apn_name,
				   mg.package_code packageCode,
				   ap.package_name packageName,
				   mg.start_date startDate,
				   mg.end_date endDate,
				    (case ap.CHANNEL when 'GENERAL' then '通用月套餐' when 'SPECIAL' then '专用月套餐' else '月套餐' end)as packageType      
				    from <include refid="findPkgByTablePartion"/> mg,atomic_products ap
				     where 1=1
				     and mg.msisdn in(select msisdn
                  	from <include refid="findMsisdnByTablePartion"/> p
                 	where 1 = 1
                   	and p.state = 'ENABLED'
                   	<isNotEmpty prepend="and" property="ecCode">
				      p.ec_code = #ecCode#
				    </isNotEmpty>
				    <isNotEmpty property="rightType">
					    <isEqual property="rightType" compareValue="2">0：超级管理员 1：企业管理员 2：部门管理员
	    					and exists (select 1  from pro_asset b where p.msisdn=b.msisdn and b.dept_id in (<include refid="findDeptIdsByUserRights"/>))
						</isEqual>
					</isNotEmpty>
					)
				   and ap.package_code=mg.package_code
				   and mg.state = 'ENABLED'
				   and ap.visible='1'
				   and ap.PKG_TYPE = 'PKG_TYPE_MONTH'  只查月套餐
				   and ap.BUS_CATEGORY= #busCategory#
				     <isNotEmpty prepend="and" property="beginTime">
				       to_char(mg.start_Date,'yyyy-MM-dd') <![CDATA[>= ]]>  #beginTime#
				     </isNotEmpty>
				     <isNotEmpty prepend="and" property="endTime">
				      to_char(mg.start_Date,'yyyy-MM-dd') <![CDATA[<= ]]>#endTime#
				     </isNotEmpty>
				     <isNotEmpty prepend="and" property="cancelStartTime">
				       to_char(mg.end_Date,'yyyy-MM-dd') <![CDATA[>= ]]>#cancelStartTime#
				     </isNotEmpty>
				     <isNotEmpty prepend="and" property="cancelEndTime">
				       to_char(mg.end_Date,'yyyy-MM-dd') <![CDATA[<= ]]>#cancelEndTime#
				     </isNotEmpty>
				     
				    <isNotEmpty prepend="and" property="packageCode">
				      mg.package_code like '%'||#packageCode#||'%'
				     </isNotEmpty>
				     <isNotEmpty prepend="and" property="packageName">
				      ap.package_name like '%'||#packageName#||'%'
				     </isNotEmpty>
				     <isNotEmpty prepend="and" property="msisdn">
				      mg.msisdn like '%'||#msisdn#||'%' 
				     </isNotEmpty>  
				    <isNotEmpty prepend="and" property="packageType">
				        ap.CHANNEL = #packageType#
				    </isNotEmpty>
				    )sub -->
         </select>
   
   
   <!-- <select id="queryPkgForModifyCount" resultClass="java.lang.Long">
   select t1.count+t2.count
   from 
    (select count(1) as count    
    from <include refid="findPkgByTablePartion"/> mg,
   (select msisdn, 
        max(run_code) as run_code
      from <include refid="findMsisdnByTablePartion"/> p
    where 1=1
    and p.state='ENABLED'
    <isNotEmpty prepend="and" property="ecCode">
        p.ec_code = #ecCode#
    </isNotEmpty>
    <isNotEmpty prepend="and" property="runCode">
        p.run_code = #runCode#
     </isNotEmpty>
      <include refid="lifecycleSearch"/>
    group by msisdn) mp ,atomic_products ap
     where 1=1
   and mg.msisdn=mp.msisdn
   and ap.package_code=mg.package_code
   and mg.state = 'ENABLED'
   and ap.visible='1' 
   and ap.BUS_CATEGORY='FLOW'
   and ap.pkg_type='PKG_TYPE_MONTH'
 <isNotEmpty prepend="and" property="beginTime">
       to_char(mg.start_Date,'yyyy-MM-dd') <![CDATA[>= ]]>  #beginTime#
     </isNotEmpty>
     <isNotEmpty prepend="and" property="endTime">
      to_char(mg.start_Date,'yyyy-MM-dd') <![CDATA[<= ]]>#endTime#
     </isNotEmpty>
     <isNotEmpty prepend="and" property="cancelStartTime">
       to_char(mg.end_Date,'yyyy-MM-dd') <![CDATA[>= ]]>#cancelStartTime#
     </isNotEmpty>
     <isNotEmpty prepend="and" property="cancelEndTime">
       to_char(mg.end_Date,'yyyy-MM-dd') <![CDATA[<= ]]>#cancelEndTime#
     </isNotEmpty>
    
    <isNotEmpty prepend="and" property="packageCode">
      mg.package_code like '%'||#packageCode#||'%'
     </isNotEmpty>
     <isNotEmpty prepend="and" property="packageName">
      mg.package_name like '%'||#packageName#||'%'
     </isNotEmpty>
     <isNotEmpty prepend="and" property="msisdn">
      mg.msisdn like '%'||#msisdn#||'%' 
     </isNotEmpty>  
     <isNotEmpty prepend="and" property="packageType">
     ap.CHANNEL = #packageType#
     </isNotEmpty>
      )t1,
   (select count(1) as count    
    from m2m_per_pkg mpp,
   (select msisdn, 
        max(run_code) as run_code,
        max(user_type) as user_type
      from m2m_person partition(m2m_person_partition$part$)p
    where 1=1
    and p.state='ENABLED'
    <isNotEmpty prepend="and" property="ecCode">
      p.ec_code = #ecCode#
    </isNotEmpty>
    <isNotEmpty prepend="and" property="runCode">
        p.run_code = #runCode#
      </isNotEmpty>
      <include refid="lifecycleSearch"/>
    group by msisdn) mp ,atomic_products ap
     where 1=1
   and mpp.msisdn=mp.msisdn
   and ap.package_code=mpp.package_code
   and mpp.state = 'ENABLED'
   and ap.visible='1' 
   and ap.BUS_CATEGORY='FLOW'
   and ap.pkg_type='PKG_TYPE_MONTH'
      <isNotEmpty prepend="and" property="beginTime">
       to_char(mg.start_Date,'yyyy-MM-dd') <![CDATA[>= ]]>  #beginTime#
     </isNotEmpty>
     <isNotEmpty prepend="and" property="endTime">
      to_char(mg.start_Date,'yyyy-MM-dd') <![CDATA[<= ]]>#endTime#
     </isNotEmpty>
     <isNotEmpty prepend="and" property="cancelStartTime">
       to_char(mg.end_Date,'yyyy-MM-dd') <![CDATA[>= ]]>#cancelStartTime#
     </isNotEmpty>
     <isNotEmpty prepend="and" property="cancelEndTime">
       to_char(mg.end_Date,'yyyy-MM-dd') <![CDATA[<= ]]>#cancelEndTime#
     </isNotEmpty>
      <isNotEmpty prepend="and" property="packageCode">
      mpp.package_code like '%'||#packageCode#||'%'
     </isNotEmpty>
      <isNotEmpty prepend="and" property="packageName">
      mpp.package_name like '%'||#packageName#||'%'
     </isNotEmpty>
     <isNotEmpty prepend="and" property="msisdn">
      mpp.msisdn like '%'||#msisdn#||'%' 
     </isNotEmpty>  
     <isNotEmpty prepend="and" property="packageType">
     ap.CHANNEL = #packageType#
     </isNotEmpty>
   )t2
   </select> -->
   
   <select id="queryModifyPkgList" resultClass="java.util.HashMap" resultSetType="SCROLL_INSENSITIVE">
	  <!--  select t.package_code,
	       t.package_name,
	       t.pkg_type,
	       (case when t.unit_value is not null
	       		 then t.unit_value
	       		 else 0
	       end)as unit_value,
	       (case when t.amount is not null
	       		 then t.amount
	       		 else 0
	       end)as amount,
	       t.release
	  from ATOMIC_PRODUCTS t
	 where t.STATE = 'ENABLED'
	   and t.VISIBLE = '1'
	   and t.PKG_TYPE in ( 'PKG_TYPE_MONTH','PKG_TYPE_MARKET','PKG_TYPE_LIMIT')
	   and t.PKG_CATEGORY = 'PKG_CAT_BUSINESS'
	   and t.BUS_CATEGORY = 'FLOW'
	   and t.can_handle = '1'
	   and not exists (select 1
	          from ec_package_rel r
	         where r.ec_code = #ecCode#
	           and r.package_code = t.package_code
	           and r.relationship = 'black'
	           and r.START_TIME <![CDATA[ <= ]]> SYSDATE
	           and r.END_TIME <![CDATA[ >= ]]> SYSDATE
	           and r.STATE = 'ENABLED')
	   <isNotEmpty prepend="and" property="useProduct">
	      ap.APPLICATIONS=#useProduct#
	    </isNotEmpty >
	union
	select t.package_code,
	       t.package_name,
	       t.pkg_type,
	       (case when t.unit_value is not null
	       		 then t.unit_value
	       		 else 0
	       end)as unit_value,
	       (case when t.amount is not null
	       		 then t.amount
	       		 else 0
	       end)as amount,
	       t.release
	  from ATOMIC_PRODUCTS t
	 where t.STATE = 'ENABLED'
	   and t.VISIBLE = '1'
	   and t.PKG_TYPE in ( 'PKG_TYPE_MONTH','PKG_TYPE_MARKET','PKG_TYPE_LIMIT')
	   and t.PKG_CATEGORY = 'PKG_CAT_BUSINESS'
	   and t.BUS_CATEGORY = 'FLOW'
	   and t.can_handle = '0'
	   and exists (select 1
	          from ec_package_rel r
	         where r.ec_code = #ecCode#
	           and r.package_code = t.package_code
	           and r.relationship = 'white'
	           and r.START_TIME <![CDATA[ <= ]]> SYSDATE
	           and r.END_TIME <![CDATA[ >= ]]> SYSDATE
	           and r.STATE = 'ENABLED')
     <isNotEmpty prepend="and" property="useProduct">
      ap.APPLICATIONS=#useProduct#
    </isNotEmpty > -->
    
    select a.package_code,
           a.package_name,
           (case when a.UNIT_VALUE is not null
                then a.UNIT_VALUE
                else 0
           end) as unit_value,
           (case when a.amount is not null
                then a.amount
                else 0
           end)as amount,
           a.PKG_TYPE,
           a.release
      from EC_PACKAGE_REL pac
      join atomic_products a on pac.package_code=a.package_code
      where 1=1
      and a.PKG_CATEGORY='PKG_CAT_BUSINESS'  
      and a.BUS_CATEGORY= #busCategory#
      and a.state='ENABLED'
    and (a.is_default = '1' or a.CAN_HANDLE = '1')
    and pac.ec_code = #ecCode#
    
   </select>
   
   
    <select id="findEcInfoByMsisdns" resultClass="java.util.HashMap" resultSetType="SCROLL_INSENSITIVE">
   		with tt as(
	          <iterate property="msisdns" conjunction="union all"> 
	             select #msisdns[]# as msisdn from dual
	         </iterate>
	    )
   		select distinct t.*	from 
   		<include refid="findMsisdnByTablePartion_2"/> t
   			   where 1=1 
   			   <isNotEmpty prepend="and" property="ecCode">
			      t.ec_code = #ecCode#
			   </isNotEmpty>
			   <isEqual property="mainType" compareValue="4"><!-- 和对讲HDJ -->
					and t.card_type='HDJ'
				</isEqual>
			   and exists (select 1 from tt where tt.msisdn = t.msisdn)
   			   <!-- and t.msisdn in
   			   <iterate property="msisdns" open="(" close=")" conjunction="union all"> 
				   	select #msisdns[]# from dual
			   </iterate> -->
    </select>
    
    <!-- 套餐修改-批量导入用 -->
    <select id="findEcInfoByMsisdns_2" resultClass="java.util.HashMap" resultSetType="SCROLL_INSENSITIVE">
   		with tt as(
	          <iterate property="msisdns" conjunction="union all"> 
	             select #msisdns[]# as msisdn from dual
	         </iterate>
	    )
   		select distinct t.*	from 
   		<include refid="findMsisdnByTablePartion_2"/> t
   		where 1=1 
   		<isNotEmpty prepend="and" property="ecCode">
			   t.ec_code = #ecCode#
		</isNotEmpty>
		<isEqual property="mainType" compareValue="4"><!-- 和对讲HDJ -->
			and t.card_type='HDJ'
		</isEqual>
		and exists (select 1 from tt where tt.msisdn = t.msisdn)
   		<!-- and t.msisdn in
   		<iterate property="msisdns" open="(" close=")" conjunction="union all"> 
				   	select #msisdns[]# from dual
	    </iterate> -->
   		<!-- <iterate property="msisdns" open="(" close=")" conjunction="," >   
                #msisdns[]#   
        </iterate> -->
        <!-- 子账户显示选定部门下的卡信息 -->
	    <isEqual property="rightType" compareValue="2">
	    		and exists (select 1  from pro_asset b where t.msisdn=b.msisdn and b.dept_id in (<include refid="findDeptIdsByUserRights"/>))
	    </isEqual>
    </select>
   
   
   <!-- 查询次数 -->
        <select id="queryPkgForModifyCountAsOk" resultClass="java.lang.Long"> 
   
   select count(1)   
    from <include refid="findPkgByTablePartion"/> mg,
   (select /*+index(p,<include refid="findByIndex"/> )*/ msisdn
      from <include refid="findMsisdnByTablePartion"/> p
    where 1=1
    and p.state='ENABLED'
    <isNotEmpty prepend="and" property="ecCode">
      p.ec_code = #ecCode#
    </isNotEmpty>
    <isEqual property="mainType" compareValue="4"><!-- 和对讲HDJ -->
		and p.card_type='HDJ'
	</isEqual>
    <isNotEmpty property="rightType">
	    <isEqual property="rightType" compareValue="2"><!--0：超级管理员 1：企业管理员 2：部门管理员-->
	    	and exists (select 1  from pro_asset b where p.msisdn=b.msisdn and b.dept_id in (<include refid="findDeptIdsByUserRights"/>))
		</isEqual>
	</isNotEmpty>
    <isNotEmpty prepend="and" property="runCode">
			p.life_cycle=#runCode#
    	</isNotEmpty>
      <include refid="lifecycleSearch"/>
    ) mp ,atomic_products ap
     where 1=1
   and mg.msisdn=mp.msisdn
   and ap.package_code=mg.package_code
   and mg.state = 'ENABLED'
   and ap.visible='1' 
   and ap.BUS_CATEGORY='FLOW'
   and ap.pkg_type='PKG_TYPE_MONTH'
      <isNotEmpty prepend="and" property="beginTime">
       to_char(mg.start_Date,'yyyy-MM-dd') <![CDATA[>= ]]>  #beginTime#
     </isNotEmpty>
     <isNotEmpty prepend="and" property="endTime">
      to_char(mg.start_Date,'yyyy-MM-dd') <![CDATA[<= ]]>#endTime#
     </isNotEmpty>
     <isNotEmpty prepend="and" property="cancelStartTime">
       to_char(mg.end_Date,'yyyy-MM-dd') <![CDATA[>= ]]>#cancelStartTime#
     </isNotEmpty>
     <isNotEmpty prepend="and" property="cancelEndTime">
       to_char(mg.end_Date,'yyyy-MM-dd') <![CDATA[<= ]]>#cancelEndTime#
     </isNotEmpty>
     
    <isNotEmpty prepend="and" property="packageCode">
      mg.package_code like '%'||#packageCode#||'%'
     </isNotEmpty>
     <isNotEmpty prepend="and" property="packageName">
      mg.package_name like '%'||#packageName#||'%'
     </isNotEmpty>
     <isNotEmpty prepend="and" property="msisdn">
      mg.msisdn like '%'||#msisdn#||'%' 
     </isNotEmpty>  
    <isNotEmpty prepend="and" property="packageType">
        ap.CHANNEL = #packageType#
    </isNotEmpty>
   			
   </select>
   
   
   
   <select id="findCardPackageCount" resultClass="java.lang.Integer">
   select t1.count<!-- +t2.count -->
         from 
        (select count(1) as count  from 
        <include refid="findPkgByTablePartion"/> m, atomic_products a
        where m.package_code = a.package_code
        and a.BUS_CATEGORY='FLOW'
        <!-- and m.ec_code=#ecCode# -->
        and m.msisdn=#msisdn#) t1<!-- ,
        (select count(1) as count from 
        m2m_per_pkg m, atomic_products a
        where m.package_code = a.package_code
        and a.BUS_CATEGORY='FLOW'
        and m.msisdn=#msisdn#)t2   -->             
    </select>
    
    
    <select id="findCardIovCount" resultClass="java.lang.Integer">
   select t1.count<!-- +t2.count -->
         from 
        (select count(1) as count  from 
        IOV_PRI_PKG m, atomic_products a
        where m.package_code = a.package_code
        and a.BUS_CATEGORY='FLOW'
        and m.msisdn=#msisdn#) t1
                    
    </select>
    
    <select id="findCardMacCount" resultClass="java.lang.Integer">
   select t1.count
         from 
        (select count(1) as count  from 
        MAC_PRI_PKG m, atomic_products a
        where m.package_code = a.package_code
        and a.BUS_CATEGORY='FLOW'
        and m.msisdn=#msisdn#) t1
    </select>
    
    <select id="findCardNbCount" resultClass="java.lang.Integer">
   select t1.count
         from 
        (select count(1) as count  from 
        NB_PRI_PKG m, atomic_products a
        where m.package_code = a.package_code
        and a.BUS_CATEGORY='FLOW'
        and m.msisdn=#msisdn#) t1
    </select>
    
    <select id="findCard9105Count" resultClass="java.lang.Integer">
   select t1.count
         from 
        (select count(1) as count  from 
        PRI_PKG_9105 m, atomic_products a
        where m.package_code = a.package_code
        and a.BUS_CATEGORY='FLOW'
        and m.msisdn=#msisdn#) t1
    </select>
    
    <select id="queryEcMainProdInfoForMsisdn" resultClass="java.util.HashMap" resultSetType="SCROLL_INSENSITIVE">
    		SELECT EC_MAIN_PROD_ID AS ECMAINPRODID FROM NUM_ROUTE WHERE MSISDN = #msisdn#
    </select>
    
    <select id="queryMsisdnMainProdPkgCount" resultClass="java.lang.Integer">
    		SELECT t1.count+t2.count
		   FROM 
		(SELECT count as count FROM 
		        (SELECT COUNT(1) AS count FROM 
		        $mainProdPriPkgTable$ m, atomic_products a
		        WHERE m.package_code = a.package_code
		        AND a.BUS_CATEGORY='FLOW'
		        AND m.msisdn=#msisdn#)) t1,
		(SELECT count as count FROM  
		        (select count(1) as count FROM
		        $mainOtherPkgTable$ m, atomic_products a
		        WHERE m.package_code = a.package_code
		        AND a.BUS_CATEGORY='FLOW'
		        AND m.msisdn=#msisdn#)) t2
    </select>
    
    <select id="queryMsisdnMainOtherPkgCount" resultClass="java.lang.Integer">
    		select count(1) as count FROM
		        $mainOtherPkgTable$ m, atomic_products a
		        WHERE m.package_code = a.package_code
		        AND a.BUS_CATEGORY='FLOW'
		        AND m.msisdn=#msisdn# AND m.PACKAGE_CODE = #mainProdCode#
    </select>
    
    <!-- 是否属于当前选择的APNNAME  -->
    <select id="isApnExist" resultClass="java.lang.Integer">
   		 select 1 from <include refid="queryAPNTableName"/> where STATE = 'ENABLED'
   		 and APN_NAME = #apnName#
   		 and msisdn = #msisdn#
    </select>
    
    <!-- I00010300040 共享池 ,I00010300045/I00010300046 流量池 ,I00010300047/I00010300048 多APN  -->
    <select id="isFlowExist" resultClass="java.lang.Integer">
   		 select 1 from FLUX_POOL_MEM where POOL_PACKAGE in ('I00010300040','I00010300047','I00010101843','I00010101844','I00010111843','I00010111844','I00010700443','I00010700444','I00010100443','I00010100444')
   		 and ec_code = #ecCode#
 		 <isNotEmpty prepend="and" property="msisdn">
	       	msisdn = #msisdn#
	     </isNotEmpty>
   		 
    </select>
    
    <!-- 是否已订购基础限额产品 -->
   <select id="isExistLimit" resultClass="java.lang.Integer">
   select t1.count + t2.count + t3.count 
         from 
        (select count(1) as count  from 
        <include refid="queryPKGTableName"/>  m  <!-- 资费套餐 -->
        where m.package_code = #packageCode#
        and m.ec_code=#ecCode#
        and m.msisdn=#msisdn#) t1,
        (select count(1) as count  from 
        <include refid="queryFUNCTableName"/>  m   <!-- 功能套餐 -->
        where m.package_code = #packageCode#
        and m.ec_code=#ecCode#
        and m.msisdn=#msisdn#) t2,
        (select count(1) as count  from 
        <include refid="queryOtherTableName"/>  m   <!-- 其他套餐 -->
        where m.package_code = #packageCode#
        and m.ec_code=#ecCode#
        and m.msisdn=#msisdn#) t3
        
        
        
        
        
        <!-- ,
        (select count(1) as count from  m2m_per_pkg m
        where m.package_code = #packageCode#
        and m.msisdn=#msisdn#)t2    -->            
    </select>
</sqlMap>