<?xml version="1.0" encoding="UTF-8"?>

<!DOCTYPE sqlMap
 PUBLIC "-//ibatis.apache.org//DTD SQL Map 2.0//EN"
 "http://ibatis.apache.org/dtd/sql-map-2.dtd">

<sqlMap>

	<!-- 号码订购套餐类型组合 -->
	<select id="findPkgTypeCombByMsisdn" resultClass="java.util.HashMap" resultSetType="SCROLL_INSENSITIVE">
	   select  sub.channel,wm_concat(distinct sub.PKG_TYPE) as PKG_TYPE_COMB
	    from
	    (select mg.msisdn, ap.package_code,ap.package_name, ap.PKG_TYPE,ap.channel
	      from m2m_grpmem mg, atomic_products ap
	     where mg.package_code = ap.package_code
	       and mg.state = 'ENABLED'
	       and ap.BUS_CATEGORY = 'FLOW' 
	       and ap.PKG_TYPE in ('PKG_TYPE_MONTH','PKG_TYPE_PEACE','PKG_TYPE_REFUEL','PKG_TYPE_QUARTER','PKG_TYPE_HALF_YEAR','PKG_TYPE_YEAR')
	       and mg.ec_code = #ecCode# and mg.msisdn=#msisdn# 
	    union
	    select mg.msisdn, ap.package_code, ap.package_name,ap.PKG_TYPE,ap.channel
	      from m2m_per_pkg mg, atomic_products ap
	     where mg.package_code = ap.package_code
	       and mg.state = 'ENABLED'
	       and ap.BUS_CATEGORY = 'FLOW' 
	       and ap.PKG_TYPE in ('PKG_TYPE_MONTH','PKG_TYPE_PEACE','PKG_TYPE_REFUEL','PKG_TYPE_QUARTER','PKG_TYPE_HALF_YEAR','PKG_TYPE_YEAR')
	       and mg.msisdn=#msisdn# 
	      ) sub group by sub.channel
	</select>
	
	<select id="findPkgCombByMsisdn" resultClass="java.util.HashMap" resultSetType="SCROLL_INSENSITIVE">
	   select b.package_code,b.package_name 
      from ec_package_rel a,atomic_products b 
      where a.PACKAGE_CODE=b.PACKAGE_CODE 
      and b.PKG_TYPE in 
      <iterate property="pkgTypes" open="(" close=")" conjunction=",">   
	     #pkgTypes[]#   
	  </iterate> 
      and a.state='ENABLED' 
      and b.BUS_CATEGORY = 'FLOW' 
      and b.CHANNEL = #channel# 
      and b.CAN_HANDLE=1 
      and a.ec_code=#ecCode# 
	</select>
	
	<!-- 
		由于叠加包不分通道
	 -->
	<select id="findPkgRefuelCombByMsisdn" resultClass="java.util.HashMap" resultSetType="SCROLL_INSENSITIVE">
	   select b.package_code,b.package_name 
      from ec_package_rel a,atomic_products b 
      where a.PACKAGE_CODE=b.PACKAGE_CODE 
      and b.PKG_TYPE = 'PKG_TYPE_REFUEL'
      and a.state='ENABLED' 
      and b.BUS_CATEGORY = 'FLOW' 
      and b.CHANNEL = 'ALL'
      and b.CAN_HANDLE=1 
      and a.ec_code=#ecCode# 
	</select>
	
	<!-- 套餐新增业务，按通道、地域分组查看套餐组合(只能办新资费) -->
	<select id="groupChannelScopCombByMsisdn" resultClass="java.util.HashMap" resultSetType="SCROLL_INSENSITIVE">
	   select  sub.channel,sub.BUS_SCOPE,wm_concat(distinct sub.PKG_TYPE) as PKG_TYPE_COMB
      from
      (select mg.msisdn, ap.package_code,ap.package_name, ap.PKG_TYPE,ap.channel,ap.BUS_SCOPE
        from m2m_grpmem mg, atomic_products ap
       where mg.package_code = ap.package_code
         and mg.state = 'ENABLED'
         and ap.BUS_CATEGORY = 'FLOW' 
         and ap.PKG_TYPE in ('PKG_TYPE_MONTH','PKG_TYPE_PEACE','PKG_TYPE_REFUEL','PKG_TYPE_QUARTER','PKG_TYPE_HALF_YEAR','PKG_TYPE_YEAR') 
         and ap.RELEASE='2017'
         and mg.ec_code = #ecCode# and mg.msisdn=#msisdn# 
      union
      select mg.msisdn, ap.package_code, ap.package_name,ap.PKG_TYPE,ap.channel,ap.BUS_SCOPE
        from m2m_per_pkg mg, atomic_products ap
       where mg.package_code = ap.package_code
         and mg.state = 'ENABLED'
         and ap.BUS_CATEGORY = 'FLOW' 
         and ap.PKG_TYPE in ('PKG_TYPE_MONTH','PKG_TYPE_PEACE','PKG_TYPE_REFUEL','PKG_TYPE_QUARTER','PKG_TYPE_HALF_YEAR','PKG_TYPE_YEAR')
         and ap.RELEASE='2017'
         and mg.msisdn=#msisdn# 
        ) sub group by sub.channel,sub.BUS_SCOPE
	</select>

	<select id="findMonthPkgForAppend" resultClass="java.util.HashMap" resultSetType="SCROLL_INSENSITIVE">
      select b.package_code,b.package_name 
      from ec_package_rel a,atomic_products b 
      where a.PACKAGE_CODE=b.PACKAGE_CODE 
      and b.PKG_TYPE = 'PKG_TYPE_MONTH'
      and a.state='ENABLED' 
      and b.BUS_CATEGORY = 'FLOW' 
      and b.RELEASE='2017'
      and (b.CHANNEL = #channel# and 
		b.BUS_SCOPE in 
			<iterate property="busScopes" open="(" close=")" conjunction=",">   
			     #busScopes[]#   
			  </iterate>
	  )
      and b.CAN_HANDLE=1 
      and a.ec_code=#ecCode# 
	</select>
	
	<select id="findMonthPkgForModify" resultClass="java.util.HashMap" resultSetType="SCROLL_INSENSITIVE">
      SELECT 
      		a.package_code,
      		a.package_name 
      	FROM SERVICE_PKG sg ,atomic_products a,ec_package_rel rel 
		WHERE sg.package_code=a.package_code and a.package_code = rel.package_code 
		and rel.ec_code=#ecCode#
		and a.pkg_type = 'PKG_TYPE_MONTH' 
		and a.CAN_HANDLE=1 
		and a.amount > (select amount from atomic_products where package_code=#orgMonthPkgCode#)
		and sg.PRODUCT_CODE=(select max(PRODUCT_CODE) from service_pkg where package_code=#orgMonthPkgCode#) 
	</select>
</sqlMap>