<?xml version="1.0" encoding="UTF-8"?>

<!DOCTYPE sqlMap
 PUBLIC "-//ibatis.apache.org//DTD SQL Map 2.0//EN"
 "http://ibatis.apache.org/dtd/sql-map-2.dtd">

<sqlMap>

      <select id="queryPkgToConfig" resultClass="com.lenovo.iotpro3.vo.tariff.PackageConfigVo" >
       <include refid="pageSqlStart"/>
       	<!-- select ap.PACKAGE_CODE as pkgCode,
			   ap.PACKAGE_NAME as pkgName,
			  (case when ap.AMOUNT is null
       			  then 0
       			  else ap.AMOUNT
       		  end)as amount,
       		  (case when ap.UNIT_VALUE is null
       		      then 0.0
       		      else ap.UNIT_VALUE
       		  end)as unitValue,
       		 '默认可办'	as  state
	   from atomic_products ap,ec_package_rel er
	   where ap.package_code=er.package_code
			    and ap.STATE='ENABLED' 
			    and ap.VISIBLE='1'
			    and ap.PKG_CATEGORY='PKG_CAT_BUSINESS'  
			    and ap.BUS_CATEGORY='FLOW'   
			    and ap.CAN_HANDLE='1' 
			    and er.RELATIONSHIP='white'
			    and er.START_TIME <![CDATA[<= ]]> SYSDATE
			    and er.END_TIME <![CDATA[>= ]]> SYSDATE
			    and er.STATE='ENABLED' -->
			select ap.PACKAGE_CODE as pkgCode,
		       ap.PACKAGE_NAME as pkgName,
		       (case
		         when ap.AMOUNT is null then
		          0
		         else
		          ap.AMOUNT
		       end) as amount,
		       (case
		         when ap.UNIT_VALUE is null then
		          0.0
		         else
		          ap.UNIT_VALUE
		       end) as unitValue,
		       (case
                         when ap.unit = 'min' then
                          '分钟'
                         when ap.unit = '分钟' then
                          '分钟'
                          when ap.unit = '条' then
                          '条'
                          when ap.unit = 'item' then
                          '条'
                          when ap.unit = 'M' then
                          'M'
                          when ap.unit = 'MB' then
                          'M'
                          when ap.unit = 'G' then
                          'G'
                          when ap.unit = 'GB' then
                          'G'
                         else
                          ap.unit
                       end)as unit,
		       ap.bus_category as busCategory,
		       '默认可办' as state
		  from EC_PACKAGE_REL pac
      	  join atomic_products ap on pac.package_code=ap.package_code
      	   where 1=1
		   and ap.state = 'ENABLED'
		   and pac.ec_code = #ecCode#
		   and (ap.is_default = '1' or ap.CAN_HANDLE = '1')
		   and ap.package_code not in
		       (select package_code from ec_package_rel where relationship = 'black' and ec_code = #ecCode#)
	       <isEmpty property="count" prepend="and"><!-- 共享池 -->
	       	 ap.package_code not in ('IOT.SHARE.basislIMIT','IOT.SHARE.basislIMITDX','IOT.SHARE.addLIMIT','IOT.SHARE.addLIMITDX','IOT.CMPOOL.basislIMIT',
	       	'IOT.CMPOOL.addLIMIT','IOT.DXPOOL.basislIMIT','IOT.DXPOOL.addLIMIT','IOT.EXCMPOOL.basislIMIT','IOT.EXCMPOOL.addlIMIT','IOT.EXDXPOOL.basislIMIT',
	       	'IOT.EXDXPOOL.addLIMIT','iotprod.10086000015641','iotprod.10086000015642','iotprod.10086000015643','iotprod.10086000015644',
	       	'iotprod.10086000015644','iotprod.10086000015646')
	       </isEmpty>
	        <isEmpty property="countIden" prepend="and"><!-- 内容计费 -->
	       	 ap.package_code not in ('iotprod.10086000016332','iotprod.10086000016333','iotprod.10086000016334','iotprod.10086000016335')
	       </isEmpty>
	       	<isNotEmpty prepend="and" property="pkgType">
	          <isEqual  property="pkgType" compareValue="long">
	           ap.PKG_TYPE in('PKG_TYPE_QUARTER','PKG_TYPE_HALF_YEAR','PKG_TYPE_YEAR')
	          </isEqual>
	          <isEqual  property="pkgType" compareValue="month">
	           ap.PKG_TYPE ='PKG_TYPE_MONTH'
	          </isEqual>
	          <isEqual  property="pkgType" compareValue="refuel">
	           ap.PKG_TYPE ='PKG_TYPE_REFUEL'
	          </isEqual>
	          <isEqual  property="pkgType" compareValue="market">
	           ap.PKG_TYPE ='PKG_TYPE_MARKET'
	          </isEqual>  
	          <isEqual  property="pkgType" compareValue="limit">
	           ap.PKG_TYPE ='PKG_TYPE_LIMIT'
	          </isEqual>    
	          
	           <isEqual  property="pkgType" compareValue="flow">
	           ap.package_code in(
			        select package_code as packageCode from service_pkg 
			        where product_code = 'I00011100002'   <!-- NO-IOT流量产品包 -->
				)
	           </isEqual>
	          <isEqual  property="pkgType" compareValue="sms">
	           ap.package_code in(
			        select package_code as packageCode from service_pkg 
			        where product_code = 'I00011100005'   <!-- NO-IOT短信产品包 -->
				)
	           </isEqual>
              <isEqual  property="pkgType" compareValue="test">
	           ap.package_code in(
			        select package_code as packageCode from service_pkg 
			        where product_code = 'I00011100012'   <!-- NO-IOT成员产品包 -->
				)
	           </isEqual>    
	        </isNotEmpty> 
	        order by ap.PACKAGE_CODE
       	<include refid="pageSqlEnd"/> 
       	
       	<!-- select 
       		e.PACKAGE_CODE as pkgCode,
       		a.PACKAGE_NAME as pkgName,
       		(case when a.AMOUNT is null
       			  then 0
       			  else a.AMOUNT
       		end)as amount,
       		(case when a.UNIT_VALUE is null
       		      then 0.0
       		      else a.UNIT_VALUE
       		end)as unitValue,
       		'默认可办'	as  state
       	from EC_PACKAGE_REL e
		left join ATOMIC_PRODUCTS a on e.PACKAGE_CODE = a.PACKAGE_CODE
		where 1=1
		<isNotEmpty prepend="and" property="pkgType">
          <isEqual  property="pkgType" compareValue="long">
           a.pkg_type in('PKG_TYPE_QUARTER','PKG_TYPE_HALF_YEAR','PKG_TYPE_YEAR')
          </isEqual>
          <isEqual  property="pkgType" compareValue="month">
           a.pkg_type ='PKG_TYPE_MONTH'
          </isEqual>
          <isEqual  property="pkgType" compareValue="refuel">
           a.pkg_type ='PKG_TYPE_REFUEL'
          </isEqual>            
        </isNotEmpty> 
        <isNotEmpty prepend="and" property="ecCode">
           e.ec_code = #ecCode#
        </isNotEmpty>
        and (a.IS_DEFAULT = '1' or (
					(a.IS_IMP_APP = '0' or a.IS_IMP_APP is null) and
					(a.IS_IMP_APP = '0' or a.IS_IMP_APP is null) and 
					 a.CAN_HANDLE = '1'
				)
        	)
        -->
       
       <!-- 
        select pkgCode,
         pkgName,
         unitValue,
         amount,
         (case when status=1 then '申请中' when status=2 then '可申请' when status=3 then '申请已拒绝' else '已申请' end) state
         from(         
         select a.package_code pkgCode,
         a.package_name pkgName,
         nvl(a.unit_value,0) unitValue,
         nvl(a.amount,0) amount,
        (case when 
         exists(select 1 from ec_package_rel e where 
         a.package_code=e.package_code
         and e.RELATIONSHIP = 'white'
         and e.START_TIME <![CDATA[< ]]> sysdate
         and e.END_TIME > sysdate
         and e.state = 'ENABLED'
         <isNotEmpty prepend="and" property="ecCode">
              e.ec_code = #ecCode#
          </isNotEmpty>  )
         then '0'
         when exists(select 1 from ec_package_apply e where 
         a.package_code=e.package_code
         and e.app_status='reject'
         <isNotEmpty prepend="and" property="ecCode">
              e.ec_code = #ecCode#
          </isNotEmpty>  )
         then '3'
         when exists(select 1 from ec_package_apply e where 
         a.package_code=e.package_code
         and e.app_status='processing'
         <isNotEmpty prepend="and" property="ecCode">
              e.ec_code = #ecCode#
          </isNotEmpty>  )
         then '1'
         else '2' end) as status
         from  atomic_products a
          where a.state='ENABLED'
          and a.can_handle=1
          and a.VISIBLE=1
          <isNotEmpty prepend="and" property="pkgType">
          <isEqual  property="pkgType" compareValue="long">
           a.pkg_type in('PKG_TYPE_QUARTER','PKG_TYPE_HALF_YEAR','PKG_TYPE_YEAR')
          </isEqual>
          <isEqual  property="pkgType" compareValue="month">
           a.pkg_type ='PKG_TYPE_MONTH'
          </isEqual>
          <isEqual  property="pkgType" compareValue="refuel">
           a.pkg_type ='PKG_TYPE_REFUEL'
          </isEqual>            
          </isNotEmpty>   
          ) order by status  -->
          
    </select>
    
    
   <select id="queryPkgToConfigCount" resultClass="java.lang.Long">
   	  select count(1) 
	   <!-- from atomic_products ap,ec_package_rel er
	   where ap.package_code=er.package_code
			    and ap.STATE='ENABLED' 
			    and ap.VISIBLE='1'
			    and ap.PKG_CATEGORY='PKG_CAT_BUSINESS'  
			    and ap.BUS_CATEGORY='FLOW'   
			    and ap.CAN_HANDLE='1' 
			    and er.RELATIONSHIP='white'
			    and er.START_TIME <![CDATA[<= ]]> SYSDATE
			    and er.END_TIME <![CDATA[>= ]]> SYSDATE
			    and er.STATE='ENABLED' -->
			    from EC_PACKAGE_REL pac
			    join atomic_products ap on pac.package_code=ap.package_code 
			    where 1=1
		   and ap.state = 'ENABLED'
		   and pac.ec_code = #ecCode#
		   and (ap.is_default = '1' or ap.CAN_HANDLE = '1')
		   and ap.package_code not in
		       (select package_code from ec_package_rel where relationship = 'black' and ec_code = #ecCode#)
	       <isEmpty property="count" prepend="and"><!-- 共享池 -->
	       	 ap.package_code not in ('IOT.SHARE.basislIMIT','IOT.SHARE.basislIMITDX','IOT.SHARE.addLIMIT','IOT.SHARE.addLIMITDX','IOT.CMPOOL.basislIMIT',
	       	'IOT.CMPOOL.addLIMIT','IOT.DXPOOL.basislIMIT','IOT.DXPOOL.addLIMIT','IOT.EXCMPOOL.basislIMIT','IOT.EXCMPOOL.addlIMIT','IOT.EXDXPOOL.basislIMIT',
	       	'IOT.EXDXPOOL.addLIMIT','iotprod.10086000015641','iotprod.10086000015642','iotprod.10086000015643','iotprod.10086000015644',
	       	'iotprod.10086000015644','iotprod.10086000015646')
	       </isEmpty>
	        <isEmpty property="countIden" prepend="and"><!-- 内容计费 -->
	       	 ap.package_code not in ('iotprod.10086000016332','iotprod.10086000016333','iotprod.10086000016334','iotprod.10086000016335')
	       </isEmpty>
	       <isNotEmpty prepend="and" property="pkgType">
	          <isEqual  property="pkgType" compareValue="long">
	           ap.PKG_TYPE in('PKG_TYPE_QUARTER','PKG_TYPE_HALF_YEAR','PKG_TYPE_YEAR')
	          </isEqual>
	          <isEqual  property="pkgType" compareValue="month">
	           ap.PKG_TYPE ='PKG_TYPE_MONTH'
	          </isEqual>
	          <isEqual  property="pkgType" compareValue="refuel">
	           ap.PKG_TYPE ='PKG_TYPE_REFUEL'
	          </isEqual>   
	          <isEqual  property="pkgType" compareValue="market">
	           ap.PKG_TYPE ='PKG_TYPE_MARKET'
	          </isEqual> 
	          <isEqual  property="pkgType" compareValue="limit">
	           ap.PKG_TYPE ='PKG_TYPE_LIMIT'
	          </isEqual> 
	          
	           <isEqual  property="pkgType" compareValue="flow">
	           ap.package_code in(
			        select package_code as packageCode from service_pkg 
			        where product_code = 'I00011100002'   <!-- NO-IOT流量产品包 -->
				)
	           </isEqual>
	          <isEqual  property="pkgType" compareValue="sms">
	           ap.package_code in(
			        select package_code as packageCode from service_pkg 
			        where product_code = 'I00011100005'   <!-- NO-IOT短信产品包 -->
				)
	           </isEqual>
              <isEqual  property="pkgType" compareValue="test">
	           ap.package_code in(
			        select package_code as packageCode from service_pkg 
			        where product_code = 'I00011100012'   <!-- NO-IOT成员产品包 -->
				)
	           </isEqual>    
	        </isNotEmpty> 
	        <!-- <isNotEmpty prepend="and" property="ecCode">
	           er.ec_code = #ecCode#
	        </isNotEmpty> -->
  <!--  select count(1) from
          atomic_products a
          where a.state='ENABLED'
          and a.can_handle=1
          and a.VISIBLE=1
          <isNotEmpty prepend="and" property="pkgType">
          <isEqual  property="pkgType" compareValue="long">
           a.pkg_type in('PKG_TYPE_QUARTER','PKG_TYPE_HALF_YEAR','PKG_TYPE_YEAR')
          </isEqual>
          <isEqual  property="pkgType" compareValue="month">
           a.pkg_type ='PKG_TYPE_MONTH'
          </isEqual>
          <isEqual  property="pkgType" compareValue="refuel">
           a.pkg_type ='PKG_TYPE_REFUEL'
          </isEqual>             
          </isNotEmpty>   -->
        </select>
        
        <update id="insertEcPkgApply" parameterClass="com.lenovo.iotpro3.vo.tariff.PackageApplyVo">
        insert into  ec_package_apply(
               ec_code,                
               package_code, 
               app_status,
               state_time              
            ) values(#ecCode# ,
                #pkgCode#,
                #appStatus#,
                #stateTime#
                )
    </update>
    
    
      <select id="queryPkgExport" resultClass="com.lenovo.iotpro3.vo.tariff.PackageConfigVo" >
      	select ap.PACKAGE_CODE as pkgCode,
		       ap.PACKAGE_NAME as pkgName,
		       (case
		         when ap.AMOUNT is null then
		          0
		         else
		          ap.AMOUNT
		       end) as amount,
		       (case
		         when ap.UNIT_VALUE is null then
		          0.0
		         else
		          ap.UNIT_VALUE
		       end) as unitValue,
		       (case
         when ap.unit = 'min' then
          '分钟'
         when ap.unit = '分钟' then
          '分钟'
         when ap.unit = '条' then
          '条'
         when ap.unit = 'item' then
          '条'
         when ap.unit = 'M' then
          'M'
         when ap.unit = 'MB' then
          'M'
         when ap.unit = 'G' then
          'G'
         when ap.unit = 'GB' then
          'G'
         else
          ap.unit
       end) as unit,
		       '默认可办' as state
		  from EC_PACKAGE_REL pac
      	  join atomic_products ap on pac.package_code=ap.package_code
      	   where 1=1
		   and ap.state = 'ENABLED'
		   and pac.ec_code = #ecCode#
		   and (ap.is_default = '1' or ap.CAN_HANDLE = '1')
		   and ap.package_code not in
		       (select package_code from ec_package_rel where relationship = 'black' and ec_code = #ecCode#)
		     
		     <isEmpty property="count" prepend="and"><!-- 共享池 -->
	       	 ap.package_code not in ('IOT.SHARE.basislIMIT','IOT.SHARE.basislIMITDX','IOT.SHARE.addLIMIT','IOT.SHARE.addLIMITDX','IOT.CMPOOL.basislIMIT',
	       	'IOT.CMPOOL.addLIMIT','IOT.DXPOOL.basislIMIT','IOT.DXPOOL.addLIMIT','IOT.EXCMPOOL.basislIMIT','IOT.EXCMPOOL.addlIMIT','IOT.EXDXPOOL.basislIMIT',
	       	'IOT.EXDXPOOL.addLIMIT','iotprod.10086000015641','iotprod.10086000015642','iotprod.10086000015643','iotprod.10086000015644',
	       	'iotprod.10086000015644','iotprod.10086000015646')
	       </isEmpty>
	        <isEmpty property="countIden" prepend="and"><!-- 内容计费 -->
	       	 ap.package_code not in ('iotprod.10086000016332','iotprod.10086000016333','iotprod.10086000016334','iotprod.10086000016335')
	       </isEmpty>
	       
	       	<isNotEmpty prepend="and" property="pkgType">
	          <isEqual  property="pkgType" compareValue="long">
	           ap.PKG_TYPE in('PKG_TYPE_QUARTER','PKG_TYPE_HALF_YEAR','PKG_TYPE_YEAR')
	          </isEqual>
	          <isEqual  property="pkgType" compareValue="month">
	           ap.PKG_TYPE ='PKG_TYPE_MONTH'
	          </isEqual>
	          <isEqual  property="pkgType" compareValue="refuel">
	           ap.PKG_TYPE ='PKG_TYPE_REFUEL'
	          </isEqual>
	          <isEqual  property="pkgType" compareValue="market">
	           ap.PKG_TYPE ='PKG_TYPE_MARKET'
	          </isEqual>   
	           <isEqual  property="pkgType" compareValue="limit">
	           ap.PKG_TYPE ='PKG_TYPE_LIMIT'
	          </isEqual>  
	          
	           <isEqual  property="pkgType" compareValue="flow">
	           ap.package_code in(
			        select package_code as packageCode from service_pkg 
			        where product_code = 'I00011100002'   <!-- NO-IOT流量产品包 -->
				)
	           </isEqual>
	          <isEqual  property="pkgType" compareValue="sms">
	           ap.package_code in(
			        select package_code as packageCode from service_pkg 
			        where product_code = 'I00011100005'   <!-- NO-IOT短信产品包 -->
				)
	           </isEqual>
              <isEqual  property="pkgType" compareValue="test">
	           ap.package_code in(
			        select package_code as packageCode from service_pkg 
			        where product_code = 'I00011100012'   <!-- NO-IOT成员产品包 -->
				)
	           </isEqual>    
	        </isNotEmpty>
	        order by ap.PACKAGE_CODE
      	<!-- select ap.PACKAGE_CODE as pkgCode,
			   ap.PACKAGE_NAME as pkgName,
			  (case when ap.AMOUNT is null
       			  then 0
       			  else ap.AMOUNT
       		  end)as amount,
       		  (case when ap.UNIT_VALUE is null
       		      then 0.0
       		      else ap.UNIT_VALUE
       		  end)as unitValue,
       		 '默认可办'	as  state
	   from atomic_products ap,ec_package_rel er
	   where ap.package_code=er.package_code
			    and ap.STATE='ENABLED' 
			    and ap.VISIBLE='1'
			    and ap.PKG_CATEGORY='PKG_CAT_BUSINESS'  
			    and ap.BUS_CATEGORY='FLOW'   
			    and ap.CAN_HANDLE='1' 
			    and er.RELATIONSHIP='white'
			    and er.START_TIME <![CDATA[<= ]]> SYSDATE
			    and er.END_TIME <![CDATA[>= ]]> SYSDATE
			    and er.STATE='ENABLED'
	       	<isNotEmpty prepend="and" property="pkgType">
	          <isEqual  property="pkgType" compareValue="long">
	           ap.PKG_TYPE in('PKG_TYPE_QUARTER','PKG_TYPE_HALF_YEAR','PKG_TYPE_YEAR')
	          </isEqual>
	          <isEqual  property="pkgType" compareValue="month">
	           ap.PKG_TYPE ='PKG_TYPE_MONTH'
	          </isEqual>
	          <isEqual  property="pkgType" compareValue="refuel">
	           ap.PKG_TYPE ='PKG_TYPE_REFUEL'
	          </isEqual>   
	          <isEqual  property="pkgType" compareValue="flow">
	           ap.package_code in(
			        select package_code as packageCode from service_pkg 
			        where product_code = 'I00011100002'   NO-IOT流量产品包
				)
	           </isEqual>
	          <isEqual  property="pkgType" compareValue="sms">
	           ap.package_code in(
			        select package_code as packageCode from service_pkg 
			        where product_code = 'I00011100005'   NO-IOT短信产品包
				)
	           </isEqual>
              <isEqual  property="pkgType" compareValue="test">
	           ap.package_code in(
			        select package_code as packageCode from service_pkg 
			        where product_code = 'I00011100012'   NO-IOT成员产品包
				)
	           </isEqual>         
	        </isNotEmpty> 
	        <isNotEmpty prepend="and" property="ecCode">
	           er.ec_code = #ecCode#
	        </isNotEmpty> -->
      	
      
         <!-- select pkgCode,
         pkgName,
         unitValue,
         amount,
         (case when status=1 then '申请中' when status=2 then '可申请' when status=3 then '申请已拒绝' else '已申请' end) state
         from(         
         select a.package_code pkgCode,
         a.package_name pkgName,
         nvl(a.unit_value,0) unitValue,
         nvl(a.amount,0) amount,
        (case when 
         exists(select 1 from ec_package_rel e where 
         a.package_code=e.package_code
         and e.RELATIONSHIP = 'white'
         and e.START_TIME <![CDATA[< ]]> sysdate
         and e.END_TIME > sysdate
         and e.state = 'ENABLED'
         <isNotEmpty prepend="and" property="ecCode">
              e.ec_code = #ecCode#
          </isNotEmpty>  )
         then '0'
         when exists(select 1 from ec_package_apply e where 
         a.package_code=e.package_code
         and e.app_status='reject'
         <isNotEmpty prepend="and" property="ecCode">
              e.ec_code = #ecCode#
          </isNotEmpty>  )
         then '3'
         when exists(select 1 from ec_package_apply e where 
         a.package_code=e.package_code
         and e.app_status='processing'
         <isNotEmpty prepend="and" property="ecCode">
              e.ec_code = #ecCode#
          </isNotEmpty>  )
         then '1'
         else '2' end) as status
         from  atomic_products a
          where a.state='ENABLED'
          and a.can_handle=1
          and a.VISIBLE=1
          <isNotEmpty prepend="and" property="pkgType">
          <isEqual  property="pkgType" compareValue="long">
           a.pkg_type in('PKG_TYPE_QUARTER','PKG_TYPE_HALF_YEAR','PKG_TYPE_YEAR')
          </isEqual>
          <isEqual  property="pkgType" compareValue="month">
           a.pkg_type ='PKG_TYPE_MONTH'
          </isEqual>
          <isEqual  property="pkgType" compareValue="refuel">
           a.pkg_type ='PKG_TYPE_REFUEL'
          </isEqual>            
          </isNotEmpty>   
          ) order by status  -->
    </select>

</sqlMap>