<?xml version="1.0" encoding="UTF-8"?>

<!DOCTYPE sqlMap
 PUBLIC "-//ibatis.apache.org//DTD SQL Map 2.0//EN"
 "http://ibatis.apache.org/dtd/sql-map-2.dtd">

<sqlMap>
	<select id="ecManageMsisdn2017" resultClass="java.util.HashMap"
		resultSetType="SCROLL_INSENSITIVE">
		select msisdn,LOGIN_NAME from pro_users where
		ec_id=#ec_id# and type='1' and
		msisdn is not null
	</select>

	<select id="ecManageMsisdnByLoginName" resultClass="java.util.HashMap"
		resultSetType="SCROLL_INSENSITIVE">
		select msisdn,LOGIN_NAME from pro_users where
		ec_id=#ec_id# and
		LOGIN_NAME=#loginName# and msisdn is not null
	</select>
	
	<select id="checkLegalMsisdnByLoginName" resultClass="java.util.HashMap"
		resultSetType="SCROLL_INSENSITIVE">
		select msisdn,LOGIN_NAME from pro_users where LOGIN_NAME=#loginName# and msisdn = #msisdn# and rownum = 1
	</select>

	<select id="findSmsListToSend2017" resultClass="HashMap"
		resultSetType="SCROLL_INSENSITIVE">
		select * from (
		select a.*,rownum rn from(
		select sn.msisdn,sn.content
		from sms_notify sn
		where sn.state = 'NO'
		<isNotEmpty prepend="and" property="now">
			<!-- nvl(sn.tosend_date,sn.create_date) <![CDATA[<=]]> #now# -->
			sn.tosend_date <![CDATA[<=]]>
			#now#
		</isNotEmpty>
		order by sn.priority,sn.sms_id
		)a where rownum <![CDATA[<=]]>
		10
		)where rn > 0
	</select>

	<update id="updateSmsSendInfo2017" parameterClass="HashMap">
		update
		sms_notify sn
		set sn.state = #state#, sn.notify_date = #notifyDate#,
		sn.retry_times =
		#replyTimes#
		where sn.msisdn = #msisdn#
	</update>
	
	<insert id="insertSmsNotify2017" parameterClass="com.lenovo.iotpro.entity.SmsNotify">
		insert into
		sms_notify(sms_id, msisdn, content, create_date, state, notify_date,
		way, tosend_date)
		values(SEQ_SMS_NOTIFY.NEXTVAL,#msisdn#,#content#,#createDate#,#state#,#notifyDate#,#way#,#tosendDate#)
	</insert>

	<select id="getAdminMsisdn" resultClass="java.util.HashMap"
		resultSetType="SCROLL_INSENSITIVE">
		select msisdn,LOGIN_NAME from pro_users where TYPE = '0'
		and msisdn is not
		null
	</select>

	<select id="findMailListToSend" resultClass="HashMap"
		resultSetType="SCROLL_INSENSITIVE">
		select *
		  from (select a.*, rownum rn
		          from (select m.MAIL, m.CONTENT, m.mail_id as MAILID
		                  from mail_notify m
		                 where m.state = 'NO' and m.tosend_date <![CDATA[<=]]> sysdate
		                 order by m.priority, m.MAIL_ID) a
		         where rownum <![CDATA[<=]]> 10)
		 where rn > 0
	</select>
	
	<!-- 获取所有集团编号-->
	<select id="findGroupEccode" resultClass="HashMap"
		resultSetType="SCROLL_INSENSITIVE">
		select ec_code from enterprise_customer
	</select>
	<!-- 获取集团套餐信息 -->
	<select id="findGroupPkgInfo" resultClass="HashMap"
		resultSetType="SCROLL_INSENSITIVE">
		select distinct a.PACKAGE_CODE,p.PACKAGE_NAME,p.BUS_CATEGORY from (
	      select PACKAGE_CODE from M2M_GRPMEM where ec_code = #ecCode#
	      union 
	      select PACKAGE_CODE from M2M_PER_PKG where STATE = 'ENABLED'and MSISDN in (select msisdn from m2m_person where STATE = 'ENABLED' and ec_code = #ecCode#)
	      ) a
	    left join atomic_products p
	    on a.PACKAGE_CODE = p.PACKAGE_CODE
	    where p.PACKAGE_NAME is not null
	</select>
	<!-- 获取集团Apn信息 -->
	<select id="findGroupApnInfo" resultClass="java.lang.String"
		resultSetType="SCROLL_INSENSITIVE">
		select distinct apn_name from (
		      select distinct a.apn_name from MAC_CONNECT_INFO a
		        where a.apn_name is not null and exists(select 1 from mac_card where ec_code = #ecCode# and msisdn = a.msisdn)
		      union all
		      select distinct b.apn_name from NB_CONNECT_INFO b
		        where b.apn_name is not null and exists(select 1 from nb_card where ec_code = #ecCode# and msisdn = b.msisdn)
		      union all
		      select distinct c.apn_name from IOV_CONNECT_INFO c
		        where c.apn_name is not null and exists(select 1 from iov_card where ec_code = #ecCode# and msisdn = c.msisdn)
		        union all
          select distinct d.apn_name from WLW_CONNECT_INFO d
            where d.apn_name is not null and exists(select 1 from WLW_card where ec_code = #ecCode# and msisdn = d.msisdn)
		      union all
		      select apn_name from (
		          select distinct e.apn_name from PRI_PKG_9105 e
		            where e.apn_name is not null and exists(select 1 from card_9105 where ec_code = #ecCode# and msisdn = e.msisdn)
		          union all
		          select distinct f.apn_name from FUNC_PKG_9105 f
		            where f.apn_name is not null and exists(select 1 from card_9105 where ec_code = #ecCode# and msisdn = f.msisdn)
		          union all
		          select distinct g.apn_name from OTH_PKG_9105 g
		            where g.apn_name is not null and exists(select 1 from card_9105 where ec_code = #ecCode# and msisdn = g.msisdn)
		            union all
              select distinct h.apn_name from WLW_PRI_PKG h
                where h.apn_name is not null and exists(select 1 from card_9105 where ec_code = #ecCode# and msisdn = h.msisdn)
		        )
      	)
		
		<!-- select distinct apn_name from (
			select distinct apn_name from MAC_CONNECT_INFO 
				where apn_name is not null and msisdn in (select msisdn from mac_card where ec_code = #ecCode#)
			union
			select distinct apn_name from NB_CONNECT_INFO 
				where apn_name is not null and msisdn in (select msisdn from nb_card where ec_code = #ecCode#)
			union
			select distinct apn_name from IOV_CONNECT_INFO 
				where apn_name is not null and msisdn in (select msisdn from iov_card where ec_code = #ecCode#)
			union 
			select distinct apn_name from (
					select distinct apn_name from PRI_PKG_9105 
						where apn_name is not null and msisdn in (select msisdn from card_9105 where ec_code = #ecCode#)
					union
					select distinct apn_name from FUNC_PKG_9105 
						where apn_name is not null and msisdn in (select msisdn from card_9105 where ec_code = #ecCode#)
					union
					select distinct apn_name from OTH_PKG_9105 
						where apn_name is not null and msisdn in (select msisdn from card_9105 where ec_code = #ecCode#)
				)
			) -->
		
		
			<!-- select distinct apn_name from m2m_grpmem where ec_code = #ecCode# and 
			package_code in ('I00010100035','I00010100085','I00010100092','I00010100093')
			AND STATE = 'ENABLED'
			and APN_NAME is not null
			union 
			select distinct apn_name from M2M_PER_PKG where  
			package_code in ('I00010100035','I00010100085','I00010100092','I00010100093')
			AND STATE = 'ENABLED'
			and APN_NAME is not null
			and msisdn in (select msisdn from m2m_person partition (M2M_PERSON_PARTITION$part$) where ec_code = #ecCode#)
			union 
			select distinct apn_name from m2m_apn_info
			where STATE = 'ENABLED' and APN_NAME is not null
			and msisdn in (select msisdn from m2m_person partition (M2M_PERSON_PARTITION$part$) where ec_code = #ecCode#)  -->
			
			
			<!-- SELECT
				MP.APN_NAME
			FROM m2m_apn_info MP
			WHERE MP.START_TIME <![CDATA[<= ]]>SYSDATE
			AND MP.END_TIME >= SYSDATE
			AND MP.STATE = 'ENABLED'
			and MP.APN_NAME is not null
			and exists (select 1 from M2M_PERSON
			partition(M2M_PERSON_PARTITION$part$) p
			WHERE p.STATE='ENABLED'
			and p.msisdn = mp.msisdn
			and p.ec_code = #ecCode#
			)
			and mp.package_code in
			('I00010100035','I00010100085','I00010100092','I00010100093')
			group by MP.APN_NAME -->
	</select>
	<!-- 新增 集团套餐信息-->
	<insert id="insertGroupPkgInfo" parameterClass="HashMap">
		insert into group_pkg_info(EC_CODE,PACKAGE_CODE,PACKAGE_NAME,EXPIRY_DATE,BUS_CATEGORY)values(
		#ecCode#,
		#packageCode#,
		#packageNmae#,
		0,
		#busCategory#
		)
	</insert>
	<!-- 新增 集团APN信息-->
	<insert id="insertGroupApnInfo" parameterClass="HashMap">
		insert into group_apn_info(EC_CODE,APN_NAME)values(
		#ecCode#,
		#anpName#
		)
	</insert>
	<!-- 清空集团套餐信息 -->
	<delete id="deleteGroupPkgInfo">
		delete GROUP_PKG_INFO
	</delete>
	<!-- 清空集团APN信息 -->
	<delete id="deleteGroupApnInfo">
		delete GROUP_APN_INFO where ec_code = #ecCode#
	</delete>
	<!-- 查询集团套餐信息就否存在 -->
	<select id="findGroupPkgIfXxistence" resultClass="java.lang.Long">
		select count(1) from GROUP_PKG_INFO where EC_CODE=#ecCode# and PACKAGE_CODE=#packageCode#
	</select>
	<!-- 查询集团Apn信息就否存在 -->
	<select id="findGroupApnIfXxistence" resultClass="java.lang.Long">
		select count(1) from GROUP_APN_INFO where EC_CODE=#ecCode# and APN_NAME=#anpName#
	</select>
	<update id="updateMailSendInfo" parameterClass="HashMap">
	 	update mail_notify set state = #state#, notify_date = sysdate, retry_times = #replyTimes#
	 	where mail_id = #mailId#
	</update>

</sqlMap>
