<?xml version="1.0" encoding="UTF-8"?>

<!DOCTYPE sqlMap
 PUBLIC "-//ibatis.apache.org//DTD SQL Map 2.0//EN"
 "http://ibatis.apache.org/dtd/sql-map-2.dtd">

<sqlMap>

<sql id="wherestr">
		
         <isNotEmpty prepend="and" property="ecCode">
             mi.ec_code = #ecCode#
         </isNotEmpty>
         <isNotEmpty prepend="and" property="msisdn">
             mi.msisdn like '%'||#msisdn#||'%' 
         </isNotEmpty>
         <isNotEmpty prepend="and" property="msisdnAndSoOn">
			(mi.msisdn LIKE '%'|| #msisdnAndSoOn# ||'%'
			OR mi.iccid LIKE '%'|| #msisdnAndSoOn# ||'%' 
			OR mi.imei LIKE '%'|| #msisdnAndSoOn# ||'%'
			OR mi.imsi LIKE '%'|| #msisdnAndSoOn# ||'%')
		</isNotEmpty>
         <isNotEmpty prepend="and" property="runCode">
            mi.life_cycle=#runCode#
       </isNotEmpty> 
       <isEqual property="mainType" compareValue="4"><!-- 和对讲HDJ -->
			and mi.card_type='HDJ'
		</isEqual>
       <isNotEmpty prepend="and" property="openTimeStart">
           to_char(open_time,'yyyy-mm-dd hh24:mi:ss') <![CDATA[>= ]]> #openTimeStart# 
        </isNotEmpty>
        
        <isNotEmpty prepend="and" property="openTimeEnd">
           to_char(open_time,'yyyy-mm-dd hh24:mi:ss') <![CDATA[<= ]]> #openTimeEnd# 
        </isNotEmpty>
        
        <isNotEmpty prepend="and" property="activeTimeStart">
           to_char(activate_date,'yyyy-mm-dd hh24:mi:ss') <![CDATA[>= ]]> #activeTimeStart# 
        </isNotEmpty>
        
         <isNotEmpty prepend="and" property="activeTimeEnd">
           to_char(activate_date,'yyyy-mm-dd hh24:mi:ss') <![CDATA[<= ]]> #activeTimeEnd# 
        </isNotEmpty>
        
        <isNotEmpty  prepend="and" property="onoffState">
        <isEqual property="onoffState" compareValue="on" >
        	 mi.life_cycle='NORMAL'
              <!-- (mi.run_code = 'US10' 
              and not exists(
              				    select 1
	                            from MAC_PRI_PKG m, atomic_products a
	                            where m.package_code = a.package_code
	                            and m.state = 'ENABLED'
	                            and a.pkg_type = 'PKG_TYPE_TEST'
	                            and m.msisdn = mi.msisdn
               				union
              					select 1
	                            from IOV_PRI_PKG m, atomic_products a
	                            where m.package_code = a.package_code
	                            and m.state = 'ENABLED'
	                            and a.pkg_type = 'PKG_TYPE_TEST'
	                            and m.msisdn = mi.msisdn
              				union
              					select 1
	                            from NB_PRI_PKG m, atomic_products a
	                            where m.package_code = a.package_code
	                            and m.state = 'ENABLED'
	                            and a.pkg_type = 'PKG_TYPE_TEST'
	                            and m.msisdn = mi.msisdn
	                        union
              					select 1
	                            from PRI_PKG_9105 m, atomic_products a
	                            where m.package_code = a.package_code
	                            and m.state = 'ENABLED'
	                            and a.pkg_type = 'PKG_TYPE_TEST'
	                            and m.msisdn = mi.msisdn
                            ) 
                  ) -->
           </isEqual>
           <isEqual property="onoffState" compareValue="off" >
           <!--  mi.run_code = 'US30' -->
           mi.life_cycle='STOP'
         </isEqual>
        </isNotEmpty>
       
</sql>


<select id="queryTypeByMsisdn" resultClass="com.lenovo.iotpro3.vo.tariff.StatusInfoVo" resultSetType="SCROLL_INSENSITIVE">  
	select decode(TYPE,'0','预约开机','1','预约停机','') as type , PLAN_EXEC_DATE as planExecDate,IOT_CLOUD_ORDER as iotCloudOrder from (
		select TYPE,PLAN_EXEC_DATE,IOT_CLOUD_ORDER from BUSINESS_RESERVE where STATE not in ('3') 
			 and (PLAN_EXEC_DATE <![CDATA[>= ]]> sysdate OR PLAN_EXEC_DATE IS NULL)
		 	 <!-- and TYPE not in '2' -->
		<isNotEmpty prepend="and" property="msisdn">
           msisdn like '%'||#msisdn#||'%' 
        </isNotEmpty>
		order by START_PROCESSS_TIME desc
	) where rownum = 1
</select>

<select id="queryMsisdnByBussiness" resultClass="java.lang.String" resultSetType="SCROLL_INSENSITIVE">  
	
	select msisdn from BUSINESS_RESERVE where STATE not in ('3','4') 
		and PLAN_EXEC_DATE <![CDATA[>= ]]> sysdate 
		and TYPE not in '2'
	 <isNotEmpty prepend="and" property="ecCode">
          msisdn in (select msisdn from <include refid="queryMsisdn_1"/> where state='ENABLED' and ec_code = #ecCode#
          				<isEqual property="mainType" compareValue="4"><!-- 和对讲HDJ -->
							and card_type='HDJ'
						</isEqual>)
     </isNotEmpty>
     <isNotEmpty prepend="and" property="preTimeStart">
       to_char(PLAN_EXEC_DATE,'yyyy-mm-dd hh24:mi:ss') <![CDATA[>= ]]> #preTimeStart# 
     </isNotEmpty>
     <isNotEmpty prepend="and" property="preTimeEnd">
       to_char(PLAN_EXEC_DATE,'yyyy-mm-dd hh24:mi:ss') <![CDATA[<= ]]> #preTimeEnd# 
     </isNotEmpty>
</select>



<select id="exportReserveList" resultClass="java.util.HashMap" resultSetType="SCROLL_INSENSITIVE">         
	 select mi.msisdn , 
	 		decode(mi.type,'0','预约开 机','1','预约停机','2','预约取消','-') as type ,
	        to_char(mi.START_PROCESSS_TIME,'yyyy-MM-dd HH24:mi:ss') as startProcessTime , 
	        to_char(mi.PLAN_EXEC_DATE,'yyyy-MM-dd HH24:mi:ss') as planExecDate ,
	        decode(mi.state ,'0','未提交','1','已提交','2','处理成功','3','处理失败','4','预约已取消','-') as state ,
	 		decode(mi.lifeCycle, 'TEST', '测试期', 'SILENT', '沉默期', 'NORMAL', '正使用', 'STOP', '停机', 'PRECLOSE', '预约销户', 'CANCEL', '销户',
     			'STOCK', '库存期', 'FREEZING', '冷冻期',  'OTHERS', '其他', '-')as lifeCycle,
     		decode(mi.lifeCycle,'NORMAL', '开机', 'STOP', '停机','-') as runCode,
     		case when mi.lifeCycle = 'STOP' 
     			then (select case when stop_type = '1' then '用户主动申请停机'
     						when stop_type = '2' then 'APN级停机'
     						when stop_type = '3' then '语音级停机'
     						when stop_type = '4' then 'servID级别停机'
     						when stop_type = '5' then '机卡分离停机'
     						when stop_type = '6' then '高危敏感停机'
     						when stop_type = '7' then '用户区域限制强制停机'
     						when stop_type = '8' then '用户级流量达量停机'
     						when stop_type = '9' then '管理停机'
     						else '-' end as stop_type
     				from NUM_STOP_LOCK where msisdn = mi.msisdn and rownum = 1)
           else '-' end as stopType
	 from (
		select br.MSISDN , br.TYPE , br.START_PROCESSS_TIME , br.PLAN_EXEC_DATE , br.STATE ,
			(select max(life_cycle) from <include refid="queryMsisdn_1"/> mp where mp.msisdn = br.msisdn
			<isEqual property="mainType" compareValue="4"><!-- 和对讲HDJ -->
				and mp.card_type='HDJ'
			</isEqual>) as lifeCycle
		from BUSINESS_RESERVE br
		<!-- where br.STATE in ('2','3') and TYPE not in '2' -->
		)mi where 1=1 
	  <isNotEmpty prepend="and" property="ecCode">
          mi.msisdn in (select msisdn from <include refid="queryMsisdn_1"/> where state='ENABLED' and ec_code = #ecCode#
          <isEqual property="mainType" compareValue="4"><!-- 和对讲HDJ -->
				and card_type='HDJ'
			</isEqual>)
       </isNotEmpty>
       <isNotEmpty prepend="and" property="runCode">
            mi.lifeCycle=#runCode#
       </isNotEmpty>
       <!-- 子账户显示选定部门下的卡信息 -->
	    <isEqual property="rightType" compareValue="2">
	    	and exists (select 1  from pro_asset b where mi.msisdn=b.msisdn and b.dept_id in (<include refid="findDeptIdsByUserRights"/>))
	    </isEqual>        
       <isNotEmpty prepend="and" property="msisdn">
           mi.msisdn like '%'||trim(#msisdn#)||'%' 
       </isNotEmpty>
 	 <isNotEmpty  prepend="and" property="onoffState">
        <isEqual property="onoffState" compareValue="on" >
             mi.lifeCycle = 'NORMAL'
           </isEqual>
           <isEqual property="onoffState" compareValue="off" >
            mi.lifeCycle = 'STOP'
         </isEqual>
        </isNotEmpty>
 	<isNotEmpty prepend="and" property="subTimeStart">
       to_char(mi.START_PROCESSS_TIME,'yyyy-mm-dd hh24:mi:ss') <![CDATA[>= ]]> #subTimeStart# 
    </isNotEmpty>
    <isNotEmpty prepend="and" property="subTimeEnd">
       to_char(mi.START_PROCESSS_TIME,'yyyy-mm-dd hh24:mi:ss') <![CDATA[<= ]]> #subTimeEnd# 
    </isNotEmpty>
    <isNotEmpty prepend="and" property="preTimeStart">
       to_char(mi.PLAN_EXEC_DATE,'yyyy-mm-dd hh24:mi:ss') <![CDATA[>= ]]> #preTimeStart# 
    </isNotEmpty>
    <isNotEmpty prepend="and" property="preTimeEnd">
       to_char(mi.PLAN_EXEC_DATE,'yyyy-mm-dd hh24:mi:ss') <![CDATA[<= ]]> #preTimeEnd# 
    </isNotEmpty>
</select>


<select id="queryReserveList" resultClass="com.lenovo.iotpro3.vo.tariff.StatusInfoVo" resultSetType="SCROLL_INSENSITIVE">         
	 <include refid="pageSqlStart"/>
	 select mi.msisdn ,mi.iccid,IOT_AES_CRYPT(mi.msisdn, 1) as encryptData, 
	 		decode(mi.type,'0','预约开机','1','预约停机','2','预约取消','-') as type ,
	        mi.START_PROCESSS_TIME as startProcessTime , mi.PLAN_EXEC_DATE as planExecDate ,
	        decode(mi.state ,'0','未提交','1','已提交','2','处理成功','3','处理失败','4','预约已取消','-') as state ,
	 	decode(mi.lifeCycle, 'TEST', '测试期', 'SILENT', '沉默期', 'NORMAL', '正使用', 'STOP', '停机', 'PRECLOSE', '预约销户', 'CANCEL', '销户',
     	'STOCK', '库存期', 'FREEZING', '冷冻期', 'OTHERS', '其他', '-')as runCode,
	 		case when mi.lifeCycle = 'STOP' then (select stop_type from NUM_STOP_LOCK where msisdn = mi.msisdn and rownum = 1)
           else '-' end as stopType
	 from (
		select br.MSISDN ,m.iccid,m.imei,m.imsi, br.TYPE , br.START_PROCESSS_TIME , br.PLAN_EXEC_DATE , br.STATE ,
			(select max(life_cycle) from <include refid="queryMsisdn_1"/> mp where mp.msisdn = br.msisdn
			<isEqual property="mainType" compareValue="4"><!-- 和对讲HDJ -->
				and mp.card_type='HDJ'
			</isEqual>) as lifeCycle
		from BUSINESS_RESERVE br
		<!-- where br.STATE in ('2','3') and TYPE not in '2' -->
		left join <include refid="queryMsisdn_1"/> m
            on m.msisdn = br.msisdn) mi where 1=1 
	  <isNotEmpty prepend="and" property="ecCode">
          mi.msisdn in (select msisdn from <include refid="queryMsisdn_1"/> where state='ENABLED' and ec_code = #ecCode#
          <isEqual property="mainType" compareValue="4"><!-- 和对讲HDJ -->
				and card_type='HDJ'
			</isEqual>)
       </isNotEmpty>
       <isNotEmpty prepend="and" property="runCode">
            mi.lifeCycle=#runCode#
       </isNotEmpty> 
       <!-- 子账户显示选定部门下的卡信息 -->
	    <isEqual property="rightType" compareValue="2">
	    	and exists (select 1  from pro_asset b where mi.msisdn=b.msisdn and b.dept_id in (<include refid="findDeptIdsByUserRights"/>))
	    </isEqual>
       <isNotEmpty prepend="and" property="msisdn">
           mi.msisdn like '%'||trim(#msisdn#)||'%' 
       </isNotEmpty>
        <isNotEmpty prepend="and" property="msisdnAndSoOn">
			(mi.msisdn LIKE '%'|| #msisdnAndSoOn# ||'%'
			OR mi.iccid LIKE '%'|| #msisdnAndSoOn# ||'%' 
			OR mi.imei LIKE '%'|| #msisdnAndSoOn# ||'%'
			OR mi.imsi LIKE '%'|| #msisdnAndSoOn# ||'%')
		</isNotEmpty>	       
 	 <isNotEmpty  prepend="and" property="onoffState">
        <isEqual property="onoffState" compareValue="on" >
             mi.lifeCycle = 'NORMAL'
           </isEqual>
           <isEqual property="onoffState" compareValue="off" >
            mi.lifeCycle = 'STOP'
         </isEqual>
        </isNotEmpty>
 	<isNotEmpty prepend="and" property="subTimeStart">
       to_char(mi.START_PROCESSS_TIME,'yyyy-mm-dd hh24:mi:ss') <![CDATA[>= ]]> #subTimeStart# 
    </isNotEmpty>
    <isNotEmpty prepend="and" property="subTimeEnd">
       to_char(mi.START_PROCESSS_TIME,'yyyy-mm-dd hh24:mi:ss') <![CDATA[<= ]]> #subTimeEnd# 
    </isNotEmpty>
    <isNotEmpty prepend="and" property="preTimeStart">
       to_char(mi.PLAN_EXEC_DATE,'yyyy-mm-dd hh24:mi:ss') <![CDATA[>= ]]> #preTimeStart# 
    </isNotEmpty>
    <isNotEmpty prepend="and" property="preTimeEnd">
       to_char(mi.PLAN_EXEC_DATE,'yyyy-mm-dd hh24:mi:ss') <![CDATA[<= ]]> #preTimeEnd# 
    </isNotEmpty>
 	<include refid="pageSqlEnd"/>

</select>


 <select id="queryReserveCount" resultClass="java.lang.Long">
	 select  count(1)
	 from (
		select br.MSISDN ,m.iccid,m.imei,m.imsi, br.TYPE , br.START_PROCESSS_TIME , br.PLAN_EXEC_DATE , br.STATE ,
			(select max(life_cycle) from <include refid="queryMsisdn_1"/> mp where mp.msisdn = br.msisdn
			<isEqual property="mainType" compareValue="4"><!-- 和对讲HDJ -->
				and mp.card_type='HDJ'
			</isEqual>) as lifeCycle
		from BUSINESS_RESERVE br
		<!-- where br.STATE in ('2','3') and TYPE not in '2' -->
		left join <include refid="queryMsisdn_1"/> m
            on m.msisdn = br.msisdn) mi where 1=1 
 	  <isNotEmpty prepend="and" property="ecCode">
	     mi.msisdn in (select msisdn from <include refid="queryMsisdn_1"/> where state='ENABLED' and ec_code = #ecCode#
	     <isEqual property="mainType" compareValue="4"><!-- 和对讲HDJ -->
			and card_type='HDJ'
		</isEqual>)
	  </isNotEmpty>
	  <isNotEmpty prepend="and" property="msisdn">
	      mi.msisdn like '%'||trim(#msisdn#)||'%' 
	  </isNotEmpty> 
		<isNotEmpty prepend="and" property="msisdnAndSoOn">
			(mi.msisdn LIKE '%'|| #msisdnAndSoOn# ||'%'
			OR mi.iccid LIKE '%'|| #msisdnAndSoOn# ||'%' 
			OR mi.imei LIKE '%'|| #msisdnAndSoOn# ||'%'
			OR mi.imsi LIKE '%'|| #msisdnAndSoOn# ||'%')
		</isNotEmpty>	  
	  <!-- 子账户显示选定部门下的卡信息 -->
	    <isEqual property="rightType" compareValue="2">
	    	and exists (select 1  from pro_asset b where mi.msisdn=b.msisdn and b.dept_id in (<include refid="findDeptIdsByUserRights"/>))
	    </isEqual>
	  <isNotEmpty prepend="and" property="runCode">
            mi.msisdn in (select msisdn from <include refid="queryMsisdn_1"/> where life_cycle = #runCode#
            <isEqual property="mainType" compareValue="4"><!-- 和对讲HDJ -->
				and card_type='HDJ'
			</isEqual>)
       </isNotEmpty> 
	 <isNotEmpty  prepend="and" property="onoffState">
        <isEqual property="onoffState" compareValue="on" >
        	mi.msisdn in (select msisdn from <include refid="queryMsisdn_1"/> where life_cycle = 'NORMAL'
        	<isEqual property="mainType" compareValue="4"><!-- 和对讲HDJ -->
				and card_type='HDJ'
			</isEqual>)
           </isEqual>
           <isEqual property="onoffState" compareValue="off" >
            mi.msisdn in (select msisdn from <include refid="queryMsisdn_1"/> where life_cycle = 'STOP'
            <isEqual property="mainType" compareValue="4"><!-- 和对讲HDJ -->
				and card_type='HDJ'
			</isEqual>)
         </isEqual>
     </isNotEmpty>
 	<isNotEmpty prepend="and" property="subTimeStart">
       to_char(mi.START_PROCESSS_TIME,'yyyy-mm-dd hh24:mi:ss') <![CDATA[>= ]]> #subTimeStart# 
    </isNotEmpty>
    <isNotEmpty prepend="and" property="subTimeEnd">
       to_char(mi.START_PROCESSS_TIME,'yyyy-mm-dd hh24:mi:ss') <![CDATA[<= ]]> #subTimeEnd# 
    </isNotEmpty>
    <isNotEmpty prepend="and" property="preTimeStart">
       to_char(mi.PLAN_EXEC_DATE,'yyyy-mm-dd hh24:mi:ss') <![CDATA[>= ]]> #preTimeStart# 
    </isNotEmpty>
    <isNotEmpty prepend="and" property="preTimeEnd">
       to_char(mi.PLAN_EXEC_DATE,'yyyy-mm-dd hh24:mi:ss') <![CDATA[<= ]]> #preTimeEnd# 
    </isNotEmpty> 
 </select>

<!-- 状态变更查询 -->
 <select id="queryMsisdnStatus" resultClass="com.lenovo.iotpro3.vo.tariff.StatusInfoVo" resultSetType="SCROLL_INSENSITIVE">         

       select sub.msisdn,
       	   IOT_AES_CRYPT(sub.msisdn,1) as encryptData,
           sub.iccid,
           sub.imei,
           sub.imsi,

     decode(sub.lifeCycle, 'TEST', '测试期', 'SILENT', '沉默期', 'NORMAL', '正使用', 'STOP', '停机', 'PRECLOSE', '预约销户', 'CANCEL', '销户',
     'STOCK', '库存期', 'FREEZING', '冷冻期', 'OTHERS', '其他', '-')

            as runCode,
           case when sub.lifeCycle = 'STOP' then (select stop_type from NUM_STOP_LOCK where msisdn = sub.msisdn and rownum = 1)
           else '-' end as stopType,
           case when sub.lifeCycle = 'STOP' then (select flag from CONTACT_REF where msisdn = sub.msisdn and rownum = 1)
           else '-' end as flag,
           
           (case when sub.lifeCycle = 'TEST' then
             (select m.end_date
  from <include refid="queryPKG_1"/> m, atomic_products a
 where m.package_code = a.package_code
   and m.state = 'ENABLED'
   and a.pkg_type = 'PKG_TYPE_TEST'
   and m.msisdn = sub.msisdn)
       else null end
       ) endDate,
           
           
         to_char(sub.openTime,'yyyy-mm-dd hh24:mi:ss') as openTime,
         (case 
	          when to_char(sub.activeTime,'yyyy') = '1970'
	        then
	          '-'
	        else
	          to_char(sub.activeTime,'yyyy-mm-dd hh24:mi:ss')
	    end)as activeTime
      from (
    <include refid="pageSqlStart"/>
           
           <isNotEmpty property="mainType">
			<isNotEqual property="mainType" compareValue="6"><!-- 非9105 -->
				 select  /*+index(mi,<include refid="findByIndex"/> )*/ 
		       		mi.msisdn,
		           mi.iccid,
		           mi.imei,
		           mi.imsi,
		           mi.life_cycle as lifeCycle,
		           mi.RUN_CODE runCode,
		           mi.open_time as openTime,
		           mi.activate_date as activeTime
			</isNotEqual>
			<isEqual property="mainType" compareValue="6"><!-- 9105 -->
				select  /*+index(mi,<include refid="findByIndex"/> )*/ 
		       		max(mi.msisdn) as msisdn,
		           max(mi.iccid) as iccid,
		           max(mi.imei) as imei,
		           max(mi.imsi) as imsi,
		           max(mi.life_cycle) as lifeCycle,
		           max(mi.RUN_CODE) runCode,
		           max(mi.open_time) as openTime,
		           max(mi.activate_date) as activeTime
			</isEqual>
		</isNotEmpty>
           from <include refid="queryMsisdn_1"/>  mi
           where mi.state='ENABLED' 
           <include refid="wherestr"/>  
      <isNotEmpty prepend="AND" property="msisdnList">
      		mi.msisdn in
       	<iterate  property="msisdnList" open="(" close=")" conjunction=",">
       		 #msisdnList[]#
       	</iterate>	
      </isNotEmpty>
       <isEqual property="rightType" compareValue="2">
	    	and exists (select 1  from pro_asset b where mi.msisdn=b.msisdn and b.dept_id in (<include refid="findDeptIdsByUserRights"/>))
              <!--  left join (
                    SELECT dept_id,msisdn FROM pro_asset 
                    WHERE dept_id in (<include refid="findDeptIdsByUserRights"/>) 
                )  pa on mi.msisdn=pa.msisdn  -->
       </isEqual> 
       <isNotEmpty property="mainType">
			<isEqual property="mainType" compareValue="6"><!-- 9105 -->
				group by mi.msisdn
			</isEqual>
		</isNotEmpty>
       <include refid="pageSqlEnd"/>
        )sub 
 </select>
 
 
 
 <select id="queryMsisdnStatusCount" resultClass="java.lang.Long">
 
 	select /*+index(mi,<include refid="findByIndex"/> )*/ 
 		<isNotEmpty property="mainType">
 			<isNotEqual property="mainType" compareValue="6"><!-- 非9105 -->
				count(mi.msisdn) as count 
			</isNotEqual>
			<isEqual property="mainType" compareValue="6"><!-- 9105 -->
				count(distinct mi.msisdn) as count
			</isEqual>
		</isNotEmpty>
         from <include refid="queryMsisdn_1"/>  mi
           where mi.state='ENABLED' 
           <isEqual property="rightType" compareValue="2">
	    		and exists (select 1  from pro_asset b where mi.msisdn=b.msisdn and b.dept_id in (<include refid="findDeptIdsByUserRights"/>))
	       </isEqual> 
           <include refid="wherestr"/>   

 </select>
 
 
 <select id="queryApnStatus" parameterClass="java.util.HashMap" resultClass="java.util.HashMap"> 
 select apn_name,apn_state from M2M_APN_INFO where state='ENABLED'
      <isNotEmpty prepend="and" property="msisdn">
           msisdn = #msisdn#
      </isNotEmpty>
 </select>
 
  <update id="upMEM_GPRS" parameterClass="java.util.HashMap">
        insert into  MEM_GPRS(gprs,msisdn,CREATETIME) values(#gprsState# ,#msisdn#,sysdate)
     </update>
     <delete id="deMEM_GPRS" parameterClass="java.util.HashMap">
        delete from  MEM_GPRS where msisdn=#msisdn#
     </delete>

    <select id="findMsisdnInfoToModify" resultClass="com.lenovo.iotpro3.vo.tariff.MsisdnBean">
		with tt as(
			<iterate property="msisdnList" conjunction="union all" >
				select #msisdnList[].msisdn# as msisdn from dual
            </iterate>
		)
        SELECT
            DISTINCT msisdn,

        decode(sub.lifeCycle, 'TEST', '测试期', 'SILENT', '沉默期', 'NORMAL', '正使用', 'STOP', '停机', 'PRECLOSE', '预约销户', 'CANCEL', '销户',
        'STOCK', '库存期',  'FREEZING', '冷冻期', 'OTHERS', '其他', '-')
        as runCode,

            (
                case when ECCODE='2000188889' then 1
                else 0
                end
            ) belongEc


        FROM
            (
                SELECT
                    MSISDN,
                    LIFE_CYCLE lifeCycle,
                    EC_CODE ecCode
                FROM MAC_CARD a
                WHERE EC_CODE=#ecCode#
                AND exists (select 1 from tt where tt.msisdn = a.msisdn)
                union
                SELECT
                    MSISDN,
                    LIFE_CYCLE lifeCycle,
                    EC_CODE ecCode
                FROM IOV_CARD b
                WHERE EC_CODE=#ecCode#
                AND exists (select 1 from tt where tt.msisdn = b.msisdn)
                union
                SELECT
                    MSISDN,
                    LIFE_CYCLE lifeCycle,
                    EC_CODE ecCode
                FROM NB_CARD c
                WHERE EC_CODE=#ecCode#
                AND exists (select 1 from tt where tt.msisdn = c.msisdn)
                union
                SELECT
                    MSISDN,
                    LIFE_CYCLE lifeCycle,
                    EC_CODE ecCode
                FROM CARD_9105 d
                WHERE EC_CODE=#ecCode#
                AND exists (select 1 from tt where tt.msisdn = d.msisdn) 
                union 
                SELECT
                    MSISDN,
                    LIFE_CYCLE lifeCycle,
                    EC_CODE ecCode
                FROM WLW_CARD e
                WHERE EC_CODE=#ecCode#
                AND exists (select 1 from tt where tt.msisdn = e.msisdn)
                
               <!--  SELECT
                    MSISDN,
                    LIFE_CYCLE lifeCycle,
                    EC_CODE ecCode
                FROM
                    M2M_PERSON
                WHERE
                    EC_CODE=#ecCode#
                    AND MSISDN IN
                <iterate property="msisdnList" conjunction="," open="(" close=")">
                  #msisdnList[].msisdn#
                </iterate> -->

            ) sub


    </select>
    
     <select id="checkBlackList" resultClass="java.lang.Long">
     	select count(1) from EC_BLACK_LIST where STATE = 'ENABLED'
     	<isNotEmpty prepend="and" property="ecCode">
             ec_code = #ecCode#
         </isNotEmpty>
     </select>
    
    <!-- 按钮权限控制（查出该集团下黑名单中的所有功能按钮id，无则为空） -->
     <select id="blackButtons" resultClass="java.lang.String">
     	select b.method 
     	from BLACK_LIST_ROLE_MSISDN a
		left join BLACK_LIST_ROLE_METHOD b on b.role_id = a.role_id
		left join BLACK_LIST_ROLE d on d.role_id = a.role_id
		where d.use_state = 'ENABLED'
     	<isNotEmpty prepend="and" property="ecCode">
             a.ec_code = #ecCode#
         </isNotEmpty>
     </select>
 

	 
	 <select id="findStateManageDataIOVDisabled" parameterClass="java.util.HashMap" resultClass="java.util.HashMap">
		 <include refid="pageSqlStart"/>
			 select msisdn,iovMsg,apnName,lifeCycle,lifeCycleChangeDate,stopTime,openTime,activateDate from (
				select a.msisdn,
				       a.IOV_MSG as iovMsg,
				       decode(a.life_Cycle, 'TEST', '测试期', 'SILENT', '沉默期', 'NORMAL', '正使用', 'STOP', '停机', 'PRECLOSE', '预约销户', 'CANCEL', '销户',
     'STOCK', '库存期', 'OTHERS', '其他', '-') as lifeCycle,
				       to_char(a.life_cycle_change_date,'yyyy-MM-dd hh24:mi:ss') as lifeCycleChangeDate,
				       (sysdate-a.life_cycle_change_date)*24 as stopTime,
				       to_char(a.open_time,'yyyy-MM-dd hh24:mi:ss') as openTime,
				       to_char(a.activate_date,'yyyy-MM-dd hh24:mi:ss') as activateDate,
				       (select wm_concat(apn_name) from (
				       select msisdn,apn_name from (
				       select msisdn,apn_name from IOV_PRI_PKG  
				        union
						    select msisdn,apn_name from IOV_FUNC_PKG
						    union
					      	select msisdn,apn_name from IOV_OTH_PKG) where apn_name is not null
				    ) f where f.msisdn=a.msisdn)  as apnName
				  from IOV_CARD a where state='ENABLED' and ec_code=#ecCode# 
				<isNotEmpty prepend="and" property="openTimeStart">
				  open_Time<![CDATA[>= ]]>to_date(#openTimeStart#,'yyyy-mm-dd hh24:mi:ss')  
				</isNotEmpty>
				<isNotEmpty prepend="and" property="openTimeEnd">
				  open_Time<![CDATA[<= ]]>to_date(#openTimeEnd#,'yyyy-mm-dd hh24:mi:ss') 
				</isNotEmpty>
				<isNotEmpty prepend="and" property="activeTimeStart">
				  activate_Date<![CDATA[>= ]]>to_date(#activeTimeStart#,'yyyy-mm-dd hh24:mi:ss') 
         		</isNotEmpty> 
				<isNotEmpty prepend="and" property="activeTimeEnd">
				  activate_Date<![CDATA[<= ]]>to_date(#activeTimeEnd#,'yyyy-mm-dd hh24:mi:ss') 
         		</isNotEmpty> 
				  ) where  1=1
				<isNotEmpty prepend="and" property="msisdn">
				  msisdn like '%'||#msisdn#||'%' 
				</isNotEmpty>
				<isNotEmpty prepend="and" property="apnName">
				  (apnName like '%,'||#apnName#||',%' or apnName like #apnName#||',%' or apnName=#apnName#)  
				</isNotEmpty>
				<isNotEmpty prepend="and" property="lifeCycle">
				  lifeCycle=#lifeCycle# 
				</isNotEmpty>
         	<include refid="pageSqlEnd"/>	
	 </select>
	 
	 <select id="findStateManageDataIOVCountDisabled" parameterClass="java.util.HashMap" resultClass="java.lang.Long">
			  select count(1) from (
		        select a.msisdn,
		               a.IOV_MSG as iovMsg,
		               decode(a.life_Cycle, 'TEST', '测试期', 'SILENT', '沉默期', 'NORMAL', '正使用', 'STOP', '停机', 'PRECLOSE', '预约销户', 'CANCEL', '销户',
     'STOCK', '库存期', 'FREEZING', '冷冻期', 'OTHERS', '其他', '-') as lifeCycle,
		               to_char(a.life_cycle_change_date,'yyyy-MM-dd hh24:mi:ss') as lifeCycleChangeDate,
		               (sysdate-a.life_cycle_change_date)*24 as stopTime,
		               to_char(a.open_time,'yyyy-MM-dd hh24:mi:ss') as openTime,
		               to_char(a.activate_date,'yyyy-MM-dd hh24:mi:ss') as activateDate,
		               (select wm_concat(apn_name) from (
		               select msisdn,apn_name from (
		               select msisdn,apn_name from IOV_PRI_PKG  
		                union
		                select msisdn,apn_name from IOV_FUNC_PKG
		                union
		                  select msisdn,apn_name from IOV_OTH_PKG) where apn_name is not null
		            ) f where f.msisdn=a.msisdn)  as apnName
		          from IOV_CARD a where state='ENABLED' and ec_code=#ecCode# 
		        <isNotEmpty prepend="and" property="openTimeStart">
				  open_Time<![CDATA[>= ]]>to_date(#openTimeStart#,'yyyy-mm-dd hh24:mi:ss')  
				</isNotEmpty>
				<isNotEmpty prepend="and" property="openTimeEnd">
				  open_Time<![CDATA[<= ]]>to_date(#openTimeEnd#,'yyyy-mm-dd hh24:mi:ss') 
				</isNotEmpty>
				<isNotEmpty prepend="and" property="activeTimeStart">
				  activate_Date<![CDATA[>= ]]>to_date(#activeTimeStart#,'yyyy-mm-dd hh24:mi:ss') 
         		</isNotEmpty> 
				<isNotEmpty prepend="and" property="activeTimeEnd">
				  activate_Date<![CDATA[<= ]]>to_date(#activeTimeEnd#,'yyyy-mm-dd hh24:mi:ss') 
         		</isNotEmpty> 
		          
		          ) where  1=1 
				<isNotEmpty prepend="and" property="msisdn">
				  msisdn like '%'||#msisdn#||'%'
				</isNotEmpty>
				<isNotEmpty prepend="and" property="apnName">
				  (apnName like '%,'||#apnName#||',%' or apnName like #apnName#||',%' or apnName=#apnName#) 
				</isNotEmpty>
				<isNotEmpty prepend="and" property="lifeCycle">
				  lifeCycle=#lifeCycle#
				</isNotEmpty>

	 </select>
 

 </sqlMap>