<?xml version="1.0" encoding="UTF-8"?>

<!DOCTYPE sqlMap
 PUBLIC "-//ibatis.apache.org//DTD SQL Map 2.0//EN"
 "http://ibatis.apache.org/dtd/sql-map-2.dtd">
 
<sqlMap>

	<select id="queryIovBindedList" resultClass="com.lenovo.iovpro.vo.memberInfo.MemberInfoVo">
		<include refid="pageSqlStart" />
		SELECT 
			C.EC_CODE AS ecCode,
			C.MSISDN AS msisdn,
			C.IOV_MSG AS iovMsg,
			<!-- MA.APN_NAME AS apnName, -->
			C.ICCID AS iccid,
			C.IMSI AS imsi,
			C.IMEI AS imei,
			C.LIFE_CYCLE AS lifecycle,
			C.OPEN_TIME AS openTime,
			C.ACTIVATE_DATE AS activateDate,
			<!-- CR.REG_STATUS AS regStatus,
			CR.ERROR_MSG AS regErrorMsg,
			CR.REG_DATE AS regDate, -->
			<!-- MP.PACKAGE_CODE AS packageCode, -->
			C.REMARK AS remark
		FROM 
		<isNotEmpty property="mainType">
				<isEqual property="mainType" compareValue="1"><!-- 车联网主体产品 -->
						 IOV_CARD 
				</isEqual>
				<isEqual property="mainType" compareValue="2"><!-- 机器卡主体产品 -->
					 	MAC_CARD 
				</isEqual>
				<isEqual property="mainType" compareValue="3"><!-- NB-IOT主体产品 -->
						NB_CARD 
				</isEqual>
				<isEqual property="mainType" compareValue="4"><!-- 和对讲主体产品HDJ -->
					WLW_CARD
				</isEqual>
				<isEqual property="mainType" compareValue="6"><!-- 9105 -->
						CARD_9105 
				</isEqual>
		</isNotEmpty>
		<isEmpty property="mainType">
					<!-- m2m_person -->
		</isEmpty>
		 C
		<!-- INNER JOIN (
			SELECT MSISDN,WM_CONCAT(TO_CHAR(APN_NAME)) AS APN_NAME FROM(
						SELECT MSISDN,APN_NAME FROM 
						<isNotEmpty property="mainType">
		                  	<isEqual property="mainType" compareValue="1">车联网主体产品
		                       	  IOV_PRI_PKG 
		                  	</isEqual>
		                  	<isEqual property="mainType" compareValue="2">机器卡主体产品
		                     	    MAC_PRI_PKG 
		                  	</isEqual>
		                 	 <isEqual property="mainType" compareValue="3">NB-IOT主体产品
		                    	     NB_PRI_PKG 
		                  	</isEqual>
		                  	<isEqual property="mainType" compareValue="6">9105
		                    	     PRI_PKG_9105 
		                  	</isEqual>
		                </isNotEmpty>
		                <isEmpty property="mainType">
		                   m2m_grpmem
		                </isEmpty>
						WHERE EC_CODE=#ecCode#
						UNION
						SELECT MSISDN,APN_NAME FROM 
						<isNotEmpty property="mainType">
		                  	<isEqual property="mainType" compareValue="1">车联网主体产品
		                       	  IOV_FUNC_PKG 
		                  	</isEqual>
		                  	<isEqual property="mainType" compareValue="2">机器卡主体产品
		                     	    MAC_FUNC_PKG 
		                  	</isEqual>
		                 	 <isEqual property="mainType" compareValue="3">NB-IOT主体产品
		                    	     NB_FUNC_PKG 
		                  	</isEqual>
		                  	<isEqual property="mainType" compareValue="6">9105
		                    	     FUNC_PKG_9105 
		                  	</isEqual>
		                </isNotEmpty>
		                <isEmpty property="mainType">
		                   m2m_grpmem
		                </isEmpty>
						WHERE EC_CODE=#ecCode# 
						UNION
						SELECT MSISDN,APN_NAME FROM 
						<isNotEmpty property="mainType">
		                  	<isEqual property="mainType" compareValue="1">车联网主体产品
		                       	  IOV_OTH_PKG 
		                  	</isEqual>
		                  	<isEqual property="mainType" compareValue="2">机器卡主体产品
		                     	    MAC_OTH_PKG 
		                  	</isEqual>
		                 	 <isEqual property="mainType" compareValue="3">NB-IOT主体产品
		                    	     NB_OTH_PKG 
		                  	</isEqual>
		                  	<isEqual property="mainType" compareValue="6">9105
		                    	     OTH_PKG_9105 
		                  	</isEqual>
		                </isNotEmpty>
		                <isEmpty property="mainType">
		                   m2m_grpmem
		                </isEmpty> 
						WHERE EC_CODE=#ecCode#
			)  WHERE 1=1
			<isNotEmpty prepend="and" property="apnName">
				<isNotEqual compareValue="all" property="apnName">
				APN_NAME = #apnName# GROUP BY MSISDN
				</isNotEqual>
				<isEqual compareValue="all" property="apnName">
				APN_NAME IS NOT NULL GROUP BY MSISDN
				</isEqual>
			</isNotEmpty>
			<isEmpty prepend="and" property="apnName">
				APN_NAME IS NOT NULL GROUP BY MSISDN
			</isEmpty>
		) MA ON C.MSISDN=MA.MSISDN -->
		<!-- LEFT JOIN CONTACT_REF CR ON C.MSISDN=CR.MSISDN -->
		<!-- LEFT JOIN (
			SELECT MPC.MSISDN,WM_CONCAT(MPC.PACKAGE_CODE) AS PACKAGE_CODE FROM(
				SELECT MSISDN,PACKAGE_CODE FROM IOV_PRI_PKG 
				UNION
				SELECT MSISDN,PACKAGE_CODE FROM IOV_FUNC_PKG 
				UNION
				SELECT MSISDN,PACKAGE_CODE FROM IOV_OTH_PKG 
			) MPC
			WHERE MPC.PACKAGE_CODE IS NOT NULL GROUP BY MPC.MSISDN
		) MP ON C.MSISDN=MP.MSISDN -->
		WHERE C.EC_CODE=#ecCode#
		AND C.STATE='ENABLED'
		AND TRIM(C.IOV_MSG) IS NOT NULL
		<isNotEmpty prepend="and" property="msisdnAndSoOn">
			(C.MSISDN LIKE '%'|| #msisdnAndSoOn#||'%' 
			OR C.ICCID LIKE '%'|| #msisdnAndSoOn#||'%' 
			OR C.IMSI LIKE '%'|| #msisdnAndSoOn#||'%' 
			OR C.IMEI LIKE '%'|| #msisdnAndSoOn#||'%' )
		</isNotEmpty>
		<isNotEmpty prepend="and" property="iovMsg">
			C.IOV_MSG LIKE '%'||#iovMsg#||'%'
		</isNotEmpty>
		<!-- <isNotEmpty prepend="and" property="regStatus">
			<isEqual compareValue="1" property="regStatus">CR.REG_STATUS = '1'</isEqual>
			<isEqual compareValue="0" property="regStatus">(CR.REG_STATUS = '0' OR CR.REG_STATUS IS NULL)</isEqual>
		</isNotEmpty> -->
		<isNotEmpty prepend="and" property="lifecycle">
			C.LIFE_CYCLE = #lifecycle#
		</isNotEmpty>
		<include refid="pageSqlEnd" />
	</select>
	
	<select id="queryIovBindedCount" resultClass="Long">
		SELECT 
			COUNT(1)
		FROM 
		<isNotEmpty property="mainType">
				<isEqual property="mainType" compareValue="1"><!-- 车联网主体产品 -->
						 IOV_CARD 
				</isEqual>
				<isEqual property="mainType" compareValue="2"><!-- 机器卡主体产品 -->
					 	MAC_CARD 
				</isEqual>
				<isEqual property="mainType" compareValue="3"><!-- NB-IOT主体产品 -->
						NB_CARD 
				</isEqual>
				<isEqual property="mainType" compareValue="4"><!-- 和对讲主体产品HDJ -->
					WLW_CARD
				</isEqual>
				<isEqual property="mainType" compareValue="6"><!-- 9105 -->
						CARD_9105 
				</isEqual>
		</isNotEmpty>
		<isEmpty property="mainType">
					<!-- m2m_person -->
		</isEmpty>
		 C
		<!-- INNER JOIN (
			SELECT MSISDN,WM_CONCAT(TO_CHAR(APN_NAME)) AS APN_NAME FROM(
						SELECT MSISDN,APN_NAME FROM 
						<isNotEmpty property="mainType">
		                  	<isEqual property="mainType" compareValue="1">车联网主体产品
		                       	  IOV_PRI_PKG 
		                  	</isEqual>
		                  	<isEqual property="mainType" compareValue="2">机器卡主体产品
		                     	    MAC_PRI_PKG 
		                  	</isEqual>
		                 	 <isEqual property="mainType" compareValue="3">NB-IOT主体产品
		                    	     NB_PRI_PKG 
		                  	</isEqual>
		                  	<isEqual property="mainType" compareValue="6">9105
		                    	     PRI_PKG_9105 
		                  	</isEqual>
		                </isNotEmpty>
		                <isEmpty property="mainType">
		                   m2m_grpmem
		                </isEmpty>
						WHERE EC_CODE=#ecCode#
						UNION
						SELECT MSISDN,APN_NAME FROM 
						<isNotEmpty property="mainType">
		                  	<isEqual property="mainType" compareValue="1">车联网主体产品
		                       	  IOV_FUNC_PKG 
		                  	</isEqual>
		                  	<isEqual property="mainType" compareValue="2">机器卡主体产品
		                     	    MAC_FUNC_PKG 
		                  	</isEqual>
		                 	 <isEqual property="mainType" compareValue="3">NB-IOT主体产品
		                    	     NB_FUNC_PKG 
		                  	</isEqual>
		                  	<isEqual property="mainType" compareValue="6">9105
		                    	     FUNC_PKG_9105 
		                  	</isEqual>
		                </isNotEmpty>
		                <isEmpty property="mainType">
		                   m2m_grpmem
		                </isEmpty>
						WHERE EC_CODE=#ecCode# 
						UNION
						SELECT MSISDN,APN_NAME FROM 
						<isNotEmpty property="mainType">
		                  	<isEqual property="mainType" compareValue="1">车联网主体产品
		                       	  IOV_OTH_PKG 
		                  	</isEqual>
		                  	<isEqual property="mainType" compareValue="2">机器卡主体产品
		                     	    MAC_OTH_PKG 
		                  	</isEqual>
		                 	 <isEqual property="mainType" compareValue="3">NB-IOT主体产品
		                    	     NB_OTH_PKG 
		                  	</isEqual>
		                  	<isEqual property="mainType" compareValue="6">9105
		                    	     OTH_PKG_9105 
		                  	</isEqual>
		                </isNotEmpty>
		                <isEmpty property="mainType">
		                   m2m_grpmem
		                </isEmpty> 
						WHERE EC_CODE=#ecCode#
			)  WHERE 1=1
			<isNotEmpty prepend="and" property="apnName">
				<isNotEqual compareValue="all" property="apnName">
				APN_NAME = #apnName# GROUP BY MSISDN
				</isNotEqual>
				<isEqual compareValue="all" property="apnName">
				APN_NAME IS NOT NULL GROUP BY MSISDN
				</isEqual>
			</isNotEmpty>
			<isEmpty prepend="and" property="apnName">
				APN_NAME IS NOT NULL GROUP BY MSISDN
			</isEmpty>
		) MA ON C.MSISDN=MA.MSISDN -->
		<!-- LEFT JOIN CONTACT_REF CR ON C.MSISDN=CR.MSISDN -->
		WHERE C.EC_CODE=#ecCode#
		AND C.STATE='ENABLED'
		AND TRIM(C.IOV_MSG) IS NOT NULL
		<isNotEmpty prepend="and" property="msisdnAndSoOn">
		   (C.MSISDN LIKE '%'|| #msisdnAndSoOn#||'%' 
			OR C.ICCID LIKE '%'|| #msisdnAndSoOn#||'%' 
			OR C.IMSI LIKE '%'|| #msisdnAndSoOn#||'%' 
			OR C.IMEI LIKE '%'|| #msisdnAndSoOn#||'%' )
		</isNotEmpty>
		<isNotEmpty prepend="and" property="iovMsg">
			C.IOV_MSG LIKE '%'||#iovMsg#||'%'
		</isNotEmpty>
		<!-- <isNotEmpty prepend="and" property="regStatus">
			<isEqual compareValue="1" property="regStatus">CR.REG_STATUS = '1'</isEqual>
			<isEqual compareValue="0" property="regStatus">(CR.REG_STATUS = '0' OR CR.REG_STATUS IS NULL)</isEqual>
		</isNotEmpty> -->
		<isNotEmpty prepend="and" property="lifecycle">
			C.LIFE_CYCLE = #lifecycle#
		</isNotEmpty>
	</select>
	
	<select id="getApnNameByMsisdn" resultClass="com.lenovo.iovpro.vo.memberInfo.MemberInfoVo">
		select * from (
				SELECT MSISDN,WM_CONCAT(TO_CHAR(APN_NAME)) AS apnName FROM(
							SELECT t.MSISDN,t.APN_NAME
							FROM <include refid="findApnInfoByTablesIov" /> t 
							left join <include refid="msisdnListByMainType"/> d on d.msisdn = t.msisdn
							WHERE d.ec_code = #ecCode#
							GROUP BY t.MSISDN,t.APN_NAME
				) WHERE 1=1
				<isNotEmpty prepend="and" property="apnName">
					<!-- <isNotEqual compareValue="all" property="apnName"> -->
					APN_NAME = #apnName# GROUP BY MSISDN
					<!-- </isNotEqual>
					<isEqual compareValue="all" property="apnName">
					APN_NAME IS NOT NULL GROUP BY MSISDN
					</isEqual> -->
				</isNotEmpty>
				<isEmpty prepend="and" property="apnName">
					APN_NAME IS NOT NULL GROUP BY MSISDN
				</isEmpty>
		) where 1=1
		<isNotEmpty prepend="AND" property="msisdnArr">
	         msisdn in
		     <iterate  property="msisdnArr" open="(" close=")" conjunction=",">
		          #msisdnArr[]#
		     </iterate>	
		</isNotEmpty>
	</select>

	<select id="queryIovBindAddList" resultClass="com.lenovo.iovpro.vo.memberInfo.MemberInfoVo">
		
		SELECT 
			C.EC_CODE AS ecCode,
			C.MSISDN AS msisdn,
			C.IOV_MSG AS iovMsg,
			C.LIFE_CYCLE AS lifecycle,
			C.OPEN_TIME AS openTime,
			C.ACTIVATE_DATE AS activateDate
		FROM 
		<isNotEmpty property="mainType">
				<isEqual property="mainType" compareValue="1"><!-- 车联网主体产品 -->
						 IOV_CARD 
				</isEqual>
				<isEqual property="mainType" compareValue="2"><!-- 机器卡主体产品 -->
					 	MAC_CARD 
				</isEqual>
				<isEqual property="mainType" compareValue="3"><!-- NB-IOT主体产品 -->
						NB_CARD 
				</isEqual>
				<isEqual property="mainType" compareValue="4"><!-- 和对讲主体产品HDJ -->
					WLW_CARD
				</isEqual>
				<isEqual property="mainType" compareValue="6"><!-- 9105 -->
						CARD_9105 
				</isEqual>
		</isNotEmpty>
		<isEmpty property="mainType">
				<!-- m2m_person -->
		</isEmpty>
		 C
		WHERE C.EC_CODE=#ecCode#
		AND C.STATE='ENABLED'
		AND TRIM(C.IOV_MSG) IS NULL
		<isNotEmpty prepend="and" property="msisdnAndSoOn">
			C.MSISDN like '%'|| TRIM(#msisdnAndSoOn#) ||'%' 
		</isNotEmpty>
		
	</select>
	
	<select id="queryIovBindAddListNew" resultClass="com.lenovo.iovpro.vo.memberInfo.MemberInfoVo">
		<include refid="pageSqlStart"/>
		SELECT 
			C.MSISDN AS msisdn,
			C.LIFE_CYCLE AS lifecycle,
			C.OPEN_TIME AS openTime
		FROM 
		<isNotEmpty property="mainType">
				<isEqual property="mainType" compareValue="1"><!-- 车联网主体产品 -->
						 IOV_CARD 
				</isEqual>
				<isEqual property="mainType" compareValue="2"><!-- 机器卡主体产品 -->
					 	MAC_CARD 
				</isEqual>
				<isEqual property="mainType" compareValue="3"><!-- NB-IOT主体产品 -->
						NB_CARD 
				</isEqual>
				<isEqual property="mainType" compareValue="4"><!-- 和对讲主体产品HDJ -->
					WLW_CARD
				</isEqual>
				<isEqual property="mainType" compareValue="6"><!-- 9105 -->
						CARD_9105 
				</isEqual>
		</isNotEmpty>
		<isEmpty property="mainType">
				<!-- m2m_person -->
		</isEmpty>
		 C
		WHERE C.STATE='ENABLED'
		AND TRIM(C.IOV_MSG) IS NULL
		<isNotEmpty prepend="AND" property="ecCode">
			C.EC_CODE = #ecCode#
		</isNotEmpty>
		<isNotEmpty prepend="and" property="msisdnAndSoOn">
			C.MSISDN like '%'|| TRIM(#msisdnAndSoOn#) ||'%' 
		</isNotEmpty>
		<include refid="pageSqlEnd"/>
	</select>
	
	<select id="queryIovBindAddListNewCount" resultClass="Long">
		select count(1) from (
			SELECT 
				C.MSISDN AS msisdn,
				C.LIFE_CYCLE AS lifecycle,
				C.OPEN_TIME AS openTime
			FROM 
			<isNotEmpty property="mainType">
				<isEqual property="mainType" compareValue="1"><!-- 车联网主体产品 -->
						 IOV_CARD 
				</isEqual>
				<isEqual property="mainType" compareValue="2"><!-- 机器卡主体产品 -->
					 	MAC_CARD 
				</isEqual>
				<isEqual property="mainType" compareValue="3"><!-- NB-IOT主体产品 -->
						NB_CARD 
				</isEqual>
				<isEqual property="mainType" compareValue="4"><!-- 和对讲主体产品HDJ -->
					WLW_CARD
				</isEqual>
				<isEqual property="mainType" compareValue="6"><!-- 9105 -->
						CARD_9105 
				</isEqual>
		  </isNotEmpty>
		  <isEmpty property="mainType">
					<!-- m2m_person -->
		  </isEmpty>
			 C
			WHERE C.STATE='ENABLED'
			AND TRIM(C.IOV_MSG) IS NULL
			<isNotEmpty prepend="AND" property="ecCode">
				C.EC_CODE = #ecCode#
			</isNotEmpty>
			<isNotEmpty prepend="and" property="msisdnAndSoOn">
				C.MSISDN like '%'|| TRIM(#msisdnAndSoOn#) ||'%' 
			</isNotEmpty>
		)
	</select>

	<select id="getMemberInfoByMsisdn" resultClass="com.lenovo.iovpro.vo.memberInfo.MemberInfoVo">
		SELECT
			C.EC_CODE AS ecCode,
			C.MSISDN AS msisdn,
			C.IOV_MSG AS iovMsg,
			C.ICCID AS iccid,
			C.IMSI AS imsi,
			C.IMEI AS imei,
			C.LIFE_CYCLE AS lifecycle,
			C.OPEN_TIME AS openTime,
			C.ACTIVATE_DATE AS activateDate,
			C.REMARK AS remark
		FROM (SELECT * FROM 
		<isNotEmpty property="mainType">
				<isEqual property="mainType" compareValue="1"><!-- 车联网主体产品 -->
						 IOV_CARD 
				</isEqual>
				<isEqual property="mainType" compareValue="2"><!-- 机器卡主体产品 -->
					 	MAC_CARD 
				</isEqual>
				<isEqual property="mainType" compareValue="3"><!-- NB-IOT主体产品 -->
						NB_CARD 
				</isEqual>
				<isEqual property="mainType" compareValue="4"><!-- 和对讲主体产品HDJ -->
					WLW_CARD
				</isEqual>
				<isEqual property="mainType" compareValue="6"><!-- 9105 -->
						CARD_9105 
				</isEqual>
		</isNotEmpty>
		<isEmpty property="mainType">
					<!-- m2m_person -->
		</isEmpty>
		WHERE MSISDN=#msisdn#) C
		WHERE ROWNUM = 1
	</select>
	
	<update id="updateIovMsgByMsisdn">
		UPDATE 
		<isNotEmpty property="mainType">
				<isEqual property="mainType" compareValue="1"><!-- 车联网主体产品 -->
						 IOV_CARD 
				</isEqual>
				<isEqual property="mainType" compareValue="2"><!-- 机器卡主体产品 -->
					 	MAC_CARD 
				</isEqual>
				<isEqual property="mainType" compareValue="3"><!-- NB-IOT主体产品 -->
						NB_CARD 
				</isEqual>
				<isEqual property="mainType" compareValue="4"><!-- 和对讲主体产品HDJ -->
					WLW_CARD
				</isEqual>
				<isEqual property="mainType" compareValue="6"><!-- 9105 -->
						CARD_9105 
				</isEqual>
		</isNotEmpty>
		<isEmpty property="mainType">
					<!-- m2m_person -->
		</isEmpty>
		SET
		IOV_MSG=#iovMsg#,REMARK=#remark#
		WHERE EC_CODE=#ecCode#
		AND MSISDN IN 
		<iterate property="msisdns" open="(" close=")" conjunction=",">
			#msisdns[]#
		</iterate>
	</update>
	
	<select id="exportIovBindList" resultClass="java.util.HashMap" resultSetType="SCROLL_INSENSITIVE">
		SELECT 
			<!-- C.EC_CODE AS ecCode, -->
			C.MSISDN AS msisdn,
			C.IOV_MSG AS iovMsg,
			MA.APN_NAME AS apnName,
			C.ICCID AS iccid,
			C.IMSI AS imsi,
			C.IMEI AS imei,
			C.LIFE_CYCLE AS lifecycle,
			C.OPEN_TIME AS openTime,
			C.ACTIVATE_DATE AS activateDate,
			<!-- CR.REG_STATUS AS regStatus,
			CR.ERROR_MSG AS regErrorMsg,
			CR.REG_DATE AS regDate, -->
			<!-- MP.PACKAGE_CODE AS packageCode, -->
			C.REMARK AS remark
		FROM 
		<isNotEmpty property="mainType">
				<isEqual property="mainType" compareValue="1"><!-- 车联网主体产品 -->
						 IOV_CARD 
				</isEqual>
				<isEqual property="mainType" compareValue="2"><!-- 机器卡主体产品 -->
					 	MAC_CARD 
				</isEqual>
				<isEqual property="mainType" compareValue="3"><!-- NB-IOT主体产品 -->
						NB_CARD 
				</isEqual>
				<isEqual property="mainType" compareValue="4"><!-- 和对讲主体产品HDJ -->
					WLW_CARD
				</isEqual>
				<isEqual property="mainType" compareValue="6"><!-- 9105 -->
						CARD_9105 
				</isEqual>
		</isNotEmpty>
		<isEmpty property="mainType">
					<!-- m2m_person -->
		</isEmpty>
		 C
		INNER JOIN (
			SELECT MSISDN,WM_CONCAT(TO_CHAR(APN_NAME)) AS APN_NAME FROM(
						SELECT MSISDN,APN_NAME FROM 
						<isNotEmpty property="mainType">
		                  	<isEqual property="mainType" compareValue="1"><!-- 车联网主体产品 -->
		                       	  IOV_PRI_PKG 
		                  	</isEqual>
		                  	<isEqual property="mainType" compareValue="2"><!-- 机器卡主体产品 -->
		                     	    MAC_PRI_PKG 
		                  	</isEqual>
		                 	 <isEqual property="mainType" compareValue="3"><!-- NB-IOT主体产品 -->
		                    	     NB_PRI_PKG 
		                  	</isEqual>
		                  	<isEqual property="mainType" compareValue="4"><!-- 和对讲主体产品HDJ -->
								 WLW_PRI_PKG 
							</isEqual>
		                  	<isEqual property="mainType" compareValue="6"><!-- 9105 -->
		                    	     PRI_PKG_9105 
		                  	</isEqual>
		                </isNotEmpty>
		                <isEmpty property="mainType">
		                  <!--  m2m_grpmem -->
		                </isEmpty>
						WHERE EC_CODE=#ecCode#
						UNION
						SELECT MSISDN,APN_NAME FROM 
						<isNotEmpty property="mainType">
		                  	<isEqual property="mainType" compareValue="1"><!-- 车联网主体产品 -->
		                       	  IOV_FUNC_PKG 
		                  	</isEqual>
		                  	<isEqual property="mainType" compareValue="2"><!-- 机器卡主体产品 -->
		                     	    MAC_FUNC_PKG 
		                  	</isEqual>
		                 	 <isEqual property="mainType" compareValue="3"><!-- NB-IOT主体产品 -->
		                    	     NB_FUNC_PKG 
		                  	</isEqual>
		                  	<isEqual property="mainType" compareValue="4"><!-- 和对讲主体产品HDJ -->
								 WLW_FUNC_PKG
							</isEqual>	
		                  	<isEqual property="mainType" compareValue="6"><!-- 9105 -->
		                    	     FUNC_PKG_9105 
		                  	</isEqual>
		                </isNotEmpty>
		                <isEmpty property="mainType">
		                  <!--  m2m_grpmem -->
		                </isEmpty>
						WHERE EC_CODE=#ecCode# 
						UNION
						SELECT MSISDN,APN_NAME FROM 
						<isNotEmpty property="mainType">
		                  	<isEqual property="mainType" compareValue="1"><!-- 车联网主体产品 -->
		                       	  IOV_OTH_PKG 
		                  	</isEqual>
		                  	<isEqual property="mainType" compareValue="2"><!-- 机器卡主体产品 -->
		                     	    MAC_OTH_PKG 
		                  	</isEqual>
		                 	 <isEqual property="mainType" compareValue="3"><!-- NB-IOT主体产品 -->
		                    	     NB_OTH_PKG 
		                  	</isEqual>
		                  	<isEqual property="mainType" compareValue="4"><!-- 和对讲主体产品HDJ -->
								 WLW_OTH_PKG 
							</isEqual>
		                  	<isEqual property="mainType" compareValue="6"><!-- 9105 -->
		                    	     OTH_PKG_9105 
		                  	</isEqual>
		                </isNotEmpty>
		                <isEmpty property="mainType">
		                  <!--  m2m_grpmem -->
		                </isEmpty> 
						WHERE EC_CODE=#ecCode#
			)  WHERE 1=1
			<isNotEmpty prepend="and" property="apnName">
				<isNotEqual compareValue="all" property="apnName">
				APN_NAME = #apnName# GROUP BY MSISDN
				</isNotEqual>
				<isEqual compareValue="all" property="apnName">
				APN_NAME IS NOT NULL GROUP BY MSISDN
				</isEqual>
			</isNotEmpty>
			<isEmpty prepend="and" property="apnName">
				APN_NAME IS NOT NULL GROUP BY MSISDN
			</isEmpty>
		) MA ON C.MSISDN=MA.MSISDN
		<!-- LEFT JOIN CONTACT_REF CR ON C.MSISDN=CR.MSISDN -->
		<!-- LEFT JOIN (
			SELECT MPC.MSISDN,WM_CONCAT(MPC.PACKAGE_CODE) AS PACKAGE_CODE FROM(
				SELECT MSISDN,PACKAGE_CODE FROM IOV_PRI_PKG 
				UNION
				SELECT MSISDN,PACKAGE_CODE FROM IOV_FUNC_PKG 
				UNION
				SELECT MSISDN,PACKAGE_CODE FROM IOV_OTH_PKG 
			) MPC
			WHERE MPC.PACKAGE_CODE IS NOT NULL GROUP BY MPC.MSISDN
		) MP ON C.MSISDN=MP.MSISDN -->
		WHERE C.EC_CODE=#ecCode#
		AND C.STATE='ENABLED'
		AND TRIM(C.IOV_MSG) IS NOT NULL
		<isNotEmpty prepend="and" property="msisdnAndSoOn">
			(C.MSISDN LIKE '%'|| #msisdnAndSoOn#||'%' 
			OR C.ICCID LIKE '%'|| #msisdnAndSoOn#||'%' 
			OR C.IMSI LIKE '%'|| #msisdnAndSoOn#||'%' 
			OR C.IMEI LIKE '%'|| #msisdnAndSoOn#||'%' )
		</isNotEmpty>
		<isNotEmpty prepend="and" property="iovMsg">
			C.IOV_MSG LIKE '%'||#iovMsg#||'%'
		</isNotEmpty>
		<!-- <isNotEmpty prepend="and" property="regStatus">
			<isEqual compareValue="1" property="regStatus">CR.REG_STATUS = '1'</isEqual>
			<isEqual compareValue="0" property="regStatus">(CR.REG_STATUS = '0' OR CR.REG_STATUS IS NULL)</isEqual>
		</isNotEmpty> -->
		<isNotEmpty prepend="and" property="lifecycle">
			C.LIFE_CYCLE = #lifecycle#
		</isNotEmpty>
	</select>
	
	<select id="queryiovBindMisidnCount" parameterClass="HashMap" resultClass="Long">
			select count(1)
			from 
			<isNotEmpty property="mainType">
				<isEqual property="mainType" compareValue="1"><!-- 车联网主体产品 -->
						 IOV_CARD 
				</isEqual>
				<isEqual property="mainType" compareValue="2"><!-- 机器卡主体产品 -->
					 	MAC_CARD 
				</isEqual>
				<isEqual property="mainType" compareValue="3"><!-- NB-IOT主体产品 -->
						NB_CARD 
				</isEqual>
				<isEqual property="mainType" compareValue="4"><!-- 和对讲主体产品HDJ -->
					WLW_CARD
				</isEqual>
				<isEqual property="mainType" compareValue="6"><!-- 9105 -->
						CARD_9105 
				</isEqual>
			</isNotEmpty>
			<isEmpty property="mainType">
					<!-- m2m_person -->
			</isEmpty>
			 c 
			where c.state = 'ENABLED' and c.IOV_MSG is null
			<isNotEmpty prepend="AND" property="ecCode">
				c.ec_code = #ecCode#
			</isNotEmpty>
			<isNotEmpty prepend="AND" property="msisdn">
				c.msisdn = #msisdn#
			</isNotEmpty>
	</select>
	
	
</sqlMap>

