<?xml version="1.0" encoding="UTF-8"?>
<!DOCTYPE mapper PUBLIC "-//mybatis.org//DTD Mapper 3.0//EN" "http://mybatis.org/dtd/mybatis-3-mapper.dtd">
<mapper namespace="com.hvgroup.modules.interMonitor.dao.FtpMonitorDao">

	<!-- List<Map<String,Object>> selectFtpByGT(@Param("groupType") String groupType)根据类型查找全部FTP接口 -->
	<select id="selectFtpByGT" parameterType="java.util.Map"
		resultType="java.util.Map">
		<!-- select fi.ftp_ip ip,
		fi.FTPFILENAME FTPFILENAME,
		fi.FTPDIRECTORY FTPDIRECTORY,
		fi.ftp_port port,
		fi.ftp_name ftpname,
		(case fs.status when 'normal' then '正常' else '异常' end) status
		from FTP_INTERMONITOR fi,
		(select status, ftp_ip,end_date,FTPFILENAME from FTP_INTERMONITOR_LOG f1
		where not exists
		(select 1 from FTP_INTERMONITOR_LOG f2 where f1.FTPFILENAME=f2.FTPFILENAME
		and f2.end_date<![CDATA[ > ]]>f1.end_date)) fs 
		where 1=1 and fs.ftp_ip=fi.ftp_ip and fs.FTPFILENAME = fi.FTPFILENAME 
		and fi.GROUP_TYPE = #{groupType}-->
		 
		select  fi.ftp_ip ip,
			    fi.FTPFILENAME FTPFILENAME,
			    fi.FTPDIRECTORY FTPDIRECTORY,
			    fi.ftp_port port,
			    fi.ftp_name ftpname,
			    f.end_date,
			    (case f.status when 'normal' then '正常' else '异常' end) status
	    from FTP_INTERMONITOR fi
	    left join (select * from FTP_INTERMONITOR_LOG m
                 where m.end_date = (select max(end_date) from FTP_INTERMONITOR_LOG  where ftp_ip = m.ftp_ip and ftpfilename = m.ftpfilename)
                )  f on f.ftp_ip = fi.ftp_ip and f.ftpfilename = fi.ftpfilename
	    where  fi.GROUP_TYPE = #{groupType}
		<if test="ftpFileName !=null and ftpFileName !=''">
			and
			fi.FTPFILENAME like '%' || #{ftpFileName} || '%'

		</if>
		<if test="ip !=null and ip !=''">
			<!-- and fi.ftp_ip = substr(#{ip}, 0, instr(#{ip},':')-1) -->
			and instr(fi.ftp_ip ,substr(#{ip}, 0, instr(#{ip},':')-1) )>=1
   			and fi.ftp_port like substr(#{ip},instr(#{ip},':')+1) || '%'
		</if>
		<if test="status !=null and status !=''">
			<choose>
				<when test="status == 'normal'">
					and f.status = #{status}
				</when>
				<otherwise>
					and (f.status = #{status} or f.status is null)
				</otherwise>
			</choose>
			
		</if>
	</select>

	<select id="selectAllFtp" resultType="java.util.Map">
		select
		max(fi.ftp_ip) as ip,
		max(fi.FTPDIRECTORY) as FTPDIRECTORY,
		max(fi.ftp_port) as port,
		max(fi.ftpuser) as ftpuser,
		max(fi.ftppassword) as ftppassword
		from FTP_INTERMONITOR fi where 1=1
		and fi.state='ENABLED'
		and fi.GROUP_TYPE = #{groupType}
		group by fi.FTPDIRECTORY,fi.ftp_ip
	</select>
	<!-- 获取最近3天的Ftp监控日志 -->
	<select id="getAllFtp" resultType="java.util.Map">

		select max(start_date) as startDate,
		max(t.ftp_ip) as ip,
		avg(t.filecount) as fileCount,
		max(t.ftpfilename) as ftpFileName
		from FTP_INTERMONITOR_LOG t
		where to_date(substr(start_date, 0, 10), 'yyyy-MM-dd') >
		to_date(to_char((sysdate - 3), 'yyyy-mm-dd'), 'yyyy-mm-dd')
		and t.status = 'normal' and t.GROUP_TYPE = #{groupType}
		group by t.ftpfilename

	</select>

	<!-- 更新ftp推送数 -->
	<update id="updateFtpCount">
		update FTP_INTERMONITOR f set JUDGMENTCOUNT=#{judgMentCount}
		where 1 = 1 and f.FTPFILENAME = #{ftpFileName}
	</update>

	<select id="selectFtpByDir" resultType="java.util.Map">
		select
		fi.ftp_ip ip,
		fi.ftp_port port,
		fi.ftp_name ftpname,
		fi.FTPUSER FTPUSER,
		fi.FTPPASSWORD FTPPASSWORD,
		fi.FTPDIRECTORY FTPDIRECTORY,
		fi.FTPFILENAME FTPFILENAME,
		fi.FTPFILEREG FTPFILEREG,
		fi.JUDGMENTCOUNT JUDGMENTCOUNT
		from FTP_INTERMONITOR fi where 1=1
		and fi.FTPDIRECTORY = #{ftpDirectory}

	</select>



	<insert id="insertFtpLog">
		insert into FTP_INTERMONITOR_LOG
		(FTP_IP,STATUS,START_DATE,END_DATE,ALL_TIME,FTPFILENAME,MESSAGE,FILECOUNT)
		values
		(#{ip},#{status},#{startDate},#{endDate},#{timeComsu},#{ftpFileName},#{message},#{fileCount})
	</insert>


	<select id="getFtpLpgCount" resultType="long">
		select count(1) from
		FTP_INTERMONITOR_LOG flog
		where flog.ftp_ip=#{ip} and flog.ftpfilename=
		#{ftpFileName}
	</select>

	<select id="selectFtpLogByIp" parameterType="java.util.Map"
		resultType="java.util.Map">
		<include refid="pageSqlStart" />
		<include refid="FtpLogInfo" />
		<include refid="pageSqlEnd" />
	</select>

	<sql id="FtpLogInfo">
		select flog.ftp_ip ip,
		flog.FTPFILENAME FTPFILENAME,
		flog.MESSAGE MESSAGE,
		(case flog.status when 'normal' then '正常' else '异常' end) status,
		flog.start_date startDate,
		flog.end_date endDate,
		flog.all_time
		timeComsu
		from FTP_INTERMONITOR_LOG flog where 1=1 and flog.ftp_ip = #{ip}
		and flog.FTPFILENAME = #{ftpFileName}
		order by flog.start_date desc

	</sql>

	<select id="exportFtpLogByIp" resultType="java.util.Map">
		<include refid="FtpLogInfo" />
	</select>


	<sql id="pageSqlStart">
		<if test="pageInfo.pageNo != null and pageInfo.pageNo != ''">
			select * from
			(
			select temp_a.*, rownum rn from
			(
		</if>
	</sql>
	<!-- 分页SQL语句结尾语句 -->
	<sql id="pageSqlEnd">
		<if test="pageInfo.pageSize != null and pageInfo.pageSize != ''">
			) temp_a
			where rownum <![CDATA[<=]]>
			#{pageInfo.pageNo}*#{pageInfo.pageSize}
			)
			where rn >
			(#{pageInfo.pageNo}-1)*#{pageInfo.pageSize}
		</if>
	</sql>

	<!-- 主动推送接口日志 -->
	<select id="activePushQuery"
		resultType="com.hvgroup.modules.interMonitor.entity.ActivePushEntity">

		select * from IOT_JOB_TFP_EXECUTOR_LOG where 1=1
		<if test="ecCode !=null and ecCode !=''">
			and ec_code = #{ecCode}
		</if>

	</select>
	
	<!-- 主动推送接口日志  导出-->
	<select id="activePushExport" parameterType="com.hvgroup.modules.interMonitor.entity.ActivePushEntity"
		resultType="java.util.Map">
		select  FILE_NAME FILENAME,
				EC_CODE ECCODE,
				<!-- START_TIME START_TIME, -->
				to_char(START_TIME,'yyyy-MM-dd hh24:mi:ss') STARTTIME,
				<!-- END_TIME ENDTIME, -->
				to_char(END_TIME,'yyyy-MM-dd hh24:mi:ss') ENDTIME,
				FILE_SAVE_PATH FILESAVEPATH,
				(case
					when STATUS = 'SUCCESS' then '成功'
					else '失败'
				end) STATUS
		from IOT_JOB_TFP_EXECUTOR_LOG 
		where 1=1
		<if test="ecCode !=null and ecCode !=''">
			and EC_CODE = #{ecCode}
		</if>
	</select>
	
	<select id="batchQuery"
		resultType="com.hvgroup.modules.interMonitor.entity.FtpVo">

		select * from FTP_INTERMONITOR where 1=1
		<if test="groupType !=null and groupType !=''">
			and group_type = #{groupType}
		</if>

	</select>
	
	<select id="export" parameterType="java.util.Map"
		resultType="java.util.Map">
		select  fi.ftp_ip||':'||fi.ftp_port ip,
			    fi.FTPFILENAME FTPFILENAME,
			    fi.FTPDIRECTORY FTPDIRECTORY,
			    
			    fi.ftp_name ftpname,
			    f.end_date,
			    (case f.status when 'normal' then '正常' else '异常' end) status
	    from FTP_INTERMONITOR fi
	    left join (select * from FTP_INTERMONITOR_LOG m
                 where m.end_date = (select max(end_date) from FTP_INTERMONITOR_LOG  where ftp_ip = m.ftp_ip and ftpfilename = m.ftpfilename)
                )  f on f.ftp_ip = fi.ftp_ip and f.ftpfilename = fi.ftpfilename
	    where <!-- f.end_date = (select max(end_date) from FTP_INTERMONITOR_LOG where ftp_ip = fi.ftp_ip and ftpfilename = fi.ftpfilename)
		and  -->
		fi.GROUP_TYPE = #{groupType}
		<if test="ftpFileName !=null and ftpFileName !=''">
			and
			fi.FTPFILENAME like '%' || #{ftpFileName} || '%'

		</if>
		<if test="ip !=null and ip !=''">
			<!-- and fi.ftp_ip like '%' || #{ip} || '%' -->
			<!-- and fi.ftp_ip = substr(#{ip}, 0, instr(#{ip},':')-1) -->
			and instr(fi.ftp_ip, substr(#{ip}, 0, instr(#{ip},':')-1))>=1
   			and fi.ftp_port like substr(#{ip},instr(#{ip},':')+1) || '%'
		</if>
		<if test="status !=null and status !=''">
			and f.status = #{status}
		</if>
	</select>
</mapper>