<?xml version="1.0" encoding="UTF-8"?>
<!DOCTYPE mapper PUBLIC "-//mybatis.org//DTD Mapper 3.0//EN" "http://mybatis.org/dtd/mybatis-3-mapper.dtd">
<mapper namespace="com.hvgroup.modules.interMonitor.dao.InterfaceMonitorDao">

	<select id="apiCount" resultType="int">
		select count(*) from
		api_monitor t where t.group_type=#{groupType}
	</select>

	<select id="apiDate" resultType="com.hvgroup.modules.interMonitor.entity.Api">
		select min(t.start_date) startDate,max(t.end_date) endDate,t.group_type groupType from api_monitor t
		where t.group_type=#{groupType}
		group by t.group_type
	</select>
	
	
	
	<select id="apiCountqueryKind" resultType="int">
		select count(1) from
		api_monitor   where  method_name like '%查询%'
	</select>

	<select id="apiDatequeryKind" resultType="com.hvgroup.modules.interMonitor.entity.Api">
		select min(t.start_date) startDate,max(t.end_date) endDate  from api_monitor t
		WHERE   method_name like '%查询%'  AND ROWNUM=1
	</select>
	
		<select id="apiCountbussisKind" resultType="int">
		select count(1) from
		api_monitor   where  method_name not like '%查询%'
	</select>

	<select id="apiDatebussisKind" resultType="com.hvgroup.modules.interMonitor.entity.Api">
select min(t.start_date) startDate,max(t.end_date) endDate  from api_monitor t   WHERE 
 method_name not like '%查询%'   and rownum=1
	</select>



	<select id="ftpCount" resultType="long">
		select count(*) from
		FTP_INTERMONITOR t where t.group_type=#{groupType}
	</select>
	
	<select id="ftpInfo" resultType="java.util.Map">
			select
		       min(fs.start_date) startDate,
		       max(fs.end_date) endDate,
		       fi.group_type groupType
      		 from FTP_INTERMONITOR fi, 
		      (select status, ftp_ip,start_date,end_date from FTP_INTERMONITOR_LOG f1 where not exists 
		           (select 1 from FTP_INTERMONITOR_LOG f2 where f1.ftp_ip=f2.ftp_ip and f2.end_date>f1.end_date)) fs 
           where 1=1 and fs.ftp_ip=fi.ftp_ip
     	 and fi.GROUP_TYPE =#{groupType}  
     	 group by fi.GROUP_TYPE
	</select>
	
	
	<select id="adcCount" resultType="int">
		select count(*) from
		ADC_INTERMONITOR t where t.group_type=#{groupType}
	</select>

	<select id="adcDate"
		resultType="com.hvgroup.modules.interMonitor.entity.AdcIntermonitorEntity">
		select min(t.start_date) startDate,max(t.end_date) endDate,t.group_type groupType 
		from ADC_INTERMONITOR t
		where t.group_type=#{groupType}
		group by t.group_type
	</select>

</mapper>