<?xml version="1.0" encoding="UTF-8" ?>
<!DOCTYPE mapper PUBLIC "-//mybatis.org//DTD Mapper 3.0//EN" "http://mybatis.org/dtd/mybatis-3-mapper.dtd">
<mapper namespace="com.hvgroup.modules.order.dao.DemandOrderDao">

	<sql id="commonColumns">
    	a.*,
    	d.id as "initiator.id",
    	d.name as "initiator.name",
    	u.id AS commitUserId,
    	u.real_name AS commitUserName,
    	s.id as "createBy.id",
    	s.name as "createBy.name",
    	l.id as "lastDealPerson.id",
    	l.name as "lastDealPerson.name",
    	m.id as "dealPerson.id",
    	m.name as "dealPerson.name"
    </sql>
    
    <sql id="commonJoins">
		left join sys_user d on a.initiator_id = d.id
		left join pro_users u on a.commit_by = u.id
		left join sys_user s on a.create_by = s.id
		left join sys_user l on a.last_deal_person_id = l.id
		left join sys_user m on a.deal_person_id = m.id
    </sql>

	<insert id="insert">
		INSERT INTO F_DEMAND_ORDER(
			ID,
			DEMAND_SOURCE,
			DEMAND_PERSON,
			DEMAND_DESC,
			DEMAND_STANDARD,
			ATTACH_IDS,
			ATTACH_NAMES,
			CREATE_BY,
			CREATE_BY_NAME,
			ORDER_NO,
			CREATE_DATE,
			ORDER_TYPE,
			ORDER_NAME,
			ORDER_STATE,
			DEAL_PERSON_NAME,
			DEAL_PERSON_ID,
			CUSTOMER_LEVEL,
			LAST_DEAL_PERSON_ID,
			FINISH_TIME,
			PHONE,
			OFFICE_NAME
		)VALUES(
			#{id},
			#{demandSource},
			#{demandPerson},
			#{demandDesc},
			#{demandStandard},
			#{attachIds},
			#{AttachNames},
			#{createBy.id},
			#{createBy.loginName},
			#{orderNo},
			#{createDate},
			#{orderType},
			#{orderName},
			#{orderState},
			#{dealPerson.loginName},
			#{dealPerson.id},
			#{customerLevel},
			#{lastDealPerson.id},
			#{finishTime},
			#{phone},
			#{officeName}
		)
	</insert>
	
	<select id="get" resultType="com.hvgroup.modules.order.entity.DemandOrder">
		select
			<include refid="commonColumns"/>,
			a.procinsid as "act.procInsId"
		from F_DEMAND_ORDER a 
			<include refid="commonJoins"/>
		WHERE a.ID = #{id}
	</select>
	
	<update id="update">
		UPDATE F_DEMAND_ORDER SET
			DEMAND_SOURCE = #{demandSource},
			DEMAND_PERSON = #{demandPerson},
			DEMAND_DESC = #{demandDesc},
			DEMAND_STANDARD = #{demandStandard},
			ATTACH_IDS  = #{attachIds},
			ATTACH_NAMES  = #{AttachNames},
			ORDER_TYPE  = #{orderType},
			ORDER_NAME  = #{orderName},
			ORDER_STATE = #{orderState},
			COMMIT_BY = #{commitUserId},
			COMMIT_DATE = #{commitDate},
			DEAL_PERSON_NAME  = #{dealPerson.loginName},
			DEAL_PERSON_ID  = #{dealPerson.id},
			CUSTOMER_LEVEL  = #{customerLevel},
			INITIATOR_ID  = #{initiator.id},
			LAST_DEAL_PERSON_ID = #{lastDealPerson.id},
			FINISH_TIME = #{finishTime},
			PHONE=#{phone},
			OFFICE_NAME=#{officeName}
    	WHERE ID=#{id}
	</update>
	
	<delete id="delete">
		delete from f_demand_order where id=#{id}
	</delete>


</mapper>