<?xml version="1.0" encoding="UTF-8" ?>
<!DOCTYPE mapper PUBLIC "-//mybatis.org//DTD Mapper 3.0//EN" "http://mybatis.org/dtd/mybatis-3-mapper.dtd">
<mapper namespace="com.hvgroup.modules.order.dao.OrderMessageDao">

	<sql id="commonColumns">
    	a.*,
    	d.id as "initiator.id",
    	d.name as "initiator.name",
    	u.id AS commitUserId,
    	u.real_name AS commitUserName,
    	s.id as "createBy.id",
    	s.name as "createBy.name",
    	l.id as "lastDealPerson.id",
    	l.name as "lastDealPerson.name",
    	m.id as "dealPerson.id",
    	m.name as "dealPerson.name"
    </sql>
    
    <sql id="commonJoins">
		left join sys_user d on a.initiator_id = d.id
		left join pro_users u on a.commit_by = u.id
		left join sys_user s on a.create_by = s.id
		left join sys_user l on a.last_deal_person_id = l.id
		left join sys_user m on a.deal_person_id = m.id
    </sql>
	    
	<select id="get" resultType="OrderMessage">
		select
			<include refid="commonColumns"/>,
			a.procinsid as "act.procInsId"
		from ORDER_MESSAGE a 
			<include refid="commonJoins"/>
		WHERE a.ID = #{id}
	</select>

	<select id="findList" resultType="OrderMessage">
		select
			a.*
		from ORDER_MESSAGE a 
		where
			a.apply_type = 'manager' 
		and a.receiver = #{receiver}
		order by a.read_status,a.create_date DESC
	</select>

	<insert id="insert">
		INSERT INTO ORDER_MESSAGE(
			id,
			order_no,
			order_type,
			ec_code,
			read_status,
			apply_type,
			receiver,
			create_date
		)VALUES(
			#{id},
			#{orderNo},
			#{orderType},
			#{ecCode},
			0,
			#{applyType},
			#{receiver},
			#{createDate}
		)
	</insert>
	
	<update id="update">
		UPDATE ORDER_MESSAGE 
		<set>
			read_status = #{readStatus},
			read_date = #{updateDate}
		</set>
    	WHERE ID = #{id}
	</update>
	
	<update id="changeReadStatus">
		UPDATE ORDER_MESSAGE 
		<set>
			read_status = #{readStatus},
			read_date = #{updateDate}
		</set>
    	WHERE order_no = #{orderNo}
	</update>

	<delete id="delete">
		delete from ORDER_MESSAGE where id=#{id}
	</delete>
	
	
</mapper>