<?xml version="1.0" encoding="UTF-8" ?>
<!DOCTYPE mapper PUBLIC "-//mybatis.org//DTD Mapper 3.0//EN" "http://mybatis.org/dtd/mybatis-3-mapper.dtd">
<mapper namespace="com.hvgroup.modules.order.dao.PackageApplyDao">
	
	<sql id="ecCode">
		<if test="ecCode != null and ecCode != ''">
			and e.EC_CODE = #{ecCode}
		</if>
    </sql>
	
	<select id="findList" resultType="com.hvgroup.modules.order.entity.PackageApply">
			select * from (
		    	select   
		              e.order_no orderNo,
		              e.procinsid as "act.procInsId",
		              e.OPERATION_ID operationId,
		              cus.ec_code ecCode,
		              cus.ec_name ecName,
		             <!--  cus.enterprise_level enterpriseLevel, -->
		             replace(cus.enterprise_level,'grouptype','') enterpriseLevel,
		              cus.area_id areaId,
		              a.AREA_NAME areaName,
		              (
			              SELECT COUNT(DISTINCT MSISDN) 
			              from M2M_PERSON
			              WHERE M2M_PERSON.EC_CODE=cus.ec_code
			              AND STATE='ENABLED'
		              ) totalCount,   
		              e.state state,
		              to_char( e.apply_date,'yyyy-MM-dd hh24:mi:ss') applyDate,
		             (select update_date from EC_PACKAGE_ALTER_RECORD where order_no = e.order_no and rownum =1) updateDate,
		             (case
		                  when e.state = 'APPROVING' then '待处理'
		                  when e.state = 'YES' then '已通过'
		                  when e.state = 'NO' then '已退回'
		                  when e.state = 'UNCOMMIT' then '未提交'
		             end) disposeState,
		             e.current_user_id currentUserId
	           from  EC_PACKAGE_ORDER e
	           left join enterprise_customer cus on cus.ec_code = e.ec_code
	           left join AREAS a on a.area_id = cus.area_id
           )where 1=1
		   <if test="ecNameOrCode != null and ecNameOrCode != ''">
				and
				(
					ecName like '%' || #{ecNameOrCode} || '%'
					or
					ecCode like '%' || #{ecNameOrCode} || '%'
				)
		  </if>
		  <if test="enterpriseLevel != null and enterpriseLevel != ''">
				and
				(
					enterpriseLevel like '%' || #{enterpriseLevel} || '%'
				)
		  </if>
		  <if test="disposeState != null and disposeState != ''">
				and
				(
					disposeState = #{disposeState}
				)
		  </if>
		  <if test="currentUserId != null and currentUserId != ''">
				and
				(
					<!-- currentUserId = #{currentUserId} or --> operationId = #{currentUserId}
				)
		  </if>
		  order by updateDate desc
    </select>

	<!-- 查询配置信息 -->
	<select id="queryEcPostcount" resultType="com.hvgroup.modules.order.entity.PackageApply">
		select e.EC_CODE		    as ecCode,
			   e.MONTHPACKAGELIMIT	as monthpackagelimit,
			   e.POSEPACKAGELIMIT	as posepackagelimit,
			   e.OVERMONTHLIMIT		as overmonthlimit,
			   e.REMARK				as remark,
			   e.attach_ids         as attachIds
		from  EC_POSECOUNT e
		where 1=1
		<include refid="ecCode"/>
	</select>
	

	<select id="findPackages" resultType="com.hvgroup.modules.order.entity.PackageApply">
		 select      
	           a.package_name as packageName,
	           a.package_code as packageCode,
	           (case
	                when a.bus_category = 'VOICE' then '语音'
	                when a.bus_category = 'SMS' then '短信'
	                when a.bus_category = 'FLOW' then '流量'
	                when a.bus_category = 'FUNC' then '功能'
	                else '--'
	           end) busCategory,
	          (case
	                when a.pkg_type = 'PKG_TYPE_TEST' then '测试期套餐'
	                when a.pkg_type = 'PKG_TYPE_MONTH' then '月套餐'
	                when a.pkg_type = 'PKG_TYPE_PEACE' then '安心包'
	                when a.pkg_type = 'PKG_TYPE_REFUEL' then '加油包'
	                when a.pkg_type = 'PKG_TYPE_QUARTER' then '季包'
	                when a.pkg_type = 'PKG_TYPE_HALF_YEAR' then '半年包'
	                when a.pkg_type = 'PKG_TYPE_YEAR' then '年包'
	                when a.pkg_type = 'PKG_TYPE_IDLE' then '闲时流量套餐'
	                else '--'
	          end) pkgType, 
	          s.label pkgTypeName,  
	          <!-- to_char(a.amount,'9999999990.99') amount, -->
	          a.amount amount,
	          a.unit_value unitValue,
	          (case
	                when a.unit = 'M' then 'M'
	                when a.unit = 'min' then '分钟'
	                when a.unit = 'item' then '条'
	          end) unit,
	          e.alter_type alterType,
	          to_char( e.update_date,'yyyy-MM-dd hh24:mi:ss') updatedates,
	          (case
	          	when r.state is null then to_char( e.update_date,'yyyy-MM-dd hh24:mi:ss')
	          	else to_char( r.apply_date,'yyyy-MM-dd hh24:mi:ss')
	          end) applyDate,
	          (case
	          	when r.state is null then '--'
	          	else to_char( r.approve_date,'yyyy-MM-dd hh24:mi:ss')
	          end) approveDate,
              e.operation_name operationName,
              r.approve_name approveName,
              r.approve_date approveDate,
              <if test="orderNo == null and alterType == null">
			  (case
		           when e.order_no is null then e.ATTACH_IDS
		           else r.attach_ids
		      end) attachIds,
		 	  </if>
              e.product_code   as productCode,
              p.product_short  as productShort    
         from EC_PACKAGE_ALTER_RECORD e
         left join ATOMIC_PRODUCTS a on e.package_code = a.package_code
         left join SYS_DICT s on s.value = a.pkg_type and s.type = 'pkg_prod_type'
         left join EC_PACKAGE_ORDER r on e.order_no = r.order_no
         left join product_suites p on p.product_code = e.product_code
         where a.bus_category != 'FUNC'
         <include refid="ecCode"/>
         <if test="alterType != null and alterType != ''">
			<!-- and e.alter_type = #{alterType} -->
			and (e.alter_type = 'ADD' or e.alter_type = 'DELETE')
		 </if>
         <if test="orderNo != null and orderNo != ''">
			and e.order_no = #{orderNo}
			order by updatedates desc,e.alter_type,e.package_code
		 </if>
         <if test="orderNo == null and alterType == null">
			and (r.state = 'YES' or r.state is null)
			order by updatedates desc,e.alter_type,e.package_code
		 </if>
	</select>



	<select id="findEcNameAndArea" resultType="com.hvgroup.modules.order.entity.PackageApply">
		select   
		      e.ec_name ecName,
		      a.AREA_NAME areaName
	    from  enterprise_customer e
	    left join AREAS a on a.area_id = e.area_id
	    where 1=1
		<include refid="ecCode"/>
	</select>

	<!-- 根据工单号删除工单记录 -->
	<delete id="deleteOrder">
		delete from EC_PACKAGE_ORDER  where order_no = #{orderNo}
	</delete>
	<!-- 根据工单号删除套餐变更记录 -->
	<delete id="deleteAlterRecord">
		delete from EC_PACKAGE_ALTER_RECORD where order_no = #{orderNo}
	</delete>
	
	
	
	
	 <!-- 查询已办理套餐 -->
    <select id="queryAtomicRelay" resultType="com.hvgroup.modules.order.entity.PackageApply">
		select e.EC_CODE		as ecCode,
			   e.PACKAGE_CODE	as packageCode,
			   a.PACKAGE_NAME	as packageName,
			   a.PACKAGE_SHORT  as packageShort,
			   a.pkg_type		as pkgType,
			   a.AMOUNT       	as amount,
               a.UNIT_VALUE   	as unitValue,
               a.UNIT         	as unit,
               e.product_code   as productCode,
               p.product_short  as productShort,
			  <!--  a.release		as release ,
			   a.IS_DEFAULT 	as isDefault, -->
			   (select count(1) from EC_PACKAGE_ALTER_RECORD r where r.package_code = e.package_code and r.order_no = #{orderNo} and r.alter_type='DELETE') isApprovePkg,
			   a.BUS_CATEGORY as busCategory<!-- ,
			   (case 
			   		when e.PACKAGE_CODE in (
				   		select r.package_code from EC_PACKAGE_ALTER_RECORD r 
				   		left join EC_PACKAGE_ORDER o on r.order_no = o.order_no 
				   		where r.alter_type = 'DELETE' 
	                    and r.order_no is not null 
	                    and r.package_code is not null 
	                    and o.state  = 'APPROVING'
	                    <if test="ecCode != null and ecCode != ''">
							and r.ec_code = #{ecCode}
						</if>
	                    
	                        select  a.PACKAGE_CODE from (
	                                select ORDER_NO,PACKAGE_CODE from EC_PACKAGE_ALTER_RECORD where ALTER_TYPE = 'DELETE' 
	                                and ORDER_NO is not null and PACKAGE_CODE is not null
	                                <if test="ecCode != null and ecCode != ''">
										and EC_CODE = #{ecCode}
									</if>
	                        )a
	                        inner join EC_PACKAGE_ORDER e on a.ORDER_NO = e.ORDER_NO and e.STATE  = 'APPROVING'
                	)
                then '1'  有订单在审批中
                else '0'
           end) as orderState -->
		from EC_PACKAGE_REL e
		left join ATOMIC_PRODUCTS a on e.PACKAGE_CODE = a.PACKAGE_CODE
		left join product_suites p on p.product_code = e.product_code
		where a.STATE = 'ENABLED' and a.can_handle = '1' and a.bus_category != 'FUNC'
		<if test="ecCode != null and ecCode != ''">
			and e.EC_CODE = #{ecCode}
		</if>
		<if test="pkgType != null and pkgType != ''">
			and a.pkg_type = #{pkgType}
		</if>
		<if test="pkgCodeOrName != null and pkgCodeOrName != ''">
			and (a.PACKAGE_CODE like '%'||#{pkgCodeOrName}||'%'
			or a.PACKAGE_NAME like '%'||#{pkgCodeOrName}||'%')
		</if>
		<if test="busCategory != null and busCategory != ''">
			and a.BUS_CATEGORY  = #{busCategory}
		</if>
		<!-- <if test="toCode != null and toCode != ''">
			and e.PACKAGE_CODE in (
				select * from(
				        select PACKAGE_CODE from SERVICE_PKG 
				        where PRODUCT_CODE in (select FROM_CODE from group_rel where TO_CODE = #{toCode} and CODE_TYPE = 'fujia' )
					union all
					    select FROM_CODE from group_rel where TO_CODE = #{toCode} and CODE_TYPE = 'atomic'    
				)
			)
		</if> -->
		order by isApprovePkg desc,packageCode
	</select>

	
	<!-- 查询可办理套餐 (新增)-->
	<select id="queryAtomicChoose" resultType="com.hvgroup.modules.order.entity.PackageApply">
		select * from (
			select PACKAGE_CODE as packageCode,
				   PACKAGE_NAME as packageName,
			   	   PACKAGE_SHORT  as packageShort,
				   PKG_TYPE		as pkgType,
				   AMOUNT       as amount,
                   UNIT_VALUE   as unitValue,
                   UNIT         as unit,
				   RELEASE 		as release,
				   BUS_CATEGORY as busCategory,
				   IS_DEFAULT 	as isDefault,
				   STATE		as state,
				   #{toCode} as productCode,
          		  (select p.product_short from product_suites p where p.product_code = #{toCode} and rownum =1) productShort
			from ATOMIC_PRODUCTS where a.visible = '1' and a.can_handle = '1' and PACKAGE_CODE in 
			(
		        select PACKAGE_CODE from SERVICE_PKG 
		        where PRODUCT_CODE in (select FROM_CODE from group_rel where TO_CODE = #{toCode} and CODE_TYPE = 'fujia' )
			)
			
			union all
			
			select PACKAGE_CODE as packageCode,
				   PACKAGE_NAME as packageName,
			   	   PACKAGE_SHORT  as packageShort,
				   PKG_TYPE		as pkgType,
				   AMOUNT       as amount,
                   UNIT_VALUE   as unitValue,
                   UNIT         as unit,
				   RELEASE 		as release,
				   BUS_CATEGORY as busCategory,
				   IS_DEFAULT 	as isDefault,
				   STATE		as state,
				   #{toCode} as productCode,
           		  (select p.product_short from product_suites p where p.product_code = #{toCode} and rownum =1) productShort
			from ATOMIC_PRODUCTS where a.visible = '1' and a.can_handle = '1' and PACKAGE_CODE in 
			(
			    select FROM_CODE from group_rel where TO_CODE = #{toCode} and CODE_TYPE = 'atomic'    
			)
		)
		where state = 'ENABLED'
		<!-- and packageCode not in
			(
				select r.package_code from EC_PACKAGE_ALTER_RECORD r 
			   	left join EC_PACKAGE_ORDER o on r.order_no = o.order_no 
			   	where r.alter_type = 'ADD' 
                and r.order_no is not null 
                and r.package_code is not null 
                and o.state  = 'APPROVING'
                <if test="ecCode != null and ecCode != ''">
					and r.ec_code = #{ecCode}
				</if>
			) -->
		<if test="pkgType != null and pkgType != ''">
			and pkgType = #{pkgType}
		</if>
		<if test="pkgCodeOrName != null and pkgCodeOrName != ''">
			and (packageCode like '%'||#{pkgCodeOrName}||'%'
			or packageName like '%'||#{pkgCodeOrName}||'%')
		</if>
		<if test="busCategory != null and busCategory != ''">
			and busCategory = #{busCategory}
		</if>
		<if test="isDefault != null ">
			and isDefault = #{isDefault}
		</if>
		<if test="flag != null and flag != ''">
			and packageCode not in (select e.PACKAGE_CODE from  EC_PACKAGE_REL e
									left join ATOMIC_PRODUCTS a on e.PACKAGE_CODE = a.PACKAGE_CODE
									where e.EC_CODE = #{ecCode})
		</if>
		<!-- <if test="orderNo != null and orderNo != ''">
			 and packageCode not in (select r.package_code from EC_PACKAGE_ALTER_RECORD r 
			 						 where r.order_no = #{orderNo}
			 						 and r.alter_type='ADD'
									)       
		</if> -->
		order by packageCode
	</select>
	
	<!-- 订单表更新 -->
	<insert id="updateOrInsertOrder"> 
		MERGE INTO EC_PACKAGE_ORDER T1
	    USING (SELECT #{orderNo} as orderNo,#{applyDate} as applyDate,#{operationId} as operationId,#{operationName} as operationName,#{state} as state,#{ecCode} as ecCode ,#{orderName} as orderName,#{monthpackagelimit} as monthpackagelimit,#{posepackagelimit} as posepackagelimit,#{overmonthlimit} as overmonthlimit,#{remark} as remark,#{attachIds} as attachIds from dual) T2
	    ON ( T1.ORDER_NO = T2.orderNo)
	    WHEN MATCHED THEN
	        UPDATE SET 
	        	T1.Apply_Date = T2.applyDate,
	        	T1.Operation_Id = T2.operationId,
	        	T1.Operation_Name = T2.operationName,
	        	T1.State = T2.state,
	        	T1.Approve_Date = null,
	        	T1.OPINION = null,
	        	T1.ORDER_NAME = T2.orderName,
	        	T1.MONTHPACKAGELIMIT = T2.monthpackagelimit,
	        	T1.POSEPACKAGELIMIT = T2.posepackagelimit,
	        	T1.OVERMONTHLIMIT = T2.overmonthlimit,
	        	T1.REMARK = T2.remark,
	        	T1.ATTACH_IDS = T2.attachIds
	    WHEN NOT MATCHED THEN 
        INSERT (ORDER_NO,APPLY_DATE,OPERATION_ID,OPERATION_NAME,STATE,EC_CODE,ORDER_NAME,MONTHPACKAGELIMIT,POSEPACKAGELIMIT,OVERMONTHLIMIT,REMARK,ATTACH_IDS)
        VALUES (T2.orderNo,T2.applyDate,T2.operationId,T2.operationName,T2.state,T2.ecCode,T2.orderName,T2.monthpackagelimit,T2.posepackagelimit,T2.overmonthlimit,T2.remark,T2.attachIds)
	</insert>
	
	<!-- 更新 套餐变更表-->
	<!-- <insert id="updateOrInsertRecord">
		merge into EC_PACKAGE_ALTER_RECORD e
	    using(select 
	        	#{orderNo} as orderNo ,#{packageCode} as packageCode,#{recordId} as recordId,#{ecCode} as ecCode,#{updateDate} as updateDate,#{operationId} as operationId,#{operationName} as operationName,#{alterType} as alterType, #{productCode} as productCode from dual
	         ) t
	    on(e.ORDER_NO = t.orderNo and e.package_code = t.packageCode and e.PRODUCT_CODE =t.productCode)
	    when matched then 
	      	 update set e.update_date = t.updateDate,e.operation_id = t.operationId,e.operation_name = t.operationName
	    when not matched then 
	    insert values (t.recordId,t.orderNo,t.ecCode,t.packageCode,t.updateDate,t.operationId,t.operationName,t.alterType,t.productCode)
	</insert> -->


	<select id="findChangePkgs" resultType="com.hvgroup.modules.order.entity.PackageApply">
		select  
		  	package_code packageCode,
		  	alter_type alterType
		from EC_PACKAGE_ALTER_RECORD  
		where order_no = #{orderNo}
	</select>

	<select id="findDate" resultType="com.hvgroup.modules.order.entity.PackageApply">
		select 
			to_char(t.apply_date,'yyyy-MM-dd hh24:mi:ss') applyDate,
			to_char(t.approve_date,'yyyy-MM-dd hh24:mi:ss') approveDate,
			t.opinion,
			t.operation_name operationName,
			t.approve_name approveName  
		from EC_PACKAGE_ORDER t 
		where t.order_no = #{orderNo}  
	</select>

	<!-- 查询集团名称、编码、客户类型(重点客户、普通客户)  -->
   <select id="findEcNameAndCusType" resultType="OrderPower" parameterType="String">
	    		select distinct
			   			<!-- cus.ec_code ecCode,
			    		cus.ec_name ecName, -->
               		   (case
				            when e.ec_code is not null then e.cus_type 
				            else '0'
			           end) cusType        
		        from enterprise_customer cus
        		left join EC_CUSTOMER_TYPE e on cus.ec_code = e.ec_code
				where cus.EC_CODE = #{ecCode}
	</select>

	<!-- 删除工单时根据流程实例id删除相关表信息 -->
	<delete id="deleteByProcInsId">
		DELETE FROM ACT_RU_TASK WHERE PROC_INST_ID_ = #{procInsId}
	</delete>
	
   <!--  <sql id="commonJoins">
		left join sys_user d on a.initiator_id = d.id
		left join pro_users u on a.commit_by = u.id
		left join sys_user s on a.create_by = s.id
		left join sys_user l on a.last_deal_person_id = l.id
		left join sys_user m on a.deal_person_id = m.id
    </sql>
	<select id="get" resultType="FaultOrder">
		select
			<include refid="commonColumns"/>
		from F_FAULT_ORDER a 
			<include refid="commonJoins"/>
		WHERE a.ID = #{id}
	</select> -->
	
	<select id="findOrder" resultType="com.hvgroup.modules.order.entity.PackageApply">
		select t.*,
				t.PROCINSID AS "act.procInsId",
				t.ec_code ecCode,
				replace(cus.enterprise_level,'grouptype','') enterpriseLevel
		 from EC_PACKAGE_ORDER t 
		 left join ENTERPRISE_CUSTOMER cus on cus.ec_code = t.ec_code
		 where t.order_no = #{orderNo}
	</select>

</mapper>