<?xml version="1.0" encoding="UTF-8" ?>
<!DOCTYPE mapper PUBLIC "-//mybatis.org//DTD Mapper 3.0//EN" "http://mybatis.org/dtd/mybatis-3-mapper.dtd">
<mapper namespace="com.hvgroup.modules.order.dao.PackageOrderDao">
	
	<sql id="ecCode">
		<if test="ecCode != null and ecCode != ''">
			and e.EC_CODE = #{ecCode}
		</if>
    </sql>
	
	<select id="findList" resultType="com.hvgroup.modules.order.entity.PackageOrder">
			select * from (
		    	select   
		              e.order_no orderNo,
		              e.procinsid as "act.procInsId",
		              e.OPERATION_ID operationId,
		              cus.ec_code ecCode,
		              cus.ec_name ecName,
		             <!--  cus.enterprise_level enterpriseLevel, -->
		             replace(cus.enterprise_level,'grouptype','') enterpriseLevel,
		              cus.area_id areaId,
		              a.AREA_NAME areaName,
		              (
			              SELECT COUNT(DISTINCT MSISDN) 
			              from M2M_PERSON
			              WHERE M2M_PERSON.EC_CODE=cus.ec_code
			              AND STATE='ENABLED'
		              ) totalCount,   
		              to_char( e.apply_date,'yyyy-MM-dd hh24:mi:ss') applyDate,
		              e.state state,
		             (case
		                  when e.state = 'APPROVING' then '待处理'
		                  when e.state = 'YES' then '已通过'
		                  when e.state = 'NO' then '已退回'
		             end) disposeState,
		             e.operation_name operationName,
		             e.current_user_id currentUserId
	           from  EC_PACKAGE_ORDER e
	           left join enterprise_customer cus on cus.ec_code = e.ec_code
	           left join AREAS a on a.area_id = cus.area_id
           )where state != 'UNCOMMIT'
		   <if test="ecNameOrCode != null and ecNameOrCode != ''">
				and
				(
					ecName like '%' || #{ecNameOrCode} || '%'
					or
					ecCode like '%' || #{ecNameOrCode} || '%'
				)
		  </if>
		  <if test="enterpriseLevel != null and enterpriseLevel != ''">
				and
				(
					enterpriseLevel like '%' || #{enterpriseLevel} || '%'
				)
		  </if>
		  <if test="disposeState != null and disposeState != ''">
				and
				(
					disposeState = #{disposeState}
				)
		  </if>
		  <if test="orderNo != null and orderNo != ''">
				and
				(
					orderNo = #{orderNo}
				)
		  </if>
		  <if test="currentUserId != null and currentUserId != ''">
				and
				(
					currentUserId = #{currentUserId}
				)
		  </if>
		  order by applyDate desc,orderNo
    </select>

	<!-- 查询配置信息 -->
	<select id="queryEcPostcount" resultType="com.hvgroup.modules.order.entity.PackageOrder">
		select e.EC_CODE		    as ecCode,
			   e.MONTHPACKAGELIMIT	as monthpackagelimit,
			   e.POSEPACKAGELIMIT	as posepackagelimit,
			   e.OVERMONTHLIMIT		as overmonthlimit,
			   e.REMARK				as remark,
			   e.attach_ids         as attachIds
		from  EC_POSECOUNT e
		where 1=1
		<include refid="ecCode"/>
	</select>


	<select id="findPackages" resultType="com.hvgroup.modules.order.entity.PackageOrder">
		 select      
	           a.package_name as packageName,
	           a.package_code as packageCode,
	           a.package_short as packageShort,
	           (case
	                when a.bus_category = 'VOICE' then '语音'
	                when a.bus_category = 'SMS' then '短信'
	                when a.bus_category = 'FLOW' then '流量'
	                when a.bus_category = 'FUNC' then '功能'
	                else '--'
	           end) busCategory,
	          (case
	                when a.pkg_type = 'PKG_TYPE_TEST' then '测试期套餐'
	                when a.pkg_type = 'PKG_TYPE_MONTH' then '月套餐'
	                when a.pkg_type = 'PKG_TYPE_PEACE' then '安心包'
	                when a.pkg_type = 'PKG_TYPE_REFUEL' then '加油包'
	                when a.pkg_type = 'PKG_TYPE_QUARTER' then '季包'
	                when a.pkg_type = 'PKG_TYPE_HALF_YEAR' then '半年包'
	                when a.pkg_type = 'PKG_TYPE_YEAR' then '年包'
	                when a.pkg_type = 'PKG_TYPE_IDLE' then '闲时流量套餐'
	                else '--'
	          end) pkgType,   
	          s.label pkgTypeName,
	         <!--  to_char(a.amount,'9999999990.99') amount, -->
	         <if test="alterType == 'ADD'">
				(case 
			   		when e.PACKAGE_CODE in (
				   		select r.package_code from EC_PACKAGE_ALTER_RECORD r 
				   		left join EC_PACKAGE_ORDER o on r.order_no = o.order_no 
				   		where r.alter_type = 'ADD' 
	                    and r.order_no is not null 
	                    and r.package_code is not null 
	                    and o.state  = 'APPROVING'
						and r.ec_code = #{ecCode}
                		)
	                then '1'  <!-- 有订单在审批中 -->
	                else '0'
	            end) as orderState,
			  </if>
	          a.amount amount,
	          a.unit_value unitValue,
	          (case
	                when a.unit = 'M' then 'M'
	                when a.unit = 'min' then '分钟'
	                when a.unit = 'item' then '条'
	          end) unit,
	          e.alter_type alterType,
	          to_char( e.update_date,'yyyy-MM-dd hh24:mi:ss') updatedates,
	          (case
	          	when r.state is null then to_char( e.update_date,'yyyy-MM-dd hh24:mi:ss')
	          	else to_char( r.apply_date,'yyyy-MM-dd hh24:mi:ss')
	          end) applyDate,
	          (case
	          	when r.state is null then '--'
	          	else to_char( r.approve_date,'yyyy-MM-dd hh24:mi:ss')
	          end) approveDate,
              e.operation_name operationName,
              r.approve_name approveName,
              r.approve_date approveDate,
              e.product_code   as productCode,
              p.product_short  as productShort     
         from EC_PACKAGE_ALTER_RECORD e
         left join ATOMIC_PRODUCTS a on e.package_code = a.package_code
         left join SYS_DICT s on s.value = a.pkg_type and s.type = 'pkg_prod_type'
         left join EC_PACKAGE_ORDER r on e.order_no = r.order_no
         left join product_suites p on p.product_code = e.product_code
         where 1=1
         <include refid="ecCode"/>
         <if test="alterType != null and alterType == 'ADD'">
			and e.alter_type = 'ADD'
		 </if>
		 <if test="alterType != null and alterType == 'AddAndDelete'">
			and (e.alter_type = 'ADD' or e.alter_type = 'DELETE')
		 </if>
         <if test="orderNo != null and orderNo != ''">
			and e.order_no = #{orderNo}
			order by updatedates desc,e.alter_type,e.package_code
		 </if>
         <if test="orderNo == null and alterType == null">
			and (r.state = 'YES' or r.state is null)
			order by updatedates desc,e.alter_type,e.package_code
		 </if>
	</select>

	<select id="findEcNameAndArea" resultType="com.hvgroup.modules.order.entity.PackageOrder">
		select   
		      e.ec_name ecName,
		      a.AREA_NAME areaName
	    from  enterprise_customer e
	    left join AREAS a on a.area_id = e.area_id
	    where 1=1
		<include refid="ecCode"/>
	</select>



	<update id="update">
		update 
		  EC_PACKAGE_ORDER t 
		set 
		  t.approve_date = sysdate,
		  t.approve_id = #{approveId},
		  t.approve_name = #{approveName},
		  t.opinion = #{opinion},
		  t.state = #{state},
		  t.CURRENT_USER_ID = #{currentUserId}
		where 
		  t.order_no = #{orderNo} 
	</update>
	
	<update id="updatePackage">
		update 
		  EC_PACKAGE_ORDER t 
		set 
		  t.CURRENT_USER_ID = #{currentUserId}
		where 
		  t.order_no = #{orderNo} 
	</update>
	
	<update id="alterUpdateDate">
		update EC_PACKAGE_ALTER_RECORD  set update_date = sysdate where order_no = #{orderNo} 
	</update>

	<select id="findChangePkgs" resultType="com.hvgroup.modules.order.entity.PackageOrder">
		select  
		  	package_code packageCode,
		  	product_code productCode,
		  	alter_type alterType
		from EC_PACKAGE_ALTER_RECORD  
		where order_no = #{orderNo}
	</select>

	<select id="findDate" resultType="com.hvgroup.modules.order.entity.PackageOrder">
		select 
			to_char(t.apply_date,'yyyy-MM-dd hh24:mi:ss') applyDate,
			to_char(t.approve_date,'yyyy-MM-dd hh24:mi:ss') approveDate,
			t.opinion,
			t.operation_name operationName,
			t.approve_name approveName 
		from EC_PACKAGE_ORDER t 
		where t.order_no = #{orderNo}  
	</select>

	<!-- 订购关系新增(批量) -->
	<insert id="insertRelpkg" parameterType="java.util.List">
		merge into ec_package_rel ep
		using(select ec_code,package_code,product_code from
			(
				<foreach collection="list" item="item" index="index" separator=" union ">
				select 
				#{item.ecCode} as EC_CODE ,#{item.packageCode} as PACKAGE_CODE,#{item.productCode} as PRODUCT_CODE from dual
				</foreach>
			) <!-- group by ec_code,package_code,product_code -->) t
		on(ep.ec_code=t.ec_code and ep.package_code=t.package_code)
		when matched then
		update set ep.product_code=t.product_code
		when not matched then 
		insert(ec_code,package_code,relationship,start_time,end_time,state,product_code)
		values(t.ec_code,t.package_code,'white',sysdate,to_date('20371231','yyyymmdd'),'ENABLED',t.product_code)
	</insert>

	<!-- 删除集团某些套餐订购关系(批量) -->
	<delete id="deletePackageByPkgCode">
    	DELETE FROM EC_PACKAGE_REL WHERE PACKAGE_CODE in
        <foreach item="item" index="index" collection="list" open="(" separator="," close=")">  
         #{item}  
        </foreach>
        <if test="ecCode != null and ecCode != ''">
			and EC_CODE = #{ecCode}
		</if>     	
    </delete>
	

	
   <!--  <sql id="commonJoins">
		left join sys_user d on a.initiator_id = d.id
		left join pro_users u on a.commit_by = u.id
		left join sys_user s on a.create_by = s.id
		left join sys_user l on a.last_deal_person_id = l.id
		left join sys_user m on a.deal_person_id = m.id
    </sql>
	<select id="get" resultType="FaultOrder">
		select
			<include refid="commonColumns"/>
		from F_FAULT_ORDER a 
			<include refid="commonJoins"/>
		WHERE a.ID = #{id}
	</select> -->

</mapper>