<?xml version="1.0" encoding="UTF-8" ?>
<!DOCTYPE mapper PUBLIC "-//mybatis.org//DTD Mapper 3.0//EN" "http://mybatis.org/dtd/mybatis-3-mapper.dtd">
<mapper namespace="com.hvgroup.modules.order.dao.SupportOrderDao">

	<sql id="commonColumns">
    	a.*,
    	s.id as "createBy.id",
    	s.name as "createBy.name",
    	l.id as "lastDealPerson.id",
    	l.name as "lastDealPerson.name",
    	m.id as "dealPerson.id",
    	m.name as "dealPerson.name"
    </sql>
    
    <sql id="commonJoins">
		left join sys_user s on a.create_by = s.id
		left join sys_user l on a.last_deal_person_id = l.id
		left join sys_user m on a.deal_person_id = m.id
    </sql>

	<insert id="insert">
		INSERT INTO F_SUPPORT_ORDER(
			ID,
			SUPPORT_DATE,
			SUPPORT_DESC,
			ATTACH_IDS,
			ATTACH_NAMES,
			CREATE_BY,
			CREATE_BY_NAME,
			ORDER_NO,
			CREATE_DATE,
			ORDER_TYPE,
			ORDER_NAME,
			ORDER_STATE,
			DEAL_PERSON_NAME,
			DEAL_PERSON_ID,
			LAST_DEAL_PERSON_ID,
			PHONE,
			FINISH_TIME,
			SUPPORT_PEOPLE,
			SUPPORT_STARTDATE
		)VALUES(
			#{id},
			#{supportDate},
			#{supportDesc},
			#{attachIds},
			#{AttachNames},
			#{createBy.id},
			#{createBy.loginName},
			#{orderNo},
			#{createDate},
			#{orderType},
			#{orderName},
			#{orderState},
			#{dealPerson.loginName},
			#{dealPerson.id},
			#{lastDealPerson.id},
			#{phone},
			#{finishTime},
			#{supportPeople},
			#{supportStartdate}
		)
	</insert>
	
	<select id="get" resultType="com.hvgroup.modules.order.entity.SupportOrder">
		select
			<include refid="commonColumns"/>,
			a.procinsid as "act.procInsId"
		from F_SUPPORT_ORDER a 
			<include refid="commonJoins"/>
		WHERE a.ID = #{id}
	</select>
	
	<update id="updateFinishOrder">
		UPDATE F_SUPPORT_ORDER SET
			ORDER_STATE = #{orderState},
			FINISH_TIME = #{finishTime}
    	WHERE ID=#{id}
	</update>
	
	<update id="update">
		UPDATE F_SUPPORT_ORDER SET
		SUPPORT_DATE = #{supportDate},
		SUPPORT_DESC = #{supportDesc},
		ATTACH_IDS  = #{attachIds},
		ATTACH_NAMES  = #{AttachNames},
		ORDER_TYPE  = #{orderType},
		ORDER_NAME  = #{orderName},
		ORDER_STATE = #{orderState},
		DEAL_PERSON_NAME  = #{dealPerson.loginName},
		DEAL_PERSON_ID  = #{dealPerson.id},
		LAST_DEAL_PERSON_ID = #{lastDealPerson.id},
		PHONE = #{phone},
		FINISH_TIME = #{finishTime},
		SUPPORT_PEOPLE = #{supportPeople},
		SUPPORT_STARTDATE = #{supportStartdate}
		WHERE ID=#{id}
	</update>
	
	<delete id="delete">
		delete from F_SUPPORT_ORDER where id=#{id}
	</delete>
	
	<select id="findList" resultType="com.hvgroup.modules.order.entity.SupportOrder">
		SELECT ID,SUPPORT_DATE,SUPPORT_STARTDATE,ORDER_STATE FROM F_SUPPORT_ORDER
		WHERE (ORDER_STATE='处理中' AND DEAL_PERSON_ID is null) OR ORDER_STATE='未开始'
	</select>

	<select id="getALLUserOfKexiang" resultType="java.lang.String">
		SELECT WM_CONCAT(ur.USER_ID) FROM SYS_ROLE a LEFT JOIN SYS_USER_ROLE ur ON ur.role_id = a.id
		WHERE a.ENNAME='kexiang'
	</select>

</mapper>