<?xml version="1.0" encoding="UTF-8" ?>
<!DOCTYPE mapper PUBLIC "-//mybatis.org//DTD Mapper 3.0//EN" "http://mybatis.org/dtd/mybatis-3-mapper.dtd">
<mapper namespace="com.hvgroup.modules.auditData.dao.AuditInvalidFeedbackDao">
	
	<select id="findList" resultType="com.hvgroup.modules.auditData.entity.AuditInvalidFeedback">
		SELECT
		ID
		,AUDIT_MONTH
		,AREA_CODE
		,AREA_NAME
		,EC_CODE
		,CUS_NAME
		,MSISDN_NUM
		,ISCLEAR
		,CLEAR_NUM
		,CLEAR_TIME
		,REASON
		,NOT_CLEAR_NUM
		,NOT_CLEAR_REASON
		,NOT_CLEAR_TIME
		,REMARK
		FROM AUDIT_INVALID_FEEDBACK WHERE 1=1
		<if test="areaCode != null and areaCode != ''">
		AND AREA_CODE=#{areaCode}
		</if>
		<if test="ecCode != null and ecCode != ''">
		AND EC_CODE=#{ecCode}
		</if>
		<if test="isClear != null and isClear != ''">
		AND ISCLEAR=#{isClear}
		</if>
		ORDER BY AUDIT_MONTH DESC, ID
	</select>
	
		<select id="get" resultType="com.hvgroup.modules.auditData.entity.AuditInvalidFeedback">
		SELECT
		ID
		,AUDIT_MONTH
		,AREA_CODE
		,AREA_NAME
		,EC_CODE
		,CUS_NAME
		,MSISDN_NUM
		,ISCLEAR
		,CLEAR_NUM
		,CLEAR_TIME
		,REASON
		,NOT_CLEAR_NUM
		,NOT_CLEAR_REASON
		,NOT_CLEAR_TIME
		,REMARK
		FROM AUDIT_INVALID_FEEDBACK WHERE ID=#{id}
	</select>

</mapper>