<?xml version="1.0" encoding="UTF-8" ?>
<!DOCTYPE mapper PUBLIC "-//mybatis.org//DTD Mapper 3.0//EN" "http://mybatis.org/dtd/mybatis-3-mapper.dtd">
<mapper namespace="com.hvgroup.modules.auditData.dao.AuditDataDao">

	<select id="getMsisdnBySystem" parameterType="com.hvgroup.modules.auditData.entity.AuditData" resultType="java.lang.String">
		<choose>
			<when test="systems == 'CMIOT'">
				SELECT MSISDN FROM CMIOT.CM_SUBSCRIBER_INFO WHERE SUBSID=#{subsid} AND ROWNUM=1
			</when>
			<when test="systems == 'PBOSS'">
				SELECT MSISDN FROM IOT.MSISDN_BS WHERE BS=#{subsid} AND ROWNUM=1
			</when>
		</choose>
	</select>

	<insert id="insertList" parameterType="java.util.List" useGeneratedKeys="false">
		INSERT INTO AUDIT_DATA(ID,AUDIT_MONTH,FUNC_MONTH,PROVINCE,AREA_CODE,AREA_NAME,
		SUBSID,MSISDN,USER_TYPE,FUNC_TIME,STATE,STATE_NAME,CUS_FLAG,CUS_NAME,CUS_TYPE,
		CARD_TYPE,USED_FLOW,VOICE_DURATION,TERMINAL_NUM,SYSTEMS,TAC,IMEI,TERMINAL_TYPE,
		TERMINAL_NAME,TERMINAL_DATE,OS)
		<foreach collection="list" item="item" separator="UNION ALL">
			SELECT #{item.id},#{item.auditMonth},#{item.funcMonth},#{item.province},
			#{item.areaCode},#{item.areaName},#{item.subsid},#{item.msisdn},
			#{item.userType},#{item.funcTime},#{item.state},#{item.stateName},
			#{item.cusFlag},#{item.cusName},#{item.cusType},#{item.cardType},
			#{item.usedFlow},#{item.voiceDuration},#{item.terminalNum},#{item.systems},
			#{item.tac},#{item.imei},#{item.terminalType},#{item.terminalName},
			#{item.terminalDate},#{item.os}
 			FROM DUAL
		</foreach>
	</insert>
	
	<select id="findList" resultType="com.hvgroup.modules.auditData.entity.AuditData">
		SELECT
		ID
		,AUDIT_MONTH
		,FUNC_MONTH
		,PROVINCE
		,AREA_CODE
		,AREA_NAME
		,SUBSID
		,MSISDN
		,USER_TYPE
		,FUNC_TIME
		,STATE
		,STATE_NAME
		,CUS_FLAG
		,CUS_NAME
		,CUS_TYPE
		,CARD_TYPE
		,USED_FLOW
		,VOICE_DURATION
		,TERMINAL_NUM
		,SYSTEMS
		,TAC
		,IMEI
		,TERMINAL_TYPE
		,TERMINAL_NAME
		,TERMINAL_DATE
		,OS
		FROM AUDIT_DATA WHERE 1=1
		<if test="areaCode != null and areaCode != ''">
		AND AREA_CODE=#{areaCode}
		</if>
		<if test="msisdn != null and msisdn != ''">
		AND MSISDN=#{msisdn}
		</if>
		<if test="auditMonth != null and auditMonth != ''">
		AND AUDIT_MONTH=#{auditMonth}
		</if>
		ORDER BY AUDIT_MONTH DESC,ID
	</select>
	
		<select id="exportList" resultType="com.hvgroup.modules.auditData.entity.AuditDataFeedbackImport">
		SELECT
		ID
		,AUDIT_MONTH
		,FUNC_MONTH
		,PROVINCE
		,AREA_CODE
		,AREA_NAME
		,SUBSID
		,MSISDN
		,USER_TYPE
		,FUNC_TIME
		,STATE
		,STATE_NAME
		,CUS_FLAG
		,CUS_NAME
		,CUS_TYPE
		,CARD_TYPE
		,USED_FLOW
		,VOICE_DURATION
		,TERMINAL_NUM
		,SYSTEMS
		,TAC
		,IMEI
		,TERMINAL_TYPE
		,TERMINAL_NAME
		,TERMINAL_DATE
		,OS
		FROM AUDIT_DATA WHERE 1=1
		<if test="areaCode != null and areaCode != ''">
		AND AREA_CODE=#{areaCode}
		</if>
		<if test="msisdn != null and msisdn != ''">
		AND MSISDN=#{msisdn}
		</if>
		<if test="auditMonth != null and auditMonth != ''">
		AND AUDIT_MONTH=#{auditMonth}
		</if>
		ORDER BY AUDIT_MONTH DESC,ID
	</select>
	
	<insert id="insertFeedbackNowMonthList" parameterType="java.util.List" useGeneratedKeys="false">
		MERGE INTO AUDIT_DATA_FEEDBACK ADF
		USING(SELECT * FROM
		(SELECT ROW_NUMBER() OVER(PARTITION BY auditMonth,subsid ORDER BY sorts DESC) AS rw,
		id,auditMonth,funcMonth,province,areaCode,areaName,subsid,
		msisdn,userType,funcTime,state,stateName,cusFlag,cusName,
		cusType,cardType,usedFlow,voiceDuration,terminalNum,systems,
		tac,imei,terminalType,terminalName,terminalDate,os,isReal,
		industry,reason,useScene,isUseScene,hasProtocol,hasAssess,
		hasInspectImage,hasDeviceImage,letter,results,isViolation,remark
		FROM
				(
					<foreach collection="list" item="item" index="sorts" separator="UNION ALL">
						SELECT 
						#{item.id} AS id
						,#{item.auditMonth} AS auditMonth
						,#{item.funcMonth} AS funcMonth
						,#{item.province} AS province
						,#{item.areaCode} AS areaCode
						,#{item.areaName} AS areaName
						,#{item.subsid} AS subsid
						,#{item.msisdn} AS msisdn
						,#{item.userType} AS userType
						,#{item.funcTime} AS funcTime
						,#{item.state} AS state
						,#{item.stateName} AS stateName
						,#{item.cusFlag} AS cusFlag
						,#{item.cusName} AS cusName
						,#{item.cusType} AS cusType
						,#{item.cardType} AS cardType
						,#{item.usedFlow} AS usedFlow
						,#{item.voiceDuration} AS voiceDuration
						,#{item.terminalNum} AS terminalNum
						,#{item.systems} AS systems
						,#{item.tac} AS tac
						,#{item.imei} AS imei
						,#{item.terminalType} AS terminalType
						,#{item.terminalName} AS terminalName
						,#{item.terminalDate} AS terminalDate
						,#{item.os} AS os
						,#{item.isReal} AS isReal
						,#{item.industry} AS industry
						,#{item.reason} AS reason
						,#{item.useScene} AS useScene
						,#{item.isUseScene} AS isUseScene
						,#{item.hasProtocol} AS hasProtocol
						,#{item.hasAssess} AS hasAssess
						,#{item.hasInspectImage} AS hasInspectImage
						,#{item.hasDeviceImage} AS hasDeviceImage
						,#{item.letter} AS letter
						,#{item.results} AS results
						,#{item.isViolation} AS isViolation
						,#{item.remark} AS remark
						,#{sorts} AS sorts
						FROM DUAL
					</foreach>
				)
			) WHERE rw = 1)	T
		ON	(ADF.AUDIT_MONTH=T.auditMonth AND ADF.SUBSID=T.subsid)
		WHEN MATCHED THEN
		UPDATE SET 
		ADF.FUNC_MONTH = T.funcMonth
		,ADF.PROVINCE = T.province
		,ADF.AREA_CODE = T.areaCode
		,ADF.AREA_NAME = T.areaName
		,ADF.MSISDN = T.msisdn
		,ADF.USER_TYPE = T.userType
		,ADF.FUNC_TIME = T.funcTime
		,ADF.STATE = T.state
		,ADF.STATE_NAME = T.stateName
		,ADF.CUS_FLAG = T.cusFlag
		,ADF.CUS_NAME = T.cusName
		,ADF.CUS_TYPE = T.cusType
		,ADF.CARD_TYPE = T.cardType
		,ADF.USED_FLOW = T.usedFlow
		,ADF.VOICE_DURATION = T.voiceDuration
		,ADF.TERMINAL_NUM = T.terminalNum
		,ADF.SYSTEMS = T.systems
		,ADF.TAC = T.tac
		,ADF.IMEI = T.imei
		,ADF.TERMINAL_TYPE = T.terminalType
		,ADF.TERMINAL_NAME = T.terminalName
		,ADF.TERMINAL_DATE = T.terminalDate
		,ADF.OS = T.os
		,ADF.IS_REAL = T.isReal
		,ADF.INDUSTRY = T.industry
		,ADF.REASON = T.reason
		,ADF.USE_SCENE = T.useScene
		,ADF.IS_USE_SCENE = T.isUseScene
		,ADF.HAS_PROTOCOL = T.hasProtocol
		,ADF.HAS_ASSESS = T.hasAssess
		,ADF.HAS_INSPECT_IMAGE = T.hasInspectImage
		,ADF.HAS_DEVICE_IMAGE = T.hasDeviceImage
		,ADF.LETTER = T.letter
		,ADF.RESULTS = T.results
		,ADF.IS_VIOLATION = T.isViolation
		,ADF.REMARK = T.remark
		WHEN NOT MATCHED THEN
		INSERT(ID,AUDIT_MONTH,FUNC_MONTH,PROVINCE,AREA_CODE,AREA_NAME,
		SUBSID,MSISDN,USER_TYPE,FUNC_TIME,STATE,STATE_NAME,CUS_FLAG,
		CUS_NAME,CUS_TYPE,CARD_TYPE,USED_FLOW,VOICE_DURATION,TERMINAL_NUM,
		SYSTEMS,TAC,IMEI,TERMINAL_TYPE,TERMINAL_NAME,TERMINAL_DATE,OS,
		IS_REAL,INDUSTRY,REASON,USE_SCENE,IS_USE_SCENE,HAS_PROTOCOL,
		HAS_ASSESS,HAS_INSPECT_IMAGE,HAS_DEVICE_IMAGE,LETTER,RESULTS,
		IS_VIOLATION,REMARK)
		VALUES(T.id,T.auditMonth,T.funcMonth,T.province,T.areaCode,
		T.areaName,T.subsid,T.msisdn,T.userType,T.funcTime,T.state,
		T.stateName,T.cusFlag,T.cusName,T.cusType,T.cardType,
		T.usedFlow,T.voiceDuration,T.terminalNum,T.systems,T.tac,
		T.imei,T.terminalType,T.terminalName,T.terminalDate,T.os,
		T.isReal,T.industry,T.reason,T.useScene,T.isUseScene,
		T.hasProtocol,T.hasAssess,T.hasInspectImage,T.hasDeviceImage,
		T.letter,T.results,T.isViolation,T.remark)
	</insert>
	
	<insert id="insertFeedbackOthMonthList" parameterType="java.util.List" useGeneratedKeys="false">
		INSERT INTO AUDIT_DATA_FEEDBACK(ID,AUDIT_MONTH,FUNC_MONTH,PROVINCE,AREA_CODE,AREA_NAME,
		SUBSID,MSISDN,USER_TYPE,FUNC_TIME,STATE,STATE_NAME,CUS_FLAG,
		CUS_NAME,CUS_TYPE,CARD_TYPE,USED_FLOW,VOICE_DURATION,TERMINAL_NUM,
		SYSTEMS,TAC,IMEI,TERMINAL_TYPE,TERMINAL_NAME,TERMINAL_DATE,OS,
		IS_REAL,INDUSTRY,REASON,USE_SCENE,IS_USE_SCENE,HAS_PROTOCOL,
		HAS_ASSESS,HAS_INSPECT_IMAGE,HAS_DEVICE_IMAGE,LETTER,RESULTS,
		IS_VIOLATION,REMARK)
		<foreach collection="list" item="item" separator="UNION ALL">
			SELECT 
						#{item.id}
						,#{item.auditMonth}
						,#{item.funcMonth}
						,#{item.province}
						,#{item.areaCode}
						,#{item.areaName}
						,#{item.subsid}
						,#{item.msisdn}
						,#{item.userType}
						,#{item.funcTime}
						,#{item.state}
						,#{item.stateName}
						,#{item.cusFlag}
						,#{item.cusName}
						,#{item.cusType}
						,#{item.cardType}
						,#{item.usedFlow}
						,#{item.voiceDuration}
						,#{item.terminalNum}
						,#{item.systems}
						,#{item.tac}
						,#{item.imei}
						,#{item.terminalType}
						,#{item.terminalName}
						,#{item.terminalDate}
						,#{item.os}
						,#{item.isReal}
						,#{item.industry}
						,#{item.reason}
						,#{item.useScene}
						,#{item.isUseScene}
						,#{item.hasProtocol}
						,#{item.hasAssess}
						,#{item.hasInspectImage}
						,#{item.hasDeviceImage}
						,#{item.letter}
						,#{item.results}
						,#{item.isViolation}
						,#{item.remark}
						FROM DUAL
		</foreach>
	</insert>
	
	<select	id="get" parameterType="com.hvgroup.modules.auditData.entity.AuditData" resultType="com.hvgroup.modules.auditData.entity.AuditData">
		SELECT ID,AUDIT_MONTH,FUNC_MONTH,PROVINCE,AREA_CODE,AREA_NAME,SUBSID,MSISDN,
		USER_TYPE,FUNC_TIME,STATE,STATE_NAME,CUS_FLAG,CUS_NAME,CUS_TYPE,CARD_TYPE,
		USED_FLOW,VOICE_DURATION,TERMINAL_NUM,SYSTEMS,TAC,IMEI,TERMINAL_TYPE,
		TERMINAL_NAME,TERMINAL_DATE,OS
		FROM AUDIT_DATA WHERE ID=#{id}
	</select>
	
</mapper>

