<?xml version="1.0" encoding="UTF-8" ?>
<!DOCTYPE mapper PUBLIC "-//mybatis.org//DTD Mapper 3.0//EN" "http://mybatis.org/dtd/mybatis-3-mapper.dtd">
<mapper namespace="com.hvgroup.modules.auditData.dao.AuditDataFeedbackDao">
	
	<resultMap id="auditDataFeedbackResultMap" type="com.hvgroup.modules.auditData.entity.AuditDataFeedback">
		<id column="ID" property="id" ></id>
		<result column="auditMonth" property="auditMonth"></result>
		<result column="funcMonth" property="funcMonth"></result>
		<result column="province" property="province"></result>
		<result column="areaCode" property="areaCode"></result>
		<result column="areaName" property="areaName"></result>
		<result column="subsid" property="subsid"></result>
		<result column="msisdn" property="msisdn"></result>
		<result column="userType" property="userType"></result>
		<result column="funcTime" property="funcTime"></result>
		<result column="state" property="state"></result>
		<result column="stateName" property="stateName"></result>
		<result column="cusFlag" property="cusFlag"></result>
		<result column="cusName" property="cusName"></result>
		<result column="cusType" property="cusType"></result>
		<result column="cardType" property="cardType"></result>
		<result column="usedFlow" property="usedFlow"></result>
		<result column="voiceDuration" property="voiceDuration"></result>
		<result column="terminalNum" property="terminalNum"></result>
		<result column="systems" property="systems"></result>
		<result column="tac" property="tac"></result>
		<result column="imei" property="imei"></result>
		<result column="terminalType" property="terminalType"></result>
		<result column="terminalName" property="terminalName"></result>
		<result column="terminalDate" property="terminalDate"></result>
		<result column="os" property="os"></result>
		<result column="isReal" property="isReal"></result>
		<result column="industry" property="industry"></result>
		<result column="reason" property="reason"></result>
		<result column="useScene" property="useScene"></result>
		<result column="isUseScene" property="isUseScene"></result>
		<result column="hasProtocol" property="hasProtocol"></result>
		<result column="hasAssess" property="hasAssess"></result>
		<result column="hasInspectImage" property="hasInspectImage"></result>
		<result column="hasDeviceImage" property="hasDeviceImage"></result>
		<result column="letter" property="letter"></result>
		<result column="results" property="results"></result>
		<result column="isViolation" property="isViolation"></result>
		<result column="remark" property="remark"></result>
		<collection property="auditAttachList" ofType="com.hvgroup.modules.auditData.entity.AuditAttach" javaType="java.util.List">
			<id column="aid" property="id" ></id>
			<result column="aattachName" property="attachName"></result>
			<result column="aattachPath" property="attachPath"></result>
			<result column="asuffix" property="suffix"></result>
			<result column="aauditMonth" property="auditMonth"></result>
			<result column="acreateId" property="createId"></result>
			<result column="acreateDate" property="createDate"></result>
		</collection>
	</resultMap>

	<select id="findList" resultMap="auditDataFeedbackResultMap">
		SELECT
		ADF.ID AS id
		,ADF.AUDIT_MONTH AS auditMonth
		,ADF.FUNC_MONTH AS funcMonth
		,ADF.PROVINCE AS province
		,ADF.AREA_CODE AS areaCode
		,ADF.AREA_NAME AS areaName
		,ADF.SUBSID AS subsid
		,ADF.MSISDN AS msisdn
		,ADF.USER_TYPE AS userType
		,ADF.FUNC_TIME AS funcTime
		,ADF.STATE AS state
		,ADF.STATE_NAME AS stateName
		,ADF.CUS_FLAG AS cusFlag
		,ADF.CUS_NAME AS cusName
		,ADF.CUS_TYPE AS cusType
		,ADF.CARD_TYPE AS cardType
		,ADF.USED_FLOW AS usedFlow
		,ADF.VOICE_DURATION AS voiceDuration
		,ADF.TERMINAL_NUM AS terminalNum
		,ADF.SYSTEMS AS systems
		,ADF.TAC AS tac
		,ADF.IMEI AS imei
		,ADF.TERMINAL_TYPE AS terminalType
		,ADF.TERMINAL_NAME AS terminalName
		,ADF.TERMINAL_DATE AS terminalDate
		,ADF.OS AS os
		,ADF.IS_REAL AS isReal
		,ADF.INDUSTRY AS industry
		,ADF.REASON AS reason
		,ADF.USE_SCENE AS useScene
		,ADF.IS_USE_SCENE AS isUseScene
		,ADF.HAS_PROTOCOL AS hasProtocol
		,ADF.HAS_ASSESS AS hasAssess
		,ADF.HAS_INSPECT_IMAGE AS hasInspectImage
		,ADF.HAS_DEVICE_IMAGE AS hasDeviceImage
		,ADF.LETTER AS letter
		,ADF.RESULTS AS results
		,ADF.IS_VIOLATION AS isViolation
		,ADF.REMARK AS remark
		,AA.ID AS aid
		,AA.ATTACH_NAME AS aattachName
		,AA.ATTACH_PATH AS aattachPath
		,AA.SUFFIX AS asuffix
		,AA.AUDIT_MONTH AS aauditMonth
		,AA.CREATE_ID AS acreateId
		,AA.CREATE_DATE AS acreateDate
		FROM AUDIT_DATA_FEEDBACK ADF LEFT JOIN AUDIT_ATTACH AA 
		ON ADF.AUDIT_MONTH=AA.AUDIT_MONTH WHERE 1=1
		<if test="areaCode != null and areaCode != ''">
		AND ADF.AREA_CODE=#{areaCode}
		</if>
		<if test="msisdn != null and msisdn != ''">
		AND ADF.MSISDN=#{msisdn}
		</if>
		<if test="auditMonth != null and auditMonth != ''">
		AND ADF.AUDIT_MONTH=#{auditMonth}
		</if>
		<if test="isViolation != null and isViolation != ''">
		AND ADF.IS_VIOLATION=#{isViolation}
		</if>
		ORDER BY ADF.AUDIT_MONTH DESC,ADF.ID
	</select>
	
		<select id="get" resultMap="auditDataFeedbackResultMap">
		SELECT
		ADF.ID AS id
		,ADF.AUDIT_MONTH AS auditMonth
		,ADF.FUNC_MONTH AS funcMonth
		,ADF.PROVINCE AS province
		,ADF.AREA_CODE AS areaCode
		,ADF.AREA_NAME AS areaName
		,ADF.SUBSID AS subsid
		,ADF.MSISDN AS msisdn
		,ADF.USER_TYPE AS userType
		,ADF.FUNC_TIME AS funcTime
		,ADF.STATE AS state
		,ADF.STATE_NAME AS stateName
		,ADF.CUS_FLAG AS cusFlag
		,ADF.CUS_NAME AS cusName
		,ADF.CUS_TYPE AS cusType
		,ADF.CARD_TYPE AS cardType
		,ADF.USED_FLOW AS usedFlow
		,ADF.VOICE_DURATION AS voiceDuration
		,ADF.TERMINAL_NUM AS terminalNum
		,ADF.SYSTEMS AS systems
		,ADF.TAC AS tac
		,ADF.IMEI AS imei
		,ADF.TERMINAL_TYPE AS terminalType
		,ADF.TERMINAL_NAME AS terminalName
		,ADF.TERMINAL_DATE AS terminalDate
		,ADF.OS AS os
		,ADF.IS_REAL AS isReal
		,ADF.INDUSTRY AS industry
		,ADF.REASON AS reason
		,ADF.USE_SCENE AS useScene
		,ADF.IS_USE_SCENE AS isUseScene
		,ADF.HAS_PROTOCOL AS hasProtocol
		,ADF.HAS_ASSESS AS hasAssess
		,ADF.HAS_INSPECT_IMAGE AS hasInspectImage
		,ADF.HAS_DEVICE_IMAGE AS hasDeviceImage
		,ADF.LETTER AS letter
		,ADF.RESULTS AS results
		,ADF.IS_VIOLATION AS isViolation
		,ADF.REMARK AS remark
		,AA.ID AS aid
		,AA.ATTACH_NAME AS aattachName
		,AA.ATTACH_PATH AS aattachPath
		,AA.SUFFIX AS asuffix
		,AA.AUDIT_MONTH AS aauditMonth
		,AA.CREATE_ID AS acreateId
		,AA.CREATE_DATE AS acreateDate
		FROM AUDIT_DATA_FEEDBACK ADF LEFT JOIN AUDIT_ATTACH AA 
		ON ADF.AUDIT_MONTH=AA.AUDIT_MONTH WHERE ADF.ID=#{id}
		ORDER BY ADF.AUDIT_MONTH DESC,ADF.ID
	</select>

</mapper>