<?xml version="1.0" encoding="UTF-8" ?>
<!DOCTYPE mapper PUBLIC "-//mybatis.org//DTD Mapper 3.0//EN" "http://mybatis.org/dtd/mybatis-3-mapper.dtd">
<mapper namespace="com.hvgroup.modules.act.dao.ActIndexDao">
	
	<select id="get" resultType="ActIndex">
		SELECT a.*
		 FROM pms_act_index a
		 WHERE a.id = #{id}
	</select>
	
	<select id='getnextNum' resultType='Int'>
		SELECT CASE WHEN t.nextNum IS NULL THEN 1 ELSE t.nextNum+1 END 
		AS nextNum FROM (
		SELECT MAX(p.num) as nextNum 
		FROM pms_act_index p 
		WHERE TO_DAYS(p.datetime)=TO_DAYS(now())
		AND procDefKey=#{procDefKey}
		) t 	
	</select>
	
	<insert id="insert">
		INSERT INTO pms_act_index(
			procDefKey,
			datetime,
			num
		) VALUES (
			#{procDefKey},
			#{datetime},
			#{num}
		)
	</insert>
	<!-- 修改 -->
	<update id="update">
		update pms_act_index set
			procDefKey = #{procDefKey},
			datetime = #{datetime},
			num = #{num},
		where id=#{id}
	</update>
	<delete id="delete">
		delete from pms_act_index WHERE id = #{id}
	</delete>
</mapper>