<?xml version="1.0" encoding="UTF-8" ?>
<!DOCTYPE mapper PUBLIC "-//mybatis.org//DTD Mapper 3.0//EN" "http://mybatis.org/dtd/mybatis-3-mapper.dtd">
<mapper namespace="com.hvgroup.modules.afterSale.dao.ContactsDao">
	
	<sql id="pageSqlStart">
        <if test="pageInfo.pageNo != null and pageInfo.pageNo != ''">
        
        select * from
            (
             select a.*, rownum rn from 
                (
        </if>
    </sql>
    <!-- 分页SQL语句结尾语句 -->
    <sql id="pageSqlEnd">
        <if test="pageInfo.pageSize != null and pageInfo.pageSize !=''">
                ) a
             where rownum <![CDATA[<=]]> #{pageInfo.pageNo}*#{pageInfo.pageSize}
            )
        where rn > (#{pageInfo.pageNo}-1)*#{pageInfo.pageSize}
        </if>
    </sql>	
	
	<sql id="commonSql">
	 	<if test="name != null and name != ''">
	 		and (name like '%'||#{name}||'%' or telephone like '%'||#{name}||'%')
	 	</if>
	 	<if test="areaId != null and areaId != ''">
	 		and AREA_ID = #{areaId}
	 	</if>
	</sql>
	
	<!-- 联系人信息列表查询 -->
	<select id="findConList" resultType="AfterSaleContact">
		<include refid="pageSqlStart"/>
			select * from after_sale_contact where state = 'ENABLED'
			<include refid="commonSql"/>
			order by UPDATE_DATE desc
		<include refid="pageSqlEnd"/>
	</select>
	<!-- 联系人信息列表COUNT -->
	<select id="findConCount" resultType="Long">
		select count(1) from after_sale_contact where state = 'ENABLED'
		<include refid="commonSql"/>
	</select>
	
	
	<!-- 联系人信息列表导出 -->
	<select id="findListByExport" resultType="AfterSaleContact">
		select * from after_sale_contact where state = 'ENABLED'
		<include refid="commonSql"/>
		order by UPDATE_DATE desc
	</select>
	
	<!-- 联系人信息查询 -->
	<select id="get" resultType="AfterSaleContact">
		select * from after_sale_contact a
		WHERE ID = #{id} and a.state = 'ENABLED'
	</select>
	
	
	<insert id="insert">
		INSERT INTO after_sale_contact(
			id,
			DEPARTMENT,
			OFFICES,
			AREA_ID,
			AREA_NAME,
			NAME,
			TELEPHONE,
			MAIL,
			REMARK,
			state,
			create_date,
			update_date
		)VALUES(
			#{id},
			#{department},
			#{offices},
			#{areaId},
			#{areaName},
			#{name},
			#{telephone},
			#{mail},
			#{remark},
			'ENABLED',
			#{createDate},
			#{updateDate}
		)
	</insert>
	
	<update id="update">
		UPDATE after_sale_contact SET
			DEPARTMENT=#{department},
			OFFICES=#{offices},
			AREA_ID=#{areaId},
			AREA_NAME=#{areaName},
			NAME=#{name},
			TELEPHONE=#{telephone},
			MAIL=#{mail},
			REMARK=#{remark},
			UPDATE_DATE=#{updateDate}
    	WHERE ID=#{id}
	</update>
	
	<update id="updateState">
		update after_sale_contact set state = 'DISABLED' where id=#{id}
	</update>
	
	
</mapper>