<?xml version="1.0" encoding="UTF-8" ?>
<!DOCTYPE mapper PUBLIC "-//mybatis.org//DTD Mapper 3.0//EN" "http://mybatis.org/dtd/mybatis-3-mapper.dtd">
<mapper namespace="com.hvgroup.modules.state.dao.APNStatisticalDao">
 
	<sql id="pageSqlStart">
        <if test="pageInfo.pageNo != null and pageInfo.pageNo != ''">
        
        select * from
            (
             select a.*, rownum rn from 
                (
        </if>
    </sql>
    <!-- 分页SQL语句结尾语句 -->
    <sql id="pageSqlEnd">
        <if test="pageInfo.pageSize != null and pageInfo.pageSize !=''">
                ) a
             where rownum <![CDATA[<=]]> #{pageInfo.pageNo}*#{pageInfo.pageSize}
            )
        where rn > (#{pageInfo.pageNo}-1)*#{pageInfo.pageSize}
        </if>
    </sql>	
    
    <!-- 省市月报表 -->
    <select id="queryAreaMonth" resultType="APNStatisticalArea">
		<if test="export == null or export == ''">
			<include refid="pageSqlStart"/>
		</if>	             
		select tt.stat_month statDate,
	       tt.area_id areaId,
	       tt.area_name areaName,
	       tt.apn_name apnName,
	       sum(tt.group_count) gruopCount,
	       sum(tt.msisdn_count) msisdnCount
	      from (
	          select mm.stat_month,
	                  mm.area_id,
	                  ar.area_name,
	                  mm.apn_name,
	                  count(mm.ec_code) group_count,
	                  sum(mm.msisdn_count) msisdn_count
	           from rep_bus_apn_mm<if test='dbConnectionMode =="1" '>@IOTLINK_ST</if> mm,areas ar
	           where mm.area_id=ar.area_id	
	           group by mm.stat_month, mm.area_id,ar.area_name, mm.apn_name
	           union
	           select mm.stat_month,
	                  ab.area_id,
	                  ab.area_name,
	                  mm.apn_name,
	                  count(mm.ec_code) group_count,
	                  sum(mm.msisdn_count) msisdn_count
	           from rep_bus_apn_mm<if test='dbConnectionMode =="1" '>@IOTLINK_ST</if> mm,areas ar,areas ab
	           where mm.area_id = ar.area_id
	           and ar.parent_area_id = ab.area_id	
	           group by mm.stat_month, ab.area_id,ab.area_name, mm.apn_name
	       
	       ) tt where tt.area_id <![CDATA[ <> ]]> 0
	       <!-- 权限数据展示 -->
         <if test="userAreaCode != null and userAreaCode != ''">
         	and tt.area_id = <include refid="Common.findDataUserAreaId"/>
         </if>
		    <if test="areaId !=null and areaId != ''">
				and tt.area_id = #{areaId}
			</if>
	            <if test="apnName !=null and apnName != ''">
				and tt.apn_name = #{apnName}
			</if>			
			<if test="beginDate != null and beginDate != ''">
				and tt.stat_month <![CDATA[ >= ]]>  #{beginDate} 
			</if>
			<if test="endDate != null and endDate != ''">
				and tt.stat_month <![CDATA[ <= ]]>  #{endDate} 
			</if>	
	     	group by tt.stat_month, tt.area_id,tt.area_name, tt.apn_name            
            order by tt.stat_month desc, tt.area_id
   		<if test="export == null or export == ''">
		<include refid="pageSqlEnd"/>
		</if>             
            
     </select>
    
     <select id="queryAreaMonthCount" resultType="java.lang.Long">
	     select count (1) from (
			  select tt.stat_month statDate,
			       tt.area_id areaId,
			       tt.area_name areaName,
			       tt.apn_name apnName
		      from (
		          select mm.stat_month,
		                  mm.area_id,
		                  ar.area_name,
		                  mm.apn_name,
		                  count(mm.ec_code) group_count,
		                  sum(mm.msisdn_count) msisdn_count
		           from rep_bus_apn_mm<if test='dbConnectionMode =="1" '>@IOTLINK_ST</if> mm,areas ar
		           where mm.area_id=ar.area_id	
		           group by mm.stat_month, mm.area_id,ar.area_name, mm.apn_name
		           union
		           select mm.stat_month,
		                  ab.area_id,
		                  ab.area_name,
		                  mm.apn_name,
		                  count(mm.ec_code) group_count,
		                  sum(mm.msisdn_count) msisdn_count
		           from rep_bus_apn_mm<if test='dbConnectionMode =="1" '>@IOTLINK_ST</if> mm,areas ar,areas ab
		           where mm.area_id = ar.area_id
		           and ar.parent_area_id = ab.area_id	
		           group by mm.stat_month, ab.area_id,ab.area_name, mm.apn_name
		       ) tt where tt.area_id <![CDATA[ <> ]]> 0
		       <!-- 权限数据展示 -->
         <if test="userAreaCode != null and userAreaCode != ''">
         	and tt.area_id = <include refid="Common.findDataUserAreaId"/>
         </if>
			    <if test="areaId !=null and areaId != ''">
					and tt.area_id = #{areaId}
				</if>
		            <if test="apnName !=null and apnName != ''">
					and tt.apn_name = #{apnName}
				</if>			
				<if test="beginDate != null and beginDate != ''">
					and tt.stat_month <![CDATA[ >= ]]>  #{beginDate} 
				</if>
				<if test="endDate != null and endDate != ''">
					and tt.stat_month <![CDATA[ <= ]]>  #{endDate} 
				</if>	
		     	group by tt.stat_month, tt.area_id,tt.area_name, tt.apn_name   
	    )
    </select>

	<!-- 地市日报表 -->
    <select id="queryAreaDay" resultType="APNStatisticalArea">
		<if test="export == null or export == ''">
			<include refid="pageSqlStart"/>
		</if>    
		  select tt.stat_day statDate,
		     tt.area_id areaId,
		     tt.area_name areaName,
		     tt.apn_name apnName,
		     sum(tt.group_count) gruopCount,
		     sum(tt.msisdn_count) msisdnCount
		  from(  
		    select  dd.stat_day,
		            dd.area_id,
		            ar.area_name,
		            dd.apn_name,
		            count(dd.ec_code) group_count,
		            sum(dd.msisdn_count) msisdn_count
		      from rep_bus_apn_dd<if test='dbConnectionMode =="1" '>@IOTLINK_ST</if> dd,areas ar
		      where dd.area_id = ar.area_id
		      group by dd.stat_day, dd.area_id,ar.area_name, dd.apn_name
		      union
		          select  dd.stat_day,
		            ab.area_id,
		            ab.area_name,
		            dd.apn_name,
		            count(dd.ec_code) group_count,
		            sum(dd.msisdn_count) msisdn_count
		      from rep_bus_apn_dd<if test='dbConnectionMode =="1" '>@IOTLINK_ST</if> dd,areas ar,areas ab
		      where dd.area_id = ar.area_id
		      and ar.parent_area_id = ab.area_id
		      group by dd.stat_day, ab.area_id,ab.area_name, dd.apn_name
		   ) tt where tt.area_id <![CDATA[ <> ]]> 0
		   <!-- 权限数据展示 -->
         <if test="userAreaCode != null and userAreaCode != ''">
         	and tt.area_id = <include refid="Common.findDataUserAreaId"/>
         </if>
             <if test="areaId !=null and areaId != ''">
				and tt.area_id = #{areaId}
			</if>
             <if test="apnName !=null and apnName != ''">
				and tt.apn_name = #{apnName}
			</if>			
			<if test="beginDate != null and beginDate != ''">
				and tt.stat_day <![CDATA[ >= ]]>  #{beginDate} 
			</if>
			<if test="endDate != null and endDate != ''">
				and tt.stat_day <![CDATA[ <= ]]>  #{endDate} 
			</if>		
		   group by tt.stat_day, tt.area_id,tt.area_name, tt.apn_name    
           order by tt.stat_day desc, tt.area_id
		<if test="export == null or export == ''">
			<include refid="pageSqlEnd"/>
		</if>     
     </select>
    
     <select id="queryAreaDayCount" resultType="java.lang.Long">
	     select count (1) from (
		  select tt.stat_day statDate,
		     tt.area_id areaId,
		     tt.area_name areaName,
		     tt.apn_name apnName
		  from(  
		    select  dd.stat_day,
		            dd.area_id,
		            ar.area_name,
		            dd.apn_name,
		            count(dd.ec_code) group_count,
		            sum(dd.msisdn_count) msisdn_count
		      from rep_bus_apn_dd<if test='dbConnectionMode =="1" '>@IOTLINK_ST</if> dd,areas ar
		      where dd.area_id = ar.area_id
		      group by dd.stat_day, dd.area_id,ar.area_name, dd.apn_name
		      union
		          select  dd.stat_day,
		            ab.area_id,
		            ab.area_name,
		            dd.apn_name,
		            count(dd.ec_code) group_count,
		            sum(dd.msisdn_count) msisdn_count
		      from rep_bus_apn_dd<if test='dbConnectionMode =="1" '>@IOTLINK_ST</if> dd,areas ar,areas ab
		      where dd.area_id = ar.area_id
		      and ar.parent_area_id = ab.area_id
		      group by dd.stat_day, ab.area_id,ab.area_name, dd.apn_name
		   ) tt where tt.area_id <![CDATA[ <> ]]> 0
		   <!-- 权限数据展示 -->
         <if test="userAreaCode != null and userAreaCode != ''">
         	and tt.area_id = <include refid="Common.findDataUserAreaId"/>
         </if>
             <if test="areaId !=null and areaId != ''">
				and tt.area_id = #{areaId}
			</if>
             <if test="apnName !=null and apnName != ''">
				and tt.apn_name = #{apnName}
			</if>			
			<if test="beginDate != null and beginDate != ''">
				and tt.stat_day <![CDATA[ >= ]]>  #{beginDate} 
			</if>
			<if test="endDate != null and endDate != ''">
				and tt.stat_day <![CDATA[ <= ]]>  #{endDate} 
			</if>		
		   group by tt.stat_day, tt.area_id,tt.area_name, tt.apn_name  
	    )
    </select>
    
    <!-- 客户月报表 -->
    <select id="queryCustomerMonth" resultType="APNStatisticalCustomer">
		<if test="export == null or export == ''">
			<include refid="pageSqlStart"/>
		</if>
		select mm.stat_month   statDate,
		       mm.ec_code      ecCode,
		       mm.ec_name      ecName,
		       mm.area_id      areaId,
		       ar.area_name    areaName,
		       mm.apn_name     apnName,
		       mm.msisdn_count msisdnCount
		  from rep_bus_apn_mm<if test='dbConnectionMode =="1" '>@IOTLINK_ST</if> mm, areas ar
		 where ar.area_id = mm.area_id
		 <!-- 权限数据展示 -->
         <if test="userAreaCode != null and userAreaCode != ''">
         	and mm.area_id = <include refid="Common.findDataUserAreaId"/>
         </if>
             <if test="areaId !=null and areaId != ''">
				and mm.area_id = #{areaId}
			</if>
             <if test="apnName !=null and apnName != ''">
				and mm.apn_name = #{apnName}
			</if>
			<if test="ecCode != null and ecCode != ''">
              and mm.ec_code like '%'||#{ecCode}||'%'
           </if>
           <if test="ecName != null and ecName != ''">
              and mm.ec_name like '%'||#{ecName}||'%'
           </if>						
			<if test="beginDate != null and beginDate != ''">
				and mm.stat_month <![CDATA[ >= ]]>  #{beginDate} 
			</if>
			<if test="endDate != null and endDate != ''">
				and mm.stat_month <![CDATA[ <= ]]>  #{endDate} 
			</if>			 
			 order by mm.stat_month desc, mm.area_id
   		<if test="export == null or export == ''">
			<include refid="pageSqlEnd"/>
		</if>  		
     </select>
    
     <select id="queryCustomerMonthCount" resultType="java.lang.Long">
	     select count (1)  
		  from rep_bus_apn_mm<if test='dbConnectionMode =="1" '>@IOTLINK_ST</if> mm, areas ar
		 where ar.area_id = mm.area_id
		 <!-- 权限数据展示 -->
         <if test="userAreaCode != null and userAreaCode != ''">
         	and mm.area_id = <include refid="Common.findDataUserAreaId"/>
         </if>
             <if test="areaId !=null and areaId != ''">
				and mm.area_id = #{areaId}
			</if>
             <if test="apnName !=null and apnName != ''">
				and mm.apn_name = #{apnName}
			</if>	
			<if test="ecCode != null and ecCode != ''">
              and mm.ec_code like '%'||#{ecCode}||'%'
           </if>
           <if test="ecName != null and ecName != ''">
              and mm.ec_name like '%'||#{ecName}||'%'
           </if>					
			<if test="beginDate != null and beginDate != ''">
				and mm.stat_month <![CDATA[ >= ]]>  #{beginDate} 
			</if>
			<if test="endDate != null and endDate != ''">
				and mm.stat_month <![CDATA[ <= ]]>  #{endDate} 
			</if>			 
    </select>
    
    
     <select id="queryCustomerDay" resultType="APNStatisticalCustomer">
		<if test="export == null or export == ''">
			<include refid="pageSqlStart"/>
		</if>
		select dd.stat_day   statDate,
		       dd.ec_code      ecCode,
		       dd.ec_name      ecName,
		       dd.area_id      areaId,
		       ar.area_name    areaName,
		       dd.apn_name     apnName,
		       dd.msisdn_count msisdnCount
		  from rep_bus_apn_dd<if test='dbConnectionMode =="1" '>@IOTLINK_ST</if> dd, areas ar
		 where ar.area_id = dd.area_id
		 <!-- 权限数据展示 -->
         <if test="userAreaCode != null and userAreaCode != ''">
         	and dd.area_id = <include refid="Common.findDataUserAreaId"/>
         </if>
             <if test="areaId !=null and areaId != ''">
				and dd.area_id = #{areaId}
			</if>
             <if test="apnName !=null and apnName != ''">
				and dd.apn_name = #{apnName}
			</if>			
			<if test="beginDate != null and beginDate != ''">
				and dd.stat_day <![CDATA[ >= ]]>  #{beginDate} 
			</if>
			<if test="endDate != null and endDate != ''">
				and dd.stat_day <![CDATA[ <= ]]>  #{endDate} 
			</if>			 
	    	<if test="ecCode != null and ecCode != ''">
              and dd.ec_code like '%'||#{ecCode}||'%'
           </if>
           <if test="ecName != null and ecName != ''">
              and dd.ec_name like '%'||#{ecName}||'%'
           </if>
		 order by dd.stat_day desc, dd.area_id		
		<if test="export == null or export == ''">
			<include refid="pageSqlEnd"/>
		</if>   
		
			 
         
     </select>
    
     <select id="queryCustomerDayCount" resultType="java.lang.Long">
	     select count (1) 
		  from rep_bus_apn_dd<if test='dbConnectionMode =="1" '>@IOTLINK_ST</if> dd, areas ar
		 where ar.area_id = dd.area_id
		 <!-- 权限数据展示 -->
         <if test="userAreaCode != null and userAreaCode != ''">
         	and dd.area_id = <include refid="Common.findDataUserAreaId"/>
         </if>
             <if test="areaId !=null and areaId != ''">
				and dd.area_id = #{areaId}
			</if>
             <if test="apnName !=null and apnName != ''">
				and dd.apn_name = #{apnName}
			</if>			
			<if test="beginDate != null and beginDate != ''">
				and dd.stat_day <![CDATA[ >= ]]>  #{beginDate} 
			</if>
			<if test="endDate != null and endDate != ''">
				and dd.stat_day <![CDATA[ <= ]]>  #{endDate} 
			</if>			 
	    	<if test="ecCode != null and ecCode != ''">
              and dd.ec_code like '%'||#{ecCode}||'%'
           </if>
           <if test="ecName != null and ecName != ''">
              and dd.ec_name like '%'||#{ecName}||'%'
           </if>
    </select>    
    
</mapper>