<?xml version="1.0" encoding="UTF-8" ?>
<!DOCTYPE mapper PUBLIC "-//mybatis.org//DTD Mapper 3.0//EN" "http://mybatis.org/dtd/mybatis-3-mapper.dtd">
<mapper namespace="com.hvgroup.modules.state.dao.APNStatisticalReportDao">
<select id="findAreaName" resultType="com.hvgroup.modules.state.entity.APNStatistical">
	select t.area_id as areaId,t.area_name as areaName from areas t 
	where t.area_type='CITY'
	<if test="areaId != null and areaId != ''">
	and t.area_id=#{areaId}
	</if> 
</select>
<select id="findAreaNameALL" resultType="com.hvgroup.modules.state.entity.APNStatistical">
	select t.area_id as areaId,t.area_name as areaName from areas t 
	where t.area_type='CITY'
	and t.area_id !='0'
	 order by t.area_id 
</select>
<select id="findInfoAll" resultType="com.hvgroup.modules.state.entity.APNStatistical">
	 select ap.apnName,
       count(distinct ap.ecCode) as gruopCount,
       count(ap.msisdn) as msisdnCount,
       ap.areaId,
       ap.areaName,
       ap.monthChoice
  from (SELECT EC.ec_code as  ecCode,
               EC.ec_name  as ecName,
               AR.AREA_NAME as areaName,
               ar.area_id   as areaId,
               gm.apn_name as apnName,
               gm.msisdn
               <if test="type==true">
               ,to_char(gm.START_TIME,'YYYY-MM')as monthChoice
               </if> 
             <if test="type!=true">
             ,to_char(gm.START_TIME,'YYYY-MM-DD')as monthChoice
             </if>
          from ENTERPRISE_CUSTOMER ec, AREAS ar, m2m_apn_info gm, M2M_PERSON per
         where EC.AREA_ID = AR.AREA_ID
           and gm.msisdn = per.msisdn
           and ec.ec_code = per.ec_code 
           and (sysdate <![CDATA[ >= ]]> gm.START_TIME and sysdate <![CDATA[ <= ]]> gm.END_TIME)
           and gm.apn_name is not null
           <if test="areaId != null and areaId != ''">
			and ar.area_id=#{areaId}
			</if> 
           <if test="ecCode != null and ecCode != ''">
			and ec.ec_code=#{ecCode}
			</if> 
           <if test="apnName != null and apnName != ''">
			and gm.apn_name=#{apnName}
			</if> 
			 <if test="endDate != null and endDate != ''">			
			 and to_date(to_char(gm.START_TIME, 'YYYY-MM'), 'YYYY-MM') <![CDATA[=]]> to_date(#{endDate}, 'YYYY-MM')
			</if>
		
			 <if test="beginDayDate != null and beginDayDate != ''">			
			 and to_date(to_char(gm.START_TIME, 'YYYY-MM-DD'), 'YYYY-MM-DD') <![CDATA[>=]]> to_date(#{beginDayDate}, 'YYYY-MM-DD')
			</if>
			 <if test="endDayDate != null and endDayDate != ''">		
				 and to_date(to_char(gm.START_TIME, 'YYYY-MM-DD'), 'YYYY-MM-DD')<![CDATA[<]]> to_date(#{endDayDate}, 'YYYY-MM-DD')+1
			</if>
           ) ap
 group by ap.apnName, ap.areaId, ap.areaName,ap.monthChoice
 order by ap.areaId,ap.monthChoice
	
</select>



</mapper>