<?xml version="1.0" encoding="UTF-8" ?>
<!DOCTYPE mapper PUBLIC "-//mybatis.org//DTD Mapper 3.0//EN" "http://mybatis.org/dtd/mybatis-3-mapper.dtd">
<mapper namespace="com.hvgroup.modules.state.dao.BigDataUsersAnalysisDao">
	<sql id="pageSqlStart">
        <if test="pageInfo.pageNo != null and pageInfo.pageNo != ''">
        
        select * from
            (
             select a.*, rownum rn from 
                (
        </if>
    </sql>
    <!-- 分页SQL语句结尾语句 -->
    <sql id="pageSqlEnd">
        <if test="pageInfo.pageSize != null and pageInfo.pageSize !=''">
                ) a
             where rownum <![CDATA[<=]]> #{pageInfo.pageNo}*#{pageInfo.pageSize}
            )
        where rn > (#{pageInfo.pageNo}-1)*#{pageInfo.pageSize}
        </if>
    </sql>	
	 
 	<select id="queryByPage" resultType="BigDataUsersAnalysis">
 		<if test="export == null or export == ''">
			<include refid="pageSqlStart"/>
		</if>
		<choose>
			<when test="showType == '1' or showType == 1">
				select
				CCT.STATSDATE as STATSDATE,
				CCT.PRIMARY_INDUSTRY_NAME as primaryIndustryName,
				CCT.MSISDN_CNT as ctCouAddMsisdnCnt,         
				CCT.ONLINE_CNT as ctCouMsisdnTotal,            
				CCT.ACTIVE_SUBSCNT_DAY as ctCouMsisdnActiveCnt,   
				CCT.ACTIVE_PER as ctCouUserActivity,
				CPB.MSISDN_CNT as pbCouAddMsisdnCnt,
				CPB.ONLINE_CNT as pbCouMsisdnTotal,
				CPB.ACTIVE_SUBSCNT_DAY as pbCouMsisdnActiveCnt,
				CPB.ACTIVE_PER as pbCouUserActivity,
				PCT.MSISDN_CNT as pbProAddMsisdnCnt,      
				PCT.ONLINE_CNT as pbProMsisdnTotal,         
				PCT.ACTIVE_SUBSCNT_DAY as pbProMsisdnActiveCnt,
				PCT.ACTIVE_PER as pbProUserActivity,      
				PPB.MSISDN_CNT as ctProAddMsisdnCnt,      
				PPB.ONLINE_CNT as ctProMsisdnTotal,         
				PPB.ACTIVE_SUBSCNT_DAY as ctProMsisdnActiveCnt,
				PPB.ACTIVE_PER as ctProUserActivity      
				FROM
				(SELECT STATSDATE,
						MSISDN_CNT,
						ONLINE_CNT,
						ACTIVE_SUBSCNT_DAY,
						ACTIVE_PER,
						PRIMARY_INDUSTRY,
						PRIMARY_INDUSTRY_NAME 
				FROM BD_ST_S109_S109019 
				WHERE BUSINESS_SYSTEM='02' AND PROVINCEID = '999' AND FLAG='0') CCT
				LEFT JOIN 
				(SELECT STATSDATE,
						MSISDN_CNT,
						ONLINE_CNT,
						ACTIVE_SUBSCNT_DAY,
						ACTIVE_PER,
						PRIMARY_INDUSTRY,
						PRIMARY_INDUSTRY_NAME
				FROM BD_ST_S109_S109019 
				WHERE BUSINESS_SYSTEM='01' AND PROVINCEID = '999' AND FLAG='0') CPB
				ON CCT.STATSDATE = CPB.STATSDATE AND CCT.PRIMARY_INDUSTRY = CPB.PRIMARY_INDUSTRY
				LEFT JOIN
				(SELECT STATSDATE,
						MSISDN_CNT,
						ONLINE_CNT,
						ACTIVE_SUBSCNT_DAY,
						ACTIVE_PER,
						PRIMARY_INDUSTRY,
						PRIMARY_INDUSTRY_NAME
				FROM BD_ST_S109_S109019 
				WHERE BUSINESS_SYSTEM='02' AND PROVINCEID = '200' AND FLAG='0') PCT
				ON CCT.STATSDATE = PCT.STATSDATE AND CCT.PRIMARY_INDUSTRY = PCT.PRIMARY_INDUSTRY
				LEFT JOIN  
				(SELECT STATSDATE,
						MSISDN_CNT,
						ONLINE_CNT,
						ACTIVE_SUBSCNT_DAY,
						ACTIVE_PER,
						PRIMARY_INDUSTRY,
						PRIMARY_INDUSTRY_NAME
				FROM BD_ST_S109_S109019 
				WHERE BUSINESS_SYSTEM='01' AND PROVINCEID = '200' AND FLAG='0') PPB
				ON CCT.STATSDATE = PPB.STATSDATE AND CCT.PRIMARY_INDUSTRY = PPB.PRIMARY_INDUSTRY
				where 1=1
				<if test="firstIndustry != null and firstIndustry != ''">
					AND CCT.PRIMARY_INDUSTRY=#{firstIndustry}
				</if>
			</when>
			<otherwise>
				select distinct
				CCT.STATSDATE as STATSDATE,
				CCT.ADD_MSISDN_CNT as ctCouAddMsisdnCnt,         
				CCT.MSISDN_TOTAL as ctCouMsisdnTotal,            
				CCT.MSISDN_ACTIVE_CNT as ctCouMsisdnActiveCnt,   
				CCT.USER_ACTIVITY as ctCouUserActivity,
				CPB.ADD_MSISDN_CNT as pbCouAddMsisdnCnt,
				CPB.MSISDN_TOTAL as pbCouMsisdnTotal,
				CPB.MSISDN_ACTIVE_CNT as pbCouMsisdnActiveCnt,
				CPB.USER_ACTIVITY as pbCouUserActivity,
				PCT.ADD_MSISDN_CNT as pbProAddMsisdnCnt,      
				PCT.MSISDN_TOTAL as pbProMsisdnTotal,         
				PCT.MSISDN_ACTIVE_CNT as pbProMsisdnActiveCnt,
				PCT.USER_ACTIVITY as pbProUserActivity,      
				PPB.ADD_MSISDN_CNT as ctProAddMsisdnCnt,      
				PPB.MSISDN_TOTAL as ctProMsisdnTotal,         
				PPB.MSISDN_ACTIVE_CNT as ctProMsisdnActiveCnt,
				PPB.USER_ACTIVITY as ctProUserActivity        
				FROM
				(SELECT STATSDATE,
						ADD_MSISDN_CNT,
						MSISDN_TOTAL,
						MSISDN_ACTIVE_CNT,
						USER_ACTIVITY 
				FROM BD_ST_S109_S109018 
				WHERE BUSINESS_SYSTEM='02' AND PROVINCEID = '999' AND FLAG='0') CCT
				LEFT JOIN 
				(SELECT STATSDATE,
						ADD_MSISDN_CNT,
						MSISDN_TOTAL,
						MSISDN_ACTIVE_CNT,
						USER_ACTIVITY
				FROM BD_ST_S109_S109018 
				WHERE BUSINESS_SYSTEM='01' AND PROVINCEID = '999' AND FLAG='0') CPB
				ON CCT.STATSDATE = CPB.STATSDATE
				LEFT JOIN
				(SELECT STATSDATE,
						ADD_MSISDN_CNT,
						MSISDN_TOTAL,
						MSISDN_ACTIVE_CNT,
						USER_ACTIVITY 
				FROM BD_ST_S109_S109018 
				WHERE BUSINESS_SYSTEM='02' AND PROVINCEID = '200' AND FLAG='0') PCT
				ON CCT.STATSDATE = PCT.STATSDATE
				LEFT JOIN  
				(SELECT STATSDATE,
						ADD_MSISDN_CNT,
						MSISDN_TOTAL,
						MSISDN_ACTIVE_CNT,
						USER_ACTIVITY 
				FROM BD_ST_S109_S109018 
				WHERE BUSINESS_SYSTEM='01' AND PROVINCEID = '200' AND FLAG='0') PPB
				ON CCT.STATSDATE = PPB.STATSDATE
				where 1=1
			</otherwise>
		</choose>
		<if test="null != startDate and '' != startDate">
			AND to_date(STATSDATE, 'yyyy-MM-dd') <![CDATA[>=]]> to_date(#{startDate}, 'yyyy-MM-dd')
		</if>
		<if test="null != endDate and '' != endDate">
			AND to_date(STATSDATE, 'yyyy-MM-dd') <![CDATA[<=]]> to_date(#{endDate}, 'yyyy-MM-dd')
		</if>
	 	<if test="export == null or export == ''">
			<include refid="pageSqlEnd"/>
		</if>
	</select>
	 
	<select id="queryCount" resultType="java.lang.Long" >
		<choose>
			<when test="showType == '1' or showType == 1 ">
				select 
					   count(CCT.STATSDATE) 
				FROM
				(SELECT STATSDATE,
						MSISDN_CNT,
						ONLINE_CNT,
						ACTIVE_SUBSCNT_DAY,
						ACTIVE_PER,
						PRIMARY_INDUSTRY,
						PRIMARY_INDUSTRY_NAME 
				FROM BD_ST_S109_S109019 
				WHERE BUSINESS_SYSTEM='02' AND PROVINCEID = '999' AND FLAG='0') CCT
				LEFT JOIN 
				(SELECT STATSDATE,
						MSISDN_CNT,
						ONLINE_CNT,
						ACTIVE_SUBSCNT_DAY,
						ACTIVE_PER,
						PRIMARY_INDUSTRY,
						PRIMARY_INDUSTRY_NAME
				FROM BD_ST_S109_S109019 
				WHERE BUSINESS_SYSTEM='01' AND PROVINCEID = '999' AND FLAG='0') CPB
				ON CCT.STATSDATE = CPB.STATSDATE AND CCT.PRIMARY_INDUSTRY = CPB.PRIMARY_INDUSTRY
				LEFT JOIN
				(SELECT STATSDATE,
						MSISDN_CNT,
						ONLINE_CNT,
						ACTIVE_SUBSCNT_DAY,
						ACTIVE_PER,
						PRIMARY_INDUSTRY,
						PRIMARY_INDUSTRY_NAME
				FROM BD_ST_S109_S109019 
				WHERE BUSINESS_SYSTEM='02' AND PROVINCEID = '200' AND FLAG='0') PCT
				ON CCT.STATSDATE = PCT.STATSDATE AND CCT.PRIMARY_INDUSTRY = PCT.PRIMARY_INDUSTRY
				LEFT JOIN  
				(SELECT STATSDATE,
						MSISDN_CNT,
						ONLINE_CNT,
						ACTIVE_SUBSCNT_DAY,
						ACTIVE_PER,
						PRIMARY_INDUSTRY,
						PRIMARY_INDUSTRY_NAME
				FROM BD_ST_S109_S109019 
				WHERE BUSINESS_SYSTEM='01' AND PROVINCEID = '200' AND FLAG='0') PPB
				ON CCT.STATSDATE = PPB.STATSDATE AND CCT.PRIMARY_INDUSTRY = PPB.PRIMARY_INDUSTRY
				where 1=1
				<if test="firstIndustry != null and firstIndustry != ''">
					AND CCT.PRIMARY_INDUSTRY=#{firstIndustry}
				</if>
			</when>
			<otherwise>
				select 
				count(distinct CCT.STATSDATE) 
				FROM
				(SELECT STATSDATE,
						ADD_MSISDN_CNT,
						MSISDN_TOTAL,
						MSISDN_ACTIVE_CNT,
						USER_ACTIVITY 
				FROM BD_ST_S109_S109018
				WHERE BUSINESS_SYSTEM='02' AND PROVINCEID = '999' AND FLAG='0') CCT
				LEFT JOIN 
				(SELECT STATSDATE,
						ADD_MSISDN_CNT,
						MSISDN_TOTAL,
						MSISDN_ACTIVE_CNT,
						USER_ACTIVITY
				FROM BD_ST_S109_S109018 
				WHERE BUSINESS_SYSTEM='01' AND PROVINCEID = '999' AND FLAG='0') CPB
				ON CCT.STATSDATE = CPB.STATSDATE
				LEFT JOIN
				(SELECT STATSDATE,
						ADD_MSISDN_CNT,
						MSISDN_TOTAL,
						MSISDN_ACTIVE_CNT,
						USER_ACTIVITY 
				FROM BD_ST_S109_S109018 
				WHERE BUSINESS_SYSTEM='02' AND PROVINCEID = '200' AND FLAG='0') PCT
				ON CCT.STATSDATE = PCT.STATSDATE
				LEFT JOIN  
				(SELECT STATSDATE,
						ADD_MSISDN_CNT,
						MSISDN_TOTAL,
						MSISDN_ACTIVE_CNT,
						USER_ACTIVITY 
				FROM BD_ST_S109_S109018 
				WHERE BUSINESS_SYSTEM='01' AND PROVINCEID = '200' AND FLAG='0') PPB
				ON CCT.STATSDATE = PPB.STATSDATE
				where 1=1
			</otherwise>
		</choose>
		<if test="null != startDate and '' != startDate">
			AND to_date(STATSDATE, 'yyyy-MM-dd') <![CDATA[>=]]> to_date(#{startDate}, 'yyyy-MM-dd')
		</if>
		<if test="null != endDate and '' != endDate">
			AND to_date(STATSDATE, 'yyyy-MM-dd') <![CDATA[<=]]> to_date(#{endDate}, 'yyyy-MM-dd')
		</if>
	</select> 
	
	<select id="queryAllPrimaryIndustry" resultType="BigDataUsersAnalysis">
		SELECT 
			distinct PRIMARY_INDUSTRY as primaryIndustry, 
			PRIMARY_INDUSTRY_NAME as primaryIndustryName 
		FROM BD_ST_S109_S109019
	</select>
</mapper>