<?xml version="1.0" encoding="UTF-8" ?>
<!DOCTYPE mapper PUBLIC "-//mybatis.org//DTD Mapper 3.0//EN" "http://mybatis.org/dtd/mybatis-3-mapper.dtd">
<mapper namespace="com.hvgroup.modules.state.dao.BigDataUsedAnalysisDao">
	<sql id="pageSqlStart">
        <if test="pageInfo.pageNo != null and pageInfo.pageNo != ''">
        
        select * from
            (
             select a.*, rownum rn from 
                (
        </if>
    </sql>
    <!-- 分页SQL语句结尾语句 -->
    <sql id="pageSqlEnd">
        <if test="pageInfo.pageSize != null and pageInfo.pageSize !=''">
                ) a
             where rownum <![CDATA[<=]]> #{pageInfo.pageNo}*#{pageInfo.pageSize}
            )
        where rn > (#{pageInfo.pageNo}-1)*#{pageInfo.pageSize}
        </if>
    </sql>	


 	<select id="queryPageDay" resultType="BigDataUsedAnalysis">
		<include refid="pageSqlStart"/>
		select im.statitics_date statDate,
		       im.industry_id tradeIdOne,
		       im.industry_name tradeNameOne,
		       im.platform_type dataSource,
		       im.gprs_flow countryFlowTotal,
		       avf.average_gprs_flow countryFlowAvg,
		       '-' countrySmsAvg,
		       ism.gprs_sms countrySmsTotal,
		       pfm.gprs_flow provinceFlowTotal,
		       pavg.average_gprs_flow provinceFlowAvg,
		       psm.gprs_sms provinceSmsTotal,
		       '-' provinceSmsAvg
		from INDUSTRY_FLOW_DAY im
		left join INDUSTRY_AVERAGE_FLOW_DAY avf on avf.industry_id=im.industry_id and avf.statitics_date=im.statitics_date and avf.platform_type=im.platform_type
		left join INDUSTRY_SMS_DAY ism on ism.industry_id=im.industry_id and ism.statitics_date=im.statitics_date and ism.platform_type=im.platform_type
		left join PRO_INDUSTRY_FLOW_DAY pfm on pfm.industry_id=im.industry_id and pfm.statitics_date=im.statitics_date and pfm.platform_type=im.platform_type
		left join PRO_INDUSTRY_AVERAGE_FLOW_DAY pavg on pavg.industry_id=im.industry_id and pavg.statitics_date=im.statitics_date and pavg.platform_type=im.platform_type
		left join PRO_INDUSTRY_SMS_DAY psm on psm.industry_id=im.industry_id and psm.statitics_date=im.statitics_date and psm.platform_type=im.platform_type
		where 1=1
			and im.industry_id is not null
 	 	<if test="dataSource != null and dataSource != '' and dataSource != '-1'.toString() ">
			and im.platform_type = #{dataSource}
		</if>		
	 	<if test="tradeIdOne != null and tradeIdOne != '' ">
			and im.industry_id = #{tradeIdOne}
		</if>
	 	<if test="beginDate != null and beginDate != '' ">
			and im.statitics_date <![CDATA[ >= ]]> #{beginDate}
		</if>		
	 	<if test="endDate != null and endDate != '' ">
			and im.statitics_date <![CDATA[ <= ]]>  #{endDate}
		</if>		
	  
		<include refid="pageSqlEnd"/>
 	</select>
	 
	<select id="queryPageDayCount" resultType="java.lang.Long">
			select count(1) from (
				select im.statitics_date statDate,
				       im.industry_id tradeIdOne,
				       im.industry_name tradeNameOne,
				       im.platform_type dataSource,
				       im.gprs_flow countryFlowTotal,
				       avf.average_gprs_flow countryFlowAvg,
				       '-' countrySmsAvg,
				       ism.gprs_sms countrySmsTotal,
				       pfm.gprs_flow provinceFlowTotal,
				       pavg.average_gprs_flow provinceFlowAvg,
				       psm.gprs_sms provinceSmsTotal,
				       '-' provinceSmsAvg
				from INDUSTRY_FLOW_DAY im
				left join INDUSTRY_AVERAGE_FLOW_DAY avf on avf.industry_id=im.industry_id and avf.statitics_date=im.statitics_date and avf.platform_type=im.platform_type
				left join INDUSTRY_SMS_DAY ism on ism.industry_id=im.industry_id and ism.statitics_date=im.statitics_date and ism.platform_type=im.platform_type
				left join PRO_INDUSTRY_FLOW_DAY pfm on pfm.industry_id=im.industry_id and pfm.statitics_date=im.statitics_date and pfm.platform_type=im.platform_type
				left join PRO_INDUSTRY_AVERAGE_FLOW_DAY pavg on pavg.industry_id=im.industry_id and pavg.statitics_date=im.statitics_date and pavg.platform_type=im.platform_type
				left join PRO_INDUSTRY_SMS_DAY psm on psm.industry_id=im.industry_id and psm.statitics_date=im.statitics_date and psm.platform_type=im.platform_type
				where 1=1
				and im.industry_id is not null
	 	 		<if test="dataSource != null and dataSource != '' and dataSource != '-1'.toString() ">
					and im.platform_type = #{dataSource}
				</if>		
			 	<if test="tradeIdOne != null and tradeIdOne != '' ">
					and im.industry_id = #{tradeIdOne}
				</if>
			 	<if test="beginDate != null and beginDate != '' ">
					and im.statitics_date <![CDATA[ >= ]]> #{beginDate}
				</if>		
			 	<if test="endDate != null and endDate != '' ">
					and im.statitics_date <![CDATA[ <= ]]>  #{endDate}
				</if>		
			)
	
	</select>
	
		 
 	<select id="queryPageMonth" resultType="BigDataUsedAnalysis">
		<include refid="pageSqlStart"/>
 			select im.statitics_date statDate,
		       im.industry_id tradeIdOne,
		       im.industry_name tradeNameOne,
		       im.platform_type dataSource,
		       im.gprs_flow countryFlowTotal,
		       avf.average_gprs_flow countryFlowAvg,
		       '-' countrySmsAvg,
		       ism.gprs_sms countrySmsTotal,
		       pfm.gprs_flow provinceFlowTotal,
       		   pavg.average_gprs_flow provinceFlowAvg,
		       psm.gprs_sms provinceSmsTotal,
		       '-' provinceSmsAvg
			from INDUSTRY_FLOW_MONTH im
			left join INDUSTRY_AVERAGE_FLOW_MONTH avf on avf.industry_id=im.industry_id and avf.statitics_date=im.statitics_date and avf.platform_type=im.platform_type
			left join INDUSTRY_SMS_MONTH ism on ism.industry_id=im.industry_id and ism.statitics_date=im.statitics_date and ism.platform_type=im.platform_type
			left join PRO_INDUSTRY_FLOW_MONTH pfm on pfm.industry_id=im.industry_id and pfm.statitics_date=im.statitics_date and pfm.platform_type=im.platform_type
			left join PRO_INDUSTRY_AVERAGE_FLOW_MON pavg on pavg.industry_id=im.industry_id and pavg.statitics_date=im.statitics_date and pavg.platform_type=im.platform_type
			left join PRO_INDUSTRY_SMS_MONTH psm on psm.industry_id=im.industry_id and psm.statitics_date=im.statitics_date and psm.platform_type=im.platform_type
		where 1=1
			and im.industry_id is not null
 	 	<if test="dataSource != null and dataSource != '' and dataSource != '-1'.toString() ">
			and im.platform_type = #{dataSource}
		</if>		
	 	<if test="tradeIdOne != null and tradeIdOne != '' ">
			and im.industry_id = #{tradeIdOne}
		</if>
	 	<if test="beginDate != null and beginDate != '' ">
			and im.statitics_date <![CDATA[ >= ]]> #{beginDate}
		</if>		
	 	<if test="endDate != null and endDate != '' ">
			and im.statitics_date <![CDATA[ <= ]]>  #{endDate}
		</if>			
	  
		<include refid="pageSqlEnd"/>
 	</select>
	 
	<select id="queryPageMonthCount" resultType="java.lang.Long">
		select count(1) from (
 			select im.statitics_date statDate,
		       im.industry_id tradeIdOne,
		       im.industry_name tradeNameOne,
		       im.platform_type dataSource,
		       im.gprs_flow countryFlowTotal,
		       avf.average_gprs_flow countryFlowAvg,
		       '-' countrySmsAvg,
		       ism.gprs_sms countrySmsTotal,
		       pfm.gprs_flow provinceFlowTotal,
       		   pavg.average_gprs_flow provinceFlowAvg,
		       psm.gprs_sms provinceSmsTotal,
		       '-' provinceSmsAvg
			from INDUSTRY_FLOW_MONTH im
			left join INDUSTRY_AVERAGE_FLOW_MONTH avf on avf.industry_id=im.industry_id and avf.statitics_date=im.statitics_date and avf.platform_type=im.platform_type
			left join INDUSTRY_SMS_MONTH ism on ism.industry_id=im.industry_id and ism.statitics_date=im.statitics_date and ism.platform_type=im.platform_type
			left join PRO_INDUSTRY_FLOW_MONTH pfm on pfm.industry_id=im.industry_id and pfm.statitics_date=im.statitics_date and pfm.platform_type=im.platform_type
			left join PRO_INDUSTRY_AVERAGE_FLOW_MON pavg on pavg.industry_id=im.industry_id and pavg.statitics_date=im.statitics_date and pavg.platform_type=im.platform_type
			left join PRO_INDUSTRY_SMS_MONTH psm on psm.industry_id=im.industry_id and psm.statitics_date=im.statitics_date and psm.platform_type=im.platform_type
		where 1=1
			and im.industry_id is not null
 	 	<if test="dataSource != null and dataSource != '' and dataSource != '-1'.toString() ">
			and im.platform_type = #{dataSource}
		</if>		
	 	<if test="tradeIdOne != null and tradeIdOne != '' ">
			and im.industry_id = #{tradeIdOne}
		</if>
	 	<if test="beginDate != null and beginDate != '' ">
			and im.statitics_date <![CDATA[ >= ]]> #{beginDate}
		</if>		
	 	<if test="endDate != null and endDate != '' ">
			and im.statitics_date <![CDATA[ <= ]]>  #{endDate}
		</if>		
			)
	
	</select>


 	<select id="findCountryFlowDay" resultType="BigDataUsedAnalysis">
		select m.statitics_date statDate, sum(m.gprs_flow) countryFlowTotal
		  from INDUSTRY_FLOW_DAY m
		 where 1 = 1 
 	 	<if test="dataSource != null and dataSource != '' and dataSource != '-1'.toString() ">
			and m.platform_type = #{dataSource}
		</if>
	 	<if test="beginDate != null and beginDate != '' ">
			and m.statitics_date <![CDATA[ >= ]]> #{beginDate}
		</if>		
	 	<if test="endDate != null and endDate != '' ">
			and m.statitics_date <![CDATA[ <= ]]>  #{endDate}
		</if>		       
		 group by m.statitics_date
	</select>
	 
 	<select id="findProvinceFlowDay" resultType="BigDataUsedAnalysis">
		select m.statitics_date statDate, sum(m.gprs_flow) provinceFlowTotal
		  from PRO_INDUSTRY_FLOW_DAY m
		 where 1 = 1 
 	 	<if test="dataSource != null and dataSource != '' and dataSource != '-1'.toString() ">
			and m.platform_type = #{dataSource}
		</if>
	 	<if test="beginDate != null and beginDate != '' ">
			and m.statitics_date <![CDATA[ >= ]]> #{beginDate}
		</if>		
	 	<if test="endDate != null and endDate != '' ">
			and m.statitics_date <![CDATA[ <= ]]>  #{endDate}
		</if>		       
		 group by m.statitics_date
	</select>
	
 	<select id="findCountryFlowMonth" resultType="BigDataUsedAnalysis">
		select m.statitics_date statDate, sum(m.gprs_flow) countryFlowTotal
		  from INDUSTRY_FLOW_MONTH m
		 where 1 = 1 
 	 	<if test="dataSource != null and dataSource != '' and dataSource != '-1'.toString() ">
			and m.platform_type = #{dataSource}
		</if>
	 	<if test="beginDate != null and beginDate != '' ">
			and m.statitics_date <![CDATA[ >= ]]> #{beginDate}
		</if>		
	 	<if test="endDate != null and endDate != '' ">
			and m.statitics_date <![CDATA[ <= ]]>  #{endDate}
		</if>		       
		 group by m.statitics_date
	</select>

 	<select id="findProvinceFlowMonth" resultType="BigDataUsedAnalysis">
		select m.statitics_date statDate, sum(m.gprs_flow) provinceFlowTotal
		  from PRO_INDUSTRY_FLOW_MONTH m
		 where 1 = 1 
 	 	<if test="dataSource != null and dataSource != '' and dataSource != '-1'.toString() ">
			and m.platform_type = #{dataSource}
		</if>
	 	<if test="beginDate != null and beginDate != '' ">
			and m.statitics_date <![CDATA[ >= ]]> #{beginDate}
		</if>		
	 	<if test="endDate != null and endDate != '' ">
			and m.statitics_date <![CDATA[ <= ]]>  #{endDate}
		</if>		       
		 group by m.statitics_date
	</select>
					 
</mapper>