<?xml version="1.0" encoding="UTF-8" ?>
<!DOCTYPE mapper PUBLIC "-//mybatis.org//DTD Mapper 3.0//EN" "http://mybatis.org/dtd/mybatis-3-mapper.dtd">
<mapper namespace="com.hvgroup.modules.state.dao.BigDataUsersStateAnalysisDao">
	<sql id="pageSqlStart">
        <if test="pageInfo.pageNo != null and pageInfo.pageNo != ''">
        
        select * from
            (
             select a.*, rownum rn from 
                (
        </if>
    </sql>
    <!-- 分页SQL语句结尾语句 -->
    <sql id="pageSqlEnd">
        <if test="pageInfo.pageSize != null and pageInfo.pageSize !=''">
                ) a
             where rownum <![CDATA[<=]]> #{pageInfo.pageNo}*#{pageInfo.pageSize}
            )
        where rn > (#{pageInfo.pageNo}-1)*#{pageInfo.pageSize}
        </if>
    </sql>	
	 
 	<select id="queryByPage" resultType="BigDataUsersStateAnalysis">
 		<if test="export == null or export == ''">
			<include refid="pageSqlStart"/>
		</if>
			select distinct
			CCT.STATSDATE as statsDate,
			CCT.TO_ACTIVATE_CNT as ctCouctoActivateCnt,
			CCT.ACTIVATE_CNT as ctCoucactivateCnt,         
			CCT.HALT_CNT as ctCouchaltCnt,            
			CCT.TESTABLE_CNT as ctCouctestableCnt,   
			CCT.REPERTORY_CNT as ctCoucrepertoryCnt,
			CCT.TO_LOGOUT_CNT as ctCouctoLogoutCnt,
			CCT.LOGOUT_CNT as ctCouclogoutCnt,
			CPB.TO_ACTIVATE_CNT as pbCouctoActivateCnt,
			CPB.ACTIVATE_CNT as pbCoucactivateCnt,         
			CPB.HALT_CNT as pbCouchaltCnt,            
			CPB.TESTABLE_CNT as pbCouctestableCnt,   
			CPB.REPERTORY_CNT as pbCoucrepertoryCnt,
			CPB.TO_LOGOUT_CNT as pbCouctoLogoutCnt,
			CPB.LOGOUT_CNT as pbCouclogoutCnt,
			PCT.TO_ACTIVATE_CNT as ctProctoActivateCnt,
			PCT.ACTIVATE_CNT as ctProcactivateCnt,         
			PCT.HALT_CNT as ctProchaltCnt,            
			PCT.TESTABLE_CNT as ctProctestableCnt,   
			PCT.REPERTORY_CNT as ctProcrepertoryCnt,
			PCT.TO_LOGOUT_CNT as ctProctoLogoutCnt,
			PCT.LOGOUT_CNT as ctProclogoutCnt,
			PPB.TO_ACTIVATE_CNT as pbProctoActivateCnt,
			PPB.ACTIVATE_CNT as pbProcactivateCnt,       
			PPB.HALT_CNT as pbProchaltCnt,    
			PPB.TESTABLE_CNT as pbProctestableCnt, 
			PPB.REPERTORY_CNT as pbProcrepertoryCnt,
			PPB.TO_LOGOUT_CNT as pbProctoLogoutCnt,
			PPB.LOGOUT_CNT as pbProclogoutCnt    
			FROM
			(SELECT STATSDATE,
					TO_ACTIVATE_CNT,
					ACTIVATE_CNT,
					HALT_CNT,
					TESTABLE_CNT,
					REPERTORY_CNT,
					TO_LOGOUT_CNT,
					LOGOUT_CNT
			FROM BD_ST_S109_S109017 
			WHERE BUSINESS_SYSTEM='02' AND PROVINCEID = '999' AND FLAG='0') CCT
			LEFT JOIN 
			(SELECT STATSDATE,
					TO_ACTIVATE_CNT,
					ACTIVATE_CNT,
					HALT_CNT,
					TESTABLE_CNT,
					REPERTORY_CNT,
					TO_LOGOUT_CNT,
					LOGOUT_CNT
			FROM BD_ST_S109_S109017 
			WHERE BUSINESS_SYSTEM='01' AND PROVINCEID = '999' AND FLAG='0') CPB
			ON CCT.STATSDATE = CPB.STATSDATE
			LEFT JOIN
			(SELECT STATSDATE,
					TO_ACTIVATE_CNT,
					ACTIVATE_CNT,
					HALT_CNT,
					TESTABLE_CNT,
					REPERTORY_CNT,
					TO_LOGOUT_CNT,
					LOGOUT_CNT
			FROM BD_ST_S109_S109017 
			WHERE BUSINESS_SYSTEM='02' AND PROVINCEID = '200' AND FLAG='0') PCT
			ON CCT.STATSDATE = PCT.STATSDATE
			LEFT JOIN  
			(SELECT STATSDATE,
					TO_ACTIVATE_CNT,
					ACTIVATE_CNT,
					HALT_CNT,
					TESTABLE_CNT,
					REPERTORY_CNT,
					TO_LOGOUT_CNT,
					LOGOUT_CNT
			FROM BD_ST_S109_S109017 
			WHERE BUSINESS_SYSTEM='01' AND PROVINCEID = '200' AND FLAG='0') PPB
			ON CCT.STATSDATE = PPB.STATSDATE
			where 1=1
		<if test="null != startDate and '' != startDate">
			AND to_date(STATSDATE, 'yyyy-MM-dd') <![CDATA[>=]]> to_date(#{startDate}, 'yyyy-MM-dd')
		</if>
		<if test="null != endDate and '' != endDate">
			AND to_date(STATSDATE, 'yyyy-MM-dd') <![CDATA[<=]]> to_date(#{endDate}, 'yyyy-MM-dd')
		</if>
	 	<if test="export == null or export == ''">
			<include refid="pageSqlEnd"/>
		</if>
	</select>
	 
	<select id="queryCount" resultType="java.lang.Long" >
				select 
				count(distinct CCT.STATSDATE) 
				FROM
				(SELECT STATSDATE,
						TO_ACTIVATE_CNT,
						ACTIVATE_CNT,
						HALT_CNT,
						TESTABLE_CNT,
						REPERTORY_CNT,
						TO_LOGOUT_CNT,
						LOGOUT_CNT
				FROM BD_ST_S109_S109017 
				WHERE BUSINESS_SYSTEM='02' AND PROVINCEID = '999' AND FLAG='0') CCT
				LEFT JOIN 
				(SELECT STATSDATE,
						TO_ACTIVATE_CNT,
						ACTIVATE_CNT,
						HALT_CNT,
						TESTABLE_CNT,
						REPERTORY_CNT,
						TO_LOGOUT_CNT,
						LOGOUT_CNT
				FROM BD_ST_S109_S109017 
				WHERE BUSINESS_SYSTEM='01' AND PROVINCEID = '999' AND FLAG='0') CPB
				ON CCT.STATSDATE = CPB.STATSDATE
				LEFT JOIN
				(SELECT STATSDATE,
						TO_ACTIVATE_CNT,
						ACTIVATE_CNT,
						HALT_CNT,
						TESTABLE_CNT,
						REPERTORY_CNT,
						TO_LOGOUT_CNT,
						LOGOUT_CNT
				FROM BD_ST_S109_S109017 
				WHERE BUSINESS_SYSTEM='02' AND PROVINCEID = '200' AND FLAG='0') PCT
				ON CCT.STATSDATE = PCT.STATSDATE
				LEFT JOIN  
				(SELECT STATSDATE,
						TO_ACTIVATE_CNT,
						ACTIVATE_CNT,
						HALT_CNT,
						TESTABLE_CNT,
						REPERTORY_CNT,
						TO_LOGOUT_CNT,
						LOGOUT_CNT
				FROM BD_ST_S109_S109017 
				WHERE BUSINESS_SYSTEM='01' AND PROVINCEID = '200' AND FLAG='0') PPB
				ON CCT.STATSDATE = PPB.STATSDATE
				where 1=1
		<if test="null != startDate and '' != startDate">
			AND to_date(STATSDATE, 'yyyy-MM-dd') <![CDATA[>=]]> to_date(#{startDate}, 'yyyy-MM-dd')
		</if>
		<if test="null != endDate and '' != endDate">
			AND to_date(STATSDATE, 'yyyy-MM-dd') <![CDATA[<=]]> to_date(#{endDate}, 'yyyy-MM-dd')
		</if>
	</select> 
</mapper>