<?xml version="1.0" encoding="UTF-8" ?>
<!DOCTYPE mapper PUBLIC "-//mybatis.org//DTD Mapper 3.0//EN" "http://mybatis.org/dtd/mybatis-3-mapper.dtd">
<mapper namespace="com.hvgroup.modules.state.dao.BigDataUsersRoamAnalysisDao">
	<sql id="pageSqlStart">
        <if test="pageInfo.pageNo != null and pageInfo.pageNo != ''">
        
        select * from
            (
             select a.*, rownum rn from 
                (
        </if>
    </sql>
    <!-- 分页SQL语句结尾语句 -->
    <sql id="pageSqlEnd">
        <if test="pageInfo.pageSize != null and pageInfo.pageSize !=''">
                ) a
             where rownum <![CDATA[<=]]> #{pageInfo.pageNo}*#{pageInfo.pageSize}
            )
        where rn > (#{pageInfo.pageNo}-1)*#{pageInfo.pageSize}
        </if>
    </sql>	
	 
 	<select id="queryByPage" resultType="BigDataUsersRoamAnalysis">
 		<if test="export == null or export == ''">
			<include refid="pageSqlStart"/>
		</if>
		<choose>
			<when test="showType == '1' or showType == 1">
				select distinct
				CCT.STATSDATE as STATSDATE,
				CCT.PRIMARY_INDUSTRY_NAME as primaryIndustryName,
				CCT.ROAM_TYPE as ctCouRoamType,         
				CCT.ROAM_USER as ctCouRoamUser,            
				CPB.ROAM_TYPE as pbCouRoamType,         
				CPB.ROAM_USER as pbCouRoamUser,            
				PCT.ROAM_TYPE as ctProRoamType,         
				PCT.ROAM_USER as ctProRoamUser,            
				PPB.ROAM_TYPE as pbProRoamType,         
				PPB.ROAM_USER as pbProRoamUser
				FROM
				(SELECT BD21.STATSDATE,
					   	BD21.BUSINESS_SYSTEM,
						ROAM_TYPE,
						ROAM_USER,
						PRIMARY_INDUSTRY,
						PRIMARY_INDUSTRY_NAME
				FROM BD_ST_S109_S109021 BD21 INNER JOIN 
				(SELECT STATSDATE,BUSINESS_SYSTEM
				FROM BD_ST_S109_S109018 
				WHERE BUSINESS_SYSTEM='02' AND PROVINCEID = '999' AND FLAG='1') BD18
				ON BD21.STATSDATE=BD18.STATSDATE AND BD21.BUSINESS_SYSTEM=BD18.BUSINESS_SYSTEM
				) CCT
				LEFT JOIN 
				(SELECT BD21.STATSDATE,
					   	BD21.BUSINESS_SYSTEM,
						ROAM_TYPE,
						ROAM_USER,
						PRIMARY_INDUSTRY,
						PRIMARY_INDUSTRY_NAME
				FROM BD_ST_S109_S109021 BD21 INNER JOIN 
				(SELECT STATSDATE,BUSINESS_SYSTEM
				FROM BD_ST_S109_S109018 
				WHERE BUSINESS_SYSTEM='01' AND PROVINCEID = '999' AND FLAG='1') BD18
				ON BD21.STATSDATE=BD18.STATSDATE AND BD21.BUSINESS_SYSTEM=BD18.BUSINESS_SYSTEM
				) CPB
				ON CCT.STATSDATE = CPB.STATSDATE AND CCT.PRIMARY_INDUSTRY = CPB.PRIMARY_INDUSTRY
				LEFT JOIN
				(SELECT BD21.STATSDATE,
					   	BD21.BUSINESS_SYSTEM,
						ROAM_TYPE,
						ROAM_USER,
						PRIMARY_INDUSTRY,
						PRIMARY_INDUSTRY_NAME
				FROM BD_ST_S109_S109021 BD21 INNER JOIN 
				(SELECT STATSDATE,BUSINESS_SYSTEM
				FROM BD_ST_S109_S109018 
				WHERE BUSINESS_SYSTEM='02' AND PROVINCEID = '200' AND FLAG='1') BD18
				ON BD21.STATSDATE=BD18.STATSDATE AND BD21.BUSINESS_SYSTEM=BD18.BUSINESS_SYSTEM
				) PCT
				ON CCT.STATSDATE = PCT.STATSDATE AND CCT.PRIMARY_INDUSTRY = PCT.PRIMARY_INDUSTRY
				LEFT JOIN  
				(SELECT BD21.STATSDATE,
					   	BD21.BUSINESS_SYSTEM,
						ROAM_TYPE,
						ROAM_USER,
						PRIMARY_INDUSTRY,
						PRIMARY_INDUSTRY_NAME
				FROM BD_ST_S109_S109021 BD21 INNER JOIN 
				(SELECT STATSDATE,BUSINESS_SYSTEM
				FROM BD_ST_S109_S109018 
				WHERE BUSINESS_SYSTEM='01' AND PROVINCEID = '200' AND FLAG='1') BD18
				ON BD21.STATSDATE=BD18.STATSDATE AND BD21.BUSINESS_SYSTEM=BD18.BUSINESS_SYSTEM
				) PPB
				ON CCT.STATSDATE = PPB.STATSDATE AND CCT.PRIMARY_INDUSTRY = PPB.PRIMARY_INDUSTRY
				where 1=1
				<if test="firstIndustry != null and firstIndustry != ''">
					AND CCT.PRIMARY_INDUSTRY=#{firstIndustry}
				</if>
			</when>
			<otherwise>
				select distinct
				CCT.STATSDATE as STATSDATE,
				CCT.ROAM_TYPE as ctCouRoamType,         
				CCT.ROAM_USER as ctCouRoamUser,            
				CCT.AVG_ACTIVE_DAY as ctCouAvgActiveDay,
				CPB.ROAM_TYPE as pbCouRoamType,         
				CPB.ROAM_USER as pbCouRoamUser,            
				CPB.AVG_ACTIVE_DAY as pbCouAvgActiveDay,
				PCT.ROAM_TYPE as ctProRoamType,         
				PCT.ROAM_USER as ctProRoamUser,            
				PCT.AVG_ACTIVE_DAY as ctProAvgActiveDay,
				PPB.ROAM_TYPE as pbProRoamType,         
				PPB.ROAM_USER as pbProRoamUser,            
				PPB.AVG_ACTIVE_DAY as pbProAvgActiveDay       
				FROM
				(
				SELECT BD1820.STATSDATE,
					   BD1820.ROAM_TYPE,
					   BD1820.ROAM_USER,
					   BD1820.BUSINESS_SYSTEM,
					   AVG_ACTIVE_DAY FROM
					   (SELECT BD20.STATSDATE,
					   	BD20.BUSINESS_SYSTEM,
						ROAM_TYPE,
						ROAM_USER
				FROM BD_ST_S109_S109020 BD20 INNER JOIN 
				(SELECT STATSDATE,BUSINESS_SYSTEM
				FROM BD_ST_S109_S109018 
				WHERE BUSINESS_SYSTEM='02' AND PROVINCEID = '999' AND FLAG='1') BD18
				ON BD20.STATSDATE=BD18.STATSDATE AND BD20.BUSINESS_SYSTEM=BD18.BUSINESS_SYSTEM) BD1820 INNER JOIN BD_ST_S109_S109022 BD22
				ON BD1820.STATSDATE=BD22.STATSDATE AND BD1820.ROAM_TYPE=BD22.ROAM_TYPE AND BD1820.BUSINESS_SYSTEM=BD22.BUSINESS_SYSTEM
				) CCT
				LEFT JOIN 
				(SELECT BD1820.STATSDATE,
					   BD1820.ROAM_TYPE,
					   BD1820.ROAM_USER,
					   BD1820.BUSINESS_SYSTEM,
					   AVG_ACTIVE_DAY FROM
					   (SELECT BD20.STATSDATE,
					   	BD20.BUSINESS_SYSTEM,
						ROAM_TYPE,
						ROAM_USER
				FROM BD_ST_S109_S109020 BD20 INNER JOIN 
				(SELECT STATSDATE,BUSINESS_SYSTEM
				FROM BD_ST_S109_S109018 
				WHERE BUSINESS_SYSTEM='01' AND PROVINCEID = '999' AND FLAG='1') BD18
				ON BD20.STATSDATE=BD18.STATSDATE AND BD20.BUSINESS_SYSTEM=BD18.BUSINESS_SYSTEM) BD1820 INNER JOIN BD_ST_S109_S109022 BD22
				ON BD1820.STATSDATE=BD22.STATSDATE AND BD1820.ROAM_TYPE=BD22.ROAM_TYPE AND BD1820.BUSINESS_SYSTEM=BD22.BUSINESS_SYSTEM
				) CPB
				ON CCT.STATSDATE = CPB.STATSDATE
				LEFT JOIN
				(SELECT BD1820.STATSDATE,
					   BD1820.ROAM_TYPE,
					   BD1820.ROAM_USER,
					   BD1820.BUSINESS_SYSTEM,
					   AVG_ACTIVE_DAY FROM
					   (SELECT BD20.STATSDATE,
					   	BD20.BUSINESS_SYSTEM,
						ROAM_TYPE,
						ROAM_USER
				FROM BD_ST_S109_S109020 BD20 INNER JOIN 
				(SELECT STATSDATE,BUSINESS_SYSTEM
				FROM BD_ST_S109_S109018 
				WHERE BUSINESS_SYSTEM='02' AND PROVINCEID = '200' AND FLAG='1') BD18
				ON BD20.STATSDATE=BD18.STATSDATE AND BD20.BUSINESS_SYSTEM=BD18.BUSINESS_SYSTEM) BD1820 INNER JOIN BD_ST_S109_S109022 BD22
				ON BD1820.STATSDATE=BD22.STATSDATE AND BD1820.ROAM_TYPE=BD22.ROAM_TYPE AND BD1820.BUSINESS_SYSTEM=BD22.BUSINESS_SYSTEM
				) PCT
				ON CCT.STATSDATE = PCT.STATSDATE
				LEFT JOIN  
				(SELECT BD1820.STATSDATE,
					   BD1820.ROAM_TYPE,
					   BD1820.ROAM_USER,
					   BD1820.BUSINESS_SYSTEM,
					   AVG_ACTIVE_DAY FROM
					   (SELECT BD20.STATSDATE,
					   	BD20.BUSINESS_SYSTEM,
						ROAM_TYPE,
						ROAM_USER
				FROM BD_ST_S109_S109020 BD20 INNER JOIN 
				(SELECT STATSDATE,BUSINESS_SYSTEM
				FROM BD_ST_S109_S109018 
				WHERE BUSINESS_SYSTEM='01' AND PROVINCEID = '200' AND FLAG='1') BD18
				ON BD20.STATSDATE=BD18.STATSDATE AND BD20.BUSINESS_SYSTEM=BD18.BUSINESS_SYSTEM) BD1820 INNER JOIN BD_ST_S109_S109022 BD22
				ON BD1820.STATSDATE=BD22.STATSDATE AND BD1820.ROAM_TYPE=BD22.ROAM_TYPE AND BD1820.BUSINESS_SYSTEM=BD22.BUSINESS_SYSTEM
				) PPB
				ON CCT.STATSDATE = PPB.STATSDATE
				where 1=1
			</otherwise>
		</choose>
		<if test="null != startDate and '' != startDate">
			AND to_date(STATSDATE, 'yyyy-MM') <![CDATA[>=]]> to_date(#{startDate}, 'yyyy-MM')
		</if>
		<if test="null != endDate and '' != endDate">
			AND to_date(STATSDATE, 'yyyy-MM') <![CDATA[<=]]> to_date(#{endDate}, 'yyyy-MM')
		</if>
	 	<if test="export == null or export == ''">
			<include refid="pageSqlEnd"/>
		</if>
	</select>
	 
	<select id="queryCount" resultType="java.lang.Long" >
		<choose>
			<when test="showType == '1' or showType == 1 ">
				select 
				count(STATSDATE)
				FROM
				(
				select distinct
				CCT.STATSDATE as STATSDATE,
				CCT.PRIMARY_INDUSTRY_NAME as primaryIndustryName,
				CCT.ROAM_TYPE as ctCouRoamType,         
				CCT.ROAM_USER as ctCouRoamUser,            
				CPB.ROAM_TYPE as pbCouRoamType,         
				CPB.ROAM_USER as pbCouRoamUser,            
				PCT.ROAM_TYPE as ctProRoamType,         
				PCT.ROAM_USER as ctProRoamUser,            
				PPB.ROAM_TYPE as pbProRoamType,         
				PPB.ROAM_USER as pbProRoamUser
				FROM
				(SELECT BD21.STATSDATE,
					   	BD21.BUSINESS_SYSTEM,
						ROAM_TYPE,
						ROAM_USER,
						PRIMARY_INDUSTRY,
						PRIMARY_INDUSTRY_NAME
				FROM BD_ST_S109_S109021 BD21 INNER JOIN 
				(SELECT STATSDATE,BUSINESS_SYSTEM
				FROM BD_ST_S109_S109018 
				WHERE BUSINESS_SYSTEM='02' AND PROVINCEID = '999' AND FLAG='1') BD18
				ON BD21.STATSDATE=BD18.STATSDATE AND BD21.BUSINESS_SYSTEM=BD18.BUSINESS_SYSTEM
				) CCT
				LEFT JOIN 
				(SELECT BD21.STATSDATE,
					   	BD21.BUSINESS_SYSTEM,
						ROAM_TYPE,
						ROAM_USER,
						PRIMARY_INDUSTRY,
						PRIMARY_INDUSTRY_NAME
				FROM BD_ST_S109_S109021 BD21 INNER JOIN 
				(SELECT STATSDATE,BUSINESS_SYSTEM
				FROM BD_ST_S109_S109018 
				WHERE BUSINESS_SYSTEM='01' AND PROVINCEID = '999' AND FLAG='1') BD18
				ON BD21.STATSDATE=BD18.STATSDATE AND BD21.BUSINESS_SYSTEM=BD18.BUSINESS_SYSTEM
				) CPB
				ON CCT.STATSDATE = CPB.STATSDATE AND CCT.PRIMARY_INDUSTRY = CPB.PRIMARY_INDUSTRY
				LEFT JOIN
				(SELECT BD21.STATSDATE,
					   	BD21.BUSINESS_SYSTEM,
						ROAM_TYPE,
						ROAM_USER,
						PRIMARY_INDUSTRY,
						PRIMARY_INDUSTRY_NAME
				FROM BD_ST_S109_S109021 BD21 INNER JOIN 
				(SELECT STATSDATE,BUSINESS_SYSTEM
				FROM BD_ST_S109_S109018 
				WHERE BUSINESS_SYSTEM='02' AND PROVINCEID = '200' AND FLAG='1') BD18
				ON BD21.STATSDATE=BD18.STATSDATE AND BD21.BUSINESS_SYSTEM=BD18.BUSINESS_SYSTEM
				) PCT
				ON CCT.STATSDATE = PCT.STATSDATE AND CCT.PRIMARY_INDUSTRY = PCT.PRIMARY_INDUSTRY
				LEFT JOIN  
				(SELECT BD21.STATSDATE,
					   	BD21.BUSINESS_SYSTEM,
						ROAM_TYPE,
						ROAM_USER,
						PRIMARY_INDUSTRY,
						PRIMARY_INDUSTRY_NAME
				FROM BD_ST_S109_S109021 BD21 INNER JOIN 
				(SELECT STATSDATE,BUSINESS_SYSTEM
				FROM BD_ST_S109_S109018 
				WHERE BUSINESS_SYSTEM='01' AND PROVINCEID = '200' AND FLAG='1') BD18
				ON BD21.STATSDATE=BD18.STATSDATE AND BD21.BUSINESS_SYSTEM=BD18.BUSINESS_SYSTEM
				) PPB
				ON CCT.STATSDATE = PPB.STATSDATE AND CCT.PRIMARY_INDUSTRY = PPB.PRIMARY_INDUSTRY
				where 1=1
				<if test="firstIndustry != null and firstIndustry != ''">
					AND CCT.PRIMARY_INDUSTRY=#{firstIndustry}
				</if>
			</when>
			<otherwise>
				select 
				count(STATSDATE) 
				FROM
				(
				select distinct
				CCT.STATSDATE as STATSDATE,
				CCT.ROAM_TYPE as ctCouRoamType,         
				CCT.ROAM_USER as ctCouRoamUser,            
				CCT.AVG_ACTIVE_DAY as ctCouAvgActiveDay,
				CPB.ROAM_TYPE as pbCouRoamType,         
				CPB.ROAM_USER as pbCouRoamUser,            
				CPB.AVG_ACTIVE_DAY as pbCouAvgActiveDay,
				PCT.ROAM_TYPE as ctProRoamType,         
				PCT.ROAM_USER as ctProRoamUser,            
				PCT.AVG_ACTIVE_DAY as ctProAvgActiveDay,
				PPB.ROAM_TYPE as pbProRoamType,         
				PPB.ROAM_USER as pbProRoamUser,            
				PPB.AVG_ACTIVE_DAY as pbProAvgActiveDay       
				FROM
				(
				SELECT BD1820.STATSDATE,
					   BD1820.ROAM_TYPE,
					   BD1820.ROAM_USER,
					   BD1820.BUSINESS_SYSTEM,
					   AVG_ACTIVE_DAY FROM
					   (SELECT BD20.STATSDATE,
					   	BD20.BUSINESS_SYSTEM,
						ROAM_TYPE,
						ROAM_USER
				FROM BD_ST_S109_S109020 BD20 INNER JOIN 
				(SELECT STATSDATE,BUSINESS_SYSTEM
				FROM BD_ST_S109_S109018 
				WHERE BUSINESS_SYSTEM='02' AND PROVINCEID = '999' AND FLAG='1') BD18
				ON BD20.STATSDATE=BD18.STATSDATE AND BD20.BUSINESS_SYSTEM=BD18.BUSINESS_SYSTEM) BD1820 INNER JOIN BD_ST_S109_S109022 BD22
				ON BD1820.STATSDATE=BD22.STATSDATE AND BD1820.ROAM_TYPE=BD22.ROAM_TYPE AND BD1820.BUSINESS_SYSTEM=BD22.BUSINESS_SYSTEM
				) CCT
				LEFT JOIN 
				(SELECT BD1820.STATSDATE,
					   BD1820.ROAM_TYPE,
					   BD1820.ROAM_USER,
					   BD1820.BUSINESS_SYSTEM,
					   AVG_ACTIVE_DAY FROM
					   (SELECT BD20.STATSDATE,
					   	BD20.BUSINESS_SYSTEM,
						ROAM_TYPE,
						ROAM_USER
				FROM BD_ST_S109_S109020 BD20 INNER JOIN 
				(SELECT STATSDATE,BUSINESS_SYSTEM
				FROM BD_ST_S109_S109018 
				WHERE BUSINESS_SYSTEM='01' AND PROVINCEID = '999' AND FLAG='1') BD18
				ON BD20.STATSDATE=BD18.STATSDATE AND BD20.BUSINESS_SYSTEM=BD18.BUSINESS_SYSTEM) BD1820 INNER JOIN BD_ST_S109_S109022 BD22
				ON BD1820.STATSDATE=BD22.STATSDATE AND BD1820.ROAM_TYPE=BD22.ROAM_TYPE AND BD1820.BUSINESS_SYSTEM=BD22.BUSINESS_SYSTEM
				) CPB
				ON CCT.STATSDATE = CPB.STATSDATE
				LEFT JOIN
				(SELECT BD1820.STATSDATE,
					   BD1820.ROAM_TYPE,
					   BD1820.ROAM_USER,
					   BD1820.BUSINESS_SYSTEM,
					   AVG_ACTIVE_DAY FROM
					   (SELECT BD20.STATSDATE,
					   	BD20.BUSINESS_SYSTEM,
						ROAM_TYPE,
						ROAM_USER
				FROM BD_ST_S109_S109020 BD20 INNER JOIN 
				(SELECT STATSDATE,BUSINESS_SYSTEM
				FROM BD_ST_S109_S109018 
				WHERE BUSINESS_SYSTEM='02' AND PROVINCEID = '200' AND FLAG='1') BD18
				ON BD20.STATSDATE=BD18.STATSDATE AND BD20.BUSINESS_SYSTEM=BD18.BUSINESS_SYSTEM) BD1820 INNER JOIN BD_ST_S109_S109022 BD22
				ON BD1820.STATSDATE=BD22.STATSDATE AND BD1820.ROAM_TYPE=BD22.ROAM_TYPE AND BD1820.BUSINESS_SYSTEM=BD22.BUSINESS_SYSTEM
				) PCT
				ON CCT.STATSDATE = PCT.STATSDATE
				LEFT JOIN  
				(SELECT BD1820.STATSDATE,
					   BD1820.ROAM_TYPE,
					   BD1820.ROAM_USER,
					   BD1820.BUSINESS_SYSTEM,
					   AVG_ACTIVE_DAY FROM
					   (SELECT BD20.STATSDATE,
					   	BD20.BUSINESS_SYSTEM,
						ROAM_TYPE,
						ROAM_USER
				FROM BD_ST_S109_S109020 BD20 INNER JOIN 
				(SELECT STATSDATE,BUSINESS_SYSTEM
				FROM BD_ST_S109_S109018 
				WHERE BUSINESS_SYSTEM='01' AND PROVINCEID = '200' AND FLAG='1') BD18
				ON BD20.STATSDATE=BD18.STATSDATE AND BD20.BUSINESS_SYSTEM=BD18.BUSINESS_SYSTEM) BD1820 INNER JOIN BD_ST_S109_S109022 BD22
				ON BD1820.STATSDATE=BD22.STATSDATE AND BD1820.ROAM_TYPE=BD22.ROAM_TYPE AND BD1820.BUSINESS_SYSTEM=BD22.BUSINESS_SYSTEM
				) PPB
				ON CCT.STATSDATE = PPB.STATSDATE
				where 1=1
			</otherwise>
		</choose>
		<if test="null != startDate and '' != startDate">
			AND to_date(STATSDATE, 'yyyy-MM') <![CDATA[>=]]> to_date(#{startDate}, 'yyyy-MM')
		</if>
		<if test="null != endDate and '' != endDate">
			AND to_date(STATSDATE, 'yyyy-MM') <![CDATA[<=]]> to_date(#{endDate}, 'yyyy-MM')
		</if>
		)
	</select> 
	
	<select id="queryAllPrimaryIndustry" resultType="BigDataUsersRoamAnalysis">
		SELECT
			distinct PRIMARY_INDUSTRY as primaryIndustry, 
			PRIMARY_INDUSTRY_NAME as primaryIndustryName 
		FROM BD_ST_S109_S109021
	</select>
</mapper>