<?xml version="1.0" encoding="UTF-8" ?>
<!DOCTYPE mapper PUBLIC "-//mybatis.org//DTD Mapper 3.0//EN" "http://mybatis.org/dtd/mybatis-3-mapper.dtd">
<mapper namespace="com.hvgroup.modules.state.dao.CallSatisticsDao">

<sql id="pageSqlStart">
		<if test="pageInfo.pageNo != null and pageInfo.pageNo != ''">
			select * from
			(
			select temp_a.*, rownum rn from
			(
		</if>
	</sql>
	<!-- 分页SQL语句结尾语句 -->
	<sql id="pageSqlEnd">
		<if test="pageInfo.pageSize != null and pageInfo.pageSize != ''">
			) temp_a
			where rownum <![CDATA[<=]]>
			#{pageInfo.pageNo}*#{pageInfo.pageSize}
			)
			where rn >
			(#{pageInfo.pageNo}-1)*#{pageInfo.pageSize}
		</if>
	</sql>


<select id="findkey" resultType="com.hvgroup.modules.state.entity.CallSatistics">

	select t.app_key as appKey FROM API_EC_INFO t where 1=1
	<if test="ecCode != null and ecCode != ''">
	     and t.EC_CODE =#{ecCode}
     </if>
</select>
<select id="findAreaName" resultType="com.hvgroup.modules.state.entity.CallSatistics">
	select t.area_id as areaId,t.area_name as areaName from areas t 
	where t.area_type='CITY' and t.area_id not in 0
	<!-- 权限数据展示 -->
	<if test="userAreaCode != null and userAreaCode != ''">
	and t.area_id = <include refid="Common.findDataUserAreaId"/>
	</if>
	<if test="areaId != null and areaId != ''">
	and t.area_id=#{areaId}
	</if> 
</select>
<select id="findAreaNameALL" resultType="com.hvgroup.modules.state.entity.CallSatistics">
	select t.area_id as areaId,t.area_name as areaName from areas t 
	where t.area_type='CITY' and t.area_id not in 0
	
</select>
<select id="findApiName" resultType="com.hvgroup.modules.state.entity.CallSatistics">
	select distinct am.method as content,am.method_name as methodName from API_WO_DETAIL awd, API_WO_MASTER awm,API_METHOD_REL amr,API_METHOD_GROUP amg ,API_METHOD am
where awd.wo_code=awm.wo_code and awd.content=amr.method and amr.group_code=amg.group_code and awd.content=am.method

	<if test="ecCode != null and ecCode != ''">
	     and awm.EC_CODE =#{ecCode}
     </if>

</select>
<select id="findApiType" resultType="com.hvgroup.modules.state.entity.CallSatistics">
	select distinct amg.group_code as groupCode,amg.group_name as groupType from API_WO_DETAIL awd, API_WO_MASTER awm,API_METHOD_REL amr,API_METHOD_GROUP amg ,API_METHOD am
where awd.wo_code=awm.wo_code and awd.content=amr.method and amr.group_code=amg.group_code and awd.content=am.method

	<if test="ecCode != null and ecCode != ''">
	     and awm.EC_CODE =#{ecCode}
     </if>

</select>
<select id="findApiInterface" resultType="com.hvgroup.modules.state.entity.CallSatistics">
	select distinct awd.content as method
  from API_WO_DETAIL awd,
       API_WO_MASTER awm,
       API_METHOD_REL amr,
       API_METHOD_GROUP amg,
       API_METHOD       am
 where awd.wo_code = awm.wo_code
   and awd.content = amr.method
   and amr.group_code = amg.group_code
   and awd.content = am.method
	<if test="ecCode != null and ecCode != ''">
	     and awm.EC_CODE =#{ecCode}
     </if>

</select>

<select id="getGroupsPassMethod" resultType="com.hvgroup.modules.state.entity.CallSatistics">
			select ag.group_name as groupType,d.method_name as methodName,
      b.content as content,sl.ec_name as ecName,sl.ec_code as ecCode,ar.area_name as areaName ,
      to_char(c.coming_data,'yyyy-MM') as month
						FROM API_METHOD_REL a 
						RIGHT  JOIN API_WO_DETAIL 	b on b.content = a.method 
						RIGHT JOIN API_WO_MASTER c ON c.wo_code = b.wo_code
						JOIN API_METHOD d on d.method = a.method
						join API_METHOD_GROUP ag 
						ON a.group_code = ag.group_code
						,ENTERPRISE_CUSTOMER sl,areas ar 
						WHERE  sl.EC_CODE=c.ec_code
           				and ar.area_id=sl.area_id
						
       				 	
       				 	<if test="groupType != null and groupType != ''">
	      			 				and  b.opt_type = #{groupType}
       				 	</if>
       				 	 	<if test="groupCode != null and groupCode != ''">
	      			 			and  a.group_code = #{groupCode}
       				 	</if>
       				 	 <if test="method != null and method != ''">
	      			 			and  d.METHOD= #{method}
       				 	</if>
       				 	 
       				 	 <if test="areaId != null and areaId != ''">
	      			 			and  ar.area_id= #{areaId}
       				 	</if>
       				 	 <if test="ecName != null and ecName != ''">
						and (c.EC_CODE like '%'||#{ecCode}||'%')
						</if>
       				 	<!-- <if test="beginDate != null and beginDate != ''">
							and c.coming_data <![CDATA[ >= ]]> to_date(#{beginDate},'yyyy-MM')
						</if>
						<if test="endDate != null and endDate != ''">
						and  c.coming_data <![CDATA[ < ]]> to_date(#{endDate},'yyyy-MM')
			
						</if> -->
						order by c.coming_data
       				 	
		</select>
		
<select id="queryApninfo" resultType="com.hvgroup.modules.state.entity.CallSatistics">
	select t.app_key, e.ec_code, e.ec_name, a.area_id, a.area_name
  from API_EC_INFO t, enterprise_customer e, areas a
 where t.ec_code = e.ec_code
   and t.app_key is not null
   and e.area_id = a.area_id
	<!-- 权限数据展示 -->
	<if test="userAreaCode != null and userAreaCode != ''">
	and a.area_id = <include refid="Common.findDataUserAreaId"/>
	</if>
	<if test="areaId != null and areaId != ''">
	and a.area_id=#{areaId}
	</if>
	<if test="areaId2 != null and areaId2 != ''">
	and a.area_id=#{areaId2}
	</if>  

</select> 


<select id="queryApnKeyCount" resultType="int">
	select count(t.app_key)
  		from API_EC_INFO t, enterprise_customer e, areas a
 	where t.ec_code = e.ec_code
   		and t.app_key is not null
   		and e.area_id = a.area_id
		and a.area_name=#{areaName}
</select>


		<!-- 所有Api 方法 -->
	<select id="queryApiMethodAll" resultType="com.hvgroup.modules.state.entity.CallSatistics">
		select t.method as method from API_METHOD t
	</select> 
	
	<select id="queryApiMethodAllAndAreaCount" resultType="int">
		select count(1) from API_METHOD t 
		left join areas a on a.AREA_LEVEL = 2
		where 1=1
		<if test="areaId !=null and areaId !='' ">
			and a.area_id = #{areaId}
		</if>
	</select>
	
	<select id="queryApiMethodAllAndArea" resultType="com.hvgroup.modules.state.entity.CallprovinceAPI">
		<include refid="pageSqlStart" />
		select t.method method ,a.area_id areaId ,a.area_name areaName from API_METHOD t 
		left join areas a on a.AREA_LEVEL = 2
		where 1=1 
		<if test="areaId !=null and areaId !='' ">
			and a.area_id = #{areaId}
		</if>
		<include refid="pageSqlEnd" />
	</select>
	
	<!-- 分页查询集团信息 -->
	<select id="queryEcInfoByPage" resultType="com.hvgroup.modules.state.entity.CallcustomerAPN">
		<include refid="pageSqlStart" />
		select t.app_key appKey, e.ec_code ecCode, e.ec_name ecName, a.area_id areaId, a.area_name areaName
		from API_EC_INFO t, enterprise_customer e, areas a
		where t.ec_code = e.ec_code
		and t.app_key is not null
		and e.area_id = a.area_id
		<!-- 权限数据展示 -->
		<if test="userAreaCode != null and userAreaCode != ''">
			and a.area_id =
			<include refid="Common.findDataUserAreaId" />
		</if>
		<if test="areaId != null and areaId != ''">
			and a.area_id=#{areaId}
		</if>
		<if test="areaId2 != null and areaId2 != ''">
			and a.area_id=#{areaId2}
		</if>
		<include refid="pageSqlEnd" />
</select> 

	<select id="queryEcInfoByPageCount" resultType="int">
		select count(1)
		from API_EC_INFO t, enterprise_customer e, areas a
		where t.ec_code = e.ec_code
		and t.app_key is not null
		and e.area_id = a.area_id
		<!-- 权限数据展示 -->
		<if test="userAreaCode != null and userAreaCode != ''">
			and a.area_id =
			<include refid="Common.findDataUserAreaId" />
		</if>
		<if test="areaId != null and areaId != ''">
			and a.area_id=#{areaId}
		</if>
		<if test="areaId2 != null and areaId2 != ''">
			and a.area_id=#{areaId2}
		</if>
</select> 

	<!-- 分页查询集团和method关联信息 -->
	<select id="queryEcInfoAndMethodByPage" resultType="com.hvgroup.modules.state.entity.CallcustomerAPI">
		<include refid="pageSqlStart" />
		select t.app_key appKey, e.ec_code ecCode, e.ec_name ecName, a.area_id areaId, a.area_name areaName,m.method method
		from API_EC_INFO t, enterprise_customer e, areas a
		left join API_METHOD m on 1=1
		where t.ec_code = e.ec_code
		and t.app_key is not null
		and e.area_id = a.area_id
		<!-- 权限数据展示 -->
		<if test="userAreaCode != null and userAreaCode != ''">
			and a.area_id =
			<include refid="Common.findDataUserAreaId" />
		</if>
		<if test="areaId != null and areaId != ''">
			and a.area_id=#{areaId}
		</if>
		<include refid="pageSqlEnd" />
</select>


		<!-- 分页查询集团和method关联信息 只查询集团,不查询对应的接口 -->
	<select id="queryEcInfoAndMethodByPagenew" resultType="com.hvgroup.modules.state.entity.CallcustomerAPInew">
		<!--<include refid="pageSqlStart" />-->
			select distinct c.APPKEY appKey, e.ec_code ecCode,
		e.ec_name AS ecName , a.area_id areaId, a.area_name areaName,c.countc
		FROM emopenapisuccrate c JOIN API_EC_INFO t ON  c.APPKEY=t.APP_KEY
		LEFT JOIN enterprise_customer e ON t.ec_code = e.ec_code LEFT JOIN areas a ON  e.area_id = a.area_id
		WHERE 1=1
		and version='3.0'
		<if test="aecCode!=null and aecCode !=''">
			AND e.EC_CODE LIKE '%${aecCode}%'
		</if>
		<choose>  
			<when test="monthAndDay == '' or monthAndDay ==null or monthAndDay =='month'">  
			 	  AND c.COLLDATE LIKE '${date}%' 
			</when>  
			<otherwise>  
			     AND c.COLLDATE = #{date}
			</otherwise>  
		</choose>
		<!-- 权限数据展示 -->
		<if test="userAreaCode != null and userAreaCode != ''">
			and a.area_id =
			<include refid="Common.findDataUserAreaId" />
		</if>
		<if test="areaId != null and areaId != ''">
			and a.area_id=#{areaId}
		</if>
		order by countc desc
		<!--<include refid="pageSqlEnd" />-->
</select>


	<select id="queryEcInfoAndMethodByPageCount" resultType="int">
		select count(1)
		from API_EC_INFO t, enterprise_customer e, areas a
		left join API_METHOD m on 1=1
		where t.ec_code = e.ec_code
		and t.app_key is not null
		and e.area_id = a.area_id
		<!-- 权限数据展示 -->
		<if test="userAreaCode != null and userAreaCode != ''">
			and a.area_id =
			<include refid="Common.findDataUserAreaId" />
		</if>
		<if test="areaId != null and areaId != ''">
			and a.area_id=#{areaId}
		</if>
</select>


	<!-- 按月统计api调用接口次数 -->
	<select id="queryEcInfoAndMethodByPagemonth" resultType="com.hvgroup.modules.state.entity.CallcustomerAPICode">
		 SELECT METHOD, success,err,(success+err)as totalCount from(SELECT t.METHOD AS method,sum(t.success) AS success,sum(t.err) AS err FROM (
		SELECT COLLDATE,METHOD,NVL(sum(CASE CODE WHEN '0' THEN COUNTC END),0) AS success,nvl(sum(CASE CODE WHEN 'T' THEN COUNTC END),0) AS err FROM 
		(SELECT COLLDATE,METHOD,(CASE CODE WHEN '0' THEN '0' ELSE 'T' END) AS CODE,sum(COUNTC) AS COUNTC FROM emopenapisuccrate  WHERE  VERSION='3.0' AND COLLDATE LIKE '${month}%'
		AND APPKEY=#{appkey}  GROUP BY COLLDATE,METHOD,(CASE CODE WHEN '0' THEN '0' ELSE 'T' END)) GROUP BY COLLDATE,METHOD
		) t  GROUP BY t.METHOD )order by  totalCount desc
	</select>

	<!-- 按天统计api调用接口次数 -->
	<select id="queryEcInfoAndMethodByPagedate" resultType="com.hvgroup.modules.state.entity.CallcustomerAPICode">
		SELECT METHOD, success,err,(success+err)as totalCount from(SELECT COLLDATE AS colldate,METHOD AS method,NVL(sum(CASE CODE WHEN '0' THEN COUNTC END),0) AS success,nvl(sum(CASE CODE WHEN 'T' THEN COUNTC END),0) AS err FROM
		(SELECT COLLDATE,METHOD,(CASE CODE WHEN '0' THEN '0' ELSE 'T' END) AS CODE,sum(COUNTC) AS COUNTC FROM emopenapisuccrate  WHERE  VERSION='3.0' AND COLLDATE=#{month} 
		AND APPKEY=#{appkey}  GROUP BY COLLDATE,METHOD,(CASE CODE WHEN '0' THEN '0' ELSE 'T' END)) GROUP BY COLLDATE,METHOD )order by  totalCount desc
	</select>
	
		<!-- 按月统计api总调用接口次数 -->
	<select id="queryEcInfoAndMethodByPagemonthAll" resultType="com.hvgroup.modules.state.entity.CallcustomerAPICode">
			SELECT NVL(sum(CASE CODE WHEN '0' THEN COUNTC END),0) AS success,nvl(sum(CASE CODE WHEN 'T' THEN COUNTC END),0) AS err FROM 
		(SELECT COLLDATE,METHOD,(CASE CODE WHEN '0' THEN '0' ELSE 'T' END) AS CODE,sum(COUNTC) AS COUNTC FROM emopenapisuccrate  WHERE  VERSION='3.0' AND COLLDATE LIKE '${month}%'
		AND APPKEY=#{appkey}  GROUP BY COLLDATE,METHOD,(CASE CODE WHEN '0' THEN '0' ELSE 'T' END)) 
	</select>
		
			<!-- 按天统计api总调用接口次数 -->
	<select id="queryEcInfoAndMethodByPagedateAll" resultType="com.hvgroup.modules.state.entity.CallcustomerAPICode">
			SELECT NVL(sum(CASE CODE WHEN '0' THEN COUNTC END),0) AS success,nvl(sum(CASE CODE WHEN 'T' THEN COUNTC END),0) AS err FROM 
		(SELECT COLLDATE,METHOD,(CASE CODE WHEN '0' THEN '0' ELSE 'T' END) AS CODE,sum(COUNTC) AS COUNTC FROM emopenapisuccrate  WHERE  VERSION='3.0' AND COLLDATE=#{month} 
		AND APPKEY=#{appkey}  GROUP BY COLLDATE,METHOD,(CASE CODE WHEN '0' THEN '0' ELSE 'T' END)) 
	</select>	
		
		
		<!-- 分页查询集团信息 连表日志打点表-->
	<select id="queryEcInfoByPagenew" resultType="com.hvgroup.modules.state.entity.CallcustomerAPN">
		<include refid="pageSqlStart" />
		<!--	select distinct c.APPKEY appKey, e.ec_code ecCode,e.ec_name AS ecName ,
			a.area_id areaId, a.area_name areaName,c.countc,c.version
		FROM emopenapisuccrate c LEFT JOIN API_EC_INFO t ON  c.APPKEY=t.APP_KEY 
		LEFT JOIN enterprise_customer e ON t.ec_code = e.ec_code LEFT JOIN areas a ON  e.area_id = a.area_id
		WHERE 1=1 and c.version='3.0'
				<if test="aecCode!=null and aecCode !=''">
			AND e.EC_CODE LIKE '%${aecCode}%'
		</if>

		<choose>  
			<when test="monthAndDay == '' or monthAndDay ==null or monthAndDay =='month'">  
			 	  AND c.COLLDATE LIKE '${date}%' 
			</when>  
			<otherwise>  
			     AND c.COLLDATE = #{date}
			</otherwise>  
		</choose>
		&lt;!&ndash; 权限数据展示 &ndash;&gt;
		<if test="userAreaCode != null and userAreaCode != ''">
			and a.area_id =
			<include refid="Common.findDataUserAreaId" />
		</if>
		<if test="areaId != null and areaId != ''">
			and a.area_id=#{areaId}
		</if>
		<if test="areaId2 != null and areaId2 != ''">
			and a.area_id=#{areaId2}
		</if>
		order by c.version desc,c.countc desc-->

		select *from(select *
		from (select ROW_NUMBER() OVER(PARTITION BY t1.APPKEY,t1.version ORDER BY t1.countc DESC) kn,
		t1.*
		from (select max(c.APPKEY) AS appKey,
		max(e.ec_code) AS ecCode,
		max(e.ec_name) AS ecName,
		max(a.area_id) AS areaId,
		max(a.area_name) AS areaName,
		max(c.CODE) as CODE,
		max(c.version) AS version,
		sum(c.countc) AS countc
		FROM emopenapisuccrate c
	    JOIN API_EC_INFO t
		ON c.APPKEY = t.APP_KEY
		LEFT JOIN enterprise_customer e
		ON t.ec_code = e.ec_code
		LEFT JOIN areas a
		ON e.area_id = a.area_id
		WHERE 1 = 1
		and c.version='3.0'
		<if test="aecCode!=null and aecCode !=''">
			AND e.EC_CODE LIKE '%${aecCode}%'
		</if>

		<choose>
			<when test="monthAndDay == '' or monthAndDay ==null or monthAndDay =='month'">
				AND c.COLLDATE LIKE '${date}%'
			</when>
			<otherwise>
				AND c.COLLDATE = #{date}
			</otherwise>
		</choose>
		<!-- 权限数据展示 -->
		<if test="userAreaCode != null and userAreaCode != ''">
			and a.area_id =
			<include refid="Common.findDataUserAreaId" />
		</if>
		<if test="areaId != null and areaId != ''">
			and a.area_id=#{areaId}
		</if>
		<if test="areaId2 != null and areaId2 != ''">
			and a.area_id=#{areaId2}
		</if>

		group by c.APPKEY,c.version)
		t1)
		where kn = 1
		)
		order by version desc,countc desc
		<include refid="pageSqlEnd" />
</select> 	

	<select id="queryEcInfoByPageCountnew" resultType="int">
				SELECT count(DISTINCT c.APPKEY)  FROM emopenapisuccrate c  JOIN API_EC_INFO t ON  c.APPKEY=t.APP_KEY
		LEFT JOIN enterprise_customer e ON t.ec_code = e.ec_code LEFT JOIN areas a ON  e.area_id = a.area_id
		where 1=1
	      and c.version='3.0'
				<if test="aecCode!=null and aecCode !=''">
			AND e.EC_CODE LIKE '%${aecCode}%'
		</if>
		
		<choose>  
			<when test="monthAndDay == '' or monthAndDay ==null or monthAndDay =='month'">  
			 	  AND c.COLLDATE LIKE '${date}%' 
			</when>  
			<otherwise>  
			     AND c.COLLDATE = #{date}
			</otherwise>  
		</choose>
		<!-- 权限数据展示 -->
		<if test="userAreaCode != null and userAreaCode != ''">
			and a.area_id =
			<include refid="Common.findDataUserAreaId" />
		</if>
		<if test="areaId != null and areaId != ''">
			and a.area_id=#{areaId}
		</if>
		<if test="areaId2 != null and areaId2 != ''">
			and a.area_id=#{areaId2}
		</if>
</select> 

	<select id="queryEcInfoAndMethodByPageCountnew" resultType="int">
		SELECT count(DISTINCT c.APPKEY)  FROM emopenapisuccrate c JOIN API_EC_INFO t ON  c.APPKEY=t.APP_KEY
		LEFT JOIN enterprise_customer e ON t.ec_code = e.ec_code LEFT JOIN areas a ON  e.area_id = a.area_id
		where 1=1
		<if test="aecCode!=null and aecCode !=''">
			AND e.EC_CODE LIKE '%${aecCode}%'
		</if>
		<choose>  
			<when test="monthAndDay == '' or monthAndDay ==null or monthAndDay =='month'">  
			 	  AND c.COLLDATE LIKE '${date}%' 
			</when>  
			<otherwise>  
			     AND c.COLLDATE = #{date}
			</otherwise>  
		</choose>
		<!-- 权限数据展示 -->
		<if test="userAreaCode != null and userAreaCode != ''">
			and a.area_id =
			<include refid="Common.findDataUserAreaId" />
		</if>
		<if test="areaId != null and areaId != ''">
			and a.area_id=#{areaId}
		</if>
</select>


		<!-- 所有Api 方法 -->
	<select id="queryApiMethodAllnew" resultType="com.hvgroup.modules.state.entity.Method">
			SELECT METHOD method,METHOD_NAME methodName  FROM API_METHOD
	</select> 
		
		
</mapper>