<?xml version="1.0" encoding="UTF-8" ?>
<!DOCTYPE mapper PUBLIC "-//mybatis.org//DTD Mapper 3.0//EN" "http://mybatis.org/dtd/mybatis-3-mapper.dtd">
<mapper namespace="com.hvgroup.modules.state.dao.CallStaAnalysisDao">

<sql id="pageSqlStart">
		<if test="pageInfo.pageNo != null and pageInfo.pageNo != ''">
			select * from
			(
			select temp_a.*, rownum rn from
			(
		</if>
	</sql>
	<!-- 分页SQL语句结尾语句 -->
	<sql id="pageSqlEnd">
		<if test="pageInfo.pageSize != null and pageInfo.pageSize != ''">
			) temp_a
			where rownum <![CDATA[<=]]>
			#{pageInfo.pageNo}*#{pageInfo.pageSize}
			)
			where rn >
			(#{pageInfo.pageNo}-1)*#{pageInfo.pageSize}
		</if>
	</sql>
	
	
	<select id="findAreaNameALL" resultType="com.hvgroup.modules.state.entity.CallStaAnalysis">
		select t.area_id as areaId,t.area_code areaCode,t.area_name as areaName from areas t 
		where t.area_type='CITY' and t.area_id not in 0
	</select>
	
	<select id="findTradeALL" resultType="com.hvgroup.modules.state.entity.CallStaAnalysis">
		SELECT TRADE_ID AS tradeId,TRADE_NAME AS tradeName FROM TRADE
	</select>

	<!-- 查询所有集团信息-->
	<select id="queryAllEcInfo" resultType="com.hvgroup.modules.state.entity.CallStatistics">
		select c.APPKEY AS appKey,
		a.area_id as areaId,
	    a.area_code as areaCode,
	    a.area_name as areaName,
		e.ec_code AS ecCode,
		e.ec_name AS ecName,
		c.version AS version,
		nvl(tr.trade_id,73)AS tradeId,
		nvl(tr.trade_name,'其他行业') AS tradeName,
		sum(c.countc) AS countc
		FROM emopenapisuccrate c
	    JOIN API_EC_INFO t
		ON c.APPKEY = t.APP_KEY
		LEFT JOIN enterprise_customer e
		ON t.ec_code = e.ec_code
		LEFT JOIN trade tr
		ON e.trade_id = tr.trade_id
		LEFT JOIN areas a
		ON e.area_id = a.area_id
		WHERE 1 = 1
		and c.version='3.0'
		<if test="businessMethodMap != null">
			and c.method in
			<foreach collection="businessMethodMap" index="key" open="(" close=")" separator=",">
				'${key}'
			</foreach>
		</if>
		<if test="aecCode!=null and aecCode !=''">
			AND e.EC_CODE LIKE '%'||#{aecCode}||'%'
		</if>

		<choose>
			<when test="monthAndDay == '' or monthAndDay ==null or monthAndDay =='month'">
				AND c.COLLDATE LIKE '%'||#{date}||'%'
			</when>
			<otherwise>
				AND c.COLLDATE = #{date}
			</otherwise>
		</choose>
		<if test="tradeId != null and tradeId != '' and tradeId != 73">
			and tr.trade_id=#{tradeId}
		</if>
		<if test="tradeId != null and tradeId != '' and tradeId == 73">
			and (tr.trade_id=73 or tr.trade_id is null)
		</if>
		<!-- 权限数据展示 -->
		<if test="userAreaCode != null and userAreaCode != ''">
			and a.area_id =
			<include refid="Common.findDataUserAreaId" />
		</if>
		<if test="areaId != null and areaId != ''">
			and a.area_id=#{areaId}
		</if>
		<if test="areaId2 != null and areaId2 != ''">
			and a.area_id=#{areaId2}
		</if>
		group by c.APPKEY,c.version,e.ec_code,e.ec_name,a.area_id,a.area_code,a.area_name,tr.trade_id,tr.trade_name
		order by countc desc
	</select> 	

		<!-- 分页查询集团信息 连表日志打点表-->
	<select id="queryEcInfoByPagenew" resultType="com.hvgroup.modules.state.entity.CallStatistics">
		<include refid="pageSqlStart" />
		select c.APPKEY AS appKey,
		a.area_id as areaId,
	    a.area_code as areaCode,
	    a.area_name as areaName,
		e.ec_code AS ecCode,
		e.ec_name AS ecName,
		c.version AS version,
		sum(c.countc) AS countc
		FROM emopenapisuccrate c
	    JOIN API_EC_INFO t
		ON c.APPKEY = t.APP_KEY
		LEFT JOIN enterprise_customer e
		ON t.ec_code = e.ec_code
		LEFT JOIN areas a
		ON e.area_id = a.area_id
		WHERE 1 = 1
		and c.version='3.0'
		<if test="businessMethodMap != null">
			and c.method in
			<foreach collection="businessMethodMap" index="key" open="(" close=")" separator=",">
				'${key}'
			</foreach>
		</if>
		<if test="aecCode!=null and aecCode !=''">
			AND e.EC_CODE LIKE '%'||#{aecCode}||'%'
		</if>
		<if test="aecName!=null and aecName !=''">
			AND e.EC_NAME = #{aecName}
		</if>
		<choose>
			<when test="monthAndDay == '' or monthAndDay ==null or monthAndDay =='month'">
				AND c.COLLDATE LIKE '%'||#{date}||'%'
			</when>
			<otherwise>
				AND c.COLLDATE = #{date}
			</otherwise>
		</choose>
		<!-- 权限数据展示 -->
		<if test="userAreaCode != null and userAreaCode != ''">
			and a.area_id =
			<include refid="Common.findDataUserAreaId" />
		</if>
		<if test="areaId != null and areaId != ''">
			and a.area_id=#{areaId}
		</if>
		group by c.APPKEY,c.version,e.ec_code,e.ec_name,a.area_id,a.area_code,a.area_name
		order by countc desc
		<include refid="pageSqlEnd" />
	</select> 	

	<select id="queryEcInfoByPageCountnew" resultType="int">
		select count(distinct e.ec_code)
		FROM emopenapisuccrate c
	    JOIN API_EC_INFO t
		ON c.APPKEY = t.APP_KEY
		LEFT JOIN enterprise_customer e
		ON t.ec_code = e.ec_code
		LEFT JOIN areas a
		ON e.area_id = a.area_id
		WHERE 1 = 1
		and c.version='3.0'
		<if test="businessMethodMap != null">
			and c.method in
			<foreach collection="businessMethodMap" index="key" open="(" close=")" separator=",">
				'${key}'
			</foreach>
		</if>
		<if test="aecCode!=null and aecCode !=''">
			AND e.EC_CODE LIKE '%'||#{aecCode}||'%'
		</if>
		<if test="aecName!=null and aecName !=''">
			AND e.EC_NAME = #{aecName}
		</if>
		<choose>  
			<when test="monthAndDay == '' or monthAndDay ==null or monthAndDay =='month'">  
			 	  AND c.COLLDATE LIKE '%'||#{date}||'%'
			</when>  
			<otherwise>  
			     AND c.COLLDATE = #{date}
			</otherwise>  
		</choose>
		<!-- 权限数据展示 -->
		<if test="userAreaCode != null and userAreaCode != ''">
			and a.area_id =
			<include refid="Common.findDataUserAreaId" />
		</if>
		<if test="areaId != null and areaId != ''">
			and a.area_id=#{areaId}
		</if>
	</select> 

	<select id="queryCustomerApi390Count" resultType="java.lang.Long">
		 select count(1) from (
			 select c.colldate,c.msisdn,c.method,c.ip,c.start_time,c.end_time,c.rdata from emopenapierrorinfo c
	                   JOIN API_EC_INFO t
	                     ON c.APPKEY = t.APP_KEY
	                   LEFT JOIN enterprise_customer e
	                     ON t.ec_code = e.ec_code
	                  WHERE 1=1
	                    and c.version = '3.0'
	                    and c.code like '390%' 
					<if test="collDate != null and collDate != ''">
						and c.colldate like #{collDate}||'%'
					</if>
					<if test="msisdn != null and msisdn != ''">
						and c.msisdn = #{msisdn}
					</if>					   
					<if test="ecCode != null and ecCode != ''">
						and e.ec_Code = #{ecCode}
					</if> 
					<if test="areaId != null and areaId != ''">
						and e.area_id = #{areaId}
					</if>										  
					<if test="method != null and method != ''">
						and c.method = #{method}
					</if> 						              
	 				<if test="startTime != null and startTime != ''">
						and c.start_time <![CDATA[ >= ]]> to_date(#{startTime},'yyyy-mm-dd hh24:mi:ss')
					</if>  
					<if test="endTime != null and endTime != ''">
						and c.end_time <![CDATA[ <= ]]>  to_date(#{endTime},'yyyy-mm-dd hh24:mi:ss')
					</if> 
				)	        
	</select> 

	<select id="queryCustomerApi390ByPage" resultType="com.hvgroup.modules.state.entity.CallStatisticsMsisdnDetail">
			<include refid="pageSqlStart" />
			 	select c.colldate,c.msisdn,c.method,c.ip,c.start_time,c.end_time,c.rdata from emopenapierrorinfo c
	                   JOIN API_EC_INFO t
	                     ON c.APPKEY = t.APP_KEY
	                   LEFT JOIN enterprise_customer e
	                     ON t.ec_code = e.ec_code
	                  WHERE 1=1
	                    and c.version = '3.0'
	                    and c.code like '390%' 
					<if test="collDate != null and collDate != ''">
						and c.colldate like #{collDate}||'%'
					</if> 
					<if test="msisdn != null and msisdn != ''">
						and c.msisdn = #{msisdn}
					</if>					
					<if test="ecCode != null and ecCode != ''">
						and e.ec_Code = #{ecCode}
					</if> 	
					<if test="areaId != null and areaId != ''">
						and e.area_id = #{areaId}
					</if>										 
					<if test="method != null and method != ''">
						and c.method = #{method}
					</if> 							                 
	 				<if test="startTime != null and startTime != ''">
						and c.start_time <![CDATA[ >= ]]>to_date(#{startTime},'yyyy-mm-dd hh24:mi:ss')
					</if>  
					<if test="endTime != null and endTime != ''">
						and c.end_time <![CDATA[ <= ]]> to_date(#{endTime},'yyyy-mm-dd hh24:mi:ss')
					</if> 
					order by c.start_time desc
			<include refid="pageSqlEnd" />
				
	</select> 

	<select id="customerApi390BExport" resultType="com.hvgroup.modules.state.entity.CallStatisticsMsisdnDetail">
		 	select c.colldate,c.msisdn,c.method,c.ip,c.start_time,c.end_time,c.rdata from emopenapierrorinfo c
                   JOIN API_EC_INFO t
                     ON c.APPKEY = t.APP_KEY
                   LEFT JOIN enterprise_customer e
                     ON t.ec_code = e.ec_code
                  WHERE 1=1
                    and c.version = '3.0'
                    and c.code like '390%' 
				<if test="collDate != null and collDate != ''">
					and c.colldate like #{collDate}||'%'
				</if>
				<if test="msisdn != null and msisdn != ''">
					and c.msisdn = #{msisdn}
				</if>				
				<if test="ecCode != null and ecCode != ''">
					and e.ec_Code = #{ecCode}
				</if> 
				<if test="areaId != null and areaId != ''">
					and e.area_id = #{areaId}
				</if>									   
				<if test="method != null and method != ''">
					and c.method = #{method}
				</if> 					                
 				<if test="startTime != null and startTime != ''">
					and c.start_time <![CDATA[ >= ]]>to_date(#{startTime},'yyyy-mm-dd hh24:mi:ss')
				</if>  
				<if test="endTime != null and endTime != ''">
					and c.end_time <![CDATA[ <= ]]> to_date(#{endTime},'yyyy-mm-dd hh24:mi:ss')
				</if> 
				order by c.start_time desc
	</select> 	 


	<select id="queryCustomerApi99Count" resultType="java.lang.Long">
		 select count(1) from (
			 select c.colldate,c.msisdn,c.method,c.ip,c.start_time,c.end_time,c.rdata from emopenapierrorinfo c
	                   JOIN API_EC_INFO t
	                     ON c.APPKEY = t.APP_KEY
	                   LEFT JOIN enterprise_customer e
	                     ON t.ec_code = e.ec_code
	                  WHERE 1=1
	                    and c.version = '3.0'
	                    and c.code  = '99' 
					<if test="collDate != null and collDate != ''">
						and c.colldate like #{collDate}||'%'
					</if>
					<if test="msisdn != null and msisdn != ''">
						and c.msisdn = #{msisdn}
					</if>					
					<if test="ecCode != null and ecCode != ''">
						and e.ec_Code = #{ecCode}
					</if> 
					<if test="areaId != null and areaId != ''">
						and e.area_id = #{areaId}
					</if>										
					<if test="method != null and method != ''">
						and c.method = #{method}
					</if> 						                   
	 				<if test="startTime != null and startTime != ''">
						and c.start_time <![CDATA[ >= ]]> to_date(#{startTime},'yyyy-mm-dd hh24:mi:ss')
					</if>  
					<if test="endTime != null and endTime != ''">
						and c.end_time <![CDATA[ <= ]]> to_date(#{endTime},'yyyy-mm-dd hh24:mi:ss')
					</if> 
				)	        
	</select> 

	<select id="queryCustomerApi99ByPage" resultType="com.hvgroup.modules.state.entity.CallStatisticsMsisdnDetail">
			<include refid="pageSqlStart" />
			 	select c.colldate,c.msisdn,c.method,c.ip,c.start_time,c.end_time,c.rdata from emopenapierrorinfo c
	                   JOIN API_EC_INFO t
	                     ON c.APPKEY = t.APP_KEY
	                   LEFT JOIN enterprise_customer e
	                     ON t.ec_code = e.ec_code
	                  WHERE 1=1
	                    and c.version = '3.0'
	                    and c.code = '99' 
					<if test="collDate != null and collDate != ''">
						and c.colldate like #{collDate}||'%'
					</if>
					<if test="msisdn != null and msisdn != ''">
						and c.msisdn = #{msisdn}
					</if>					
					<if test="ecCode != null and ecCode != ''">
						and e.ec_Code = #{ecCode}
					</if>
					<if test="areaId != null and areaId != ''">
						and e.area_id = #{areaId}
					</if>					 					
					<if test="method != null and method != ''">
						and c.method = #{method}
					</if> 					                   
	 				<if test="startTime != null and startTime != ''">
						and c.start_time <![CDATA[ >= ]]> to_date(#{startTime},'yyyy-mm-dd hh24:mi:ss')
					</if>  
					<if test="endTime != null and endTime != ''">
						and c.end_time <![CDATA[ <= ]]> to_date(#{endTime},'yyyy-mm-dd hh24:mi:ss')
					</if> 
					order by c.start_time desc
			<include refid="pageSqlEnd" />
				
	</select> 

	<select id="customerApi99BExport" resultType="com.hvgroup.modules.state.entity.CallStatisticsMsisdnDetail">
		 	select c.colldate,c.msisdn,c.method,c.ip,c.start_time,c.end_time,c.rdata from emopenapierrorinfo c
                   JOIN API_EC_INFO t
                     ON c.APPKEY = t.APP_KEY
                   LEFT JOIN enterprise_customer e
                     ON t.ec_code = e.ec_code
                  WHERE 1=1
                    and c.version = '3.0'
                    and c.code = '99' 
				<if test="collDate != null and collDate != ''">
					and c.colldate like #{collDate}||'%'
				</if>
				<if test="msisdn != null and msisdn != ''">
					and c.msisdn = #{msisdn}
				</if>
				<if test="ecCode != null and ecCode != ''">
					and e.ec_Code = #{ecCode}
				</if>
				<if test="areaId != null and areaId != ''">
					and e.area_id = #{areaId}
				</if>				 				          
				<if test="method != null and method != ''">
					and c.method = #{method}
				</if> 				
 				<if test="startTime != null and startTime != ''">
					and c.start_time <![CDATA[ >= ]]> to_date(#{startTime},'yyyy-mm-dd hh24:mi:ss')
				</if>  
				<if test="endTime != null and endTime != ''">
					and c.end_time <![CDATA[ <= ]]> to_date(#{endTime},'yyyy-mm-dd hh24:mi:ss')
				</if> 
				order by c.start_time desc
	</select> 	 




		<!-- 按月统计api总调用接口次数 -->
	<select id="queryEcInfoAndMethodByPagemonthAll" resultType="com.hvgroup.modules.state.entity.CallcustomerAPICode">
			SELECT NVL(sum(CASE CODE WHEN 'S' THEN COUNTC END),0) AS success,nvl(sum(CASE CODE WHEN '99' THEN COUNTC END),0) AS err FROM 
		(SELECT COLLDATE,METHOD,(CASE CODE WHEN '99' THEN '99' ELSE 'S' END) AS CODE,sum(COUNTC) AS COUNTC FROM emopenapisuccrate  WHERE  VERSION='3.0' 
		<if test="null != month || month != ''">
			AND COLLDATE LIKE '${month}%'
		</if>
		<if test="businessMethodMap != null">
			and method in
			<foreach collection="businessMethodMap" index="key" open="(" close=")" separator=",">
				'${key}'
			</foreach>
		</if>
		AND APPKEY=#{appkey}  GROUP BY COLLDATE,METHOD,(CASE CODE WHEN '99' THEN '99' ELSE 'S' END)) 
	</select>
		
			<!-- 按天统计api总调用接口次数 -->
	<select id="queryEcInfoAndMethodByPagedateAll" resultType="com.hvgroup.modules.state.entity.CallcustomerAPICode">
			SELECT NVL(sum(CASE CODE WHEN 'S' THEN COUNTC END),0) AS success,nvl(sum(CASE CODE WHEN '99' THEN COUNTC END),0) AS err FROM  
		(SELECT COLLDATE,METHOD,(CASE CODE WHEN '99' THEN '99' ELSE 'S' END) AS CODE,sum(COUNTC) AS COUNTC FROM emopenapisuccrate  WHERE  VERSION='3.0' 
		<if test="null != month || month != ''">
			AND COLLDATE=#{month} 
		</if>
		<if test="businessMethodMap != null">
			and method in
			<foreach collection="businessMethodMap" index="key" open="(" close=")" separator=",">
				'${key}'
			</foreach>
		</if>
		AND APPKEY=#{appkey}  GROUP BY COLLDATE,METHOD,(CASE CODE WHEN '99' THEN '99' ELSE 'S' END)) 
	</select>	

			<!-- 分页查询地市接口总统计信息-->
	<select id="queryAreaInfoByPage" resultType="com.hvgroup.modules.state.entity.CallStatistics">
		<!-- <include refid="pageSqlStart" /> -->
		select
		a.area_id AS areaId,
    	a.area_code as areaCode,
	  	a.area_name AS areaName,
		sum(c.countc) AS countc
		FROM emopenapisuccrate c
   		JOIN API_EC_INFO t
		ON c.APPKEY = t.APP_KEY
		LEFT JOIN enterprise_customer e
		ON t.ec_code = e.ec_code
		LEFT JOIN areas a
		ON e.area_id = a.area_id
		WHERE 1 = 1
		and c.version='3.0'
		<if test="businessMethodMap != null">
			and c.method in
			<foreach collection="businessMethodMap" index="key" open="(" close=")" separator=",">
				'${key}'
			</foreach>
		</if>
		<if test="aecCode!=null and aecCode !=''">
			AND e.EC_CODE LIKE '%'||#{aecCode}||'%'
		</if>

		<choose>
			<when test="monthAndDay == '' or monthAndDay ==null or monthAndDay =='month'">
				AND c.COLLDATE LIKE '%'||#{date}||'%'
			</when>
			<otherwise>
				AND c.COLLDATE = #{date}
			</otherwise>
		</choose>
		<!-- 权限数据展示 -->
		<if test="userAreaCode != null and userAreaCode != ''">
			and a.area_id =
			<include refid="Common.findDataUserAreaId" />
		</if>
		<if test="areaId != null and areaId != ''">
			and a.area_id=#{areaId}
		</if>
		group by a.area_name,a.area_id,a.area_code
		order by countc desc
		<!-- <include refid="pageSqlEnd" /> -->
	</select> 	

	<select id="queryAreaInfoByPageCount" resultType="int">
		select count(1) from 
		(select 1
		FROM emopenapisuccrate c
   		JOIN API_EC_INFO t
		ON c.APPKEY = t.APP_KEY
		LEFT JOIN enterprise_customer e
		ON t.ec_code = e.ec_code
		LEFT JOIN areas a
		ON e.area_id = a.area_id
		WHERE 1 = 1
		and c.version='3.0'
		<if test="businessMethodMap != null">
			and c.method in
			<foreach collection="businessMethodMap" index="key" open="(" close=")" separator=",">
				'${key}'
			</foreach>
		</if>
				<if test="aecCode!=null and aecCode !=''">
			AND e.EC_CODE LIKE '%'||#{aecCode}||'%'
		</if>
		
		<choose>  
			<when test="monthAndDay == '' or monthAndDay ==null or monthAndDay =='month'">  
			 	  AND c.COLLDATE LIKE '%'||#{date}||'%' 
			</when>  
			<otherwise>  
			     AND c.COLLDATE = #{date}
			</otherwise>  
		</choose>
		<!-- 权限数据展示 -->
		<if test="userAreaCode != null and userAreaCode != ''">
			and a.area_id =
			<include refid="Common.findDataUserAreaId" />
		</if>
		<if test="areaId != null and areaId != ''">
			and a.area_id=#{areaId}
		</if>
		group by a.area_name,a.area_id,a.area_code)
	</select> 
	
	<!-- 分页查询行业接口总统计信息-->
	<select id="queryTradeInfoByPage" resultType="com.hvgroup.modules.state.entity.CallStatistics">
		<include refid="pageSqlStart" />
		select
		nvl(tr.trade_id,73)AS tradeId,
		nvl(tr.trade_name,'其他行业') AS tradeName,
		sum(c.countc) AS countc
		FROM emopenapisuccrate c
		  JOIN API_EC_INFO t
		ON c.APPKEY = t.APP_KEY
		LEFT JOIN enterprise_customer e
		ON t.ec_code = e.ec_code
		LEFT JOIN trade tr
		ON e.trade_id = tr.trade_id
		LEFT JOIN areas a
		ON e.area_id=a.area_id
		WHERE 1 = 1
		and c.version='3.0'
		<if test="businessMethodMap != null">
			and c.method in
			<foreach collection="businessMethodMap" index="key" open="(" close=")" separator=",">
				'${key}'
			</foreach>
		</if>
		<if test="aecCode!=null and aecCode !=''">
			AND e.EC_CODE LIKE '%'||#{aecCode}||'%'
		</if>
		<if test="tradeId != null and tradeId != '' and tradeId != 73">
			and tr.trade_id=#{tradeId}
		</if>
		<if test="tradeId != null and tradeId != '' and tradeId == 73">
			and (tr.trade_id=73 or tr.trade_id is null)
		</if>
		<choose>
			<when test="monthAndDay == '' or monthAndDay ==null or monthAndDay =='month'">
				AND c.COLLDATE LIKE '%'||#{date}||'%'
			</when>
			<otherwise>
				AND c.COLLDATE = #{date}
			</otherwise>
		</choose>
		<!-- 权限数据展示 -->
		<if test="userAreaCode != null and userAreaCode != ''">
			and a.area_id =
			<include refid="Common.findDataUserAreaId" />
		</if>
		<if test="areaId != null and areaId != ''">
			and a.area_id=#{areaId}
		</if>
		group by tr.trade_id,tr.trade_name
		order by countc desc
		<include refid="pageSqlEnd" />
	</select>


	<select id="queryTradeInfoByPageCount" resultType="int">
		select count(1) from 
		(select 1
		FROM emopenapisuccrate c
		  JOIN API_EC_INFO t
		ON c.APPKEY = t.APP_KEY
		LEFT JOIN enterprise_customer e
		ON t.ec_code = e.ec_code
		LEFT JOIN trade tr
		ON e.trade_id = tr.trade_id
		LEFT JOIN areas a
		ON e.area_id=a.area_id
		WHERE 1 = 1
		and c.version='3.0'
		<if test="businessMethodMap != null">
			and c.method in
			<foreach collection="businessMethodMap" index="key" open="(" close=")" separator=",">
				'${key}'
			</foreach>
		</if>
				<if test="aecCode!=null and aecCode !=''">
			AND e.EC_CODE LIKE '%'||#{aecCode}||'%'
		</if>
		<if test="tradeId != null and tradeId != '' and tradeId != 73">
			and tr.trade_id=#{tradeId}
		</if>
		<if test="tradeId != null and tradeId != '' and tradeId == 73">
			and (tr.trade_id=73 or tr.trade_id is null)
		</if>
		
		<choose>  
			<when test="monthAndDay == '' or monthAndDay ==null or monthAndDay =='month'">  
			 	  AND c.COLLDATE LIKE '%'||#{date}||'%' 
			</when>  
			<otherwise>  
			     AND c.COLLDATE = #{date}
			</otherwise>  
		</choose>
		<!-- 权限数据展示 -->
		<if test="userAreaCode != null and userAreaCode != ''">
			and a.area_id =
			<include refid="Common.findDataUserAreaId" />
		</if>
		<if test="areaId != null and areaId != ''">
			and a.area_id=#{areaId}
		</if>
		group by tr.trade_id,tr.trade_name)
	</select> 


		<!-- 所有Api 方法 -->
	<select id="queryApiMethodAllnew" resultType="com.hvgroup.modules.state.entity.Method">
			SELECT METHOD method,METHOD_NAME methodName  FROM API_METHOD
	</select> 

	<select id="queryEcInfoAndMethodByPageCountnew" resultType="int">
		select count(DISTINCT c.APPKEY)
		FROM emopenapisuccrate c
	    JOIN API_EC_INFO t
		ON c.APPKEY = t.APP_KEY
		LEFT JOIN enterprise_customer e
		ON t.ec_code = e.ec_code
		LEFT JOIN areas a
		ON e.area_id = a.area_id
		WHERE 1 = 1
		and c.version='3.0'
		<if test="businessMethodMap != null">
			and c.method in
			<foreach collection="businessMethodMap" index="key" open="(" close=")" separator=",">
				'${key}'
			</foreach>
		</if>
		<if test="aecCode!=null and aecCode !=''">
			AND e.EC_CODE LIKE '%'||#{aecCode}||'%'
		</if>
		<if test="aecName!=null and aecName !=''">
			AND e.EC_NAME = #{aecName}
		</if>
		<choose>  
			<when test="monthAndDay == '' or monthAndDay ==null or monthAndDay =='month'">  
			 	  AND c.COLLDATE LIKE '%'||#{date}||'%' 
			</when>  
			<otherwise>  
			     AND c.COLLDATE = #{date}
			</otherwise>  
		</choose>
		<!-- 权限数据展示 -->
		<if test="userAreaCode != null and userAreaCode != ''">
			and a.area_id =
			<include refid="Common.findDataUserAreaId" />
		</if>
		<if test="areaId != null and areaId != ''">
			and a.area_id=#{areaId}
		</if>
	</select>

		<!-- 查询集团和method关联信息 只查询集团,不查询对应的接口 -->
	<select id="queryEcInfoAndMethodByPagenew" resultType="com.hvgroup.modules.state.entity.CallcustomerAPInew">
		<!--<include refid="pageSqlStart" />-->
			select distinct c.APPKEY appKey, e.ec_code ecCode,
		e.ec_name AS ecName , a.area_id areaId, a.area_name areaName,
		nvl(tr.trade_id,73)AS tradeId,nvl(tr.trade_name,'其他行业') AS tradeName,c.countc
		FROM emopenapisuccrate c JOIN API_EC_INFO t ON  c.APPKEY=t.APP_KEY
		LEFT JOIN enterprise_customer e ON t.ec_code = e.ec_code 
		LEFT JOIN trade tr ON e.trade_id = tr.trade_id LEFT JOIN areas a ON  e.area_id = a.area_id
		WHERE 1=1
		and version='3.0'
		<if test="businessMethodMap != null">
			and c.method in
			<foreach collection="businessMethodMap" index="key" open="(" close=")" separator=",">
				'${key}'
			</foreach>
		</if>
		<if test="aecCode!=null and aecCode !=''">
			AND e.EC_CODE LIKE '%'||#{aecCode}||'%'
		</if>
		<if test="aecName!=null and aecName !=''">
			AND e.EC_NAME = #{aecName}
		</if>
		<if test="tradeId != null and tradeId != '' and tradeId != 73">
			and tr.trade_id=#{tradeId}
		</if>
		<if test="tradeId != null and tradeId != '' and tradeId == 73">
			and (tr.trade_id=73 or tr.trade_id is null)
		</if>
		<choose>  
			<when test="monthAndDay == '' or monthAndDay ==null or monthAndDay =='month'">  
			 	  AND c.COLLDATE LIKE '%'||#{date}||'%' 
			</when>  
			<otherwise>  
			     AND c.COLLDATE = #{date}
			</otherwise>  
		</choose>
		<!-- 权限数据展示 -->
		<if test="userAreaCode != null and userAreaCode != ''">
			and a.area_id =
			<include refid="Common.findDataUserAreaId" />
		</if>
		<if test="areaId != null and areaId != ''">
			and a.area_id=#{areaId}
		</if>
		order by countc desc
		<!--<include refid="pageSqlEnd" />-->
</select>

	<!-- 按月统计api调用接口次数 -->
	<select id="queryEcInfoAndMethodByPagemonth" resultType="com.hvgroup.modules.state.entity.CallcustomerAPICode">
		 SELECT METHOD, paramSucc,bossFail,paramFail,err,other,(paramSucc+bossFail+paramFail) as success,(paramSucc+bossFail+paramFail+err+other) as totalCount from
		 (SELECT t.METHOD AS method
		 ,sum(t.paramSucc) AS paramSucc
		 ,sum(t.bossFail) AS bossFail 
		 ,sum(t.paramFail) AS paramFail
		 ,sum(t.err) AS err 
		 ,sum(t.other) AS other
		 FROM (
		SELECT COLLDATE,METHOD
		,nvl(sum(CASE CODE WHEN '0' THEN COUNTC END),0) AS paramSucc
		,nvl(sum(CASE CODE WHEN 'B' THEN COUNTC END),0) AS bossFail
		,nvl(sum(CASE CODE WHEN 'P' THEN COUNTC END),0) AS paramFail
		,nvl(sum(CASE CODE WHEN '99' THEN COUNTC END),0) AS err
		,nvl(sum(CASE CODE WHEN 'T' THEN COUNTC END),0) AS other
		FROM 
		(SELECT COLLDATE,METHOD,
		(CASE 
		WHEN CODE='0' THEN '0' 
		WHEN CODE='99' THEN '99' 
		WHEN CODE IN 
		<foreach open="(" close=")" separator="," collection="bossFailList" item="bf">
			${bf}
		</foreach>
		THEN 'B'
		WHEN CODE IN 
		<foreach open="(" close=")" separator="," collection="paramFailList" item="pf">
			${pf}
		</foreach>
		THEN 'P'
		ELSE 'T' END) 
		AS CODE,sum(COUNTC) AS COUNTC FROM emopenapisuccrate  WHERE  VERSION='3.0' AND COLLDATE LIKE '${month}%'
		<if test="businessMethodMap != null">
			and method in
			<foreach collection="businessMethodMap" index="key" open="(" close=")" separator=",">
				'${key}'
			</foreach>
		</if>
		AND APPKEY=#{appkey}  GROUP BY COLLDATE,METHOD,
		(CASE 
		WHEN CODE='0' THEN '0' 
		WHEN CODE='99' THEN '99' 
		WHEN CODE IN 
		<foreach open="(" close=")" separator="," collection="bossFailList" item="bf">
			${bf}
		</foreach>
		THEN 'B'
		WHEN CODE IN 
		<foreach open="(" close=")" separator="," collection="paramFailList" item="pf">
			${pf}
		</foreach>
		THEN 'P'
		ELSE 'T' END)) GROUP BY COLLDATE,METHOD
		) t  GROUP BY t.METHOD ) order by  totalCount desc
	</select>

	<!-- 按天统计api调用接口次数 -->
	<select id="queryEcInfoAndMethodByPagedate" resultType="com.hvgroup.modules.state.entity.CallcustomerAPICode">
		SELECT METHOD, paramSucc,bossFail,paramFail,err,other,(paramSucc+bossFail+paramFail) as success,(paramSucc+bossFail+paramFail+err+other) as totalCount from
		(SELECT COLLDATE AS colldate,METHOD AS method
		,nvl(sum(CASE CODE WHEN '0' THEN COUNTC END),0) AS paramSucc
		,nvl(sum(CASE CODE WHEN 'B' THEN COUNTC END),0) AS bossFail
		,nvl(sum(CASE CODE WHEN 'P' THEN COUNTC END),0) AS paramFail
		,nvl(sum(CASE CODE WHEN '99' THEN COUNTC END),0) AS err
		,nvl(sum(CASE CODE WHEN 'T' THEN COUNTC END),0) AS other
		FROM
		(SELECT COLLDATE,METHOD,
		(CASE 
		WHEN CODE='0' THEN '0' 
		WHEN CODE='99' THEN '99' 
		WHEN CODE IN 
		<foreach open="(" close=")" separator="," collection="bossFailList" item="bf">
			${bf}
		</foreach>
		THEN 'B'
		WHEN CODE IN 
		<foreach open="(" close=")" separator="," collection="paramFailList" item="pf">
			${pf}
		</foreach>
		THEN 'P'
		ELSE 'T' END) AS CODE,sum(COUNTC) AS COUNTC FROM emopenapisuccrate  WHERE  VERSION='3.0' AND COLLDATE=#{month} 
		<if test="businessMethodMap != null">
			and method in
			<foreach collection="businessMethodMap" index="key" open="(" close=")" separator=",">
				'${key}'
			</foreach>
		</if>
		AND APPKEY=#{appkey}  GROUP BY COLLDATE,METHOD,(CASE 
		WHEN CODE='0' THEN '0' 
		WHEN CODE='99' THEN '99' 
		WHEN CODE IN 
		<foreach open="(" close=")" separator="," collection="bossFailList" item="bf">
			${bf}
		</foreach>
		THEN 'B'
		WHEN CODE IN 
		<foreach open="(" close=")" separator="," collection="paramFailList" item="pf">
			${pf}
		</foreach>
		THEN 'P'
		ELSE 'T' END)) GROUP BY COLLDATE,METHOD ) order by  totalCount desc
	</select>

		<!-- 分页查询API地市接口总统计信息-->
	<select id="queryApiAreaInfoByPage" resultType="com.hvgroup.modules.state.entity.CallStatisticsDetail">
		<include refid="pageSqlStart" />
		select
		a.area_id AS areaId,
    	a.area_code as areaCode,
	  	a.area_name AS areaName,
	  	c.method AS method,
		sum(c.countc) AS countc
		FROM emopenapisuccrate c
   		JOIN API_EC_INFO t
		ON c.APPKEY = t.APP_KEY
		LEFT JOIN enterprise_customer e
		ON t.ec_code = e.ec_code
		LEFT JOIN areas a
		ON e.area_id = a.area_id
		WHERE 1 = 1
		and c.version='3.0'
		<if test="businessMethodMap != null">
			and c.method in
			<foreach collection="businessMethodMap" index="key" open="(" close=")" separator=",">
				'${key}'
			</foreach>
		</if>
		<if test="aecCode!=null and aecCode !=''">
			AND e.EC_CODE LIKE '%'||#{aecCode}||'%'
		</if>

		<choose>
			<when test="monthAndDay == '' or monthAndDay ==null or monthAndDay =='month'">
				AND c.COLLDATE LIKE '%'||#{date}||'%'
			</when>
			<otherwise>
				AND c.COLLDATE = #{date}
			</otherwise>
		</choose>
		<!-- 权限数据展示 -->
		<if test="userAreaCode != null and userAreaCode != ''">
			and a.area_id =
			<include refid="Common.findDataUserAreaId" />
		</if>
		<if test="areaId != null and areaId != ''">
			and a.area_id=#{areaId}
		</if>
		group by a.area_name,a.area_id,a.area_code,c.method
		order by a.area_id,countc desc
		<include refid="pageSqlEnd" />
	</select> 	

	<select id="queryApiAreaInfoByPageCount" resultType="int">
		select count(1) from 
		(select 1
		FROM emopenapisuccrate c
   		JOIN API_EC_INFO t
		ON c.APPKEY = t.APP_KEY
		LEFT JOIN enterprise_customer e
		ON t.ec_code = e.ec_code
		LEFT JOIN areas a
		ON e.area_id = a.area_id
		WHERE 1 = 1
		and c.version='3.0'
		<if test="businessMethodMap != null">
			and c.method in
			<foreach collection="businessMethodMap" index="key" open="(" close=")" separator=",">
				'${key}'
			</foreach>
		</if>
				<if test="aecCode!=null and aecCode !=''">
			AND e.EC_CODE LIKE '%'||#{aecCode}||'%'
		</if>
		
		<choose>  
			<when test="monthAndDay == '' or monthAndDay ==null or monthAndDay =='month'">  
			 	  AND c.COLLDATE LIKE '%'||#{date}||'%' 
			</when>  
			<otherwise>  
			     AND c.COLLDATE = #{date}
			</otherwise>  
		</choose>
		<!-- 权限数据展示 -->
		<if test="userAreaCode != null and userAreaCode != ''">
			and a.area_id =
			<include refid="Common.findDataUserAreaId" />
		</if>
		<if test="areaId != null and areaId != ''">
			and a.area_id=#{areaId}
		</if>
		group by a.area_name,a.area_id,a.area_code,c.method)
	</select>
	
	<!-- 分页查询API行业接口总统计信息-->
	<select id="queryApiTradeInfoByPage" resultType="com.hvgroup.modules.state.entity.CallStatisticsDetail">
		<include refid="pageSqlStart" />
		select
		nvl(tr.trade_id,73) AS tradeId,
		nvl(tr.trade_name,'其他行业') AS tradeName,
	  	c.method AS method,
		sum(c.countc) AS countc
		FROM emopenapisuccrate c
   		JOIN API_EC_INFO t
		ON c.APPKEY = t.APP_KEY
		LEFT JOIN enterprise_customer e
		ON t.ec_code = e.ec_code
		LEFT JOIN trade tr
		ON e.trade_id = tr.trade_id
		LEFT JOIN areas a
		ON e.area_id = a.area_id
		WHERE 1 = 1
		and c.version='3.0'
		<if test="businessMethodMap != null">
			and c.method in
			<foreach collection="businessMethodMap" index="key" open="(" close=")" separator=",">
				'${key}'
			</foreach>
		</if>
		<if test="aecCode!=null and aecCode !=''">
			AND e.EC_CODE LIKE '%'||#{aecCode}||'%'
		</if>
		<if test="tradeId != null and tradeId != '' and tradeId != 73">
			and tr.trade_id=#{tradeId}
		</if>
		<if test="tradeId != null and tradeId != '' and tradeId == 73">
			and (tr.trade_id=73 or tr.trade_id is null)
		</if>
	
		<choose>
			<when test="monthAndDay == '' or monthAndDay ==null or monthAndDay =='month'">
				AND c.COLLDATE LIKE '%'||#{date}||'%'
			</when>
			<otherwise>
				AND c.COLLDATE = #{date}
			</otherwise>
		</choose>
		<!-- 权限数据展示 -->
		<if test="userAreaCode != null and userAreaCode != ''">
			and a.area_id =
			<include refid="Common.findDataUserAreaId" />
		</if>
		<if test="areaId != null and areaId != ''">
			and a.area_id=#{areaId}
		</if>
		group by tr.trade_id,tr.trade_name,c.method
		order by tr.trade_id,countc desc
		<include refid="pageSqlEnd" />
	</select> 	

	<select id="queryApiTradeInfoByPageCount" resultType="int">
		select count(1) from 
		(select 1
		FROM emopenapisuccrate c
   		JOIN API_EC_INFO t
		ON c.APPKEY = t.APP_KEY
		LEFT JOIN enterprise_customer e
		ON t.ec_code = e.ec_code
		LEFT JOIN trade tr
		ON e.trade_id = tr.trade_id
		LEFT JOIN areas a
		ON e.area_id = a.area_id
		WHERE 1 = 1
		and c.version='3.0'
		<if test="businessMethodMap != null">
			and c.method in
			<foreach collection="businessMethodMap" index="key" open="(" close=")" separator=",">
				'${key}'
			</foreach>
		</if>
				<if test="aecCode!=null and aecCode !=''">
			AND e.EC_CODE LIKE '%'||#{aecCode}||'%'
		</if>
		<if test="tradeId != null and tradeId != '' and tradeId != 73">
			and tr.trade_id=#{tradeId}
		</if>
		<if test="tradeId != null and tradeId != '' and tradeId == 73">
			and (tr.trade_id=73 or tr.trade_id is null)
		</if>
		
		<choose>  
			<when test="monthAndDay == '' or monthAndDay ==null or monthAndDay =='month'">  
			 	  AND c.COLLDATE LIKE '%'||#{date}||'%' 
			</when>  
			<otherwise>  
			     AND c.COLLDATE = #{date}
			</otherwise>  
		</choose>
		<!-- 权限数据展示 -->
		<if test="userAreaCode != null and userAreaCode != ''">
			and a.area_id =
			<include refid="Common.findDataUserAreaId" />
		</if>
		<if test="areaId != null and areaId != ''">
			and a.area_id=#{areaId}
		</if>
		group by tr.trade_id,tr.trade_name,c.method)
	</select>

</mapper>