<?xml version="1.0" encoding="UTF-8" ?>
<!DOCTYPE mapper PUBLIC "-//mybatis.org//DTD Mapper 3.0//EN" "http://mybatis.org/dtd/mybatis-3-mapper.dtd">
<mapper namespace="com.hvgroup.modules.state.dao.ChildrenInsureDao">

 	<sql id="pageSqlStart">
        <if test="pageInfo.pageNo != null and pageInfo.pageNo != ''">
        
        select * from
            (
             select a.*, rownum rn from 
                (
        </if>
    </sql>
    <!-- 分页SQL语句结尾语句 -->
    <sql id="pageSqlEnd">
        <if test="pageInfo.pageSize != null and pageInfo.pageSize !=''">
                ) a
             where rownum <![CDATA[<=]]> #{pageInfo.pageNo}*#{pageInfo.pageSize}
            )
        where rn > (#{pageInfo.pageNo}-1)*#{pageInfo.pageSize}
        </if>
    </sql>	
 

	<select id="findSummary" resultType="ChildrenInsure">
 		select (select count(1) from PER_CONSUMER_USER_INFO) orderNum, 
	 		(select count(1) from M2M_INSURE_INFO  partition(p_${part})  m where m.insure_state='ENABLED') effectiveNum, 
	 		(select count(1) from M2M_INSURE_INFO  partition(p_${part})  m where m.insure_state='DISABLED') invalidNum
 		  from dual
	</select>
 
 	<select id="queryPage" resultType="ChildrenInsure">
	     <if test="export == null or export == ''">
			<include refid="pageSqlStart"/>
		</if> 	 
		   select m.stat_month,
		          m.msisdn,
		          m.area_code,
		          a.area_name,
		          iot_aes_crypt(ec.ec_name,2) ec_name,
		          m.ec_code,
		          m.product_code,
		          pu.package_code,
		          m.insure_state,
		          to_char(m.eff_date,'yyyy-mm-dd hh24:mi:ss') eff_date,
		          to_char(m.failure_date,'yyyy-mm-dd hh24:mi:ss') failure_date 
		    from 
		    M2M_INSURE_INFO  partition(p_${part})  m,per_consumer_user_info pu, enterprise_customer ec,areas a 
		    where  m.msisdn=pu.msisdn
		    	and m.ec_code=ec.ec_code 
		    	and m.area_code = a.area_code
			<if test="areaId != null and areaId != ''">
				and a.area_id = #{areaId}
			</if>			    	
			<if test="statMonth != null and statMonth != ''">
				and m.stat_month = #{statMonth}
			</if>
			<if test="ecCode != null and ecCode != ''">
				and m.ec_code like '%'||#{ecCode}||'%'
			</if>						    	
			<if test="msisdn != null and msisdn != ''">
				and m.msisdn like '%'||#{msisdn}||'%'
			</if>	
			<if test="packageCode != null and packageCode != ''">
				and pu.package_code like '%'||#{packageCode}||'%'
			</if>				    	
			<if test="insureState != null and insureState != ''">
				and m.insure_state = #{insureState}
			</if>
		<if test="export == null or export == ''">
			<include refid="pageSqlEnd"/>
		</if>		    
     
 	</select>
 	<select id="queryPageCount" resultType="java.lang.Long">
		   select	count(1) from 
		    M2M_INSURE_INFO  partition(p_${part})  m,per_consumer_user_info pu, enterprise_customer ec,areas a 
		    where  m.msisdn=pu.msisdn
		    	and m.ec_code=ec.ec_code 
		    	and m.area_code = a.area_code
			<if test="areaId != null and areaId != ''">
				and a.area_id = #{areaId}
			</if>			    	
			<if test="statMonth != null and statMonth != ''">
				and m.stat_month = #{statMonth}
			</if>
			<if test="ecCode != null and ecCode != ''">
				and m.ec_code like '%'||#{ecCode}||'%'
			</if>						    	
			<if test="msisdn != null and msisdn != ''">
				and m.msisdn like '%'||#{msisdn}||'%'
			</if>	
			<if test="packageCode != null and packageCode != ''">
				and pu.package_code like '%'||#{packageCode}||'%'
			</if>				    	
			<if test="insureState != null and insureState != ''">
				and m.insure_state = #{insureState}
			</if>
		
	</select>
	
	
	<sql id="logCommon">
		<if test="topic != null and topic != ''">
			and TOPIC = #{topic}
		</if>	
		<if test="transid != null and transid != ''">
			and TRANSID = #{transid}
		</if>
		<if test="msisdn != null and msisdn != ''">
			and MSISDN = #{msisdn}
		</if>
		<if test="areaId != null and areaId != ''">
			and AREA = #{areaId}
		</if>
		<if test="productCode != null and productCode != ''">
			and PRODUCT_CODE = #{productCode}
		</if>
		<if test="lifeCycle != null and lifeCycle != ''">
			<if test="lifeCycle == 'SILENT' ">
				and run_code = 'US41'
			</if>
			<if test="lifeCycle == 'NORMAL' ">
				and run_code = 'US10'
			</if>
			<if test="lifeCycle == 'STOP' ">
				and run_code = 'US30'
			</if>
			<if test="lifeCycle == 'PRECLOSE' ">
				and run_code = 'US22'
			</if>
			<if test="lifeCycle == 'CANCEL' ">
				 run_code in ('US20','US23','US24') 
			</if>
			<if test="lifeCycle == 'STOCK' ">
				and run_code = 'US42'
			</if>
			<if test="lifeCycle == 'OTHERS' ">
				and run_code not in ('US41','US10','US30','US22','US42','US20','US23','US24') 
			</if>
		</if>
		<if test="startDate != null and startDate != ''">
			<if test="topic == 'perConsumeServStatus' ">
				and to_char(UPDATE_DATE,'yyyy-MM-dd HH24:mi:ss') >= #{startDate}
			</if>	
			<if test="topic == 'perConsumeServOrder' ">
				and to_char(ORDER_DATE,'yyyy-MM-dd HH24:mi:ss') >= #{startDate}
			</if>	
		</if>
		<if test="endDate != null and endDate != ''">
			<if test="topic == 'perConsumeServStatus' ">
				and to_char(UPDATE_DATE,'yyyy-MM-dd HH24:mi:ss') <![CDATA[<=]]> #{endDate}
			</if>	
			<if test="topic == 'perConsumeServOrder' ">
				and to_char(ORDER_DATE,'yyyy-MM-dd HH24:mi:ss') <![CDATA[<=]]> #{endDate}
			</if>			
		</if>
	</sql>
	
	<select id="findLogList" resultType="com.hvgroup.modules.state.entity.InsureLog">
		select t.*,(select area_name from areas where area_code = t.AREA and state = 'ENABLED') as areaId from (
		<include refid="pageSqlStart"/>
		SELECT ID,LOCATION,EC_CODE,TRANSID,TOPIC,MSISDN,STATUS,
				to_char(CREATE_DATE,'yyyy-MM-dd HH24:mi:ss') as createDate,
				to_char(UPDATE_DATE,'yyyy-MM-dd HH24:mi:ss') as updateDate,
				to_char(ORDER_DATE,'yyyy-MM-dd HH24:mi:ss') as orderDate,
				to_char(EFFECT_TIME,'yyyy-MM-dd HH24:mi:ss') as effectTime,
				to_char(EXPIRE_TIME,'yyyy-MM-dd HH24:mi:ss') as expireTime,
				AREA,PRODUCT_CODE,PACKAGE_CODE,PACKAGE_NAME,
				case when PACKAGE_STATUS = 'ENABLED' then '生效'  else '失效'  end as packageStatus,
				case when run_code = 'US41' then '沉默期' when run_code = 'US42' then '库存期'
				when run_code = 'US30' then '停机' when run_code = 'US22' then '预约销户'
				when run_code in ('US20','US23','US24') then '销户' when run_code = 'US10' then '正使用'
				else '其他' end as lifeCycle
		FROM MTP_ORDER_PUSH_LOG 
		WHERE  1=1 
		<include refid="logCommon"/>
		order by TRANSID desc
		<include refid="pageSqlEnd"/>
		)t 
	</select>
	
	<select id="findLogCount" resultType="java.lang.Long">
		select count(1) from MTP_ORDER_PUSH_LOG where 1=1
		<include refid="logCommon"/>
	</select>
	
	<select id="findLogExport" resultType="hashMap">
		<if test="topic == 'perConsumeServOrder' ">
			select t.*,a.area_name as AREAID from (
		</if>	
		SELECT ID,LOCATION,EC_CODE,TRANSID,TOPIC,MSISDN,STATUS,
				to_char(CREATE_DATE,'yyyy-MM-dd HH24:mi:ss') as CREATE_DATE,
				to_char(UPDATE_DATE,'yyyy-MM-dd HH24:mi:ss') as UPDATE_DATE,
				to_char(ORDER_DATE,'yyyy-MM-dd HH24:mi:ss') as ORDER_DATE,
				to_char(EFFECT_TIME,'yyyy-MM-dd HH24:mi:ss') as EFFECT_TIME,
				to_char(EXPIRE_TIME,'yyyy-MM-dd HH24:mi:ss') as EXPIRE_TIME,
				AREA,PRODUCT_CODE,PACKAGE_CODE,PACKAGE_NAME,
				case when PACKAGE_STATUS = 'ENABLED' then '生效'  else '失效'  end as PACKAGE_STATUS,
				case when run_code = 'US41' then '沉默期' when run_code = 'US42' then '库存期'
				when run_code = 'US30' then '停机' when run_code = 'US22' then '预约销户'
				when run_code in ('US20','US23','US24') then '销户' when run_code = 'US10' then '正使用'
				else '其他' end as lifeCycle
		FROM MTP_ORDER_PUSH_LOG 
		WHERE  1=1 
		<include refid="logCommon"/>
		order by TRANSID desc
		<if test="topic == 'perConsumeServOrder' ">
			)t left join areas a on a.area_code = t.AREA where a.state = 'ENABLED'
		</if>
		
	</select>
		
		
</mapper>