<?xml version="1.0" encoding="UTF-8" ?>
<!DOCTYPE mapper PUBLIC "-//mybatis.org//DTD Mapper 3.0//EN" "http://mybatis.org/dtd/mybatis-3-mapper.dtd">
<mapper namespace="com.hvgroup.modules.state.dao.MemberDao">

	<sql id="commonColumns">
		EC.EC_NAME as ecName,
				EC.EC_CODE as ecCode,
				EC.ENTERPRISE_LEVEL as ecLevel,
				a.area_id as areaId,
				a.AREA_NAME as areaName,
				EC.CREATE_DATE as createDate,
				NVL(rems.TOTAL_SIM_COUNT,0) as totalCount,
				NVL(rems.test_sim_count,0) as testCount,
				NVL(rems.silent_sim_count,0) as silentCount,
				NVL(rems.normal_sim_count,0) as normalCount,
				NVL(rems.stop_sim_count,0) as stopCount,
				NVL(rems.pcancel_sim_count,0) as cancelCount
	</sql>
	
	<sql id="where">
		<if test="ecName != null and ecName != ''">
			and (EC.EC_CODE like '%'||#{ecName}||'%' or EC.EC_NAME like '%'||#{ecName}||'%')
		</if>
		<if test="ecLevel != null and ecLevel != ''">
			and EC.ENTERPRISE_LEVEL like '%'||#{ecLevel}||'%'
		</if>
	<!-- 	<if test="applicationType != null and applicationType != ''">
			and a.application_Type = #{applicationType}
		</if> -->
		<if test="areaId != null and areaId != ''">
			and a.area_id = #{areaId}
		</if>
		<if test="beginDate != null and beginDate != ''">
			AND to_date(to_char(EC.CREATE_DATE,'yyyy-MM-dd'),'yyyy-MM-dd') <![CDATA[ >= ]]>
			to_date(#{beginDate},'yyyy-MM-dd')
		</if>
		<if test="endDate != null and endDate != ''">
			AND to_date(to_char(EC.CREATE_DATE,'yyyy-MM-dd'),'yyyy-MM-dd') <![CDATA[ <= ]]>
			to_date(#{endDate},'yyyy-MM-dd')
		</if>
		<if test="minCount != null and minCount != ''">
			and rems.TOTAL_SIM_COUNT <![CDATA[ >= ]]> #{minCount}
		</if>
		<if test="maxCount != null and maxCount != ''">
			and rems.TOTAL_SIM_COUNT <![CDATA[ <= ]]> #{maxCount}
		</if>
	</sql>
	
<!-- 	<select id="findList" resultType="Member">
		SELECT 
			<include refid="commonColumns"></include>
				from ENTERPRISE_CUSTOMER ec 
				LEFT JOIN AREAS a on EC.AREA_ID = a.AREA_ID 
				<choose>
					<when test="beginDate != null and beginDate != '' or endDate != null and endDate != ''">
					LEFT JOIN RPT_EC_MEM_STAT_DD rems on EC.ec_code = rems.ec_code
					</when>
					<otherwise>
						LEFT JOIN (select r.* from (
				select max(d.stat_date) sd,d.ec_code from RPT_EC_MEM_STAT_DD d GROUP BY d.ec_code) rp
				left join RPT_EC_MEM_STAT_DD r on rp.ec_code=r.ec_code and rp.sd = r.stat_date) rems on EC.ec_code = rems.ec_code
					</otherwise>
				</choose>
		where 1=1  
			<include refid="where"></include>
		order by rems.stat_date desc
	</select> -->
	
<!-- 	<select id="findList" resultType="Member">
		select a.AREA_ID as areaId,a.area_name as areaName,REMS.STAT_DATE as statMonth,COUNT(a.AREA_ID) as customCount,
			SUM(NVL(REMS.TOTAL_SIM_COUNT,0)) as totalCount,
			SUM(NVL(REMS.NORMAL_SIM_COUNT,0)) as normalCount,SUM(NVL(REMS.PCANCEL_SIM_COUNT,0)) as cancelCount,
			SUM(NVL(REMS.STOP_SIM_COUNT,0)) as stopCount,SUM(NVL(REMS.TEST_SIM_COUNT,0)) as testCount,SUM(NVL(REMS.SILENT_SIM_COUNT,0)) as silentCount
			from ENTERPRISE_CUSTOMER ec 
			inner JOIN RPT_EC_MEM_STAT_MM rems on EC.EC_CODE = REMS.EC_CODE
			LEFT JOIN AREAS a on ec.area_id = a.area_id
			where 1=1
		<if test="areaId != null and areaId != ''">
			and a.area_id = #{areaId}
		</if>
		<if test="beginDate != null and beginDate != ''">
			AND to_date(REMS.STAT_DATE,'yyyy-MM') <![CDATA[ >= ]]>
			to_date(#{beginDate},'yyyy-MM')
		</if>
		<if test="endDate != null and endDate != ''">
			AND to_date(REMS.STAT_DATE,'yyyy-MM') <![CDATA[ <= ]]>
			to_date(#{endDate},'yyyy-MM')
		</if>
			GROUP BY a.AREA_ID,a.area_name,REMS.STAT_DATE
			order by REMS.STAT_DATE desc,a.area_id
	</select> -->
	
	<select id="findList" resultType="Member">
		SELECT
			areaId,
			areaName,
			statMonth,
			SUM (customCount) as customCount,
			SUM (totalCount) as totalCount,
			SUM (normalCount) as normalCount,
			SUM (cancelCount) as cancelCount,
			SUM (stopCount) as stopCount,
			SUM (testCount) as testCount,
			SUM (silentCount) as silentCount
		FROM(
			SELECT
				A .AREA_ID AS areaId,
				A .area_name AS areaName,
				REMS.STAT_DATE AS statMonth,
				COUNT(A .AREA_ID) AS customCount,
				SUM(NVL (REMS.TOTAL_SIM_COUNT, 0)) AS totalCount,
				SUM(NVL (REMS.NORMAL_SIM_COUNT, 0)) AS normalCount,
				SUM(NVL (REMS.PCANCEL_SIM_COUNT, 0)) AS cancelCount,
				SUM(NVL(REMS.STOP_SIM_COUNT, 0)) AS stopCount,
				SUM(NVL(REMS.TEST_SIM_COUNT, 0)) AS testCount,
				SUM(NVL (REMS.SILENT_SIM_COUNT, 0)) AS silentCount
			FROM ENTERPRISE_CUSTOMER ec
			INNER JOIN RPT_EC_MEM_STAT_MM rems ON EC.EC_CODE = REMS.EC_CODE
			LEFT JOIN AREAS A ON ec.area_id = A .area_id
			GROUP BY A .AREA_ID,A .area_name,REMS.STAT_DATE
			UNION
			SELECT
				b.area_id AS areaId,
				b.area_name AS areaName,
				REMS.STAT_DATE AS statMonth,
				COUNT(A.AREA_ID) AS customCount,
				SUM(NVL(REMS.TOTAL_SIM_COUNT, 0)) AS totalCount,
				SUM(NVL(REMS.NORMAL_SIM_COUNT, 0)) AS normalCount,
				SUM(NVL (REMS.PCANCEL_SIM_COUNT, 0)) AS cancelCount,
				SUM(NVL(REMS.STOP_SIM_COUNT, 0)) AS stopCount,
				SUM(NVL(REMS.TEST_SIM_COUNT, 0)) AS testCount,
				SUM(NVL(REMS.SILENT_SIM_COUNT, 0)) AS silentCount
			FROM ENTERPRISE_CUSTOMER ec
			INNER JOIN RPT_EC_MEM_STAT_MM rems ON EC.EC_CODE = REMS.EC_CODE
			LEFT JOIN AREAS A ON ec.area_id = A .area_id
			LEFT JOIN AREAS b ON A .parent_area_id = b.area_id AND b.area_id <![CDATA[ <> ]]> 0
			GROUP BY b.AREA_ID,b.area_name,REMS.STAT_DATE
			)
		WHERE 1=1 and areaId <![CDATA[ <> ]]> 0
		<if test="areaId != null and areaId != ''">
			and areaId = #{areaId}
		</if>
		<if test="beginDate != null and beginDate != ''">
			AND to_date(statMonth,'yyyy-MM') <![CDATA[ >= ]]>
			to_date(#{beginDate},'yyyy-MM')
		</if>
		<if test="endDate != null and endDate != ''">
			AND to_date(statMonth,'yyyy-MM') <![CDATA[ <= ]]>
			to_date(#{endDate},'yyyy-MM')
		</if>
		GROUP BY
			areaId,
			areaName,
			statMonth
		ORDER BY
			statMonth DESC,
			areaId
	</select>
	
	<select id="findAllList" resultType="Member">
		SELECT 
			<include refid="commonColumns"></include>
				from ENTERPRISE_CUSTOMER ec 
				LEFT JOIN AREAS a on EC.AREA_ID = a.AREA_ID 
				<choose>
					<when test="beginDate != null and beginDate != '' or endDate != null and endDate != ''">
					LEFT JOIN RPT_EC_MEM_STAT_DD rems on EC.ec_code = rems.ec_code
					</when>
					<otherwise>
						LEFT JOIN (select r.* from (
				select max(d.stat_date) sd,d.ec_code from RPT_EC_MEM_STAT_DD d GROUP BY d.ec_code) rp
				left join RPT_EC_MEM_STAT_DD r on rp.ec_code=r.ec_code and rp.sd = r.stat_date) rems on EC.ec_code = rems.ec_code
					</otherwise>
				</choose>
		where 1=1  
			<include refid="where"></include>
		order by rems.stat_date desc
	</select>
	
	<select id="findAllMsisdn1" resultType="Map">
		select msisdn from flux_pool_mem_msisdn_temp
	</select>
	
	<delete id="deleteMsisdn1">
		delete from flux_pool_mem_msisdn_temp where msisdn = #{msisdn}
	</delete>
</mapper>