<?xml version="1.0" encoding="UTF-8" ?>
<!DOCTYPE mapper PUBLIC "-//mybatis.org//DTD Mapper 3.0//EN" "http://mybatis.org/dtd/mybatis-3-mapper.dtd">
<mapper namespace="com.hvgroup.modules.state.dao.MemberCustomerDao">
	
	<sql id="pageSqlStart">
        <if test="pageInfo.pageNo != null and pageInfo.pageNo != ''">
        
        select * from
            (
             select a.*, rownum rn from 
                (
        </if>
    </sql>
    <!-- 分页SQL语句结尾语句 -->
    <sql id="pageSqlEnd">
        <if test="pageInfo.pageSize != null and pageInfo.pageSize !=''">
                ) a
             where rownum <![CDATA[<=]]> #{pageInfo.pageNo}*#{pageInfo.pageSize}
            )
        where rn > (#{pageInfo.pageNo}-1)*#{pageInfo.pageSize}
        </if>
    </sql>	
	
	<select id="findMaxTotalCount" resultType="java.lang.Integer">
		select NVL(sum(dd.all_count),0) from rep_bus_cus_dd<if test='dbConnectionMode =="1" '>@IOTLINK_ST</if> dd 
		<if test="enableList != null and enableList != '' ">
		inner join CITY_USER_EC ce
    		on ce.ec_code = dd.ec_code
    	</if>
		where dd.start_day = (select max(dd.start_day) from rep_bus_cus_dd<if test='dbConnectionMode =="1" '>@IOTLINK_ST</if> dd)
		<if test="enableList != null and enableList != '' ">
			and ce.login_name = #{loginName}
		</if>
		<if test="areaId == 1">
			and dd.area_id > 1
		</if>
		<if test="areaId !=1 and areaId !=null">
			and dd.area_id = #{areaId}
		</if>
	</select>
	
	<select id="findTotalCountCmiot" resultType="java.lang.Integer">
		select NVL(sum(dd.all_count),0) from rep_bus_cus_dd<if test='dbConnectionMode =="1" '>@IOTLINK_ST</if>
		dd left join Sa_region_code sc on sc.region_id = dd.area_id 
		 where dd.start_day = (select max(dd.start_day) from rep_bus_cus_dd<if test='dbConnectionMode =="1" '>@IOTLINK_ST</if> dd)
		<if test="areaId == 1">
			and dd.area_id > 1
		</if>
		<if test="areaCode !='GD' and areaCode !=null">
			and sc.area_code = #{areaCode}
		</if>
	</select>
	
	<!-- 客户发展集团省市月报表 -->
	<select id="queryCustomerMonth" resultType="MemberCustomer">
	<if test="export == null or export == ''">
		<include refid="pageSqlStart"/>
	</if>
	  select 
		   start_month statDate,
	       area_id areaId,
	       area_name areaName,
	       ec_code ecCode,
	       ec_name ecName,
	       test_count testCount,
	       silent_count silentCount,
	       stock_count stockCOUNT,
	       normal_count normalCount,
	       stop_count stopCount,
	       preclose_count precloseCount,
	       cancel_count cancelCount,
	       pn_count pnCount,
	       hyk_count hykCount
	  from rep_bus_customer_mm<if test='dbConnectionMode =="1" '>@IOTLINK_ST</if> 
	  where 1=1
	    <!-- 非系统管理员数据展示 -->
        <if test="userAreaCode != null and userAreaCode != ''">
         	and area_id = <include refid="Common.findDataUserAreaId"/>
        </if>
	  	<if test="areaId != null and areaId != ''">
			and area_id = #{areaId}
		</if>
		  <if test="ecCode != null and ecCode != ''">
              and ec_code like '%'||#{ecCode}||'%'
          </if>
            <if test="ecName != null and ecName != ''">
              and ec_name like '%'||#{ecName}||'%'
          </if>
		<if test="beginDate != null and beginDate != ''">
			AND to_date(start_month,'yyyyMM') <![CDATA[ >= ]]>
			to_date(#{beginDate},'yyyyMM')
		</if>
		<if test="endDate != null and endDate != ''">
			AND to_date(start_month,'yyyyMM') <![CDATA[ <= ]]>
			to_date(#{endDate},'yyyyMM')
		</if>
			ORDER BY start_month DESC, area_id
	<if test="export == null or export == ''">
		<include refid="pageSqlEnd"/>
	</if>			
	</select>
	
	<select id="queryCustomerMonthCount" resultType="java.lang.Long">
	 select count(1) 
	  from rep_bus_customer_mm<if test='dbConnectionMode =="1" '>@IOTLINK_ST</if>
	  where 1=1
	  	<!-- 非系统管理员数据展示 -->
         <if test="userAreaCode != null and userAreaCode != ''">
         	and area_id = <include refid="Common.findDataUserAreaId"/>
         </if>
		<if test="areaId != null and areaId != ''">
			and area_id = #{areaId}
		</if>
		  <if test="ecCode != null and ecCode != ''">
              and ec_code like '%'||#{ecCode}||'%'
          </if>
            <if test="ecName != null and ecName != ''">
              and ec_name like '%'||#{ecName}||'%'
          </if>		
		<if test="beginDate != null and beginDate != ''">
			AND to_date(start_month,'yyyyMM') <![CDATA[ >= ]]>
			to_date(#{beginDate},'yyyyMM')
		</if>
		<if test="endDate != null and endDate != ''">
			AND to_date(start_month,'yyyyMM') <![CDATA[ <= ]]>
			to_date(#{endDate},'yyyyMM')
		</if>
	</select>
	

	<!-- 客户发展集团省市月报表 -->
	<select id="queryCustomerDay" resultType="MemberCustomer">
	<if test="export == null or export == ''">
		<include refid="pageSqlStart"/>
	</if>
		select
		   start_day statDate,
	       area_id areaId,
	       area_name areaName,
	       ec_code ecCode,
	       ec_name ecName,
	       test_count testCount,
	       silent_count silentCount,
	       stock_count stockCOUNT,
	       normal_count normalCount,
	       stop_count stopCount,
	       preclose_count precloseCount,
	       cancel_count cancelCount,
	       pn_count pnCount,
	       hyk_count hykCount
	  from rep_bus_customer_dd<if test='dbConnectionMode =="1" '>@IOTLINK_ST</if> 
	  where 1=1
	  <!-- 非系统管理员数据展示 -->
         <if test="userAreaCode != null and userAreaCode != ''">
         	and area_id = <include refid="Common.findDataUserAreaId"/>
         </if>
	  	<if test="areaId != null and areaId != ''">'
			and area_id = #{areaId}
		</if>
		  <if test="ecCode != null and ecCode != ''">
              and ec_code like '%'||#{ecCode}||'%'
          </if>
            <if test="ecName != null and ecName != ''">
              and ec_name like '%'||#{ecName}||'%'
          </if>		
		<if test="beginDate != null and beginDate != ''">
			AND to_date(start_day,'yyyyMMdd') <![CDATA[ >= ]]>
			to_date(#{beginDate},'yyyyMMdd')
		</if>
		<if test="endDate != null and endDate != ''">
			AND to_date(start_day,'yyyyMMdd') <![CDATA[ <= ]]>
			to_date(#{endDate},'yyyyMMdd')
		</if>
			ORDER BY start_day DESC, area_id
	<if test="export == null or export == ''">
		<include refid="pageSqlEnd"/>
	</if>			
	</select>
	
	<select id="queryCustomerDayCount" resultType="java.lang.Long">
	 select count(1) 
	  from rep_bus_customer_dd<if test='dbConnectionMode =="1" '>@IOTLINK_ST</if>
	  where 1=1
	  <!-- 非系统管理员数据展示 -->
         <if test="userAreaCode != null and userAreaCode != ''">
         	and area_id = <include refid="Common.findDataUserAreaId"/>
         </if>
		<if test="areaId != null and areaId != ''">
			and area_id = #{areaId}
		</if>
		  <if test="ecCode != null and ecCode != ''">
              and ec_code like '%'||#{ecCode}||'%'
          </if>
            <if test="ecName != null and ecName != ''">
              and ec_name like '%'||#{ecName}||'%'
          </if>		
		<if test="beginDate != null and beginDate != ''">
			AND to_date(start_day,'yyyyMMdd') <![CDATA[ >= ]]>
			to_date(#{beginDate},'yyyyMMdd')
		</if>
		<if test="endDate != null and endDate != ''">
			AND to_date(start_day,'yyyyMMdd') <![CDATA[ <= ]]>
			to_date(#{endDate},'yyyyMMdd')
		</if>
	</select>	
</mapper>