<?xml version="1.0" encoding="UTF-8" ?>
<!DOCTYPE mapper PUBLIC "-//mybatis.org//DTD Mapper 3.0//EN" "http://mybatis.org/dtd/mybatis-3-mapper.dtd">
<mapper namespace="com.hvgroup.modules.state.dao.OrderStatDao">

	<sql id="pageSqlStart">
        <if test="pageInfo.pageNo != null and pageInfo.pageNo != ''">
        
        select * from
            (
             select a.*, rownum rn from 
                (
        </if>
    </sql>
    <!-- 分页SQL语句结尾语句 -->
    <sql id="pageSqlEnd">
        <if test="pageInfo.pageSize != null and pageInfo.pageSize !=''">
                ) a
             where rownum <![CDATA[<=]]> #{pageInfo.pageNo}*#{pageInfo.pageSize}
            )
        where rn > (#{pageInfo.pageNo}-1)*#{pageInfo.pageSize}
        </if>
    </sql>	
    
    <!-- 省市订单日报表 -->
    <select id="queryAreaOrder" resultType="OrderStatArea">
	    select 
	       tt.stat_day statDate,
	       tt.area_id areaId,
	       (select ar.area_name from areas ar where ar.area_id = tt.area_id) areaName,
	       tt.order_type orderType,
	       tt.order_count orderCount,
	       tt.success_count successCount
	  from(
		<if test="export == null or export == ''">
			<include refid="pageSqlStart"/>
		</if>		  
	    select dd.area_id,
	           dd.stat_day,
	           dd.order_type,
	           sum(dd.order_count) order_count,
	           sum(dd.success_count) success_count
	      from rep_bus_order_dd<if test='dbConnectionMode =="1" '>@IOTLINK_ST</if> dd
	      where 1=1
	      <!-- 权限数据展示 -->
		     <if test="userAreaCode != null and userAreaCode != ''">
		        and dd.area_id = <include refid="Common.findDataUserAreaId"/>
              </if>
             <if test="areaId !=null and areaId != ''">
				and dd.area_id = #{areaId}
			</if>
			<if test="beginDate != null and beginDate != ''">
				and dd.stat_day <![CDATA[ >= ]]>  #{beginDate} 
			</if>
			<if test="endDate != null and endDate != ''">
				and dd.stat_day <![CDATA[ <= ]]>  #{endDate} 
			</if>		      
	     group by dd.area_id, dd.stat_day, dd.order_type
	     order by dd.stat_day desc,dd.area_id
   		<if test="export == null or export == ''">
			<include refid="pageSqlEnd"/>
		</if>   	     
	     ) tt
    
     </select>
    
     <select id="queryAreaOrderCount" resultType="java.lang.Long">
	     select count (1) from (
				select dd.area_id,
			           dd.stat_day,
			           dd.order_type 
			      from rep_bus_order_dd<if test='dbConnectionMode =="1" '>@IOTLINK_ST</if> dd
			      where 1=1
			      <!-- 权限数据展示 -->
		             <if test="userAreaCode != null and userAreaCode != ''">
	            		and dd.area_id = <include refid="Common.findDataUserAreaId"/>
		             </if>
		             <if test="areaId !=null and areaId != ''">
						and dd.area_id = #{areaId}
					</if>
					<if test="beginDate != null and beginDate != ''">
						and dd.stat_day <![CDATA[ >= ]]>  #{beginDate} 
					</if>
					<if test="endDate != null and endDate != ''">
						and dd.stat_day <![CDATA[ <= ]]>  #{endDate} 
					</if>		      
			     group by dd.area_id, dd.stat_day, dd.order_type
	    )
    </select>


    <!-- 省市订单来源日报表 -->
    <select id="queryAreaOrderSource" resultType="OrderStatArea">
	    select 
	       tt.stat_day statDate,
	       tt.area_id areaId,
	       (select ar.area_name from areas ar where ar.area_id = tt.area_id) areaName,
	       tt.order_type orderType,
	       tt.order_source orderSource,
	       tt.order_count orderCount,
	       tt.success_count successCount
	  from(
		<if test="export == null or export == ''">
			<include refid="pageSqlStart"/>
		</if>		  
	    select dd.area_id,
	           dd.stat_day,
	           dd.order_type,
	           dd.order_source,
	           sum(dd.order_count) order_count,
	           sum(dd.success_count) success_count
	      from rep_bus_order_dd<if test='dbConnectionMode =="1" '>@IOTLINK_ST</if> dd
	      where 1=1
	      <!-- 权限数据展示 -->
		  <if test="userAreaCode != null and userAreaCode != ''">
		        and dd.area_id = <include refid="Common.findDataUserAreaId"/>
		  </if>
             <if test="areaId !=null and areaId != ''">
				and dd.area_id = #{areaId}
			</if>
             <if test="orderSource !=null and orderSource != ''">
				and dd.order_source = #{orderSource}
			</if>			
			<if test="beginDate != null and beginDate != ''">
				and dd.stat_day <![CDATA[ >= ]]>  #{beginDate} 
			</if>
			<if test="endDate != null and endDate != ''">
				and dd.stat_day <![CDATA[ <= ]]>  #{endDate} 
			</if>		      
	     group by dd.area_id, dd.stat_day, dd.order_type, dd.order_source
	     order by dd.stat_day desc,dd.area_id
   		<if test="export == null or export == ''">
			<include refid="pageSqlEnd"/>
		</if>   	     
	     ) tt
      	     
     </select>
    
     <select id="queryAreaOrderSourceCount" resultType="java.lang.Long">
		    select count(1) from (
				  select dd.area_id,
			           dd.stat_day,
			           dd.order_type,
			           dd.order_source
			      from rep_bus_order_dd<if test='dbConnectionMode =="1" '>@IOTLINK_ST</if> dd
			      where 1=1
			      <!-- 权限数据展示 -->
		                   <if test="userAreaCode != null and userAreaCode != ''">
		                   		and dd.area_id = <include refid="Common.findDataUserAreaId"/>
		                   </if>
		             <if test="areaId !=null and areaId != ''">
						and dd.area_id = #{areaId}
					</if>
		             <if test="orderSource !=null and orderSource != ''">
						and dd.order_source = #{orderSource}
					</if>			
					<if test="beginDate != null and beginDate != ''">
						and dd.stat_day <![CDATA[ >= ]]>  #{beginDate} 
					</if>
					<if test="endDate != null and endDate != ''">
						and dd.stat_day <![CDATA[ <= ]]>  #{endDate} 
					</if>		      
			     group by dd.area_id, dd.stat_day, dd.order_type, dd.order_source		    
		    )
		    
    </select>
 

    <!-- 客户订单日报表 -->
    <select id="queryCustomerOrder" resultType="OrderStatCustomer">
		select 
		     tt.stat_day statDate,
		     tt.area_id areaId,
		     tt.ec_code ecCode,
		     tt.EC_NAME AS ecName ,
		     (select ar.area_name from areas ar where ar.area_id  = tt.area_id) areaName,
		     tt.order_type orderType,
		     tt.order_count orderCount,
		     tt.success_count successCount
		from(
		<if test="export == null or export == ''">
			<include refid="pageSqlStart"/>
		</if>		  		
		  select dd.area_id,
		         dd.stat_day,
		         dd.ec_code,
		         dd.ec_name,
		         dd.order_type, 
		         sum(dd.order_count) order_count,
		         sum(dd.success_count) success_count
		    from rep_bus_order_dd<if test='dbConnectionMode =="1" '>@IOTLINK_ST</if> dd
	        where 1=1
	        <!-- 权限数据展示 -->
		                   <if test="userAreaCode != null and userAreaCode != ''">
		                   		and dd.area_id = <include refid="Common.findDataUserAreaId"/>
		                   </if>
             <if test="areaId !=null and areaId != ''">
				and dd.area_id = #{areaId}
			</if>
			  <if test="ecCode != null and ecCode != ''">
	             and dd.ec_code like #{ecCode} ||'%'
	         </if>
	           <if test="ecName != null and ecName != ''">
	             and dd.ec_name = #{ecName}
	         </if>			
			<if test="beginDate != null and beginDate != ''">
				and dd.stat_day <![CDATA[ >= ]]>  #{beginDate} 
			</if>
			<if test="endDate != null and endDate != ''">
				and dd.stat_day <![CDATA[ <= ]]>  #{endDate} 
			</if>			    
			group by dd.area_id, dd.stat_day,dd.ec_code,dd.ec_name,dd.order_type
			order by dd.stat_day desc,dd.area_id
		<if test="export == null or export == ''">
			<include refid="pageSqlEnd"/>
		</if>  
		) tt


     </select>
    
     <select id="queryCustomerOrderCount" resultType="java.lang.Long">
	     select count (1) from (
		  select dd.area_id,
		         dd.stat_day,
		         dd.ec_code,
		         dd.ec_name,
		         dd.order_type
		    from rep_bus_order_dd<if test='dbConnectionMode =="1" '>@IOTLINK_ST</if> dd
	        where 1=1
	        <!-- 权限数据展示 -->
		                   <if test="userAreaCode != null and userAreaCode != ''">
		                   		and dd.area_id = <include refid="Common.findDataUserAreaId"/>
		                   </if>
             <if test="areaId !=null and areaId != ''">
				and dd.area_id = #{areaId}
			</if>
			  <if test="ecCode != null and ecCode != ''">
	             and dd.ec_code like #{ecCode} ||'%'
	         </if>
	           <if test="ecName != null and ecName != ''">
	             and dd.ec_name = #{ecName}  
	         </if>			
			<if test="beginDate != null and beginDate != ''">
				and dd.stat_day <![CDATA[ >= ]]>  #{beginDate} 
			</if>
			<if test="endDate != null and endDate != ''">
				and dd.stat_day <![CDATA[ <= ]]>  #{endDate} 
			</if>			    
			group by dd.area_id, dd.stat_day,dd.ec_code,dd.ec_name,dd.order_type
	    )
    </select>


    <!-- 客户订单来源日报表 -->
    <select id="queryCustomerOrderSource" resultType="OrderStatCustomer">
		<if test="export == null or export == ''">
			<include refid="pageSqlStart"/>
		</if>		  
		   select 
			     dd.stat_day statDate,
			     dd.area_id areaId, 
			     ar.area_name  areaName, 
			     dd.ec_code ecCode,
			     dd.EC_NAME AS  ecName,
			     dd.order_type orderType,
			     dd.order_source orderSource,
			     dd.order_count orderCount,
			     dd.success_count successCount
			from rep_bus_order_dd<if test='dbConnectionMode =="1" '>@IOTLINK_ST</if> dd,areas ar
			where dd.area_id = ar.area_id
			<!-- 权限数据展示 -->
		                   <if test="userAreaCode != null and userAreaCode != ''">
		                   		and dd.area_id = <include refid="Common.findDataUserAreaId"/>
		                   </if>
             <if test="areaId !=null and areaId != ''">
				and dd.area_id = #{areaId}
			</if>
			<if test="orderSource !=null and orderSource != ''">
				and dd.order_source = #{orderSource}
			</if>			
			  <if test="ecCode != null and ecCode != ''">
	             and dd.ec_code like #{ecCode} ||'%'
	         </if>
	           <if test="ecName != null and ecName != ''">
	              and dd.ec_name = #{ecName}	
	         </if>				
			<if test="beginDate != null and beginDate != ''">
				and dd.stat_day <![CDATA[ >= ]]>  #{beginDate} 
			</if>
			<if test="endDate != null and endDate != ''">
				and dd.stat_day <![CDATA[ <= ]]>  #{endDate} 
			</if>				
			order by dd.stat_day desc,dd.area_id
   		<if test="export == null or export == ''">
			<include refid="pageSqlEnd"/>
		</if>   	     
     </select>
    
     <select id="queryCustomerOrderSourceCount" resultType="java.lang.Long">
		    select count(1)
			from rep_bus_order_dd<if test='dbConnectionMode =="1" '>@IOTLINK_ST</if> dd,areas ar
			where dd.area_id = ar.area_id
			<!-- 权限数据展示 -->
		                   <if test="userAreaCode != null and userAreaCode != ''">
		                   		and dd.area_id = <include refid="Common.findDataUserAreaId"/>
		                   </if>
             <if test="areaId !=null and areaId != ''">
				and dd.area_id = #{areaId}
			</if>
			<if test="orderSource !=null and orderSource != ''">
				and dd.order_source = #{orderSource}
			</if>		
			  <if test="ecCode != null and ecCode != ''">
	             and dd.ec_code like #{ecCode} ||'%'
	         </if>
	           <if test="ecName != null and ecName != ''">
	              and dd.ec_name = #{ecName} 	
	         </if>				
			<if test="beginDate != null and beginDate != ''">
				and dd.stat_day <![CDATA[ >= ]]>  #{beginDate} 
			</if>
			<if test="endDate != null and endDate != ''">
				and dd.stat_day <![CDATA[ <= ]]>  #{endDate} 
			</if>
    </select>    
</mapper>