<?xml version="1.0" encoding="UTF-8" ?>
<!DOCTYPE mapper PUBLIC "-//mybatis.org//DTD Mapper 3.0//EN" "http://mybatis.org/dtd/mybatis-3-mapper.dtd">
<mapper namespace="com.hvgroup.modules.state.dao.PlatformStatementsDao">

		<select id="findList" resultType="PlatformStatements">
			select t3.funcName,
			       t3.month,
			       t3.areaName,
			       t3.NUM NUM,
			       t4.userName userName
		  from (select t2.funcName,
		               t2.month,
		               t2.areaName,
		               count(t2.funcName) NUM
		          from (select t.user_name as userName,
		                       t.func_name as funcName,
		                       t.ec_Name as ecName,
		                       to_char(T.access_time, #{timeType}) as month,
		                       ar.area_Name as areaName
		                  from SITESTATS_LOG_IOTPRO<if test='dbConnectionMode =="1" '>@IOTLINK_ST</if> t,
		                       enterprise_customer  IOT,
		                       areas                AR
		                 where T.EC_ID = IOT.EC_ID
		                   and IOT.AREA_ID = AR.AREA_ID
		                   <!-- 权限数据展示 -->
		                   <if test="userAreaCode != null and userAreaCode != ''">
		                   		and IOT.area_id = <include refid="Common.findDataUserAreaId"/>
		                   </if>
		                   <if test="areaId != null and areaId != ''">
								and IOT.AREA_ID =#{areaId} 
							</if>
							<if test="beginDate != null and beginDate != ''">
								and to_char(t.access_time,#{timeType}) <![CDATA[ >= ]]> #{beginDate}
							</if>
							<if test="endDate != null and endDate != ''">
							and to_char(t.access_time,#{timeType}) <![CDATA[ <= ]]> #{endDate}
							</if>
		                   ) t2
		         group by t2.funcName, t2.month, t2.areaName  order by t2.areaName, t2.month desc) t3,
		       (select t2.areaName, t2.month, count(t2.ec_id) userName
		          from (SELECT distinct T.EC_ID,
		                                to_char(T.access_time, #{timeType}) as month,
		                                AR.AREA_NAME as areaName
		                  from SITESTATS_LOG_IOTPRO<if test='dbConnectionMode =="1" '>@IOTLINK_ST</if>    T,
		                       iot.enterprise_customer IOT,
		                       areas                   AR
		                 where T.EC_ID = IOT.EC_ID
		                   and IOT.AREA_ID = AR.AREA_ID
		                   <if test="areaId != null and areaId != ''">
								and IOT.AREA_ID =#{areaId} 
							</if>
							<if test="beginDate != null and beginDate != ''">
								and to_char(t.access_time,#{timeType}) <![CDATA[ >= ]]> #{beginDate}
							</if>
							<if test="endDate != null and endDate != ''">
							and to_char(t.access_time,#{timeType}) <![CDATA[ <= ]]> #{endDate}
							</if>
		                   ) t2
		         group by t2.areaName, t2.month  order by t2.areaName, t2.month desc) t4
			 where t3.areaName = t4.areaName
			   and t3.month = t4.month
		</select>
		
		<select id="findareaName" resultType="PlatformStatements">
		SELECT distinct 
        AR.AREA_NAME as areaName,
        ar.area_id as  areaId
        from SITESTATS_LOG_IOTPRO<if test='dbConnectionMode =="1" '>@IOTLINK_ST</if> T,
        iot.enterprise_customer IOT,
        areas AR
        where T.EC_ID=IOT.EC_ID
        and  IOT.AREA_ID=AR.AREA_ID 
		</select>
		</mapper>
		