<?xml version="1.0" encoding="UTF-8" ?>
<!DOCTYPE mapper PUBLIC "-//mybatis.org//DTD Mapper 3.0//EN" "http://mybatis.org/dtd/mybatis-3-mapper.dtd">
<mapper namespace="com.hvgroup.modules.state.dao.PredictDao">

 	<sql id="pageSqlStart">
        <if test="pageInfo.pageNo != null and pageInfo.pageNo != ''">
        
        select * from
            (
             select a.*, rownum rn from 
                (
        </if>
    </sql>
    <!-- 分页SQL语句结尾语句 -->
    <sql id="pageSqlEnd">
        <if test="pageInfo.pageSize != null and pageInfo.pageSize !=''">
                ) a
             where rownum <![CDATA[<=]]> #{pageInfo.pageNo}*#{pageInfo.pageSize}
            )
        where rn > (#{pageInfo.pageNo}-1)*#{pageInfo.pageSize}
        </if>
    </sql>	
	
	<select id="findPredictList" resultType="PredictInfo">
		select iot_aes_crypt(cus.ec_name,2) as ecName ,t.* from (
			<include refid="pageSqlStart" />
			select ec_code as ecCode, msisdn, to_char(warning_time,'yyyy-mm-dd hh24:mi:ss') as warningTime,
				order_type as orderType , rule_id as ruleId from PRE_API_ALARM_LIST t
				WHERE exists 
					(select 1 from PRE_API_ALARM_RULE r where r.state = 'ENABLED' and t.rule_id = r.warning_no
						<if test="warningName != null and warningName != ''">
							and warning_name like '%' || #{warningName} || '%'
						</if>
						<if test="warningFuncType != null and warningFuncType != ''">
							and warning_func_type = #{warningFuncType} 
						</if> )
				<if test="ecMsg != null and ecMsg != ''">
					and (ec_Code like '%' || #{ecMsg} || '%'
					 or exists 
					 (select 1 from enterprise_customer r where iot_aes_crypt(r.ec_name,2) like '%' ||#{ecMsg}|| '%' and t.ec_code = r.ec_code))
				</if>
				<if test="msisdnMsg != null and msisdnMsg != ''">
					and (msisdn like '%' || #{msisdnMsg} || '%'
					 or exists 
					 (select 1 from num_route r where iccid like '%'|| #{msisdnMsg}||'%' and t.msisdn = r.msisdn))
				</if>
			<include refid="pageSqlEnd" />
		)t left join enterprise_customer cus on t.ecCode = cus.ec_code
	</select>
	
	<select id="findPredictCount" resultType="Long">
			select count(1) from PRE_API_ALARM_LIST t
				WHERE exists 
					(select 1 from PRE_API_ALARM_RULE r where r.state = 'ENABLED' and t.rule_id = r.warning_no
						<if test="warningName != null and warningName != ''">
							and warning_name like '%' || #{warningName} || '%'
						</if>
						<if test="warningFuncType != null and warningFuncType != ''">
							and warning_func_type = #{warningFuncType} 
						</if>  )
				<if test="ecMsg != null and ecMsg != ''">
					and (ec_Code like '%' || #{ecMsg} || '%'
					 or exists 
					 (select 1 from enterprise_customer r where iot_aes_crypt(r.ec_name,2) like '%' ||#{ecMsg}|| '%' and t.ec_code = r.ec_code))
				</if>
				<if test="msisdnMsg != null and msisdnMsg != ''">
					and (msisdn like '%' || #{msisdnMsg} || '%'
					 or exists 
					 (select 1 from num_route r where iccid like '%'|| #{msisdnMsg}||'%' and t.msisdn = r.msisdn))
				</if>
	</select>
	
	
	
	<select id="findOtherMsg" resultType="PredictInfo">
		select 
			warning_name as warningName, rate, unit_vlaue as unitValue, warning_type as warningType, warning_rule as warningRule,
			warning_func_type as warningFuncType from PRE_API_ALARM_RULE
		where 1=1 and warning_no = #{ruleId} and rownum = 1
	</select>
	
	
	
	<!-- 根据msisdn、iccid、imsi、imei获取号码卡类型 -->
    <select id = "queryCardTypeByParam" resultType="java.lang.String">
    	SELECT * FROM 
    	(
			SELECT 
				PCT.CARD_TYPE 
			FROM NUM_ROUTE nr,PROD_CARD_TYPE pct 
				WHERE NR.STATE = 'ENABLED'
			    <if test="msisdn !=null and msisdn !=''">
		    	    AND NR.msisdn=#{msisdn}
		    	</if>
				AND pct.MAIN_PROD_ID = nr.PER_MAIN_PROD_ID  
				AND ROWNUM=1
		UNION   
			SELECT 
				pct.CARD_TYPE 
			FROM NUM_ROUTE nr, PROD_CARD_TYPE pct
				WHERE nr.STATE = 'ENABLED'
				 <if test="msisdn !=null and msisdn !=''">
		    	    AND NR.msisdn=#{msisdn}
		    	</if>
				AND pct.MAIN_PROD_ID = substr(nr.EC_MAIN_PROD_ID, (CASE when nr.EC_MAIN_PROD_ID LIKE 'AppendAttr%' then '12' ELSE '1' end))
				AND ROWNUM = 1
		) WHERE rownum = 1
    </select>
	
	<select id="findRunCodeByMsisdn" resultType="string">
		select case
			when LIFE_CYCLE= 'TEST' then
			'测试期'
			when LIFE_CYCLE= 'NORMAL' then
			'正使用'
			when LIFE_CYCLE= 'SILENT' then
			'沉默期'
			when LIFE_CYCLE= 'STOP' then
			'停机'
			when LIFE_CYCLE= 'PRECLOSE' then
			'预约销户'
			when LIFE_CYCLE= 'CANCEL' then
			'销户'
			when LIFE_CYCLE= 'STOCK' then
			'库存期'
			when LIFE_CYCLE= 'OTHERS' then
			'其他'
			else
			'-'
		end as runCode from  ${cardTable} where msisdn = #{msisdn} 
	</select>
	
	<select id="findIccidByMsisdn" resultType="string">
		select iccid  from  num_route where msisdn = #{msisdn} and state = 'ENABLED' and rownum = 1
	</select>
	
	
		
		
</mapper>