<?xml version="1.0" encoding="UTF-8"?>
<!DOCTYPE mapper PUBLIC "-//mybatis.org//DTD Mapper 3.0//EN" "http://mybatis.org/dtd/mybatis-3-mapper.dtd">
<mapper namespace="com.hvgroup.modules.state.dao.ProductStatisticsDao">
	
	<sql id="pageSqlStart">
		<if test="pageInfo.pageNo != null and pageInfo.pageNo != ''">

			select * from
			(
			select a.*, rownum rn from
			(
		</if>
	</sql>
	<!-- 分页SQL语句结尾语句 -->
	<sql id="pageSqlEnd">
		<if test="pageInfo.pageSize != null and pageInfo.pageSize != ''">
			) a
			where rownum <![CDATA[<=]]>
			#{pageInfo.pageNo}*#{pageInfo.pageSize}
			)
			where rn > (#{pageInfo.pageNo}-1)*#{pageInfo.pageSize}
		</if>
	</sql>
	
	
	<select id="findMainProduct" resultType="ProductStatistics">
		select PRODUCT_CODE productCode,PRODUCT_NAME productName from PRODUCT_SUITES where type = 0 and STATE = 'ENABLED'
	</select>
	
	<!-- 月统计 -->
	<!-- 客户级别月统计 -->
	<select id="findCustomerProductListByMonth" resultType="ProductStatistics">
		<include refid="pageSqlStart"/>
		select  A.ec_code as ecCode,
				A.stat_month as operDate,
				A.main_prod_code as productCode,
				A.main_prod_name as productName,
				A.total_sim_count as numTotal,
				en.EC_NAME ecName,
				(select area_name from areas where area_id=en.area_id) as area_name
		from RPT_EC_MAIN_PROD_STAT_MM A
		left join ENTERPRISE_CUSTOMER en
		on en.ec_code = A.ec_code
		where en.ec_name is not null
		<if test="ecCode != null and ecCode != ''">
			and A.ec_code like '%'||#{ecCode}||'%'
		</if>
		<if test="ecName != null and ecName != ''">
			and en.ec_name like '%'||#{ecName}||'%'
		</if>
		<if test="areaId != null and areaId != ''">
			and en.area_id = #{areaId}
		</if>
		<if test="productCode != null and productCode != ''">
			and A.main_prod_code = #{productCode}
		</if>
		<if test="beginTime != null and beginTime != ''">
			AND A.stat_month <![CDATA[ >= ]]>  #{beginTime}
		</if>
		<if test="endTime != null and endTime != ''">
			AND A.stat_month <![CDATA[ <= ]]>  #{endTime}
		</if>
		order by A.stat_month desc
			
			<!-- select A.ecCode,A.packageCode,A.operDate,en.EC_NAME ecName,B.area_id areaId,B.area_name areaName from (
			        select EC_CODE as ecCode,PACKAGE_CODE as packageCode,to_char(START_DATE,'yyyy-mm') as operDate
			        from M2M_GRPMEM 
			        where STATE = 'ENABLED'
			        and PACKAGE_CODE in
			        (
			                select distinct(pkgCode) from (
			                        select distinct(FROM_CODE) as pkgCode from group_rel where relation = 'putaway' and code_type = 'atomic'and state = 'ENABLED'
			                        union all
			                        select distinct(package_code) as pkgCode from service_pkg 
			                        where product_code in(
			                                select distinct(FROM_CODE) from group_rel where relation = 'putaway' and code_type = 'fujia' and state = 'ENABLED'
			                        )
			                )
			        ) group by EC_CODE,PACKAGE_CODE,to_char(START_DATE,'yyyy-mm')
			)A left join ENTERPRISE_CUSTOMER en
			on en.ec_code = A.ecCode
			left join areas B
			on B.area_id = en.area_id
			where ec_name is not null
			order by operDate desc -->
		
			<!-- select 
				EC_CODE as ecCode,PACKAGE_CODE as packageCode,to_char(START_DATE,'yyyy-mm') as operDate
			from M2M_GRPMEM 
			where STATE = 'ENABLED'
			and PACKAGE_CODE in
			(
			        select distinct(pkgCode) from (
			                select distinct(FROM_CODE) as pkgCode from group_rel where relation = 'putaway' and code_type = 'atomic'and state = 'ENABLED'
			                union all
			                select distinct(package_code) as pkgCode from service_pkg 
			                where product_code in(
			                        select distinct(FROM_CODE) from group_rel where relation = 'putaway' and code_type = 'fujia' and state = 'ENABLED'
			                )
			        )
			) group by EC_CODE,PACKAGE_CODE,to_char(START_DATE,'yyyy-mm')
			order by operDate desc -->
		<include refid="pageSqlEnd"/>
	</select>
	
	<select id="findCustomerProductConutByMonth" resultType="int">
		select count(1) from (
			select A.ecCode,A.operDate,en.EC_NAME ecName,B.area_id areaId,B.area_name areaName,A.productCode,A.productName
			from (
			        select e.ecCode,e.operDate,main.productCode,main.productName from 
			        (
			            select EC_CODE as ecCode,PACKAGE_CODE as packageCode,to_char(START_DATE,'YYYY-MM') as operDate
			                from M2M_GRPMEM 
			                where STATE = 'ENABLED'
			                and PACKAGE_CODE in
			                (
			                        select distinct(pkgCode) from (
			                                select distinct(FROM_CODE) as pkgCode from group_rel where relation = 'putaway' and code_type = 'atomic'and state = 'ENABLED'
			                                union all
			                                select distinct(package_code) as pkgCode from service_pkg 
			                                where product_code in(
			                                        select distinct(FROM_CODE) from group_rel where relation = 'putaway' and code_type = 'fujia' and state = 'ENABLED'
			                                )
			                        )
			                ) group by EC_CODE,PACKAGE_CODE,to_char(START_DATE,'YYYY-MM')
			        ) e
			        left join 
			        (
			          select distinct t.packageCode,t.TO_CODE as productCode,p.PRODUCT_NAME as productName from (
			                select FROM_CODE as packageCode,TO_CODE from group_rel where relation = 'putaway' and CODE_TYPE = 'atomic' and STATE = 'ENABLED'
			                union all
			                select s.PACKAGE_CODE as packageCode ,TO_CODE from group_rel g 
			                left join service_pkg s
			                on s.PRODUCT_CODE = g.FROM_CODE
			                where g.relation = 'putaway' and g.CODE_TYPE = 'fujia' and g.STATE = 'ENABLED' 
			                ) t
			                left join  product_suites p 
			                on t.TO_CODE = p.PRODUCT_CODE
			                where p.TYPE = 0 and p.STATE = 'ENABLED' 
			        ) main
			        on main.packageCode = e.packageCode
			        group by ecCode,operDate,productCode,productName
			)A left join ENTERPRISE_CUSTOMER en
			on en.ec_code = A.ecCode
			left join areas B
			on B.area_id = en.area_id
			where ec_name is not null
			<if test="ecCode != null and ecCode != ''">
				and A.ecCode like '%'||#{ecCode}||'%' 
			</if>
			<if test="ecName != null and ecName != ''">
				and en.ec_name like '%'||#{ecName}||'%' 
			</if>
			<if test="areaId != null and areaId != ''">
				and B.area_id = #{areaId} 
			</if>
			<if test="productCode != null and productCode != ''">
				and A.productCode = #{productCode} 
			</if>
			<if test="beginTime != null and beginTime != ''">
				AND A.operDate <![CDATA[ >= ]]>  #{beginTime}
			</if>
			<if test="endTime != null and endTime != ''">
				AND to_date(A.operDate,'YYYY-MM') <![CDATA[ <= ]]>  TO_DATE(#{endTime},'YYYY-MM') 
			</if>
		)
	</select>
	
	<select id="findNumTotalByMonth" resultType="Long">
		select 
			count(msisdn) numTotal 
		from 
			M2M_GRPMEM
		where 
			STATE = 'ENABLED'
			<if test="ecCode != null and ecCode != ''">
				and EC_CODE = #{ecCode} 
			</if>
			<if test="operDate != null and operDate != ''">
				and to_char(START_DATE,'YYYY-MM') <![CDATA[ <= ]]> #{operDate}
			</if>
		and PACKAGE_CODE in 
		(
		   select distinct(pkgCode) from (
		        select FROM_CODE as pkgCode from group_rel where relation = 'putaway' and code_type = 'atomic'and state = 'ENABLED' 
		        <if test="productCode != null and productCode != ''">
					and TO_CODE = #{productCode}
				</if>
		        union all
		        select package_code as pkgCode from service_pkg 
		                where product_code in(
		                        select distinct(FROM_CODE) from group_rel where relation = 'putaway' and code_type = 'fujia' and state = 'ENABLED'
		                        <if test="productCode != null and productCode != ''">
									and TO_CODE = #{productCode}
								</if>
		                )
		        )    
		)
	</select>
	
	
	<!-- 省市级别月统计 -->
	<select id="findRangeProductListByMonth" resultType="ProductStatistics">
		<include refid="pageSqlStart"/>
		select det.operDate,det.productCode,det.areaId,det.areaName,det.productName,det.ecTotal,det.numTotal,
		(det.ecTotal-det.lastDayCount) as ecPutCount
		from (select A.stat_month operDate,
					A.main_prod_code as productCode,
					EN.area_id as areaId,
					(select area_name from areas where area_id=EN.area_id) as areaName,
					min(main_prod_name) as productName,
					count(distinct A.ec_code) as ecTotal,
					sum(A.total_sim_count) as numTotal,
					(select count(distinct t1.ec_code)
					from RPT_EC_MAIN_PROD_STAT_MM t1
					left join ENTERPRISE_CUSTOMER t2
					on t1.ec_code=t2.ec_code
					where t1.stat_month=to_char(add_months(trunc(to_date(A.stat_month,'yyyy-mm')),-1),'yyyy-mm')
					and main_prod_code=A.main_prod_code
					and t2.area_id=EN.area_id) AS lastDayCount
			from RPT_EC_MAIN_PROD_STAT_MM A
			left join ENTERPRISE_CUSTOMER EN
			on A.ec_code=EN.ec_code
			where en.ec_name is not null
			<if test="productCode != null and productCode != ''">
				and A.main_prod_code = 'AppendAttr.'||#{productCode}
			</if>
			<if test="beginTime != null and beginTime != ''">
				AND A.stat_month <![CDATA[ >= ]]>  #{beginTime}
			</if>
			<if test="endTime != null and endTime != ''">
				AND A.stat_month <![CDATA[ <= ]]> #{endTime}
			</if>
			<if test="areaId != null and areaId != ''">
				AND en.area_id = #{areaId}
			</if>
			group by A.stat_month,EN.area_id,A.main_prod_code) det
			order by operDate desc,areaId asc
			<include refid="pageSqlEnd"/>
	</select>
	
	<select id="findRangeProductConutByMonth" resultType="int">
		select count(1) from
		(
			select A.operDate,B.area_id areaId,B.area_name areaName,A.productCode,A.productName
			from (
			        select e.ecCode,e.operDate,main.productCode,main.productName from 
			        (
			            select EC_CODE as ecCode,PACKAGE_CODE as packageCode,to_char(START_DATE,'YYYY-MM') as operDate
			                from M2M_GRPMEM 
			                where STATE = 'ENABLED'
			                and PACKAGE_CODE in
			                (
			                        select distinct(pkgCode) from (
			                                select distinct(FROM_CODE) as pkgCode from group_rel where relation = 'putaway' and code_type = 'atomic'and state = 'ENABLED'
			                                union all
			                                select distinct(package_code) as pkgCode from service_pkg 
			                                where product_code in(
			                                        select distinct(FROM_CODE) from group_rel where relation = 'putaway' and code_type = 'fujia' and state = 'ENABLED'
			                                )
			                        )
			                ) group by EC_CODE,PACKAGE_CODE,to_char(START_DATE,'YYYY-MM')
			        ) e
			        left join 
			        (
			          select distinct t.packageCode,t.TO_CODE as productCode,p.PRODUCT_NAME as productName from (
			                select FROM_CODE as packageCode,TO_CODE from group_rel where relation = 'putaway' and CODE_TYPE = 'atomic' and STATE = 'ENABLED'
			                union all
			                select s.PACKAGE_CODE as packageCode ,TO_CODE from group_rel g 
			                left join service_pkg s
			                on s.PRODUCT_CODE = g.FROM_CODE
			                where g.relation = 'putaway' and g.CODE_TYPE = 'fujia' and g.STATE = 'ENABLED' 
			                ) t
			                left join  product_suites p 
			                on t.TO_CODE = p.PRODUCT_CODE
			                where p.TYPE = 0 and p.STATE = 'ENABLED' 
			        ) main
			        on main.packageCode = e.packageCode
			        group by ecCode,operDate,productCode,productName
			)A left join ENTERPRISE_CUSTOMER en
			on en.ec_code = A.ecCode
			left join areas B
			on B.area_id = en.area_id
			where en.ec_name is not null and B.area_id not in 1
			<if test="productCode != null and productCode != ''">
				and A.productCode = #{productCode} 
			</if>
			<if test="beginTime != null and beginTime != ''">
				AND A.operDate <![CDATA[ >= ]]>  #{beginTime}
			</if>
			<if test="endTime != null and endTime != ''">
				AND to_date(A.operDate,'YYYY-MM') <![CDATA[ <= ]]>  TO_DATE(#{endTime},'YYYY-MM') 
			</if>
			group by A.operDate,B.area_id,B.area_name,A.productCode,A.productName
			union all
			select A.operDate, 1 as areaId, '广东省' as areaName, A.productCode, A.productName
			from (
			        select e.ecCode,e.operDate,main.productCode,main.productName from 
			        (
			            select EC_CODE as ecCode,PACKAGE_CODE as packageCode,to_char(START_DATE,'YYYY-MM') as operDate
			                from M2M_GRPMEM 
			                where STATE = 'ENABLED'
			                and PACKAGE_CODE in
			                (
			                        select distinct(pkgCode) from (
			                                select distinct(FROM_CODE) as pkgCode from group_rel where relation = 'putaway' and code_type = 'atomic'and state = 'ENABLED'
			                                union all
			                                select distinct(package_code) as pkgCode from service_pkg 
			                                where product_code in(
			                                        select distinct(FROM_CODE) from group_rel where relation = 'putaway' and code_type = 'fujia' and state = 'ENABLED'
			                                )
			                        )
			                ) group by EC_CODE,PACKAGE_CODE,to_char(START_DATE,'YYYY-MM')
			        ) e
			        left join 
			        (
			          select distinct t.packageCode,t.TO_CODE as productCode,p.PRODUCT_NAME as productName from (
			                select FROM_CODE as packageCode,TO_CODE from group_rel where relation = 'putaway' and CODE_TYPE = 'atomic' and STATE = 'ENABLED'
			                union all
			                select s.PACKAGE_CODE as packageCode ,TO_CODE from group_rel g 
			                left join service_pkg s
			                on s.PRODUCT_CODE = g.FROM_CODE
			                where g.relation = 'putaway' and g.CODE_TYPE = 'fujia' and g.STATE = 'ENABLED' 
			                ) t
			                left join  product_suites p 
			                on t.TO_CODE = p.PRODUCT_CODE
			                where p.TYPE = 0 and p.STATE = 'ENABLED' 
			        ) main
			        on main.packageCode = e.packageCode
			        group by ecCode,operDate,productCode,productName
			)A left join ENTERPRISE_CUSTOMER en
			on en.ec_code = A.ecCode
			where en.ec_name is not null
			<if test="productCode != null and productCode != ''">
				and A.productCode = #{productCode} 
			</if>
			<if test="beginTime != null and beginTime != ''">
				AND A.operDate <![CDATA[ >= ]]>  #{beginTime}
			</if>
			<if test="endTime != null and endTime != ''">
				AND to_date(A.operDate,'YYYY-MM') <![CDATA[ <= ]]>  TO_DATE(#{endTime},'YYYY-MM') 
			</if>
			group by A.operDate,A.productCode,A.productName
			)where 1=1
			<if test="areaId != null and areaId != ''">
				and areaId = #{areaId} 
			</if>
	</select>
	
	<select id="findRangeProductOtherByMonth" resultType="ProductStatistics">
		select 
			(
				select count(distinct EC_CODE)  from M2M_GRPMEM where STATE = 'ENABLED' 
				<if test="operDate != null and operDate != ''">
					and to_char(START_DATE,'yyyy-mm') <![CDATA[ <= ]]> #{operDate}
				</if>
				and PACKAGE_CODE in (
				        select distinct(pkgCode) from (
				                select distinct(FROM_CODE) as pkgCode from group_rel where relation = 'putaway' and code_type = 'atomic'and state = 'ENABLED'
				                <if test="productCode != null and productCode != ''">
									and TO_CODE = #{productCode}
								</if>
				                union all
				                select distinct(package_code) as pkgCode from service_pkg 
				                where product_code in(
				                        select distinct(FROM_CODE) from group_rel where relation = 'putaway' and code_type = 'fujia' and state = 'ENABLED'
				                        <if test="productCode != null and productCode != ''">
											and TO_CODE = #{productCode}
										</if>
				                )
				        )
				) 
				and EC_CODE in(
				        select distinct EC_CODE from ENTERPRISE_CUSTOMER where STATE = 'ENABLED'
				        <if test="areaId != null and areaId != '' and areaId != 1">
							and area_id = #{areaId}
						</if>
				)
			) as ecTotal,
			(
				select count(distinct EC_CODE) from (
			        select EC_CODE,to_char(min(START_DATE),'yyyy-mm') as operDate from M2M_GRPMEM where STATE = 'ENABLED' 
			        and PACKAGE_CODE in (
			                select distinct(pkgCode) from (
			                        select distinct(FROM_CODE) as pkgCode from group_rel where relation = 'putaway' and code_type = 'atomic'and state = 'ENABLED'
			                        <if test="productCode != null and productCode != ''">
										and TO_CODE = #{productCode}
									</if>
			                        union all
			                        select distinct(package_code) as pkgCode from service_pkg 
			                        where product_code in(
			                                select distinct(FROM_CODE) from group_rel where relation = 'putaway' and code_type = 'fujia' and state = 'ENABLED'
			                                <if test="productCode != null and productCode != ''">
												and TO_CODE = #{productCode}
											</if>
			                        )
			                )
			        ) 
			        and EC_CODE in(
			                select distinct EC_CODE from ENTERPRISE_CUSTOMER where  STATE = 'ENABLED'
			                <if test="areaId != null and areaId != '' and areaId != 1">
								and area_id = #{areaId}
							</if>
			        )
			        group by EC_CODE
				) where 1=1
				<if test="operDate != null and operDate != ''">
					and operDate = #{operDate}
				</if>
			) as ecPutCount,
			decode(
				enNum,0,(
					select count(distinct EC_CODE) from (
				        select EC_CODE,to_char(max(START_DATE),'yyyy-mm') as operDate from M2M_GRPMEM where STATE = 'DISABLED' 
				        and PACKAGE_CODE in (
				                select distinct(pkgCode) from (
				                        select distinct(FROM_CODE) as pkgCode from group_rel where relation = 'putaway' and code_type = 'atomic'and state = 'ENABLED'
				                        <if test="productCode != null and productCode != ''">
											and TO_CODE = #{productCode}
										</if>
				                        union all
				                        select distinct(package_code) as pkgCode from service_pkg 
				                        where product_code in(
				                                select distinct(FROM_CODE) from group_rel where relation = 'putaway' and code_type = 'fujia' and state = 'ENABLED'
				                                <if test="productCode != null and productCode != ''">
													and TO_CODE = #{productCode}
												</if> 
				                        )
				                )
				        ) 
				        and EC_CODE in(
				                select distinct EC_CODE from ENTERPRISE_CUSTOMER where STATE = 'ENABLED'
				                <if test="areaId != null and areaId != '' and areaId != 1">
									and area_id = #{areaId}
								</if>
				        )
				        group by EC_CODE
					) where 1=1
					<if test="operDate != null and operDate != ''">
						and operDate = #{operDate}
					</if>
				)
			,0)as ecOutCount,
			(
				select count(distinct MSISDN) from M2M_GRPMEM where STATE = 'ENABLED' 
				<if test="operDate != null and operDate != ''">
					and to_char(START_DATE,'yyyy-mm') <![CDATA[ <= ]]> #{operDate}
				</if>
				and PACKAGE_CODE in (
				        select distinct(pkgCode) from (
				                select distinct(FROM_CODE) as pkgCode from group_rel where relation = 'putaway' and code_type = 'atomic'and state = 'ENABLED'
				                 <if test="productCode != null and productCode != ''">
									and TO_CODE = #{productCode}
								</if>
				                union all
				                select distinct(package_code) as pkgCode from service_pkg 
				                where product_code in(
				                        select distinct(FROM_CODE) from group_rel where relation = 'putaway' and code_type = 'fujia' and state = 'ENABLED'
				                         <if test="productCode != null and productCode != ''">
											and TO_CODE = #{productCode}
										 </if>
				                )
				        )
				) 
				and EC_CODE in(
				        select distinct EC_CODE from ENTERPRISE_CUSTOMER where STATE = 'ENABLED'
				        <if test="areaId != null and areaId != '' and areaId != 1">
							and area_id = #{areaId}
						</if>
				)
			)as numTotal
		from 
		(
	     select count(distinct MSISDN) enNum from M2M_GRPMEM where STATE = 'ENABLED'
                and EC_CODE in(
                                select distinct EC_CODE from ENTERPRISE_CUSTOMER where STATE = 'ENABLED' and state in  'ENABLED'
                                <if test="areaId != null and areaId != '' and areaId != 1">
									and area_id = #{areaId}
								</if>
                        )
                and PACKAGE_CODE in (
                                select distinct(pkgCode) from (
                                        select distinct(FROM_CODE) as pkgCode from group_rel where relation = 'putaway' and code_type = 'atomic'and state = 'ENABLED'
                                        <if test="productCode != null and productCode != ''">
											and TO_CODE = #{productCode}
										</if>
                                        union all
                                        select distinct(package_code) as pkgCode from service_pkg 
                                        where product_code in(
                                                select distinct(FROM_CODE) from group_rel where relation = 'putaway' and code_type = 'fujia' and state = 'ENABLED'
                                                <if test="productCode != null and productCode != ''">
													and TO_CODE = #{productCode}
												</if> 
                                        )
                                )
                        )
                 <if test="operDate != null and operDate != ''">
					and to_char(START_DATE,'yyyy-mm') <![CDATA[ = ]]> #{operDate}
				 </if>  
        )
	</select>
	
	
	
	
	
	
	<!-- 日统计 -->
	<!-- 客户级别日统计 -->
	<select id="findCustomerProductListByDay" resultType="ProductStatistics">
		<include refid="pageSqlStart"/>
			select  A.ec_code as ecCode,
		             A.stat_date as operDate,
					 A.main_prod_code as productCode,
					 A.main_prod_name as productName,
					 A.total_sim_count as numTotal,
					 en.EC_NAME ecName,
					(select area_name from areas where area_id=en.area_id) as area_name
			from RPT_EC_MAIN_PROD_STAT_DD A left join ENTERPRISE_CUSTOMER en
			on en.ec_code = A.ec_code
			where en.ec_name is not null
			<if test="ecCode != null and ecCode != ''">
				and A.ec_code like '%'||#{ecCode}||'%'
			</if>
			<if test="ecName != null and ecName != ''">
				and en.ec_name like '%'||#{ecName}||'%' 
			</if>
			<if test="areaId != null and areaId != ''">
				and en.area_id = #{areaId}
			</if>
			<if test="productCode != null and productCode != ''">
				and A.main_prod_code = #{productCode}
			</if>
			<if test="beginTime != null and beginTime != ''">
				AND A.stat_date <![CDATA[ >= ]]>  #{beginTime}
			</if>
			<if test="endTime != null and endTime != ''">
				AND A.stat_date <![CDATA[ <= ]]>  #{endTime}
			</if>
			order by A.stat_date desc
		<include refid="pageSqlEnd"/>
	</select>
	
	<select id="findCustomerProductConutByDay" resultType="int">
		select count(1) from (
			select A.ecCode,A.operDate,en.EC_NAME ecName,B.area_id areaId,B.area_name areaName,A.productCode,A.productName
			from (
			        select e.ecCode,e.operDate,main.productCode,main.productName from 
			        (
			            select EC_CODE as ecCode,PACKAGE_CODE as packageCode,to_char(START_DATE,'YYYY-MM-DD') as operDate
			                from M2M_GRPMEM 
			                where STATE = 'ENABLED'
			                and PACKAGE_CODE in
			                (
			                        select distinct(pkgCode) from (
			                                select distinct(FROM_CODE) as pkgCode from group_rel where relation = 'putaway' and code_type = 'atomic'and state = 'ENABLED'
			                                union all
			                                select distinct(package_code) as pkgCode from service_pkg 
			                                where product_code in(
			                                        select distinct(FROM_CODE) from group_rel where relation = 'putaway' and code_type = 'fujia' and state = 'ENABLED'
			                                )
			                        )
			                ) group by EC_CODE,PACKAGE_CODE,to_char(START_DATE,'YYYY-MM-DD')
			        ) e
			        left join 
			        (
			          select distinct t.packageCode,t.TO_CODE as productCode,p.PRODUCT_NAME as productName from (
			                select FROM_CODE as packageCode,TO_CODE from group_rel where relation = 'putaway' and CODE_TYPE = 'atomic' and STATE = 'ENABLED'
			                union all
			                select s.PACKAGE_CODE as packageCode ,TO_CODE from group_rel g 
			                left join service_pkg s
			                on s.PRODUCT_CODE = g.FROM_CODE
			                where g.relation = 'putaway' and g.CODE_TYPE = 'fujia' and g.STATE = 'ENABLED' 
			                ) t
			                left join  product_suites p 
			                on t.TO_CODE = p.PRODUCT_CODE
			                where p.TYPE = 0 and p.STATE = 'ENABLED' 
			        ) main
			        on main.packageCode = e.packageCode
			        group by ecCode,operDate,productCode,productName
			)A left join ENTERPRISE_CUSTOMER en
			on en.ec_code = A.ecCode
			left join areas B
			on B.area_id = en.area_id
			where ec_name is not null
			<if test="ecCode != null and ecCode != ''">
				and A.ecCode like '%'||#{ecCode}||'%' 
			</if>
			<if test="ecName != null and ecName != ''">
				and en.ec_name like '%'||#{ecName}||'%' 
			</if>
			<if test="areaId != null and areaId != ''">
				and B.area_id = #{areaId} 
			</if>
			<if test="productCode != null and productCode != ''">
				and A.productCode = #{productCode} 
			</if>
			<if test="beginTime != null and beginTime != ''">
				AND A.operDate <![CDATA[ >= ]]>  #{beginTime}
			</if>
			<if test="endTime != null and endTime != ''">
				AND to_date(A.operDate,'YYYY-MM-DD') <![CDATA[ <= ]]>  TO_DATE(#{endTime},'YYYY-MM-DD') 
			</if>
		)
	</select>
	
	<select id="findNumTotalByDay" resultType="Long">
		select 
			count(msisdn) numTotal 
		from 
			M2M_GRPMEM
		where 
			STATE = 'ENABLED'
			<if test="ecCode != null and ecCode != ''">
				and EC_CODE = #{ecCode} 
			</if>
			<if test="operDate != null and operDate != ''">
				and to_char(START_DATE,'YYYY-MM-DD') <![CDATA[ <= ]]> #{operDate}
			</if>
		and PACKAGE_CODE in 
		(
		   select distinct(pkgCode) from (
		        select FROM_CODE as pkgCode from group_rel where relation = 'putaway' and code_type = 'atomic'and state = 'ENABLED' 
		        <if test="productCode != null and productCode != ''">
					and TO_CODE = #{productCode}
				</if>
		        union all
		        select package_code as pkgCode from service_pkg 
		                where product_code in(
		                        select distinct(FROM_CODE) from group_rel where relation = 'putaway' and code_type = 'fujia' and state = 'ENABLED'
		                        <if test="productCode != null and productCode != ''">
									and TO_CODE = #{productCode}
								</if>
		                )
		        )    
		)
	</select>
	
	
	<!-- 省市级别日统计 -->
	<select id="findRangeProductListByDay" resultType="ProductStatistics">
		<include refid="pageSqlStart"/>
        select det.operDate,det.productCode,det.areaId,det.areaName,det.productName,det.ecTotal,det.numTotal,
        (det.ecTotal-det.lastDayCount) as ecPutCount
        from (select A.stat_date operDate,
                    A.main_prod_code as productCode,
                    EN.area_id as areaId,
                    (select area_name from areas where area_id=EN.area_id) as areaName,
                    min(main_prod_name) as productName,
                    count(distinct A.ec_code) as ecTotal,
                    sum(A.total_sim_count) as numTotal,
                    (select count(distinct t1.ec_code)
                    from RPT_EC_MAIN_PROD_STAT_DD t1
                    left join ENTERPRISE_CUSTOMER t2
                    on t1.ec_code=t2.ec_code
                    where stat_date=to_char(trunc(to_date(A.stat_date,'yyyy-mm-dd')-1),'yyyy-mm-dd')
                    and main_prod_code=A.main_prod_code
                    and t2.area_id=EN.area_id) AS lastDayCount
            from RPT_EC_MAIN_PROD_STAT_DD A
            left join ENTERPRISE_CUSTOMER EN
            on A.ec_code=EN.ec_code
			where en.ec_name is not null
			<if test="productCode != null and productCode != ''">
				and A.main_prod_code = 'AppendAttr.'||#{productCode}
			</if>
			<if test="beginTime != null and beginTime != ''">
				AND A.stat_date <![CDATA[ >= ]]>  #{beginTime}
			</if>
			<if test="endTime != null and endTime != ''">
				AND A.stat_date <![CDATA[ <= ]]> #{endTime}
			</if>
			<if test="areaId != null and areaId != ''">
				AND en.area_id = #{areaId}
			</if>
			group by A.stat_date,EN.area_id,A.main_prod_code) det
			order by operDate desc,areaId asc
			<include refid="pageSqlEnd"/>
	</select>
	
	<select id="findRangeProductConutByDay" resultType="int">
		select count(1) from
		(
			select A.operDate,B.area_id areaId,B.area_name areaName,A.productCode,A.productName
			from (
			        select e.ecCode,e.operDate,main.productCode,main.productName from 
			        (
			            select EC_CODE as ecCode,PACKAGE_CODE as packageCode,to_char(START_DATE,'YYYY-MM-DD') as operDate
			                from M2M_GRPMEM 
			                where STATE = 'ENABLED'
			                and PACKAGE_CODE in
			                (
			                        select distinct(pkgCode) from (
			                                select distinct(FROM_CODE) as pkgCode from group_rel where relation = 'putaway' and code_type = 'atomic'and state = 'ENABLED'
			                                union all
			                                select distinct(package_code) as pkgCode from service_pkg 
			                                where product_code in(
			                                        select distinct(FROM_CODE) from group_rel where relation = 'putaway' and code_type = 'fujia' and state = 'ENABLED'
			                                )
			                        )
			                ) group by EC_CODE,PACKAGE_CODE,to_char(START_DATE,'YYYY-MM-DD')
			        ) e
			        left join 
			        (
			          select distinct t.packageCode,t.TO_CODE as productCode,p.PRODUCT_NAME as productName from (
			                select FROM_CODE as packageCode,TO_CODE from group_rel where relation = 'putaway' and CODE_TYPE = 'atomic' and STATE = 'ENABLED'
			                union all
			                select s.PACKAGE_CODE as packageCode ,TO_CODE from group_rel g 
			                left join service_pkg s
			                on s.PRODUCT_CODE = g.FROM_CODE
			                where g.relation = 'putaway' and g.CODE_TYPE = 'fujia' and g.STATE = 'ENABLED' 
			                ) t
			                left join  product_suites p 
			                on t.TO_CODE = p.PRODUCT_CODE
			                where p.TYPE = 0 and p.STATE = 'ENABLED' 
			        ) main
			        on main.packageCode = e.packageCode
			        group by ecCode,operDate,productCode,productName
			)A left join ENTERPRISE_CUSTOMER en
			on en.ec_code = A.ecCode
			left join areas B
			on B.area_id = en.area_id
			where en.ec_name is not null and B.area_id not in 1
			<if test="productCode != null and productCode != ''">
				and A.productCode = #{productCode} 
			</if>
			<if test="beginTime != null and beginTime != ''">
				AND A.operDate <![CDATA[ >= ]]>  #{beginTime}
			</if>
			<if test="endTime != null and endTime != ''">
				AND to_date(A.operDate,'YYYY-MM-DD') <![CDATA[ <= ]]>  TO_DATE(#{endTime},'YYYY-MM-DD') 
			</if>
			group by A.operDate,B.area_id,B.area_name,A.productCode,A.productName
			union all
			select A.operDate, 1 as areaId, '广东省' as areaName, A.productCode, A.productName
			from (
			        select e.ecCode,e.operDate,main.productCode,main.productName from 
			        (
			            select EC_CODE as ecCode,PACKAGE_CODE as packageCode,to_char(START_DATE,'YYYY-MM-DD') as operDate
			                from M2M_GRPMEM 
			                where STATE = 'ENABLED'
			                and PACKAGE_CODE in
			                (
			                        select distinct(pkgCode) from (
			                                select distinct(FROM_CODE) as pkgCode from group_rel where relation = 'putaway' and code_type = 'atomic'and state = 'ENABLED'
			                                union all
			                                select distinct(package_code) as pkgCode from service_pkg 
			                                where product_code in(
			                                        select distinct(FROM_CODE) from group_rel where relation = 'putaway' and code_type = 'fujia' and state = 'ENABLED'
			                                )
			                        )
			                ) group by EC_CODE,PACKAGE_CODE,to_char(START_DATE,'YYYY-MM-DD')
			        ) e
			        left join 
			        (
			          select distinct t.packageCode,t.TO_CODE as productCode,p.PRODUCT_NAME as productName from (
			                select FROM_CODE as packageCode,TO_CODE from group_rel where relation = 'putaway' and CODE_TYPE = 'atomic' and STATE = 'ENABLED'
			                union all
			                select s.PACKAGE_CODE as packageCode ,TO_CODE from group_rel g 
			                left join service_pkg s
			                on s.PRODUCT_CODE = g.FROM_CODE
			                where g.relation = 'putaway' and g.CODE_TYPE = 'fujia' and g.STATE = 'ENABLED' 
			                ) t
			                left join  product_suites p 
			                on t.TO_CODE = p.PRODUCT_CODE
			                where p.TYPE = 0 and p.STATE = 'ENABLED' 
			        ) main
			        on main.packageCode = e.packageCode
			        group by ecCode,operDate,productCode,productName
			)A left join ENTERPRISE_CUSTOMER en
			on en.ec_code = A.ecCode
			where en.ec_name is not null
			<if test="productCode != null and productCode != ''">
				and A.productCode = #{productCode} 
			</if>
			<if test="beginTime != null and beginTime != ''">
				AND A.operDate <![CDATA[ >= ]]>  #{beginTime}
			</if>
			<if test="endTime != null and endTime != ''">
				AND to_date(A.operDate,'YYYY-MM-DD') <![CDATA[ <= ]]>  TO_DATE(#{endTime},'YYYY-MM-DD') 
			</if>
			group by A.operDate,A.productCode,A.productName
			)where 1=1
			<if test="areaId != null and areaId != ''">
				and areaId = #{areaId} 
			</if>
	</select>
	
	
	<select id="findRangeProductOtherByDay" resultType="ProductStatistics">
		select 
			(
				select count(distinct EC_CODE)  from M2M_GRPMEM where STATE = 'ENABLED' 
				<if test="operDate != null and operDate != ''">
					and to_char(START_DATE,'yyyy-mm-dd') <![CDATA[ <= ]]> #{operDate}
				</if>
				and PACKAGE_CODE in (
				        select distinct(pkgCode) from (
				                select distinct(FROM_CODE) as pkgCode from group_rel where relation = 'putaway' and code_type = 'atomic'and state = 'ENABLED'
				                <if test="productCode != null and productCode != ''">
									and TO_CODE = #{productCode}
								</if>
				                union all
				                select distinct(package_code) as pkgCode from service_pkg 
				                where product_code in(
				                        select distinct(FROM_CODE) from group_rel where relation = 'putaway' and code_type = 'fujia' and state = 'ENABLED'
				                        <if test="productCode != null and productCode != ''">
											and TO_CODE = #{productCode}
										</if>
				                )
				        )
				) 
				and EC_CODE in(
				        select distinct EC_CODE from ENTERPRISE_CUSTOMER where STATE = 'ENABLED'
				        <if test="areaId != null and areaId != '' and areaId != 1">
							and area_id = #{areaId}
						</if>
				)
			) as ecTotal,
			(
				select count(distinct EC_CODE) from (
			        select EC_CODE,to_char(min(START_DATE),'yyyy-mm-dd') as operDate from M2M_GRPMEM where 1=1
			        and PACKAGE_CODE in (
			                select distinct(pkgCode) from (
			                        select distinct(FROM_CODE) as pkgCode from group_rel where relation = 'putaway' and code_type = 'atomic'and state = 'ENABLED'
			                        <if test="productCode != null and productCode != ''">
										and TO_CODE = #{productCode}
									</if>
			                        union all
			                        select distinct(package_code) as pkgCode from service_pkg 
			                        where product_code in(
			                                select distinct(FROM_CODE) from group_rel where relation = 'putaway' and code_type = 'fujia' and state = 'ENABLED'
			                                <if test="productCode != null and productCode != ''">
												and TO_CODE = #{productCode}
											</if>
			                        )
			                )
			        ) 
			        and EC_CODE in(
			                select distinct EC_CODE from ENTERPRISE_CUSTOMER where  STATE = 'ENABLED'
			                <if test="areaId != null and areaId != '' and areaId != 1">
								and area_id = #{areaId}
							</if>
			        )
			        group by EC_CODE
				) where 1=1
				<if test="operDate != null and operDate != ''">
					and operDate = #{operDate}
				</if>
			)as ecPutCount,
			decode(
				enNum,0,(
					select count(distinct EC_CODE) from (
				        select EC_CODE,to_char(max(START_DATE),'yyyy-mm-dd') as operDate from M2M_GRPMEM where STATE = 'DISABLED' 
				        and PACKAGE_CODE in (
				                select distinct(pkgCode) from (
				                        select distinct(FROM_CODE) as pkgCode from group_rel where relation = 'putaway' and code_type = 'atomic'and state = 'ENABLED'
				                        <if test="productCode != null and productCode != ''">
											and TO_CODE = #{productCode}
										</if>
				                        union all
				                        select distinct(package_code) as pkgCode from service_pkg 
				                        where product_code in(
				                                select distinct(FROM_CODE) from group_rel where relation = 'putaway' and code_type = 'fujia' and state = 'ENABLED'
				                                <if test="productCode != null and productCode != ''">
													and TO_CODE = #{productCode}
												</if> 
				                        )
				                )
				        ) 
				        and EC_CODE in(
				                select distinct EC_CODE from ENTERPRISE_CUSTOMER where STATE = 'ENABLED'
				                <if test="areaId != null and areaId != '' and areaId != 1">
									and area_id = #{areaId}
								</if>
				        )
				        group by EC_CODE
					) where 1=1
					<if test="operDate != null and operDate != ''">
						and operDate = #{operDate}
					</if>
				)
			,0)as ecOutCount,
			(
				select count(distinct MSISDN) from M2M_GRPMEM where STATE = 'ENABLED' 
				<if test="operDate != null and operDate != ''">
					and to_char(START_DATE,'yyyy-mm-dd') <![CDATA[ <= ]]> #{operDate}
				</if>
				and PACKAGE_CODE in (
				        select distinct(pkgCode) from (
				                select distinct(FROM_CODE) as pkgCode from group_rel where relation = 'putaway' and code_type = 'atomic'and state = 'ENABLED'
				                 <if test="productCode != null and productCode != ''">
									and TO_CODE = #{productCode}
								</if>
				                union all
				                select distinct(package_code) as pkgCode from service_pkg 
				                where product_code in(
				                        select distinct(FROM_CODE) from group_rel where relation = 'putaway' and code_type = 'fujia' and state = 'ENABLED'
				                         <if test="productCode != null and productCode != ''">
											and TO_CODE = #{productCode}
										 </if>
				                )
				        )
				) 
				and EC_CODE in(
				        select distinct EC_CODE from ENTERPRISE_CUSTOMER where STATE = 'ENABLED'
				        <if test="areaId != null and areaId != '' and areaId != 1">
							and area_id = #{areaId}
						</if>
				)
			)as numTotal
		from 
		(
	     select count(distinct MSISDN) enNum from M2M_GRPMEM where STATE = 'ENABLED'
                and EC_CODE in(
                                select distinct EC_CODE from ENTERPRISE_CUSTOMER where area_id = 26 and STATE = 'ENABLED' and state in  'ENABLED'
                                <if test="areaId != null and areaId != '' and areaId != 1">
									and area_id = #{areaId}
								</if>
                        )
                and PACKAGE_CODE in (
                                select distinct(pkgCode) from (
                                        select distinct(FROM_CODE) as pkgCode from group_rel where relation = 'putaway' and code_type = 'atomic'and state = 'ENABLED'
                                        <if test="productCode != null and productCode != ''">
											and TO_CODE = #{productCode}
										</if>
                                        union all
                                        select distinct(package_code) as pkgCode from service_pkg 
                                        where product_code in(
                                                select distinct(FROM_CODE) from group_rel where relation = 'putaway' and code_type = 'fujia' and state = 'ENABLED'
                                                <if test="productCode != null and productCode != ''">
													and TO_CODE = #{productCode}
												</if> 
                                        )
                                )
                        )
                 <if test="operDate != null and operDate != ''">
					and to_char(START_DATE,'yyyy-mm') <![CDATA[ <= ]]> #{operDate}
				 </if>  
        )
	</select>
	
	
</mapper>