<?xml version="1.0" encoding="UTF-8" ?>
<!DOCTYPE mapper PUBLIC "-//mybatis.org//DTD Mapper 3.0//EN" "http://mybatis.org/dtd/mybatis-3-mapper.dtd">
<mapper namespace="com.hvgroup.modules.state.dao.RealNameAuthLogDao">

	<sql id="pageSqlStart">
        <if test="pageInfo.pageNo != null and pageInfo.pageNo != ''">
        
        select * from
            (
             select a.*, rownum rn from 
                (
        </if>
    </sql>
    <!-- 分页SQL语句结尾语句 -->
    <sql id="pageSqlEnd">
        <if test="pageInfo.pageSize != null and pageInfo.pageSize !=''">
                ) a
             where rownum <![CDATA[<=]]> #{pageInfo.pageNo}*#{pageInfo.pageSize}
            )
        where rn > (#{pageInfo.pageNo}-1)*#{pageInfo.pageSize}
        </if>
    </sql>
 
 	<select id="findPage" resultType="RealNameAuthLog">
 		<include refid="pageSqlStart"/>
		   select cr.msisdn as msisdn,
			       cr.phone as phone,
			       (case
			         when cr.flag = '0' then
			          '无运营模式'
			         when cr.flag = '1' then
			          'B运营C-主动实名'
			         when cr.flag = '2' then
			          '移动运营C-主动实名'
			         when cr.flag = '3' then
			          'B运营C-被动实名'
			         when cr.flag = '4' then
			          '移动运营C-被动实名'
			          when cr.flag = '5' then
			          'BBC-定向语音非个人实名'
			         else
			          '取消运营模式'
			       end) as flag,
			       (case
			         when cr.reg_status = '0' then
			          '实名失败'
			         when cr.reg_status = '1' then
			          '已实名'
			         else
			          '未实名'
			       end) as regStatus,
			       cr.data_source as dataSource,
			       error_msg as errorMsg,
			       (case
			         when exists (select 1 from num_route where msisdn = cr.msisdn) then
			          '否'
			         else
			          '是'
			       end) as isCancel
			  from CONTACT_REF cr 
			 where 1=1 
			 <if test="msisdn != null and msisdn != ''">
				and cr.msisdn like ''||#{msisdn}||'%'
			</if>
			<if test="flag != null and flag != ''">
				and cr.flag = #{flag}
			</if>		    	
     		<if test="phone != null and phone != ''">
				and cr.phone = #{phone}
			</if>
			<if test="regStatus != null and regStatus != ''">
				and cr.reg_status = #{regStatus}
			</if>
		<include refid="pageSqlEnd"/>
 	</select>
 	
 	<select id="findCount" resultType="java.lang.Long">
		select count(1) from CONTACT_REF where 1=1
		<if test="msisdn != null and msisdn != ''">
				and msisdn like ''||#{msisdn}||'%'
			</if>
			<if test="flag != null and flag != ''">
				and flag = #{flag}
			</if>		    	
     		<if test="phone != null and phone != ''">
				and phone = #{phone}
			</if>
			<if test="regStatus != null and regStatus != ''">
				and reg_status = #{regStatus}
			</if>
	</select>
		
</mapper>