<?xml version="1.0" encoding="UTF-8"?>
<!DOCTYPE mapper PUBLIC "-//mybatis.org//DTD Mapper 3.0//EN" "http://mybatis.org/dtd/mybatis-3-mapper.dtd">
<mapper namespace="com.hvgroup.modules.state.dao.RefinementAnalyseStatDao">
	<sql id="pageSqlStart">
        <if test="pageInfo.pageNo != null and pageInfo.pageNo != ''">
        
        select * from
            (
             select a.*, rownum rn from 
                (
        </if>
    </sql>
    <!-- 分页SQL语句结尾语句 -->
    <sql id="pageSqlEnd">
        <if test="pageInfo.pageSize != null and pageInfo.pageSize !=''">
                ) a
             where rownum <![CDATA[<=]]> #{pageInfo.pageNo}*#{pageInfo.pageSize}
            )
        where rn > (#{pageInfo.pageNo}-1)*#{pageInfo.pageSize}
        </if>
    </sql>	
    
    <sql id="filterConditions">
    	<if test="flag!=null and flag!=''">
    		and 
    		<choose>
    		<when test='flag=="pkgTypeMarketNum"'>t.PKG_TYPE_MARKET_NUM<![CDATA[>]]>0</when>
    		<when test='flag=="pkgTypeRepayNum"'>t.PKG_TYPE_REPAY_NUM<![CDATA[>]]>0</when>
    		<when test='flag=="pkgTypeRefuelNum"'>t.PKG_TYPE_REFUEL_NUM<![CDATA[>]]>0</when>
    		
    		<when test='flag=="flowRegionLowNum"'>t.FLOW_REGION_LOW_NUM<![CDATA[>]]>0</when>
    		<when test='flag=="flowRegionMiddleNum"'>t.FLOW_REGION_MIDDLE_NUM<![CDATA[>]]>0</when>
    		<when test='flag=="flowRegionHighNum"'>t.FLOW_REGION_HIGH_NUM<![CDATA[>]]>0</when>
    		
    		<when test='flag=="voiceRegionLowNum"'>t.VOICE_REGION_LOW_NUM<![CDATA[>]]>0</when>
    		<when test='flag=="voiceRegionMiddleNum"'>t.VOICE_REGION_MIDDLE_NUM<![CDATA[>]]>0</when>
    		<when test='flag=="voiceRegionHighNum"'>t.VOICE_REGION_HIGH_NUM<![CDATA[>]]>0</when>
    		
    		<when test='flag=="riskUseLowNum"'>t.ROAM_REGION_LOW_NUM<![CDATA[>]]>0</when>
    		<when test='flag=="riskUseMiddleNum"'>t.ROAM_REGION_MIDDLE_NUM<![CDATA[>]]>0</when>
    		<when test='flag=="riskUseHighNum"'>t.ROAM_REGION_HIGH_NUM<![CDATA[>]]>0</when>
    		
    		<otherwise>1=1</otherwise>
    	</choose>
    	</if>
    	
    </sql>
	
	<!-- 地市展示 -->
	<select id="findCitiesById" resultType="com.hvgroup.modules.state.entity.RefinementAnalyseEntity">
		select t.area_id,t.area_name from areas t
		where t.area_level = 2
		<if test="areaId !=null and areaId != ''">
			and t.area_id = #{areaId}
		</if>
		<if test="parentId != null and parentId !='' ">
			and t.parent_area_id = #{parentId}
		</if>
	</select>
	
	<sql id="bigFlowFlag">
		<if test="flag!=null and flag!='' ">
			<if test='flag=="1"'>
				and t.aount_flow <![CDATA[<]]> 800
			</if>
			<if test='flag=="2"'>
				and t.aount_flow <![CDATA[<]]> 1000 and t.aount_flow <![CDATA[>=]]> 800
			</if>
			<if test='flag=="3"'>
				and t.aount_flow <![CDATA[>=]]> 1000
			</if>
		</if>
	</sql>
	
	<sql id="bigVoiceFlag">
		<if test="flag!=null and flag!='' ">
			<if test='flag=="1"'>
				and t.aount_voice <![CDATA[<]]> 100
			</if>
			<if test='flag=="2"'>
				and t.aount_voice <![CDATA[<]]> 500 and t.aount_voice <![CDATA[>=]]> 100
			</if>
			<if test='flag=="3"'>
				and t.aount_voice <![CDATA[>=]]> 500
			</if>
		</if>
	</sql>
	
	<!-- ======================以下使用地维度查询================= -->
	<!-- 精细化分析 地市维度记录数 -->
	<select id="queryAreaRefinementCount" resultType="java.lang.Integer">
		select count(1) from MONITOR_AP_REFINE_AREA t
	</select>
	
	<!-- 精细化分析 使用地 地市维度分页数据 -->
	<select id="queryAreaRefinementList" resultType="com.hvgroup.modules.state.entity.RefinementAnalyseEntity">
		<include refid="pageSqlStart"/>
		select t.*
		from MONITOR_AP_REFINE_AREA t
		<include refid="pageSqlEnd"/>
	</select>
	
	<!-- 精细化分 使用地 集团维度记录数(通过地市编码areaCode查询) -->
	<select id="queryEcRefinementCount" resultType="java.lang.Integer">
		select count(1) from monitor_ap_refine_ec t
		where t.area_code = #{areaCode}
		<if test="ecCode !=null and ecCode !='' ">
			and t.ec_code = #{ecCode}
		</if>
		<include refid="filterConditions"/>
	</select>
	
	<!-- 精细化分析 使用地 集团维度分页数据(通过地市编码areaCode查询) -->
	<select id="queryEcRefinementList" resultType="com.hvgroup.modules.state.entity.RefinementAnalyseEcEntity">
		<include refid="pageSqlStart"/>
		select t.* from monitor_ap_refine_ec t
		where t.area_code = #{areaCode}
		<if test="ecCode !=null and ecCode !='' ">
			and t.ec_code = #{ecCode}
		</if>
		<include refid="filterConditions"/>
		<include refid="pageSqlEnd"/>
	</select>
	
	<!-- 精细化分析 号码套餐维度记录数 -->
	<select id="queryMsisdnPackageCount" resultType="java.lang.Integer">
		select count(1) from monitor_refine_ec_pkg t
		where t.ec_code = #{ecCode}
		and t.pkg_type = #{pkgType}
		<if test="msisdn !=null and msisdn !='' ">
			and t.msisdn = #{msisdn}
		</if>
	</select>
	
	<!-- 精细化分析 号码套餐维度分页数据(通过集团编码ecCode查询) -->
	<select id="queryMsisdnPackageList" resultType="com.hvgroup.modules.state.entity.RefinementAnalysePackageEntity">
		<include refid="pageSqlStart"/>
		select t.*,ec.ec_name from monitor_refine_ec_pkg t,enterprise_customer ec
		where t.ec_code = #{ecCode}
		and t.ec_code = ec.ec_code
		and t.pkg_type = #{pkgType}
		<if test="msisdn !=null and msisdn !='' ">
			and t.msisdn = #{msisdn}
		</if>
		<include refid="pageSqlEnd"/>
	</select>
	
	<!-- 精细化分析 使用地 号码漫游风险记录数 -->
	<select id="queryRoamingRiskCount" resultType="java.lang.Integer">
		select count(1) from monitor_ap_refine_ec_roam t
		where t.ec_code = #{ecCode}
		and t.area_code = #{areaCode}
		<if test="msisdn !=null and msisdn !='' ">
			and t.msisdn = #{msisdn}
		</if>
		<if test="riskLevel !=null and riskLevel !='' ">
			and t.RISK_LEVEL = #{riskLevel}
		</if>
	</select>
	
	<!-- 精细化分析 使用地 号码漫游风险分页数据(通过集团编码ecCode查询) -->
	<select id="queryRoamingRiskList" resultType="com.hvgroup.modules.state.entity.RefinementAnalyseRoamEntity">
		<include refid="pageSqlStart"/>
		select t.*,ec.ec_name from monitor_ap_refine_ec_roam t ,enterprise_customer ec
		where t.ec_code = #{ecCode}
		and t.ec_code = ec.ec_code
		and t.area_code = #{areaCode}
		<if test="msisdn !=null and msisdn !='' ">
			and t.msisdn = #{msisdn}
		</if>
		<if test="riskLevel !=null and riskLevel !='' ">
			and t.RISK_LEVEL = #{riskLevel}
		</if>
		<include refid="pageSqlEnd"/>
	</select>
	
	<select id="exportData" resultType="java.util.Map">
		select t.msisdn MSISDN,t.ec_code ECCODE,ec.ec_name ECNAME,decode(m.life_cycle,
		'TEST','测试期',
		'SILENT','沉默期',
		'NORMAL','正使用',
		'STOP','停机',
		'PRECLOSE','预约销户',
		'CANCEL','销户',
		'STOCK','库存期',
		'OTHERS','其他',
		'-'
		) LIFECYCLE,t.aount_flow AOUNTFLOW,
		t.aount_voice AOUNTVOICE,wm_concat(pkg.package_name) packageName from monitor_refine_ec_roam t
		left join m2m_person m on m.msisdn = t.msisdn
		left join enterprise_customer ec on ec.ec_code = t.ec_code
		left join monitor_refine_ec_pkg pkg on pkg.msisdn = t.msisdn
		join areas a on a.area_code = t.area_code
		where 1=1
		<if test="areaId != null and areaId != '' ">
			and a.area_id = #{areaId}
		</if>
		<if test="lifeCycle !=null and lifeCycle !='' ">
			and m.life_cycle = #{lifeCycle}
		</if>
		<if test="aountFlow !=null and aountFlow !='' ">
			<if test="aountFlow == '1'">
				and t.aount_flow <![CDATA[ >= ]]> 300 and t.aount_flow <![CDATA[ < ]]> 500
			</if>
			<if test="aountFlow == '2'">
				and t.aount_flow <![CDATA[ >= ]]> 500 and t.aount_flow <![CDATA[ < ]]> 1000
			</if>
			<if test="aountFlow == '3'">
				and t.aount_flow <![CDATA[ >= ]]> 1000
			</if>
		</if>
		<if test="aountVoice !=null and aountVoice!= '' ">
			<if test="aountVoice == '1' ">
				and t.aount_voice <![CDATA[ >= ]]> 50 and t.aount_voice <![CDATA[ < ]]> 100
			</if>
			<if test="aountVoice == '2' ">
				and t.aount_voice <![CDATA[ >= ]]> 100 and t.aount_voice <![CDATA[ < ]]> 500
			</if>
			<if test="aountVoice == '3' ">
				and t.aount_voice <![CDATA[ >= ]]> 500 
			</if>
		</if>
		<if test="risk !=null and risk != '' ">
			and t.risk_level = #{risk}
		</if>
		<if test="pkgType !=null and pkgType != '' ">
			and pkg.pkg_type = #{pkgType}
		</if>
		group by t.msisdn,t.ec_code,ec.ec_name,m.life_cycle,t.aount_flow,t.aount_voice,t.aount_flow
	</select>
	
	<!-- 大流量用户号码详情记录数(使用地) -->
	<select id="queryBigFlowMsisdnListCount" resultType="java.lang.Integer">
		select count(1) from monitor_ap_refine_ec_roam t 
		where t.ec_code = #{ecCode}
		<if test="areaCode!=null and areaCode!='' ">
			and t.area_code = #{areaCode}
		</if>
		<if test="msisdn !=null and msisdn !='' ">
			and t.msisdn = #{msisdn}
		</if>
		<include refid="bigFlowFlag"/><!-- 流量用量区间筛选 -->
	</select>
	<!-- 大流量用户号码详情分页数据(使用地) -->
	<select id="queryBigFlowMsisdnList" resultType="com.hvgroup.modules.state.entity.RefinementAnalyseRoamEntity">
		<include refid="pageSqlStart"/>
		select t.* from monitor_ap_refine_ec_roam t 
		where t.ec_code = #{ecCode}
		<if test="areaCode!=null and areaCode!='' ">
			and t.area_code = #{areaCode}
		</if>
		<if test="msisdn !=null and msisdn !='' ">
			and t.msisdn = #{msisdn}
		</if>
		<include refid="bigFlowFlag"/><!-- 流量用量区间筛选 -->
		<include refid="pageSqlEnd"/>
	</select>
	
	<!-- 大语音用量号码详情记录数(使用地) -->
	<select id="queryBigVoiceMsisdnListCount" resultType="java.lang.Integer">
		select count(1) from monitor_ap_refine_ec_roam t 
		where t.ec_code = #{ecCode}
		<if test="areaCode!=null and areaCode!='' ">
			and t.area_code = #{areaCode}
		</if>
		<if test="msisdn !=null and msisdn !='' ">
			and t.msisdn = #{msisdn}
		</if>
		<include refid="bigVoiceFlag"/><!-- 语音用量区间筛选 -->
	</select>
	<!-- 大语音用户号码详情分页数据(使用地) -->
	<select id="queryBigVoiceMsisdnList" resultType="com.hvgroup.modules.state.entity.RefinementAnalyseRoamEntity">
		<include refid="pageSqlStart"/>
		select t.* from monitor_ap_refine_ec_roam t 
		where t.ec_code = #{ecCode}
		<if test="areaCode!=null and areaCode!='' ">
			and t.area_code = #{areaCode}
		</if>
		<if test="msisdn !=null and msisdn !='' ">
			and t.msisdn = #{msisdn}
		</if>
		<include refid="bigVoiceFlag"/><!-- 语音用量区间筛选 -->
		<include refid="pageSqlEnd"/>
	</select>
	
	
	
	<!-- ================以下归属地维度查询================= -->
	<!-- 精细化分析 归属地 地市维度记录数 -->
	<select id="queryAscriptionCount" resultType="java.lang.Integer">
		select count(1) from monitor_refine_area t,areas a
		where t.area_code=a.area_code 
		<if test="areaId !=null and areaId !='' ">
			and a.area_id = #{areaId}
		</if>
	</select>
	
	<!-- 精细化分析 归属地 地市维度分页数据 -->
	<select id="queryAscriptionList" resultType="com.hvgroup.modules.state.entity.RefinementAnalyseEntity">
		<include refid="pageSqlStart"/>
		select t.*,(select ar.area_name from areas ar where ar.area_id = a.parent_area_id) province
		from monitor_refine_area t,areas a
		where t.area_code=a.area_code 
		<if test="areaId !=null and areaId !='' ">
			and a.area_id = #{areaId}
		</if>
		<include refid="pageSqlEnd"/>
	</select>
	
	<!-- 精细化分 归属地 集团维度记录数(通过地市编码areaCode查询) -->
	<select id="queryAscriptionEcRefinementCount" resultType="java.lang.Integer">
		select count(1) from monitor_refine_ec t
		where t.area_code = #{areaCode}
		<if test="ecCode !=null and ecCode !='' ">
			and t.ec_code = #{ecCode}
		</if>
		<include refid="filterConditions"/>
	</select>
	
	<!-- 精细化分析 归属地 集团维度分页数据(通过地市编码areaCode查询) -->
	<select id="queryAscriptionEcRefinementList" resultType="com.hvgroup.modules.state.entity.RefinementAnalyseAscriptionEcEntity">
		<include refid="pageSqlStart"/>
		select t.* from monitor_refine_ec t
		where t.area_code = #{areaCode}
		<if test="ecCode !=null and ecCode !='' ">
			and t.ec_code = #{ecCode}
		</if>
		<include refid="filterConditions"/>
		<include refid="pageSqlEnd"/>
	</select>
	
	<!-- 大流量用户号码详情记录数(归属地) -->
	<select id="queryBigFlowAscriptionMsisdnListCount" resultType="java.lang.Integer">
		select count(1) from monitor_refine_ec_roam t 
		where t.ec_code = #{ecCode}
		<if test="areaCode!=null and areaCode!='' ">
			and t.area_code = #{areaCode}
		</if>
		<if test="msisdn !=null and msisdn !='' ">
			and t.msisdn = #{msisdn}
		</if>
		<include refid="bigFlowFlag"/><!-- 流量用量区间筛选 -->
	</select>
	<!-- 大流量用户号码详情分页数据(归属地) -->
	<select id="queryBigFlowAscriptionMsisdnList" resultType="com.hvgroup.modules.state.entity.RefinementAnalyseRoamEntity">
		<include refid="pageSqlStart"/>
		select t.* from monitor_refine_ec_roam t 
		where t.ec_code = #{ecCode}
		<if test="areaCode!=null and areaCode!='' ">
			and t.area_code = #{areaCode}
		</if>
		<if test="msisdn !=null and msisdn !='' ">
			and t.msisdn = #{msisdn}
		</if>
		<include refid="bigFlowFlag"/><!-- 流量用量区间筛选 -->
		<include refid="pageSqlEnd"/>
	</select>
	
	<!-- 大语音用量号码详情记录数(归属地) -->
	<select id="queryBigVoiceAscriptionMsisdnListCount" resultType="java.lang.Integer">
		select count(1) from monitor_refine_ec_roam t 
		where t.ec_code = #{ecCode}
		<if test="areaCode!=null and areaCode!='' ">
			and t.area_code = #{areaCode}
		</if>
		<if test="msisdn !=null and msisdn !='' ">
			and t.msisdn = #{msisdn}
		</if>
		<include refid="bigVoiceFlag"/><!-- 语音用量区间筛选 -->
	</select>
	<!-- 大语音用户号码详情分页数据(归属地) -->
	<select id="queryBigVoiceAscriptionMsisdnList" resultType="com.hvgroup.modules.state.entity.RefinementAnalyseRoamEntity">
		<include refid="pageSqlStart"/>
		select t.* from monitor_refine_ec_roam t 
		where t.ec_code = #{ecCode}
		<if test="areaCode!=null and areaCode!='' ">
			and t.area_code = #{areaCode}
		</if>
		<if test="msisdn !=null and msisdn !='' ">
			and t.msisdn = #{msisdn}
		</if>
		<include refid="bigVoiceFlag"/><!-- 语音用量区间筛选 -->
		<include refid="pageSqlEnd"/>
	</select>
	
	<!-- 精细化分析 归属地 号码漫游风险记录数 -->
	<select id="queryAscriptionRoamingRiskCount" resultType="java.lang.Integer">
		select count(1) from monitor_refine_ec_roam t
		where t.ec_code = #{ecCode}
		<if test="areaCode!=null and areaCode!='' ">
			and t.area_code = #{areaCode}
		</if>
		<if test="msisdn !=null and msisdn !='' ">
			and t.msisdn = #{msisdn}
		</if>
		<if test="riskLevel !=null and riskLevel !='' ">
			and t.RISK_LEVEL = #{riskLevel}
		</if>
	</select>
	
	<!-- 精细化分析 归属地 号码漫游风险分页数据(通过集团编码ecCode查询) -->
	<select id="queryAscriptionRoamingRiskList" resultType="com.hvgroup.modules.state.entity.RefinementAnalyseRoamEntity">
		<include refid="pageSqlStart"/>
		select t.*,ec.ec_name from monitor_refine_ec_roam t ,enterprise_customer ec
		where t.ec_code = #{ecCode}
		and t.ec_code = ec.ec_code
		<if test="areaCode!=null and areaCode!='' ">
			and t.area_code = #{areaCode}
		</if>
		<if test="msisdn !=null and msisdn !='' ">
			and t.msisdn = #{msisdn}
		</if>
		<if test="riskLevel !=null and riskLevel !='' ">
			and t.RISK_LEVEL = #{riskLevel}
		</if>
		<include refid="pageSqlEnd"/>
	</select>

	
	

</mapper>