<?xml version="1.0" encoding="UTF-8" ?>
<!DOCTYPE mapper PUBLIC "-//mybatis.org//DTD Mapper 3.0//EN" "http://mybatis.org/dtd/mybatis-3-mapper.dtd">
<mapper namespace="com.hvgroup.modules.state.dao.RptFlowMonthState500Dao">

<select id="findList" resultType="com.hvgroup.modules.state.entity.RptFlowMonthState500">
	SELECT 
		a.STAT_MONTH AS "statMonth",
		a.AREA_NAME AS "areaName",
		a.AREA_ID AS "areaId",
		a.MSISDN AS "msisdn",
		a.EC_CODE AS "ecCode",
		a.EC_NAME AS "ecName",
		a.MAIN_PACKAGE_CODE AS "mainPackage.code",
		a.FLOW_TOTAL AS "flowTotal",
		(select 
		       max(substr(pct.main_prod_name,1,instr(pct.main_prod_name, '(', -1) - 1)) name
		  from prod_card_type pct where a.MAIN_PACKAGE_CODE in(decode(pct.prod_type,'EC','AppendAttr.'||pct.main_prod_id,'PER',pct.main_prod_id))
		 group by pct.card_type
		 ) AS "mainPackage.name"
	FROM RPT_FLOW_MONTH_STATE_500<if test='dbConnectionMode =="1" '>@IOTLINK_ST</if> a 
	WHERE 1=1
	<if test="beginMonth != null and beginMonth != ''">
		 AND <![CDATA[ a.STAT_MONTH >= #{beginMonth}]]> 
	</if>
	<if test="endMonth != null and endMonth != ''">
		 AND <![CDATA[ a.STAT_MONTH <= #{endMonth}]]> 
	</if>
	<if test="areaId != null and areaId != 1">
		 AND a.AREA_ID = #{areaId} 
	</if>
	<if test="areaId == 1">
		 AND a.AREA_ID IS NOT NULL 
	</if>
	<if test="msisdn != null and msisdn != ''">
		 AND a.MSISDN like '%'||#{msisdn}||'%'
	</if>
	<if test="ecCode != null and ecCode != ''">
		 AND a.EC_CODE = #{ecCode} 
	</if>
	<if test="mainPackage != null and mainPackage.code != null and mainPackage.code != '' and mainPackage.code != '-1' and mainPackage.code != '-2'">
		 AND a.MAIN_PACKAGE_CODE in(
		 	select decode(pct.prod_type,'EC','AppendAttr.'||pct.main_prod_id,'PER',pct.main_prod_id)
	               		from prod_card_type pct where 1=1 and pct.card_type = #{mainPackage.code}
		 )
	</if>
	ORDER BY a.STAT_MONTH desc,a.AREA_ID desc
	
</select>


</mapper>