<?xml version="1.0" encoding="UTF-8" ?>
<!DOCTYPE mapper PUBLIC "-//mybatis.org//DTD Mapper 3.0//EN" "http://mybatis.org/dtd/mybatis-3-mapper.dtd">
<mapper namespace="com.hvgroup.modules.state.dao.ShareInfoDao">
	
	<select id="queryShare" resultType="ShareInfo">
		 select
        fm.product_code as prdCode,
        max(fm.apn_name) as apnName,              
        fm.PACKAGE_CODE as pkgCode
        from FLUX_POOL_MEM fm,M2M_PERSON  partition (M2M_PERSON_PARTITION${path}) mp
        where
        fm.msisdn = mp.msisdn
        and mp.state='ENABLED' 
        and fm.ec_code  in(
         select ec_code from   PRO_MEMBER_OPTIONAL_PKG  
         where package_code='I00010300040' and state='ENABLED')
        and fm.EFF_TYPE=0
        and fm.END_DATE  <![CDATA[ > ]]>
        (SYSDATE-1)                
       <if test="ecCode !=null and ecCode!=''">
            and fm.ec_code=#{ecCode}
       </if>
       group by fm.product_code,fm.PACKAGE_CODE
       order by fm.product_code
	</select>
	
	<select id="queryPool" resultType="ShareInfo">
		 select    
      
         fm.product_code as prdCode         
          from 
          FLUX_POOL_MEM fm,M2M_PERSON  partition (M2M_PERSON_PARTITION${path}) mp
          where
          fm.msisdn = mp.msisdn
          and mp.state='ENABLED'
          and fm.EFF_TYPE=0
          and fm.ec_code  in(
          select ec_code from   PRO_MEMBER_OPTIONAL_PKG  
          where package_code in('I00010300045','I00010300046') and state='ENABLED')       
          and fm.END_DATE >(SYSDATE-1)  
     		<if test="ecCode !=null and ecCode!=''">
            	and fm.ec_code=#{ecCode}
      		 </if>
          group by  fm.product_code
          order by fm.product_code
	</select>

</mapper>