<?xml version="1.0" encoding="UTF-8" ?>
<!DOCTYPE mapper PUBLIC "-//mybatis.org//DTD Mapper 3.0//EN" "http://mybatis.org/dtd/mybatis-3-mapper.dtd">
<mapper namespace="com.hvgroup.modules.state.dao.StatApplyBusDao">
	<sql id="pageSqlStart">
        <if test="pageInfo.pageNo != null and pageInfo.pageNo != ''">
        
        select * from
            (
             select a.*, rownum rn from 
                (
        </if>
    </sql>
    <!-- 分页SQL语句结尾语句 -->
    <sql id="pageSqlEnd">
        <if test="pageInfo.pageSize != null and pageInfo.pageSize !=''">
                ) a
             where rownum <![CDATA[<=]]> #{pageInfo.pageNo}*#{pageInfo.pageSize}
            )
        where rn > (#{pageInfo.pageNo}-1)*#{pageInfo.pageSize}
        </if>
    </sql>	
    
    
    
    <select id="findMaxMonth" resultType="string">
    	select max(stat_month) from rep_apply_bus_mm 
    </select>
    
    <select id="findApplyBusList" resultType="com.hvgroup.modules.state.entity.StatApplyBusEc">
    
    	select t.*,ap.package_name,ap.apply_large_type, ap.apply_small_type,ar.area_name,ab.BUSINESS
    		<if test="queryType != null and queryType != '' and queryType == 'ec'">
    			,iot_aes_crypt(ec.ec_name,'2') as ec_name 
    		</if>
    	from (
    	<if test="export == null or export == ''">
			<include refid="pageSqlStart"/>
		</if>
    	select STAT_MONTH,AREA_CODE,PACKAGE_CODE,
    		case when FLAG = '0' then '无运营模式'
    			when FLAG = '1' then 'B运营C'
    			when FLAG = '2' then '移动运营C'
    			when FLAG = '3' then 'B运营C'
    			when FLAG = '4' then '移动运营C'
    			when FLAG = '-1' then '取消运营模式'
   			end as FLAG
    		<if test="queryType != null and queryType != '' and queryType == 'ec'">
    			,ec_code,PRODUCT_CODE,user_count,link_count,increase_count,netincrease_count,act_total_count,
				link_act_count,monthact_count,cancel_total_count,cancel_count,test_count,
				stock_count,normal_count,stop_count,preclose_count,silent_count,act_user_count
    		</if>
    		<if test="queryType != null and queryType != '' and queryType == 'city'">
				,sum(user_count) as userCount,
				sum(link_count) as linkCount,
				sum(increase_count) as increaseCount,
				sum(netincrease_count) as netincreaseCount,
				sum(act_total_count) as actTotalCount,
				sum(link_act_count) as linkActCount,
				sum(monthact_count) as monthactCount,
				sum(cancel_total_count) as cancelTotalCount,
				sum(cancel_count) as cancelCount,
				sum(test_count) as testCount,
				sum(stock_count) as stockCount,
				sum(normal_count) as normalCount,
				sum(stop_count) as stopCount,
				sum(preclose_count) as precloseCount,
				sum(silent_count) as silentCount,
				sum(act_user_count) as actUserCount
    		</if>
    	from rep_apply_bus_mm where stat_month = #{statMonth}
    		<if test="areaCode != null and areaCode != '' ">
    			and area_code = #{areaCode}
    		</if>
    		<if test="packageCode != null and packageCode != '' ">
    			and exists(select 1 from APPLY_PRODUCTS where package_code like '%'||#{packageCode}||'%' or package_name like '%'||#{packageCode}||'%')
    		</if>
    	<if test="queryType != null and queryType != '' and queryType == 'city'">
   			group by STAT_MONTH,AREA_CODE,FLAG,PACKAGE_CODE
   		</if>
    	<if test="export == null or export == ''">
			<include refid="pageSqlEnd"/>
		</if>
		)t left join APPLY_PRODUCTS ap on t.PACKAGE_CODE = ap.PACKAGE_CODE
		left join areas ar on t.AREA_CODE = ar.AREA_CODE
		left join APPLY_BASICLIST ab on t.PACKAGE_CODE = ab.PACKAGE_CODE
		<!-- <if test="business != null and business != '' ">
   			and ab.business = #{business}
   		</if> -->
		<if test="queryType != null and queryType != '' and queryType == 'ec'">
   			left join enterprise_customer ec on t.ec_code = ec.ec_code
   		</if>
    </select>
    
    <select id="findApplyBusCount" resultType="Long">
    	select count(1) from (
	    	select STAT_MONTH,AREA_CODE,PACKAGE_CODE,
    		case when FLAG = '0' then '无运营模式'
    			when FLAG = '1' then 'B运营C'
    			when FLAG = '2' then '移动运营C'
    			when FLAG = '3' then 'B运营C'
    			when FLAG = '4' then '移动运营C'
    			when FLAG = '-1' then '取消运营模式'
   			end as FLAG
    		<if test="queryType != null and queryType != '' and queryType == 'ec'">
    			,user_count,link_count,increase_count,netincrease_count,act_total_count,
				link_act_count,monthact_count,cancel_total_count,cancel_count,test_count,
				stock_count,normal_count,stop_count,preclose_count,silent_count,act_user_count
    		</if>
    		<if test="queryType != null and queryType != '' and queryType == 'city'">
				,sum(user_count) as userCount,
				sum(link_count) as linkCount,
				sum(increase_count) as increaseCount,
				sum(netincrease_count) as netincreaseCount,
				sum(act_total_count) as actTotalCount,
				sum(link_act_count) as linkActCount,
				sum(monthact_count) as monthactCount,
				sum(cancel_total_count) as cancelTotalCount,
				sum(cancel_count) as cancelCount,
				sum(test_count) as testCount,
				sum(stock_count) as stockCount,
				sum(normal_count) as normalCount,
				sum(stop_count) as stopCount,
				sum(preclose_count) as precloseCount,
				sum(silent_count) as silentCount,
				sum(act_user_count) as actUserCount
    		</if>
    	from rep_apply_bus_mm where stat_month = #{statMonth}
    		<if test="areaCode != null and areaCode != '' ">
    			and area_code = #{areaCode}
    		</if>
    		<if test="packageCode != null and packageCode != '' ">
    			and exists(select 1 from APPLY_PRODUCTS where package_code like '%'||#{packageCode}||'%' or package_name like '%'||#{packageCode}||'%')
    		</if>
    	<if test="queryType != null and queryType != '' and queryType == 'city'">
   			group by STAT_MONTH,AREA_CODE,FLAG,PACKAGE_CODE
   		</if>
    	)	
    </select>
    
</mapper>