<?xml version="1.0" encoding="UTF-8" ?>
<!DOCTYPE mapper PUBLIC "-//mybatis.org//DTD Mapper 3.0//EN" "http://mybatis.org/dtd/mybatis-3-mapper.dtd">
<mapper namespace="com.hvgroup.modules.state.dao.StatPackageCmiotMonthDao">
	<sql id="pageSqlStart">
        <if test="pageInfo.pageNo != null and pageInfo.pageNo != ''">
        
        select * from
            (
             select a.*, rownum rn from 
                (
        </if>
    </sql>
    <!-- 分页SQL语句结尾语句 -->
    <sql id="pageSqlEnd">
        <if test="pageInfo.pageSize != null and pageInfo.pageSize !=''">
                ) a
             where rownum <![CDATA[<=]]> #{pageInfo.pageNo}*#{pageInfo.pageSize}
            )
        where rn > (#{pageInfo.pageNo}-1)*#{pageInfo.pageSize}
        </if>
    </sql>	
    
    <sql id="conSql">
    	<if test="areaId != null and areaId != '' and areaId != '-1'">
			and ab.area_code = #{areaId}
		</if> 
		<if test="statDate != null and statDate != ''">
			and start_month <![CDATA[ = ]]> #{statDate}
		</if>
		<!-- <if test="beginMonth != null and beginMonth != ''">
			and start_month <![CDATA[ >= ]]> #{beginMonth}
		</if>
		<if test="endMonth != null and endMonth != ''">
			and start_month <![CDATA[ <= ]]> #{endMonth}
		</if> -->
		<if test="mainPackageType != null and mainPackageType != ''">
      		and MAIN_PACKAGE_CODE in (${mainPackageType})
        </if> 
    </sql>
    
    
    <select id="getAreaCodeFromIot" resultType="string">
		 select area_code  from AREAS where area_id = #{areaId}
	</select>
	
	<select id="getAreaListFromIot" resultType="StatPackage">
		<if test="export == null or export == ''">
			<include refid="pageSqlStart"/>
		</if>
		 select area_code as areaId ,area_name as areaName from (
			select * from areas where state = 'ENABLED' and area_level = 1 
			<if test="areaId != null and areaId != '' and areaId != '-1'">
				and area_code = #{areaId}
			</if>  
			union all 
			select * from areas where state = 'ENABLED' and area_level = 2 
			<if test="areaId != null and areaId != '' and areaId != '-1'">
				and area_code = #{areaId}
			</if> 
			)
			 order by area_id
		<if test="export == null or export == ''">
			<include refid="pageSqlEnd"/>
		</if>	
	</select>
	
	<select id="getAreaCountFromIot" resultType="java.lang.Long">
		 select count(1)  from (
			select * from areas where state = 'ENABLED' and area_level = 1 
			<if test="areaId != null and areaId != '' and areaId != '-1'">
				and area_code = #{areaId}
			</if> 
			union all 
			select * from areas where state = 'ENABLED' and area_level = 2 
			<if test="areaId != null and areaId != '' and areaId != '-1'">
				and area_code = #{areaId}
			</if> 
			)
	</select>
	
	<select id="findMainPackage" resultType="SelectEntity">
		select pct.card_type code,
		       max(substr(pct.main_prod_name,1,instr(pct.main_prod_name, '(', -1) - 1)) name
		  from prod_card_type pct
		 group by pct.card_type	   
	</select>
	
	<select id="findApplyList" resultType="SelectEntity">
 			select id code,name from PRO_IOT_APPLY
	</select>
	
	<!-- 日期汇总最大值获取 -->
	<select id="findMaxDate"  resultType="java.lang.String">
		  select max(nn.start_month)
		    from (select mm.start_month
		            from rep_bus_package_mm mm where 1=1
					<if test="statDate != null and statDate != ''">
						and mm.start_month <![CDATA[ = ]]> #{statDate}
					</if>
		           group by mm.start_month) nn
	</select>
	
	
	
	<select id="queryPageDateCmiot" resultType="StatPackage">
	    <if test="export == null or export == ''">
			<include refid="pageSqlStart"/>
		</if>
			select pp.areaId,
			<!-- 报表类型：按月份 -->
			<if test="dateStatType != null and dateStatType != '-1'">
				pp.statDate,
			</if>
			<!-- 集团客户：按全部/单个 -->
			<if test="ecStatType != null and ecStatType != '-1'">
				pp.ecCode,cus.cust_name as ecName,
			</if>
               max(ab.REGION_NAME) areaName,
               sum(case when pp.statDate = #{maxDateSum} then pp.orderAllCount else 0 end) orderAllCount,
               sum(pp.newOrderCount) newOrderCount,
               sum(pp.quitOrderCount) quitOrderCount,
               sum(case when pp.statDate = #{maxDateSum} then  pp.validAllCount else 0 end) validAllCount,
               sum(pp.newValidCount) newValidCount,
               sum(pp.unValidCount) unValidCount,
               sum(pp.flowOrderCount) flowOrderCount,
               <!-- 集团客户：按全部/单个 -->
   				<if test="ecStatType == null or ecStatType == '-1'">
           			 sum(nvl(pp.flowEcOrderCount,0)) flowEcOrderCount,
           		</if>
               sum(pp.expandPackageCount) expandPackageCount
          from (select mm.start_month statDate,
          			<!-- 集团客户：按全部/单个 -->
       				<if test="ecStatType != null and ecStatType != '-1'">
              			'' as ecCode,
               		</if>
                      ab.REGION_ID areaId,
                       sum(mm.order_all_count) orderAllCount,
                       sum(mm.new_order_count) newOrderCount,
                       sum(mm.quit_order_count) quitOrderCount,
                       sum(mm.valid_all_count) validAllCount,
                       sum(mm.new_valid_count) newValidCount,
                       sum(mm.un_valid_count) unValidCount,
                       sum(mm.flow_order_count) flowOrderCount,
                       <!-- 集团客户：按全部/单个 -->
		   				<if test="ecStatType == null or ecStatType == '-1'">
		           			max(nvl(gg.flowEcOrderCount,0)) flowEcOrderCount,
		           		</if>
                       sum(mm.expand_package_count) expandPackageCount
                  from rep_bus_package_mm mm
                  left join Sa_region_code a on mm.area_id = a.REGION_ID  
                  left join Sa_region_code ab on substr(a.region_biz_code,0,3) = ab.region_biz_code
                  <!-- 集团客户：按全部/单个 -->
	   				<if test="ecStatType == null or ecStatType == '-1'">
	           			left join (select t.area_id,
                           count(distinct t.ec_code) flowEcOrderCount
	                      from REP_BUS_PACKAGE_MM t
	                     where t.start_month = '202009'
	                       and t.flow_order_count != 0
	                       and t.ec_code != '-99999'
	                     group by t.area_id) gg
	                     on mm.area_id = gg.area_id
	           		</if>
                 where 1 = 1 and ab.REGION_name is not null
                   <include refid="conSql"/>
                 group by mm.start_month, ab.REGION_ID
                union
                select mm.start_month statDate,
               		<!-- 集团客户：按全部/单个 -->
       				<if test="ecStatType != null and ecStatType != '-1'">
              			'' as ecCode,
               		</if>
                       mm.area_id areaId,
                       sum(mm.order_all_count) orderAllCount,
                       sum(mm.new_order_count) newOrderCount,
                       sum(mm.quit_order_count) quitOrderCount,
                       sum(mm.valid_all_count) validAllCount,
                       sum(mm.new_valid_count) newValidCount,
                       sum(mm.un_valid_count) unValidCount,
                       sum(mm.flow_order_count) flowOrderCount,
                       <!-- 集团客户：按全部/单个 -->
	   				<if test="ecStatType == null or ecStatType == '-1'">
	           			 max(nvl(gg.flowEcOrderCount,0)) flowEcOrderCount,
	           		</if>
                       sum(mm.expand_package_count) expandPackageCount
                  from rep_bus_package_mm mm
                  left join Sa_region_code ab  on mm.area_id = ab.REGION_ID
                  <!-- 集团客户：按全部/单个 -->
	   				<if test="ecStatType == null or ecStatType == '-1'">
	           			left join (select t.area_id,
                           count(distinct t.ec_code) flowEcOrderCount
	                      from REP_BUS_PACKAGE_MM t
	                     where t.start_month = '202009'
	                       and t.flow_order_count != 0
	                       and t.ec_code != '-99999'
	                     group by t.area_id) gg
	                     on mm.area_id = gg.area_id
	           		</if>
                 where 1 = 1 and ab.REGION_name is not null
                   <include refid="conSql"/>
                 group by mm.start_month, mm.area_id
            <!-- 集团客户：按全部/单个 -->
     		<if test="ecStatType != null and ecStatType != '-1'">
                 union
                select mm.start_month statDate,mm.ec_code as ecCode,
                       mm.area_id areaId,
                       sum(mm.order_all_count) orderAllCount,
                       sum(mm.new_order_count) newOrderCount,
                       sum(mm.quit_order_count) quitOrderCount,
                       sum(mm.valid_all_count) validAllCount,
                       sum(mm.new_valid_count) newValidCount,
                       sum(mm.un_valid_count) unValidCount,
                       sum(mm.flow_order_count) flowOrderCount,
                       sum(mm.expand_package_count) expandPackageCount
                  from rep_bus_package_mm mm
                  left join Sa_region_code ab
                    on mm.area_id = ab.REGION_ID
                 where 1 = 1  and ab.REGION_name is not null
                   <include refid="conSql"/>
                 group by mm.start_month, mm.area_id,mm.ec_code
             </if>
                 ) pp
          left join Sa_region_code ab
            on pp.areaId = ab.REGION_ID
         <!-- 集团客户：按全部/单个 -->
      	<if test="ecStatType != null and ecStatType != '-1'">
			left join (select * from cm_customer_info where 1=1
				<if test="ecCode != null and ecCode != ''">
		      		and (CUST_ID like '%'|| #{ecCode} || '%' or CUST_NAME like '%'|| #{ecCode} || '%')
		        </if> )
			 cus on pp.ecCode = cus.cust_id
		 </if>
		where 1=1 and ab.REGION_name is not null
			<!-- 集团客户：按全部/单个 -->
			<if test="ecStatType != null and ecStatType != '-1'">
				<if test="ecCode != null and ecCode != ''">
		      		and cus.cust_name is not null
		        </if>
		        <if test="ecCode == null or ecCode == ''">
		      		and (pp.ecCode is null and cus.cust_name is null) or (pp.ecCode is not null and cus.cust_name is not null)
		        </if>
     		</if>
         group by pp.areaId
         	<!-- 报表类型：按月份 -->
         	<if test="dateStatType != null and dateStatType != '-1'">
				,pp.statDate
			</if>
			<!-- 集团客户：按全部/单个 -->
			<if test="ecStatType != null and ecStatType != '-1'">
				,pp.ecCode,cus.cust_name
			</if>
         order by areaid
         	<!-- 集团客户：按全部/单个 -->
         	<if test="ecStatType != null and ecStatType != '-1'">
				,ecCode desc
			</if>
		<if test="export == null or export == ''">
			<include refid="pageSqlEnd"/>
		</if>	
	</select>
	
	<select id="queryPageCountCmiot" resultType="java.lang.Long">
		select count(1) from (
			select pp.areaId,
			<!-- 报表类型：按月份 -->
			<if test="dateStatType != null and dateStatType != '-1'">
				pp.statDate,
			</if>
			<!-- 集团客户：按全部/单个 -->
			<if test="ecStatType != null and ecStatType != '-1'">
				pp.ecCode,cus.cust_name as ecName,
			</if>
               max(ab.REGION_NAME) areaName,
               sum(case when pp.statDate = #{maxDateSum} then pp.orderAllCount else 0 end) orderAllCount,
               sum(pp.newOrderCount) newOrderCount,
               sum(pp.quitOrderCount) quitOrderCount,
               sum(case when pp.statDate = #{maxDateSum} then  pp.validAllCount else 0 end) validAllCount,
               sum(pp.newValidCount) newValidCount,
               sum(pp.unValidCount) unValidCount,
               sum(pp.flowOrderCount) flowOrderCount,
               sum(pp.expandPackageCount) expandPackageCount
          from (select mm.start_month statDate,
          			<!-- 集团客户：按全部/单个 -->
       				<if test="ecStatType != null and ecStatType != '-1'">
              			'' as ecCode,
               		</if>
                      a.REGION_ID areaId,
                       sum(mm.order_all_count) orderAllCount,
                       sum(mm.new_order_count) newOrderCount,
                       sum(mm.quit_order_count) quitOrderCount,
                       sum(mm.valid_all_count) validAllCount,
                       sum(mm.new_valid_count) newValidCount,
                       sum(mm.un_valid_count) unValidCount,
                       sum(mm.flow_order_count) flowOrderCount,
                       sum(mm.expand_package_count) expandPackageCount
                  from rep_bus_package_mm mm
                  left join Sa_region_code ab on mm.area_id = ab.REGION_ID  
                  left join Sa_region_code a on substr(ab.region_biz_code,0,3) = a.region_biz_code
                 where 1 = 1  and ab.REGION_name is not null
                   <include refid="conSql"/>
                 group by mm.start_month, a.REGION_ID
                union
                select mm.start_month statDate,
               		<!-- 集团客户：按全部/单个 -->
       				<if test="ecStatType != null and ecStatType != '-1'">
              			'' as ecCode,
               		</if>
                       mm.area_id areaId,
                       sum(mm.order_all_count) orderAllCount,
                       sum(mm.new_order_count) newOrderCount,
                       sum(mm.quit_order_count) quitOrderCount,
                       sum(mm.valid_all_count) validAllCount,
                       sum(mm.new_valid_count) newValidCount,
                       sum(mm.un_valid_count) unValidCount,
                       sum(mm.flow_order_count) flowOrderCount,
                       sum(mm.expand_package_count) expandPackageCount
                  from rep_bus_package_mm mm
                  left join Sa_region_code ab  on mm.area_id = ab.REGION_ID
                 where 1 = 1 and ab.REGION_name is not null
                   <include refid="conSql"/>
                 group by mm.start_month, mm.area_id
            <!-- 集团客户：按全部/单个 -->
     		<if test="ecStatType != null and ecStatType != '-1'">
                 union
                select mm.start_month statDate,mm.ec_code as ecCode,
                       mm.area_id areaId,
                       sum(mm.order_all_count) orderAllCount,
                       sum(mm.new_order_count) newOrderCount,
                       sum(mm.quit_order_count) quitOrderCount,
                       sum(mm.valid_all_count) validAllCount,
                       sum(mm.new_valid_count) newValidCount,
                       sum(mm.un_valid_count) unValidCount,
                       sum(mm.flow_order_count) flowOrderCount,
                       sum(mm.expand_package_count) expandPackageCount
                  from rep_bus_package_mm mm
                  left join Sa_region_code ab
                    on mm.area_id = ab.REGION_ID
                 where 1 = 1 and ab.REGION_name is not null
                  <include refid="conSql"/>
                 group by mm.start_month, mm.area_id,mm.ec_code
             </if>
                 ) pp
          left join Sa_region_code ab
            on pp.areaId = ab.REGION_ID
         <!-- 集团客户：按全部/单个 -->
      	<if test="ecStatType != null and ecStatType != '-1'">
			left join (select * from cm_customer_info where 1=1
				<if test="ecCode != null and ecCode != ''">
		      		and (CUST_ID like '%'|| #{ecCode} || '%' or CUST_NAME like '%'|| #{ecCode} || '%')
		        </if> )
			 cus on pp.ecCode = cus.cust_id
		 </if>
		where 1=1 and ab.REGION_name is not null
			<!-- 集团客户：按全部/单个 -->
			<if test="ecStatType != null and ecStatType != '-1'">
    			<if test="ecCode != null and ecCode != ''">
		      		and cus.cust_name is not null
		        </if>
		        <if test="ecCode == null or ecCode == ''">
		      		and (pp.ecCode is null and cus.cust_name is null) or (pp.ecCode is not null and cus.cust_name is not null)
		        </if>
     		</if>
         group by pp.areaId
         	<!-- 报表类型：按月份 -->
         	<if test="dateStatType != null and dateStatType != '-1'">
				,pp.statDate
			</if>
			<!-- 集团客户：按全部/单个 -->
			<if test="ecStatType != null and ecStatType != '-1'">
				,pp.ecCode,cus.cust_name
			</if>
			)
	</select>
	
	
	
	
	<select id="queryPageDateIot" resultType="StatPackage">
			select pp.areaId,
               max(ab.area_NAME) areaName,
               sum(case when pp.statDate = #{maxDateSum} then pp.orderAllCount else 0 end) orderAllCount,
               sum(pp.newOrderCount) newOrderCount,
               sum(pp.quitOrderCount) quitOrderCount,
               sum(case when pp.statDate = #{maxDateSum} then  pp.validAllCount else 0 end) validAllCount,
               sum(pp.newValidCount) newValidCount,
               sum(pp.unValidCount) unValidCount,
               sum(pp.flowOrderCount) flowOrderCount,
               sum(nvl(pp.flowEcOrderCount,0)) flowEcOrderCount,
               sum(pp.expandPackageCount) expandPackageCount
          from (
          		select mm.statDate statDate,
	               ab.area_id areaId,
	               sum(mm.orderAllCount) orderAllCount,
	               sum(mm.newOrderCount) newOrderCount,
	               sum(mm.quitOrderCount) quitOrderCount,
	               sum(mm.validAllCount) validAllCount,
	               sum(mm.newValidCount) newValidCount,
	               sum(mm.unValidCount) unValidCount,
	               sum(mm.flowOrderCount) flowOrderCount,
	               sum(nvl(mm.flowEcOrderCount, 0)) flowEcOrderCount,
	               sum(mm.expandPackageCount) expandPackageCount
	          from (
	          		select mm.start_month statDate,
                       ab.area_id areaId,
                       sum(mm.order_all_count) orderAllCount,
                       sum(mm.new_order_count) newOrderCount,
                       sum(mm.quit_order_count) quitOrderCount,
                       sum(mm.valid_all_count) validAllCount,
                       sum(mm.new_valid_count) newValidCount,
                       sum(mm.un_valid_count) unValidCount,
                       sum(mm.flow_order_count) flowOrderCount,
                       max(nvl(gg.flowEcOrderCount, 0)) flowEcOrderCount,
                       sum(mm.expand_package_count) expandPackageCount
                  from rep_bus_package_mm mm
                  left join areas ab
                    on mm.area_id = ab.area_id
                  left join (select t.area_id,
                                   count(distinct t.ec_code) flowEcOrderCount
                              from REP_BUS_PACKAGE_MM t
                             where t.start_month = '202009'
                               and t.flow_order_count != 0
                               and t.ec_code != '-99999'
                             group by t.area_id) gg
                    on mm.area_id = gg.area_id
	                 where 1 = 1
	                 <if test="areaId != null and areaId != '' and areaId != '-1'">
						and ab.area_code = #{areaId}
					</if> 
	                   <if test="statDate != null and statDate != ''">
							and start_month <![CDATA[ = ]]> #{statDate}
						</if>
	                 group by mm.start_month, ab.area_id) mm
	          left join areas a
	            on mm.areaId = a.area_id
	          left join areas ab
	            on ab.area_id = a.parent_area_id
	         group by mm.statDate, ab.area_id
                union
                select mm.start_month statDate,
                       mm.area_id areaId,
                       sum(mm.order_all_count) orderAllCount,
                       sum(mm.new_order_count) newOrderCount,
                       sum(mm.quit_order_count) quitOrderCount,
                       sum(mm.valid_all_count) validAllCount,
                       sum(mm.new_valid_count) newValidCount,
                       sum(mm.un_valid_count) unValidCount,
                       sum(mm.flow_order_count) flowOrderCount,
                       max(nvl(gg.flowEcOrderCount,0)) flowEcOrderCount,
                       sum(mm.expand_package_count) expandPackageCount
                  from rep_bus_package_mm mm
                  left join areas ab  on mm.area_id = ab.area_id
                  left join (select t.area_id,
                           count(distinct t.ec_code) flowEcOrderCount
                      from REP_BUS_PACKAGE_MM t
                     where t.start_month = '202009'
                       and t.flow_order_count != 0
                       and t.ec_code != '-99999'
                     group by t.area_id) gg
                     on mm.area_id = gg.area_id
                 where 1 = 1
                   <if test="areaId != null and areaId != '' and areaId != '-1'">
						and ab.area_code = #{areaId}
					</if> 
					<if test="statDate != null and statDate != ''">
						and start_month <![CDATA[ = ]]> #{statDate}
					</if>
                 group by mm.start_month, mm.area_id
                 ) pp
          left join areas ab  on pp.areaId = ab.area_id
         group by pp.areaId
         order by pp.areaId
         
	</select>
	
	

												 
</mapper>