<?xml version="1.0" encoding="UTF-8"?>
<!DOCTYPE mapper PUBLIC "-//mybatis.org//DTD Mapper 3.0//EN" "http://mybatis.org/dtd/mybatis-3-mapper.dtd">
<mapper namespace="com.hvgroup.modules.state.dao.TradeStatisticsDao">
	
	<sql id="pageSqlStart">
		<if test="pageInfo.pageNo != null and pageInfo.pageNo != ''">

			select * from
			(
			select a.*, rownum rn from
			(
		</if>
	</sql>
	<!-- 分页SQL语句结尾语句 -->
	<sql id="pageSqlEnd">
		<if test="pageInfo.pageSize != null and pageInfo.pageSize != ''">
			) a
			where rownum <![CDATA[<=]]>
			#{pageInfo.pageNo}*#{pageInfo.pageSize}
			)
			where rn > (#{pageInfo.pageNo}-1)*#{pageInfo.pageSize}
		</if>
	</sql>
	
	
	<select id="findTrades" resultType="TradeStatistics">
		select TRADE_ID tradeId,TRADE_NAME tradeName from TRADE where STATE = 'ENABLED'
	</select>
	
	<select id="findMainTrade" resultType="TradeStatistics">
		select PRODUCT_CODE tradeCode,PRODUCT_NAME tradeName from PRODUCT_SUITES where type = 0 and STATE = 'ENABLED'
	</select>
	
	<!-- 月统计 -->
	<!-- 客户级别月统计 -->
	<select id="findCustomerTradeListByMonth" resultType="TradeStatistics">
		<include refid="pageSqlStart"/>
			select tt.area_id areaid,
		       max(area_name) areaname,
		       start_month startmonth,
		       trade_id tradeid,
		       ec_code ecCode, 
		       max(ec_name) ecName,
		       (select t.trade_name from trade t where t.trade_id = tt.trade_id) tradename,
		       sum(test_count) testcount, 
		       sum(silent_count) silentcount,
		       sum(stock_count) stockcount,
		       sum(normal_count) normalcount,
		       sum(preclose_count) preclosecount,
		       sum(cancel_count) cancelcount,
		       sum(pn_count) pncount,
		       sum(hyk_count) hykcount
			from(
			  select area_id area_id,
			         max(area_name) area_name,
			         start_month start_month,
			         trade_id trade_id,
			         ec_code ec_code, 
			         max(ec_name) ec_name,
			         sum(test_count) test_count,
			         sum(silent_count) silent_count,
			         sum(stock_count) stock_count,
			         sum(normal_count) normal_count,
			         sum(preclose_count) preclose_count,
			         sum(cancel_count) cancel_count,
			         sum(pn_count) pn_count,
			         sum(hyk_count) hyk_count
			    from rep_bus_customer_mm<if test='dbConnectionMode =="1" '>@IOTLINK_ST</if> m
			    group by area_id, start_month, trade_id,ec_code
			  union
			  select ab.area_id area_id,
			         max(ab.area_name) area_name,
			         start_month start_month,
			         trade_id trade_id,
			         ec_code ec_code, 
			         max(ec_name) ec_name,
			         sum(test_count) test_count,
			         sum(silent_count) silent_count,
			         sum(stock_count) stock_count,
			         sum(normal_count) normal_count,
			         sum(preclose_count) preclose_count,
			         sum(cancel_count) cancel_count,
			         sum(pn_count) pn_count,
			         sum(hyk_count) hyk_count
			    from rep_bus_customer_mm<if test='dbConnectionMode =="1" '>@IOTLINK_ST</if> m,areas ar,areas ab
			    where m.area_id = ar.area_id
			          and ar.parent_area_id = ab.area_id
			    group by ab.area_id, start_month, trade_id,ec_code
			   ) tt
   				where tt.area_id <![CDATA[ <> ]]> 0
   				<!-- 非系统管理员数据展示 -->
	         	<if test="userAreaCode != null and userAreaCode != ''">
	         		and tt.area_id = <include refid="Common.findDataUserAreaId"/>
	         	</if>
				<if test="ecCode != null and ecCode != ''">
					and EC_CODE like '%'||#{ecCode}||'%' 
				</if>
				<if test="ecName != null and ecName != ''">
					and EC_NAME like '%'||#{ecName}||'%' 
				</if>
				<if test="areaId != null and areaId != ''">
					and AREA_ID = #{areaId} 
				</if>
				<if test="beginTime != null and beginTime != ''">
					AND START_MONTH <![CDATA[ >= ]]>  #{beginTime}
				</if>
				<if test="endTime != null and endTime != ''">
					AND START_MONTH <![CDATA[ <= ]]>  #{endTime} 
				</if>
				<if test="tradeId != null and tradeId != ''">
					and TRADE_ID = #{tradeId} 
				</if>   				
				group by tt.area_id, tt.trade_id, tt.start_month,tt.ec_code
				order by tt.start_month desc, tt.area_id
		<include refid="pageSqlEnd"/>
	</select>
	<!-- 客户级别月统计-用于导出，故不需要页面参数 -->
	<select id="findCustomerTradeListByMonthForExcel" resultType="TradeStatistics">
			select tt.area_id areaid,
		       max(area_name) areaname,
		       start_month startmonth,
		       trade_id tradeid,
		       ec_code ecCode, 
		       max(ec_name) ecName,
		       (select t.trade_name from trade t where t.trade_id = tt.trade_id) tradename,
		       sum(test_count) testcount, 
		       sum(silent_count) silentcount,
		       sum(stock_count) stockcount,
		       sum(normal_count) normalcount,
		       sum(preclose_count) preclosecount,
		       sum(cancel_count) cancelcount,
		       sum(pn_count) pncount,
		       sum(hyk_count) hykcount
			from(
			  select area_id area_id,
			         max(area_name) area_name,
			         start_month start_month,
			         trade_id trade_id,
			         ec_code ec_code, 
			         max(ec_name) ec_name,
			         sum(test_count) test_count,
			         sum(silent_count) silent_count,
			         sum(stock_count) stock_count,
			         sum(normal_count) normal_count,
			         sum(preclose_count) preclose_count,
			         sum(cancel_count) cancel_count,
			         sum(pn_count) pn_count,
			         sum(hyk_count) hyk_count
			    from rep_bus_customer_mm<if test='dbConnectionMode =="1" '>@IOTLINK_ST</if> m
			    group by area_id, start_month, trade_id,ec_code
			  union
			  select ab.area_id area_id,
			         max(ab.area_name) area_name,
			         start_month start_month,
			         trade_id trade_id,
			         ec_code ec_code, 
			         max(ec_name) ec_name,
			         sum(test_count) test_count,
			         sum(silent_count) silent_count,
			         sum(stock_count) stock_count,
			         sum(normal_count) normal_count,
			         sum(preclose_count) preclose_count,
			         sum(cancel_count) cancel_count,
			         sum(pn_count) pn_count,
			         sum(hyk_count) hyk_count
			    from rep_bus_customer_mm<if test='dbConnectionMode =="1" '>@IOTLINK_ST</if> m,areas ar,areas ab
			    where m.area_id = ar.area_id
			          and ar.parent_area_id = ab.area_id
			    group by ab.area_id, start_month, trade_id,ec_code
			   ) tt
   				where tt.area_id <![CDATA[ <> ]]> 0
   				<!-- 非系统管理员数据展示 -->
	       	    <if test="userAreaCode != null and userAreaCode != ''">
	         		and tt.area_id = <include refid="Common.findDataUserAreaId"/>
	     	    </if>
				<if test="ecCode != null and ecCode != ''">
					and EC_CODE like '%'||#{ecCode}||'%' 
				</if>
				<if test="ecName != null and ecName != ''">
					and EC_NAME like '%'||#{ecName}||'%' 
				</if>
				<if test="areaId != null and areaId != ''">
					and AREA_ID = #{areaId} 
				</if>
				<if test="beginTime != null and beginTime != ''">
					AND START_MONTH <![CDATA[ >= ]]>  #{beginTime}
				</if>
				<if test="endTime != null and endTime != ''">
					AND START_MONTH <![CDATA[ <= ]]>  #{endTime} 
				</if>
				<if test="tradeId != null and tradeId != ''">
					and TRADE_ID = #{tradeId} 
				</if>   				
				group by tt.area_id, tt.trade_id, tt.start_month,tt.ec_code
				order by tt.start_month desc, tt.area_id
	</select>
	
	<!-- 客户级别月统计总数 -->
	<select id="findCustomerTradeListByMonthCount" resultType="Long">
		select count(1) 
		from (
			select 1
			from(
			  select area_id area_id,
			         max(area_name) area_name,
			         start_month start_month,
			         trade_id trade_id,
			         ec_code ec_code, 
			         sum(test_count) test_count,
			         sum(silent_count) silent_count,
			         sum(stock_count) stock_count,
			         sum(normal_count) normal_count,
			         sum(preclose_count) preclose_count,
			         sum(cancel_count) cancel_count,
			         sum(pn_count) pn_count,
			         sum(hyk_count) hyk_count
			    from rep_bus_customer_mm<if test='dbConnectionMode =="1" '>@IOTLINK_ST</if> m
			    group by area_id, start_month, trade_id,ec_code
			  union
			  select ab.area_id area_id,
			         max(ab.area_name) area_name,
			         start_month start_month,
			         trade_id trade_id,
			         ec_code ec_code, 
			         sum(test_count) test_count,
			         sum(silent_count) silent_count,
			         sum(stock_count) stock_count,
			         sum(normal_count) normal_count,
			         sum(preclose_count) preclose_count,
			         sum(cancel_count) cancel_count,
			         sum(pn_count) pn_count,
			         sum(hyk_count) hyk_count
			    from rep_bus_customer_mm<if test='dbConnectionMode =="1" '>@IOTLINK_ST</if> m,areas ar,areas ab
			    where m.area_id = ar.area_id
			          and ar.parent_area_id = ab.area_id
			    group by ab.area_id, start_month, trade_id,ec_code
			   ) tt
   				where tt.area_id <![CDATA[ <> ]]> 0
   				<!-- 非系统管理员数据展示 -->
	       	    <if test="userAreaCode != null and userAreaCode != ''">
	         		and tt.area_id = <include refid="Common.findDataUserAreaId"/>
	            </if>
				<if test="ecCode != null and ecCode != ''">
					and EC_CODE like '%'||#{ecCode}||'%' 
				</if>
				<if test="ecName != null and ecName != ''">
					and EC_NAME like '%'||#{ecName}||'%' 
				</if>
				<if test="areaId != null and areaId != ''">
					and AREA_ID = #{areaId} 
				</if>
				<if test="beginTime != null and beginTime != ''">
					AND START_MONTH <![CDATA[ >= ]]>  #{beginTime}
				</if>
				<if test="endTime != null and endTime != ''">
					AND START_MONTH <![CDATA[ <= ]]>  #{endTime} 
				</if>
				<if test="tradeId != null and tradeId != ''">
					and TRADE_ID = #{tradeId} 
				</if>   				
				group by tt.area_id, tt.trade_id, tt.start_month,tt.ec_code
		)
	</select>
	
	<select id="findCustomerTradeConutByMonth" resultType="int">
		select count(1) from (
			select A.ecCode,A.operDate,en.EC_NAME ecName,B.area_id areaId,B.area_name areaName,A.tradeCode,A.tradeName
			from (
			        select e.ecCode,e.operDate,main.tradeCode,main.tradeName from 
			        (
			            select EC_CODE as ecCode,PACKAGE_CODE as packageCode,to_char(START_DATE,'YYYY-MM') as operDate
			                from M2M_GRPMEM 
			                where STATE = 'ENABLED'
			                and PACKAGE_CODE in
			                (
			                        select distinct(pkgCode) from (
			                                select distinct(FROM_CODE) as pkgCode from group_rel where relation = 'putaway' and code_type = 'atomic'and state = 'ENABLED'
			                                union all
			                                select distinct(package_code) as pkgCode from service_pkg 
			                                where trade_code in(
			                                        select distinct(FROM_CODE) from group_rel where relation = 'putaway' and code_type = 'fujia' and state = 'ENABLED'
			                                )
			                        )
			                ) group by EC_CODE,PACKAGE_CODE,to_char(START_DATE,'YYYY-MM')
			        ) e
			        left join 
			        (
			          select distinct t.packageCode,t.TO_CODE as tradeCode,p.PRODUCT_NAME as tradeName from (
			                select FROM_CODE as packageCode,TO_CODE from group_rel where relation = 'putaway' and CODE_TYPE = 'atomic' and STATE = 'ENABLED'
			                union all
			                select s.PACKAGE_CODE as packageCode ,TO_CODE from group_rel g 
			                left join service_pkg s
			                on s.PRODUCT_CODE = g.FROM_CODE
			                where g.relation = 'putaway' and g.CODE_TYPE = 'fujia' and g.STATE = 'ENABLED' 
			                ) t
			                left join  trade_suites p 
			                on t.TO_CODE = p.PRODUCT_CODE
			                where p.TYPE = 0 and p.STATE = 'ENABLED' 
			        ) main
			        on main.packageCode = e.packageCode
			        group by ecCode,operDate,tradeCode,tradeName
			)A left join ENTERPRISE_CUSTOMER en
			on en.ec_code = A.ecCode
			left join areas B
			on B.area_id = en.area_id
			where ec_name is not null
			<!-- 非系统管理员数据展示 -->
	       	<if test="userAreaCode != null and userAreaCode != ''">
	         	and B.area_id = <include refid="Common.findDataUserAreaId"/>
	     	</if>
			<if test="ecCode != null and ecCode != ''">
				and A.ecCode like '%'||#{ecCode}||'%' 
			</if>
			<if test="ecName != null and ecName != ''">
				and en.ec_name like '%'||#{ecName}||'%' 
			</if>
			<if test="areaId != null and areaId != ''">
				and B.area_id = #{areaId} 
			</if>
			<if test="tradeCode != null and tradeCode != ''">
				and A.tradeCode = #{tradeCode} 
			</if>
			<if test="beginTime != null and beginTime != ''">
				AND A.operDate <![CDATA[ >= ]]>  #{beginTime}
			</if>
			<if test="endTime != null and endTime != ''">
				AND to_date(A.operDate,'YYYY-MM') <![CDATA[ <= ]]>  TO_DATE(#{endTime},'YYYY-MM') 
			</if>
		)
	</select>
	
	<select id="findNumTotalByMonth" resultType="Long">
		select 
			count(msisdn) numTotal 
		from 
			M2M_GRPMEM
		where 
			STATE = 'ENABLED'
			<if test="ecCode != null and ecCode != ''">
				and EC_CODE = #{ecCode} 
			</if>
			<if test="operDate != null and operDate != ''">
				and to_char(START_DATE,'YYYY-MM') <![CDATA[ <= ]]> #{operDate}
			</if>
		and PACKAGE_CODE in 
		(
		   select distinct(pkgCode) from (
		        select FROM_CODE as pkgCode from group_rel where relation = 'putaway' and code_type = 'atomic'and state = 'ENABLED' 
		        <if test="tradeCode != null and tradeCode != ''">
					and TO_CODE = #{tradeCode}
				</if>
		        union all
		        select package_code as pkgCode from service_pkg 
		                where trade_code in(
		                        select distinct(FROM_CODE) from group_rel where relation = 'putaway' and code_type = 'fujia' and state = 'ENABLED'
		                        <if test="tradeCode != null and tradeCode != ''">
									and TO_CODE = #{tradeCode}
								</if>
		                )
		        )    
		)
	</select>
	
	
	<!-- 省市级别月统计a -->
	<select id="findRangeTradeListByMonth" resultType="TradeStatistics">
			<include refid="pageSqlStart"/>
			select tt.area_id areaid,
		       max(area_name) areaname,
		       start_month startmonth,
		       trade_id tradeid,
		       (select t.trade_name from trade t where t.trade_id = tt.trade_id) tradename,
		       count(ec_total) ectotal,
		       max(trade_ec_count) ecputcount,
		       sum(test_count) testcount,
		       sum(silent_count) silentcount,
		       sum(stock_count) stockcount,
		       sum(normal_count) normalcount,
		       sum(preclose_count) preclosecount,
		       sum(cancel_count) cancelcount,
		       sum(pn_count) pncount,
		       sum(hyk_count) hykcount,
		       sum(voice_count) voicecount,
		       sum(sms_count) smscount,
		       sum(two_apn_count) twoapncount
		from(
		  select area_id area_id,
		         max(area_name) area_name,
		         start_month start_month,
		         trade_id trade_id,
		         count(ec_code) ec_total,
		         nvl(max(m.trade_ec_count),0) trade_ec_count,
		         sum(test_count) test_count,
		         sum(silent_count) silent_count,
		         sum(stock_count) stock_count,
		         sum(normal_count) normal_count,
		         sum(preclose_count) preclose_count,
		         sum(cancel_count) cancel_count,
		         sum(pn_count) pn_count,
		         sum(hyk_count) hyk_count,
		         sum(voice_count) voice_count,
		         sum(sms_count) sms_count,
		         sum(two_apn_count) two_apn_count
		    from rep_bus_customer_mm<if test='dbConnectionMode =="1" '>@IOTLINK_ST</if> m
		    group by area_id, start_month, trade_id
		  union
		  select ab.area_id area_id,
		         max(ab.area_name) area_name,
		         start_month start_month,
		         trade_id trade_id,
		         count(ec_code) ec_total,
		         nvl(max(m.trade_ec_count),0) trade_ec_count,
		         sum(test_count) test_count,
		         sum(silent_count) silent_count,
		         sum(stock_count) stock_count,
		         sum(normal_count) normal_count,
		         sum(preclose_count) preclose_count,
		         sum(cancel_count) cancel_count,
		         sum(pn_count) pn_count,
		         sum(hyk_count) hyk_count,
		         sum(voice_count) voice_count,
		         sum(sms_count) sms_count,
		         sum(two_apn_count) two_apn_count
		    from rep_bus_customer_mm<if test='dbConnectionMode =="1" '>@IOTLINK_ST</if> m,areas ar,areas ab
		    where m.area_id = ar.area_id
		          and ar.parent_area_id = ab.area_id
		    group by ab.area_id, start_month, trade_id
		   ) tt   
		   where tt.area_id <![CDATA[ <> ]]> 0
		   <!-- 非系统管理员数据展示 -->
	       <if test="userAreaCode != null and userAreaCode != ''">
	         	and tt.area_id = <include refid="Common.findDataUserAreaId"/>
	     	</if>
			<if test="areaId != null and areaId != ''">
				and tt.AREA_ID = #{areaId} 
			</if>
			<if test="beginTime != null and beginTime != ''">
				AND tt.START_MONTH <![CDATA[ >= ]]>  #{beginTime}
			</if>
			<if test="endTime != null and endTime != ''">
				AND tt.START_MONTH <![CDATA[ <= ]]>  #{endTime} 
			</if>
			<if test="tradeId != null and tradeId != ''">
				and tt.TRADE_ID = #{tradeId} 
			</if>		   
		group by tt.area_id, tt.trade_id, tt.start_month
		order by tt.start_month desc, tt.area_id
		<include refid="pageSqlEnd"/>
	 
	</select>
	<!-- 省市级别月统计-导出excel故不需要分页参数 -->
	<select id="findRangeTradeListByMonthForExcel" resultType="TradeStatistics">
			select tt.area_id areaid,
		       max(area_name) areaname,
		       start_month startmonth,
		       trade_id tradeid,
		       (select t.trade_name from trade t where t.trade_id = tt.trade_id) tradename,
		       count(ec_total) ectotal,
		       max(trade_ec_count) ecputcount,
		       sum(test_count) testcount,
		       sum(silent_count) silentcount,
		       sum(stock_count) stockcount,
		       sum(normal_count) normalcount,
		       sum(preclose_count) preclosecount,
		       sum(cancel_count) cancelcount,
		       sum(pn_count) pncount,
		       sum(hyk_count) hykcount,
		       sum(voice_count) voicecount,
		       sum(sms_count) smscount,
		       sum(two_apn_count) twoapncount
		from(
		  select area_id area_id,
		         max(area_name) area_name,
		         start_month start_month,
		         trade_id trade_id,
		         count(ec_code) ec_total,
		         nvl(max(m.trade_ec_count),0) trade_ec_count,
		         sum(test_count) test_count,
		         sum(silent_count) silent_count,
		         sum(stock_count) stock_count,
		         sum(normal_count) normal_count,
		         sum(preclose_count) preclose_count,
		         sum(cancel_count) cancel_count,
		         sum(pn_count) pn_count,
		         sum(hyk_count) hyk_count,
		         sum(voice_count) voice_count,
		         sum(sms_count) sms_count,
		         sum(two_apn_count) two_apn_count
		    from rep_bus_customer_mm<if test='dbConnectionMode =="1" '>@IOTLINK_ST</if> m
		    group by area_id, start_month, trade_id
		  union
		  select ab.area_id area_id,
		         max(ab.area_name) area_name,
		         start_month start_month,
		         trade_id trade_id,
		         count(ec_code) ec_total,
		         nvl(max(m.trade_ec_count),0) trade_ec_count,
		         sum(test_count) test_count,
		         sum(silent_count) silent_count,
		         sum(stock_count) stock_count,
		         sum(normal_count) normal_count,
		         sum(preclose_count) preclose_count,
		         sum(cancel_count) cancel_count,
		         sum(pn_count) pn_count,
		         sum(hyk_count) hyk_count,
		         sum(voice_count) voice_count,
		         sum(sms_count) sms_count,
		         sum(two_apn_count) two_apn_count
		    from rep_bus_customer_mm<if test='dbConnectionMode =="1" '>@IOTLINK_ST</if> m,areas ar,areas ab
		    where m.area_id = ar.area_id
		          and ar.parent_area_id = ab.area_id
		    group by ab.area_id, start_month, trade_id
		   ) tt   
		   where tt.area_id <![CDATA[ <> ]]> 0
		   <!-- 非系统管理员数据展示 -->
	       	    <if test="userAreaCode != null and userAreaCode != ''">
	         		and tt.area_id = <include refid="Common.findDataUserAreaId"/>
	     	    </if>
			<if test="areaId != null and areaId != ''">
				and tt.AREA_ID = #{areaId} 
			</if>
			<if test="beginTime != null and beginTime != ''">
				AND tt.START_MONTH <![CDATA[ >= ]]>  #{beginTime}
			</if>
			<if test="endTime != null and endTime != ''">
				AND tt.START_MONTH <![CDATA[ <= ]]>  #{endTime} 
			</if>
			<if test="tradeId != null and tradeId != ''">
				and tt.TRADE_ID = #{tradeId} 
			</if>		   
		group by tt.area_id, tt.trade_id, tt.start_month
		order by tt.start_month desc, tt.area_id
	</select>
	<!-- 省市级别月统计总数a -->
	<select id="findRangeTradeListByMonthCount" resultType="Long">
		select count(1) 
		from (
			select 1
			from(
			  select area_id area_id,
			         max(area_name) area_name,
			         start_month start_month,
			         trade_id trade_id,
			         count(ec_code) ec_total,
			         nvl(max(m.trade_ec_count),0) trade_ec_count,
			         sum(test_count) test_count,
			         sum(silent_count) silent_count,
			         sum(stock_count) stock_count,
			         sum(normal_count) normal_count,
			         sum(preclose_count) preclose_count,
			         sum(cancel_count) cancel_count,
			         sum(pn_count) pn_count,
			         sum(hyk_count) hyk_count,
			         sum(voice_count) voice_count,
			         sum(sms_count) sms_count,
			         sum(two_apn_count) two_apn_count
			    from rep_bus_customer_mm<if test='dbConnectionMode =="1" '>@IOTLINK_ST</if> m
			    group by area_id, start_month, trade_id
			  union
			  select ab.area_id area_id,
			         max(ab.area_name) area_name,
			         start_month start_month,
			         trade_id trade_id,
			         count(ec_code) ec_total,
			         nvl(max(m.trade_ec_count),0) trade_ec_count,
			         sum(test_count) test_count,
			         sum(silent_count) silent_count,
			         sum(stock_count) stock_count,
			         sum(normal_count) normal_count,
			         sum(preclose_count) preclose_count,
			         sum(cancel_count) cancel_count,
			         sum(pn_count) pn_count,
			         sum(hyk_count) hyk_count,
			         sum(voice_count) voice_count,
			         sum(sms_count) sms_count,
			         sum(two_apn_count) two_apn_count
			    from rep_bus_customer_mm<if test='dbConnectionMode =="1" '>@IOTLINK_ST</if> m,areas ar,areas ab
			    where m.area_id = ar.area_id
			          and ar.parent_area_id = ab.area_id
			    group by ab.area_id, start_month, trade_id
			   ) tt   
			   where tt.area_id <![CDATA[ <> ]]> 0
			   <!-- 非系统管理员数据展示 -->
	       	    <if test="userAreaCode != null and userAreaCode != ''">
	         		and tt.area_id = <include refid="Common.findDataUserAreaId"/>
	     	    </if>
				<if test="areaId != null and areaId != ''">
					and tt.AREA_ID = #{areaId} 
				</if>
				<if test="beginTime != null and beginTime != ''">
					AND tt.START_MONTH <![CDATA[ >= ]]>  #{beginTime}
				</if>
				<if test="endTime != null and endTime != ''">
					AND tt.START_MONTH <![CDATA[ <= ]]>  #{endTime} 
				</if>
				<if test="tradeId != null and tradeId != ''">
					and tt.TRADE_ID = #{tradeId} 
				</if>		   
			group by tt.area_id, tt.trade_id, tt.start_month
		)
	</select>
	
	<select id="findRangeTradeConutByMonth" resultType="int">
		select count(1) from
		(
			select A.operDate,B.area_id areaId,B.area_name areaName,A.tradeCode,A.tradeName
			from (
			        select e.ecCode,e.operDate,main.tradeCode,main.tradeName from 
			        (
			            select EC_CODE as ecCode,PACKAGE_CODE as packageCode,to_char(START_DATE,'YYYY-MM') as operDate
			                from M2M_GRPMEM 
			                where STATE = 'ENABLED'
			                and PACKAGE_CODE in
			                (
			                        select distinct(pkgCode) from (
			                                select distinct(FROM_CODE) as pkgCode from group_rel where relation = 'putaway' and code_type = 'atomic'and state = 'ENABLED'
			                                union all
			                                select distinct(package_code) as pkgCode from service_pkg 
			                                where trade_code in(
			                                        select distinct(FROM_CODE) from group_rel where relation = 'putaway' and code_type = 'fujia' and state = 'ENABLED'
			                                )
			                        )
			                ) group by EC_CODE,PACKAGE_CODE,to_char(START_DATE,'YYYY-MM')
			        ) e
			        left join 
			        (
			          select distinct t.packageCode,t.TO_CODE as tradeCode,p.PRODUCT_NAME as tradeName from (
			                select FROM_CODE as packageCode,TO_CODE from group_rel where relation = 'putaway' and CODE_TYPE = 'atomic' and STATE = 'ENABLED'
			                union all
			                select s.PACKAGE_CODE as packageCode ,TO_CODE from group_rel g 
			                left join service_pkg s
			                on s.PRODUCT_CODE = g.FROM_CODE
			                where g.relation = 'putaway' and g.CODE_TYPE = 'fujia' and g.STATE = 'ENABLED' 
			                ) t
			                left join  trade_suites p 
			                on t.TO_CODE = p.PRODUCT_CODE
			                where p.TYPE = 0 and p.STATE = 'ENABLED' 
			        ) main
			        on main.packageCode = e.packageCode
			        group by ecCode,operDate,tradeCode,tradeName
			)A left join ENTERPRISE_CUSTOMER en
			on en.ec_code = A.ecCode
			left join areas B
			on B.area_id = en.area_id
			where en.ec_name is not null and B.area_id not in 1
			<if test="tradeCode != null and tradeCode != ''">
				and A.tradeCode = #{tradeCode} 
			</if>
			<if test="beginTime != null and beginTime != ''">
				AND A.operDate <![CDATA[ >= ]]>  #{beginTime}
			</if>
			<if test="endTime != null and endTime != ''">
				AND to_date(A.operDate,'YYYY-MM') <![CDATA[ <= ]]>  TO_DATE(#{endTime},'YYYY-MM') 
			</if>
			group by A.operDate,B.area_id,B.area_name,A.tradeCode,A.tradeName
			union all
			select A.operDate, 1 as areaId, '广东省' as areaName, A.tradeCode, A.tradeName
			from (
			        select e.ecCode,e.operDate,main.tradeCode,main.tradeName from 
			        (
			            select EC_CODE as ecCode,PACKAGE_CODE as packageCode,to_char(START_DATE,'YYYY-MM') as operDate
			                from M2M_GRPMEM 
			                where STATE = 'ENABLED'
			                and PACKAGE_CODE in
			                (
			                        select distinct(pkgCode) from (
			                                select distinct(FROM_CODE) as pkgCode from group_rel where relation = 'putaway' and code_type = 'atomic'and state = 'ENABLED'
			                                union all
			                                select distinct(package_code) as pkgCode from service_pkg 
			                                where trade_code in(
			                                        select distinct(FROM_CODE) from group_rel where relation = 'putaway' and code_type = 'fujia' and state = 'ENABLED'
			                                )
			                        )
			                ) group by EC_CODE,PACKAGE_CODE,to_char(START_DATE,'YYYY-MM')
			        ) e
			        left join 
			        (
			          select distinct t.packageCode,t.TO_CODE as tradeCode,p.PRODUCT_NAME as tradeName from (
			                select FROM_CODE as packageCode,TO_CODE from group_rel where relation = 'putaway' and CODE_TYPE = 'atomic' and STATE = 'ENABLED'
			                union all
			                select s.PACKAGE_CODE as packageCode ,TO_CODE from group_rel g 
			                left join service_pkg s
			                on s.PRODUCT_CODE = g.FROM_CODE
			                where g.relation = 'putaway' and g.CODE_TYPE = 'fujia' and g.STATE = 'ENABLED' 
			                ) t
			                left join  trade_suites p 
			                on t.TO_CODE = p.PRODUCT_CODE
			                where p.TYPE = 0 and p.STATE = 'ENABLED' 
			        ) main
			        on main.packageCode = e.packageCode
			        group by ecCode,operDate,tradeCode,tradeName
			)A left join ENTERPRISE_CUSTOMER en
			on en.ec_code = A.ecCode
			where en.ec_name is not null
			<!-- 非系统管理员数据展示 -->
	       	    <if test="userAreaCode != null and userAreaCode != ''">
	         		and tt.area_id = <include refid="Common.findDataUserAreaId"/>
	     	    </if>
			<if test="tradeCode != null and tradeCode != ''">
				and A.tradeCode = #{tradeCode} 
			</if>
			<if test="beginTime != null and beginTime != ''">
				AND A.operDate <![CDATA[ >= ]]>  #{beginTime}
			</if>
			<if test="endTime != null and endTime != ''">
				AND to_date(A.operDate,'YYYY-MM') <![CDATA[ <= ]]>  TO_DATE(#{endTime},'YYYY-MM') 
			</if>
			group by A.operDate,A.tradeCode,A.tradeName
			)where 1=1
			<if test="areaId != null and areaId != ''">
				and areaId = #{areaId} 
			</if>
	</select>
	
	<select id="findRangeTradeOtherByMonth" resultType="TradeStatistics">
		select 
			(
				select count(distinct EC_CODE)  from M2M_GRPMEM where STATE = 'ENABLED' 
				<if test="operDate != null and operDate != ''">
					and to_char(START_DATE,'yyyy-mm') <![CDATA[ <= ]]> #{operDate}
				</if>
				and PACKAGE_CODE in (
				        select distinct(pkgCode) from (
				                select distinct(FROM_CODE) as pkgCode from group_rel where relation = 'putaway' and code_type = 'atomic'and state = 'ENABLED'
				                <if test="tradeCode != null and tradeCode != ''">
									and TO_CODE = #{tradeCode}
								</if>
				                union all
				                select distinct(package_code) as pkgCode from service_pkg 
				                where trade_code in(
				                        select distinct(FROM_CODE) from group_rel where relation = 'putaway' and code_type = 'fujia' and state = 'ENABLED'
				                        <if test="tradeCode != null and tradeCode != ''">
											and TO_CODE = #{tradeCode}
										</if>
				                )
				        )
				) 
				and EC_CODE in(
				        select distinct EC_CODE from ENTERPRISE_CUSTOMER where STATE = 'ENABLED'
				        <if test="areaId != null and areaId != '' and areaId != 1">
							and area_id = #{areaId}
						</if>
				)
			) as ecTotal,
			(
				select count(distinct EC_CODE) from (
			        select EC_CODE,to_char(min(START_DATE),'yyyy-mm') as operDate from M2M_GRPMEM where STATE = 'ENABLED' 
			        and PACKAGE_CODE in (
			                select distinct(pkgCode) from (
			                        select distinct(FROM_CODE) as pkgCode from group_rel where relation = 'putaway' and code_type = 'atomic'and state = 'ENABLED'
			                        <if test="tradeCode != null and tradeCode != ''">
										and TO_CODE = #{tradeCode}
									</if>
			                        union all
			                        select distinct(package_code) as pkgCode from service_pkg 
			                        where trade_code in(
			                                select distinct(FROM_CODE) from group_rel where relation = 'putaway' and code_type = 'fujia' and state = 'ENABLED'
			                                <if test="tradeCode != null and tradeCode != ''">
												and TO_CODE = #{tradeCode}
											</if>
			                        )
			                )
			        ) 
			        and EC_CODE in(
			                select distinct EC_CODE from ENTERPRISE_CUSTOMER where  STATE = 'ENABLED'
			                <if test="areaId != null and areaId != '' and areaId != 1">
								and area_id = #{areaId}
							</if>
			        )
			        group by EC_CODE
				) where 1=1
				<if test="operDate != null and operDate != ''">
					and operDate = #{operDate}
				</if>
			) as ecPutCount,
			decode(
				enNum,0,(
					select count(distinct EC_CODE) from (
				        select EC_CODE,to_char(max(START_DATE),'yyyy-mm') as operDate from M2M_GRPMEM where STATE = 'DISABLED' 
				        and PACKAGE_CODE in (
				                select distinct(pkgCode) from (
				                        select distinct(FROM_CODE) as pkgCode from group_rel where relation = 'putaway' and code_type = 'atomic'and state = 'ENABLED'
				                        <if test="tradeCode != null and tradeCode != ''">
											and TO_CODE = #{tradeCode}
										</if>
				                        union all
				                        select distinct(package_code) as pkgCode from service_pkg 
				                        where trade_code in(
				                                select distinct(FROM_CODE) from group_rel where relation = 'putaway' and code_type = 'fujia' and state = 'ENABLED'
				                                <if test="tradeCode != null and tradeCode != ''">
													and TO_CODE = #{tradeCode}
												</if> 
				                        )
				                )
				        ) 
				        and EC_CODE in(
				                select distinct EC_CODE from ENTERPRISE_CUSTOMER where STATE = 'ENABLED'
				                <if test="areaId != null and areaId != '' and areaId != 1">
									and area_id = #{areaId}
								</if>
				        )
				        group by EC_CODE
					) where 1=1
					<if test="operDate != null and operDate != ''">
						and operDate = #{operDate}
					</if>
				)
			,0)as ecOutCount,
			(
				select count(distinct MSISDN) from M2M_GRPMEM where STATE = 'ENABLED' 
				<if test="operDate != null and operDate != ''">
					and to_char(START_DATE,'yyyy-mm') <![CDATA[ <= ]]> #{operDate}
				</if>
				and PACKAGE_CODE in (
				        select distinct(pkgCode) from (
				                select distinct(FROM_CODE) as pkgCode from group_rel where relation = 'putaway' and code_type = 'atomic'and state = 'ENABLED'
				                 <if test="tradeCode != null and tradeCode != ''">
									and TO_CODE = #{tradeCode}
								</if>
				                union all
				                select distinct(package_code) as pkgCode from service_pkg 
				                where trade_code in(
				                        select distinct(FROM_CODE) from group_rel where relation = 'putaway' and code_type = 'fujia' and state = 'ENABLED'
				                         <if test="tradeCode != null and tradeCode != ''">
											and TO_CODE = #{tradeCode}
										 </if>
				                )
				        )
				) 
				and EC_CODE in(
				        select distinct EC_CODE from ENTERPRISE_CUSTOMER where STATE = 'ENABLED'
				        <if test="areaId != null and areaId != '' and areaId != 1">
							and area_id = #{areaId}
						</if>
				)
			)as numTotal
		from 
		(
	     select count(distinct MSISDN) enNum from M2M_GRPMEM where STATE = 'ENABLED'
                and EC_CODE in(
                                select distinct EC_CODE from ENTERPRISE_CUSTOMER where STATE = 'ENABLED' and state in  'ENABLED'
                                <if test="areaId != null and areaId != '' and areaId != 1">
									and area_id = #{areaId}
								</if>
                        )
                and PACKAGE_CODE in (
                                select distinct(pkgCode) from (
                                        select distinct(FROM_CODE) as pkgCode from group_rel where relation = 'putaway' and code_type = 'atomic'and state = 'ENABLED'
                                        <if test="tradeCode != null and tradeCode != ''">
											and TO_CODE = #{tradeCode}
										</if>
                                        union all
                                        select distinct(package_code) as pkgCode from service_pkg 
                                        where trade_code in(
                                                select distinct(FROM_CODE) from group_rel where relation = 'putaway' and code_type = 'fujia' and state = 'ENABLED'
                                                <if test="tradeCode != null and tradeCode != ''">
													and TO_CODE = #{tradeCode}
												</if> 
                                        )
                                )
                        )
                 <if test="operDate != null and operDate != ''">
					and to_char(START_DATE,'yyyy-mm') <![CDATA[ = ]]> #{operDate}
				 </if>  
        )
	</select>
	
	
	
	
	<!-- 日统计 -->
	<!-- 客户级别日统计 -->
	<select id="findCustomerTradeListByDay" resultType="TradeStatistics">
		<include refid="pageSqlStart"/>
		select tt.area_id areaid,
		       max(area_name) areaname,
		       start_day startmonth,
		       trade_id tradeid,
		       ec_code ecCode,
		       max(ec_name) ecName,                         
		       (select t.trade_name from trade t where t.trade_id = tt.trade_id) tradename,
		       sum(test_count) testcount, 
		       sum(silent_count) silentcount,
		       sum(stock_count) stockcount,
		       sum(normal_count) normalcount,
		       sum(preclose_count) preclosecount,
		       sum(cancel_count) cancelcount,
		       sum(pn_count) pncount,
		       sum(hyk_count) hykcount
		from(
		  select area_id area_id,
		         max(area_name) area_name,
		         start_day start_day,
		         trade_id trade_id,
		         ec_code ec_code, 
		         max(ec_name) ec_name,
		         sum(test_count) test_count,
		         sum(silent_count) silent_count,
		         sum(stock_count) stock_count,
		         sum(normal_count) normal_count,
		         sum(preclose_count) preclose_count,
		         sum(cancel_count) cancel_count,
		         sum(pn_count) pn_count,
		         sum(hyk_count) hyk_count
		    from rep_bus_customer_dd<if test='dbConnectionMode =="1" '>@IOTLINK_ST</if> d
		    group by area_id, start_day, trade_id,ec_code
		  union
		  select ab.area_id area_id,
		         max(ab.area_name) area_name,
		         start_day start_day,
		         trade_id trade_id,
		         ec_code ec_code, 
		         max(ec_name) ec_name,
		         sum(test_count) test_count,
		         sum(silent_count) silent_count,
		         sum(stock_count) stock_count,
		         sum(normal_count) normal_count,
		         sum(preclose_count) preclose_count,
		         sum(cancel_count) cancel_count,
		         sum(pn_count) pn_count,
		         sum(hyk_count) hyk_count
		    from rep_bus_customer_dd<if test='dbConnectionMode =="1" '>@IOTLINK_ST</if> d,areas ar,areas ab
		    where d.area_id = ar.area_id
		          and ar.parent_area_id = ab.area_id
		    group by ab.area_id, d.start_day, trade_id,ec_code
		   ) tt 
 		where tt.area_id <![CDATA[ <> ]]> 0
 		<!-- 非系统管理员数据展示 -->
	       	    <if test="userAreaCode != null and userAreaCode != ''">
	         		and AREA_ID = <include refid="Common.findDataUserAreaId"/>
	     	    </if>
		<if test="ecCode != null and ecCode != ''">
			and EC_CODE like '%'||#{ecCode}||'%' 
		</if>
		<if test="ecName != null and ecName != ''">
			and EC_NAME like '%'||#{ecName}||'%' 
		</if>
		<if test="areaId != null and areaId != ''">
			and AREA_ID = #{areaId} 
		</if>
		<if test="beginTime != null and beginTime != ''">
			AND START_DAY <![CDATA[ >= ]]>  #{beginTime}
		</if>
		<if test="endTime != null and endTime != ''">
			AND START_DAY <![CDATA[ <= ]]>  #{endTime} 
		</if>
		<if test="tradeId != null and tradeId != ''">
			and TRADE_ID = #{tradeId} 
		</if> 		
		group by tt.area_id, tt.trade_id, tt.start_day,tt.ec_code
		order by tt.start_day desc, tt.area_id
		<include refid="pageSqlEnd"/>
	</select>
	
	<!-- 客户级别日统计 -用于导出，故不用页面参数-->
	<select id="findCustomerTradeListByDayForExcel" resultType="TradeStatistics">
		select tt.area_id areaid,
		       max(area_name) areaname,
		       start_day startmonth,
		       trade_id tradeid,
		       ec_code ecCode,
		       max(ec_name) ecName,                         
		       (select t.trade_name from trade t where t.trade_id = tt.trade_id) tradename,
		       sum(test_count) testcount, 
		       sum(silent_count) silentcount,
		       sum(stock_count) stockcount,
		       sum(normal_count) normalcount,
		       sum(preclose_count) preclosecount,
		       sum(cancel_count) cancelcount,
		       sum(pn_count) pncount,
		       sum(hyk_count) hykcount
		from(
		  select area_id area_id,
		         max(area_name) area_name,
		         start_day start_day,
		         trade_id trade_id,
		         ec_code ec_code, 
		         max(ec_name) ec_name,
		         sum(test_count) test_count,
		         sum(silent_count) silent_count,
		         sum(stock_count) stock_count,
		         sum(normal_count) normal_count,
		         sum(preclose_count) preclose_count,
		         sum(cancel_count) cancel_count,
		         sum(pn_count) pn_count,
		         sum(hyk_count) hyk_count
		    from rep_bus_customer_dd<if test='dbConnectionMode =="1" '>@IOTLINK_ST</if> d
		    group by area_id, start_day, trade_id,ec_code
		  union
		  select ab.area_id area_id,
		         max(ab.area_name) area_name,
		         start_day start_day,
		         trade_id trade_id,
		         ec_code ec_code, 
		         max(ec_name) ec_name,
		         sum(test_count) test_count,
		         sum(silent_count) silent_count,
		         sum(stock_count) stock_count,
		         sum(normal_count) normal_count,
		         sum(preclose_count) preclose_count,
		         sum(cancel_count) cancel_count,
		         sum(pn_count) pn_count,
		         sum(hyk_count) hyk_count
		    from rep_bus_customer_dd<if test='dbConnectionMode =="1" '>@IOTLINK_ST</if> d,areas ar,areas ab
		    where d.area_id = ar.area_id
		          and ar.parent_area_id = ab.area_id
		    group by ab.area_id, d.start_day, trade_id,ec_code
		   ) tt 
 		where tt.area_id <![CDATA[ <> ]]> 0
 		<!-- 非系统管理员数据展示 -->
	    <if test="userAreaCode != null and userAreaCode != ''">
	        and AREA_ID = <include refid="Common.findDataUserAreaId"/>
	    </if>
		<if test="ecCode != null and ecCode != ''">
			and EC_CODE like '%'||#{ecCode}||'%' 
		</if>
		<if test="ecName != null and ecName != ''">
			and EC_NAME like '%'||#{ecName}||'%' 
		</if>
		<if test="areaId != null and areaId != ''">
			and AREA_ID = #{areaId} 
		</if>
		<if test="beginTime != null and beginTime != ''">
			AND START_DAY <![CDATA[ >= ]]>  #{beginTime}
		</if>
		<if test="endTime != null and endTime != ''">
			AND START_DAY <![CDATA[ <= ]]>  #{endTime} 
		</if>
		<if test="tradeId != null and tradeId != ''">
			and TRADE_ID = #{tradeId} 
		</if> 		
		group by tt.area_id, tt.trade_id, tt.start_day,tt.ec_code
		order by tt.start_day desc, tt.area_id
	</select>
	
	<!-- 客户级别日统计总数 -->
	<select id="findCustomerTradeListByDayCount" resultType="Long">
		select count(1) 
		from (
		select 1
		from(
		  select area_id area_id,
		         max(area_name) area_name,
		         start_day start_day,
		         trade_id trade_id,
		         ec_code ec_code, 
		         max(ec_name) ec_name,
		         sum(test_count) test_count,
		         sum(silent_count) silent_count,
		         sum(stock_count) stock_count,
		         sum(normal_count) normal_count,
		         sum(preclose_count) preclose_count,
		         sum(cancel_count) cancel_count,
		         sum(pn_count) pn_count,
		         sum(hyk_count) hyk_count
		    from rep_bus_customer_dd<if test='dbConnectionMode =="1" '>@IOTLINK_ST</if> d
		    group by area_id, start_day, trade_id,ec_code
		  union
		  select ab.area_id area_id,
		         max(ab.area_name) area_name,
		         start_day start_day,
		         trade_id trade_id,
		         ec_code ec_code, 
		         max(ec_name) ec_name,
		         sum(test_count) test_count,
		         sum(silent_count) silent_count,
		         sum(stock_count) stock_count,
		         sum(normal_count) normal_count,
		         sum(preclose_count) preclose_count,
		         sum(cancel_count) cancel_count,
		         sum(pn_count) pn_count,
		         sum(hyk_count) hyk_count
		    from rep_bus_customer_dd<if test='dbConnectionMode =="1" '>@IOTLINK_ST</if> d,areas ar,areas ab
		    where d.area_id = ar.area_id
		          and ar.parent_area_id = ab.area_id
		    group by ab.area_id, d.start_day, trade_id,ec_code
		   ) tt 
 		where tt.area_id <![CDATA[ <> ]]> 0
 		<!-- 非系统管理员数据展示 -->
	       	    <if test="userAreaCode != null and userAreaCode != ''">
	         		and AREA_ID = <include refid="Common.findDataUserAreaId"/>
	     	    </if>
		<if test="ecCode != null and ecCode != ''">
			and EC_CODE like '%'||#{ecCode}||'%' 
		</if>
		<if test="ecName != null and ecName != ''">
			and EC_NAME like '%'||#{ecName}||'%' 
		</if>
		<if test="areaId != null and areaId != ''">
			and AREA_ID = #{areaId} 
		</if>
		<if test="beginTime != null and beginTime != ''">
			AND START_DAY <![CDATA[ >= ]]>  #{beginTime}
		</if>
		<if test="endTime != null and endTime != ''">
			AND START_DAY <![CDATA[ <= ]]>  #{endTime} 
		</if>
		<if test="tradeId != null and tradeId != ''">
			and TRADE_ID = #{tradeId} 
		</if> 		
		group by tt.area_id, tt.trade_id, tt.start_day,tt.ec_code
		)
	</select>
	
	<select id="findCustomerTradeConutByDay" resultType="int">
		select count(1) from (
			select A.ecCode,A.operDate,en.EC_NAME ecName,B.area_id areaId,B.area_name areaName,A.tradeCode,A.tradeName
			from (
			        select e.ecCode,e.operDate,main.tradeCode,main.tradeName from 
			        (
			            select EC_CODE as ecCode,PACKAGE_CODE as packageCode,to_char(START_DATE,'YYYY-MM-DD') as operDate
			                from M2M_GRPMEM 
			                where STATE = 'ENABLED'
			                and PACKAGE_CODE in
			                (
			                        select distinct(pkgCode) from (
			                                select distinct(FROM_CODE) as pkgCode from group_rel where relation = 'putaway' and code_type = 'atomic'and state = 'ENABLED'
			                                union all
			                                select distinct(package_code) as pkgCode from service_pkg 
			                                where trade_code in(
			                                        select distinct(FROM_CODE) from group_rel where relation = 'putaway' and code_type = 'fujia' and state = 'ENABLED'
			                                )
			                        )
			                ) group by EC_CODE,PACKAGE_CODE,to_char(START_DATE,'YYYY-MM-DD')
			        ) e
			        left join 
			        (
			          select distinct t.packageCode,t.TO_CODE as tradeCode,p.PRODUCT_NAME as tradeName from (
			                select FROM_CODE as packageCode,TO_CODE from group_rel where relation = 'putaway' and CODE_TYPE = 'atomic' and STATE = 'ENABLED'
			                union all
			                select s.PACKAGE_CODE as packageCode ,TO_CODE from group_rel g 
			                left join service_pkg s
			                on s.PRODUCT_CODE = g.FROM_CODE
			                where g.relation = 'putaway' and g.CODE_TYPE = 'fujia' and g.STATE = 'ENABLED' 
			                ) t
			                left join  trade_suites p 
			                on t.TO_CODE = p.PRODUCT_CODE
			                where p.TYPE = 0 and p.STATE = 'ENABLED' 
			        ) main
			        on main.packageCode = e.packageCode
			        group by ecCode,operDate,tradeCode,tradeName
			)A left join ENTERPRISE_CUSTOMER en
			on en.ec_code = A.ecCode
			left join areas B
			on B.area_id = en.area_id
			where ec_name is not null
			<!-- 非系统管理员数据展示 -->
	       	<if test="userAreaCode != null and userAreaCode != ''">
	         	and B.area_id = <include refid="Common.findDataUserAreaId"/>
	     	</if>
			<if test="ecCode != null and ecCode != ''">
				and A.ecCode like '%'||#{ecCode}||'%' 
			</if>
			<if test="ecName != null and ecName != ''">
				and en.ec_name like '%'||#{ecName}||'%' 
			</if>
			<if test="areaId != null and areaId != ''">
				and B.area_id = #{areaId} 
			</if>
			<if test="tradeCode != null and tradeCode != ''">
				and A.tradeCode = #{tradeCode} 
			</if>
			<if test="beginTime != null and beginTime != ''">
				AND A.operDate <![CDATA[ >= ]]>  #{beginTime}
			</if>
			<if test="endTime != null and endTime != ''">
				AND to_date(A.operDate,'YYYY-MM-DD') <![CDATA[ <= ]]>  TO_DATE(#{endTime},'YYYY-MM-DD') 
			</if>
		)
	</select>
	
	<select id="findNumTotalByDay" resultType="Long">
		select 
			count(msisdn) numTotal 
		from 
			M2M_GRPMEM
		where 
			STATE = 'ENABLED'
			<if test="ecCode != null and ecCode != ''">
				and EC_CODE = #{ecCode} 
			</if>
			<if test="operDate != null and operDate != ''">
				and to_char(START_DATE,'YYYY-MM-DD') <![CDATA[ <= ]]> #{operDate}
			</if>
		and PACKAGE_CODE in 
		(
		   select distinct(pkgCode) from (
		        select FROM_CODE as pkgCode from group_rel where relation = 'putaway' and code_type = 'atomic'and state = 'ENABLED' 
		        <if test="tradeCode != null and tradeCode != ''">
					and TO_CODE = #{tradeCode}
				</if>
		        union all
		        select package_code as pkgCode from service_pkg 
		                where trade_code in(
		                        select distinct(FROM_CODE) from group_rel where relation = 'putaway' and code_type = 'fujia' and state = 'ENABLED'
		                        <if test="tradeCode != null and tradeCode != ''">
									and TO_CODE = #{tradeCode}
								</if>
		                )
		        )    
		)
	</select>
	
	
	<!-- 省市级别日统计 -->
	<select id="findRangeTradeListByDay" resultType="TradeStatistics">
		<include refid="pageSqlStart"/>
			select tt.area_id areaid,
			       max(area_name) areaname,
			       start_day startmonth,
			       trade_id tradeid,                      
			       (select t.trade_name from trade t where t.trade_id = tt.trade_id) tradename,
			       sum(test_count) testcount, 
			       sum(silent_count) silentcount,
			       sum(stock_count) stockcount,
			       sum(normal_count) normalcount,
			       sum(preclose_count) preclosecount,
			       sum(cancel_count) cancelcount,
			       sum(pn_count) pncount,
		           sum(hyk_count) hykcount,             
		           sum(voice_count) voiceCount,
		           sum(sms_count) smsCount,
		           sum(two_apn_count) twoApnCount
			from(
			  select area_id area_id,
			         max(area_name) area_name,
			         start_day start_day,
			         trade_id trade_id, 
			         sum(test_count) test_count,
			         sum(silent_count) silent_count,
			         sum(stock_count) stock_count,
			         sum(normal_count) normal_count,
			         sum(preclose_count) preclose_count,
			         sum(cancel_count) cancel_count,
			         sum(pn_count) pn_count,
		             sum(hyk_count) hyk_count,
		             sum(voice_count) voice_count,
		             sum(sms_count) sms_count,
		             sum(two_apn_count) two_apn_count 
			    from rep_bus_customer_dd<if test='dbConnectionMode =="1" '>@IOTLINK_ST</if> d
			    group by area_id, start_day, trade_id,ec_code
			  union
			  select ab.area_id area_id,
			         max(ab.area_name) area_name,
			         start_day start_day,
			         trade_id trade_id, 
			         sum(test_count) test_count,
			         sum(silent_count) silent_count,
			         sum(stock_count) stock_count,
			         sum(normal_count) normal_count,
			         sum(preclose_count) preclose_count,
			         sum(cancel_count) cancel_count,
			         sum(pn_count) pn_count,
		             sum(hyk_count) hyk_count,
		             sum(voice_count) voice_count,
		             sum(sms_count) sms_count,
		             sum(two_apn_count) two_apn_count 
             	from rep_bus_customer_dd<if test='dbConnectionMode =="1" '>@IOTLINK_ST</if> d,areas ar,areas ab
			    where d.area_id = ar.area_id
			          and ar.parent_area_id = ab.area_id
			    group by ab.area_id, d.start_day, trade_id
			   ) tt
 				where tt.area_id <![CDATA[ <> ]]> 0
 				<!-- 非系统管理员数据展示 -->
	       	    <if test="userAreaCode != null and userAreaCode != ''">
	         		and AREA_ID = <include refid="Common.findDataUserAreaId"/>
	     	    </if>
				<if test="areaId != null and areaId != ''">
					and AREA_ID = #{areaId} 
				</if>
				<if test="beginTime != null and beginTime != ''">
					AND START_DAY <![CDATA[ >= ]]>  #{beginTime}
				</if>
				<if test="endTime != null and endTime != ''">
					AND START_DAY <![CDATA[ <= ]]>  #{endTime} 
				</if>
				<if test="tradeId != null and tradeId != ''">
					and TRADE_ID = #{tradeId} 
				</if>
				group by tt.area_id, tt.trade_id, tt.start_day 
				order by tt.start_day desc, tt.area_id
		<include refid="pageSqlEnd"/>
	</select>
	
	<!-- 省市级别日统计，用于导出数据，所以不用分页<liycb@hvgroup.com.cn> -->
	<select id="findRangeTradeListByDayForExcel" resultType="TradeStatistics">
			select tt.area_id areaid,
			       max(area_name) areaname,
			       start_day startmonth,
			       trade_id tradeid,                      
			       (select t.trade_name from trade t where t.trade_id = tt.trade_id) tradename,
			       sum(test_count) testcount, 
			       sum(silent_count) silentcount,
			       sum(stock_count) stockcount,
			       sum(normal_count) normalcount,
			       sum(preclose_count) preclosecount,
			       sum(cancel_count) cancelcount,
			       sum(pn_count) pncount,
		           sum(hyk_count) hykcount,             
		           sum(voice_count) voiceCount,
		           sum(sms_count) smsCount,
		           sum(two_apn_count) twoApnCount
			from(
			  select area_id area_id,
			         max(area_name) area_name,
			         start_day start_day,
			         trade_id trade_id, 
			         sum(test_count) test_count,
			         sum(silent_count) silent_count,
			         sum(stock_count) stock_count,
			         sum(normal_count) normal_count,
			         sum(preclose_count) preclose_count,
			         sum(cancel_count) cancel_count,
			         sum(pn_count) pn_count,
		             sum(hyk_count) hyk_count,
		             sum(voice_count) voice_count,
		             sum(sms_count) sms_count,
		             sum(two_apn_count) two_apn_count 
			    from rep_bus_customer_dd<if test='dbConnectionMode =="1" '>@IOTLINK_ST</if> d
			    group by area_id, start_day, trade_id,ec_code
			  union
			  select ab.area_id area_id,
			         max(ab.area_name) area_name,
			         start_day start_day,
			         trade_id trade_id, 
			         sum(test_count) test_count,
			         sum(silent_count) silent_count,
			         sum(stock_count) stock_count,
			         sum(normal_count) normal_count,
			         sum(preclose_count) preclose_count,
			         sum(cancel_count) cancel_count,
			         sum(pn_count) pn_count,
		             sum(hyk_count) hyk_count,
		             sum(voice_count) voice_count,
		             sum(sms_count) sms_count,
		             sum(two_apn_count) two_apn_count 
             	from rep_bus_customer_dd<if test='dbConnectionMode =="1" '>@IOTLINK_ST</if> d,areas ar,areas ab
			    where d.area_id = ar.area_id
			          and ar.parent_area_id = ab.area_id
			    group by ab.area_id, d.start_day, trade_id
			   ) tt
				where tt.area_id <![CDATA[ <> ]]> 0
				<!-- 非系统管理员数据展示 -->
	       	    <if test="userAreaCode != null and userAreaCode != ''">
	         		and AREA_ID = <include refid="Common.findDataUserAreaId"/>
	     	    </if>
			<if test="areaId != null and areaId != ''">
				and AREA_ID = #{areaId} 
			</if>
			<if test="beginTime != null and beginTime != ''">
				AND START_DAY <![CDATA[ >= ]]>  #{beginTime}
			</if>
			<if test="endTime != null and endTime != ''">
				AND START_DAY <![CDATA[ <= ]]>  #{endTime} 
			</if>
			<if test="tradeId != null and tradeId != ''">
				and TRADE_ID = #{tradeId} 
			</if>
			group by tt.area_id, tt.trade_id, tt.start_day 
			order by tt.start_day desc, tt.area_id
	</select>
	
	<!-- 省市级别日统计总数 -->
	<select id="findRangeTradeListByDayCount" resultType="Long">
		select count(1) 
		from (
			select 1
			from(
			  select area_id area_id,
			         max(area_name) area_name,
			         start_day start_day,
			         trade_id trade_id, 
			         sum(test_count) test_count,
			         sum(silent_count) silent_count,
			         sum(stock_count) stock_count,
			         sum(normal_count) normal_count,
			         sum(preclose_count) preclose_count,
			         sum(cancel_count) cancel_count,
			         sum(pn_count) pn_count,
		             sum(hyk_count) hyk_count,
		             sum(voice_count) voice_count,
		             sum(sms_count) sms_count,
		             sum(two_apn_count) two_apn_count 
			    from rep_bus_customer_dd<if test='dbConnectionMode =="1" '>@IOTLINK_ST</if> d
			    group by area_id, start_day, trade_id,ec_code
			  union
			  select ab.area_id area_id,
			         max(ab.area_name) area_name,
			         start_day start_day,
			         trade_id trade_id, 
			         sum(test_count) test_count,
			         sum(silent_count) silent_count,
			         sum(stock_count) stock_count,
			         sum(normal_count) normal_count,
			         sum(preclose_count) preclose_count,
			         sum(cancel_count) cancel_count,
			         sum(pn_count) pn_count,
		             sum(hyk_count) hyk_count,
		             sum(voice_count) voice_count,
		             sum(sms_count) sms_count,
		             sum(two_apn_count) two_apn_count 
             	from rep_bus_customer_dd<if test='dbConnectionMode =="1" '>@IOTLINK_ST</if> d,areas ar,areas ab
			    where d.area_id = ar.area_id
			          and ar.parent_area_id = ab.area_id
			    group by ab.area_id, d.start_day, trade_id
			   ) tt
 				where tt.area_id <![CDATA[ <> ]]> 0
 				<!-- 非系统管理员数据展示 -->
	       	    <if test="userAreaCode != null and userAreaCode != ''">
	         		and AREA_ID = <include refid="Common.findDataUserAreaId"/>
	     	    </if>
				<if test="areaId != null and areaId != ''">
					and AREA_ID = #{areaId} 
				</if>
				<if test="beginTime != null and beginTime != ''">
					AND START_DAY <![CDATA[ >= ]]>  #{beginTime}
				</if>
				<if test="endTime != null and endTime != ''">
					AND START_DAY <![CDATA[ <= ]]>  #{endTime} 
				</if>
				<if test="tradeId != null and tradeId != ''">
					and TRADE_ID = #{tradeId} 
				</if>
				group by tt.area_id, tt.trade_id, tt.start_day 
		)
	</select>
	
	
	
	<select id="findRangeTradeConutByDay" resultType="int">
		select count(1) from
		(
			select A.operDate,B.area_id areaId,B.area_name areaName,A.tradeCode,A.tradeName
			from (
			        select e.ecCode,e.operDate,main.tradeCode,main.tradeName from 
			        (
			            select EC_CODE as ecCode,PACKAGE_CODE as packageCode,to_char(START_DATE,'YYYY-MM-DD') as operDate
			                from M2M_GRPMEM 
			                where STATE = 'ENABLED'
			                and PACKAGE_CODE in
			                (
			                        select distinct(pkgCode) from (
			                                select distinct(FROM_CODE) as pkgCode from group_rel where relation = 'putaway' and code_type = 'atomic'and state = 'ENABLED'
			                                union all
			                                select distinct(package_code) as pkgCode from service_pkg 
			                                where trade_code in(
			                                        select distinct(FROM_CODE) from group_rel where relation = 'putaway' and code_type = 'fujia' and state = 'ENABLED'
			                                )
			                        )
			                ) group by EC_CODE,PACKAGE_CODE,to_char(START_DATE,'YYYY-MM-DD')
			        ) e
			        left join 
			        (
			          select distinct t.packageCode,t.TO_CODE as tradeCode,p.PRODUCT_NAME as tradeName from (
			                select FROM_CODE as packageCode,TO_CODE from group_rel where relation = 'putaway' and CODE_TYPE = 'atomic' and STATE = 'ENABLED'
			                union all
			                select s.PACKAGE_CODE as packageCode ,TO_CODE from group_rel g 
			                left join service_pkg s
			                on s.PRODUCT_CODE = g.FROM_CODE
			                where g.relation = 'putaway' and g.CODE_TYPE = 'fujia' and g.STATE = 'ENABLED' 
			                ) t
			                left join  trade_suites p 
			                on t.TO_CODE = p.PRODUCT_CODE
			                where p.TYPE = 0 and p.STATE = 'ENABLED' 
			        ) main
			        on main.packageCode = e.packageCode
			        group by ecCode,operDate,tradeCode,tradeName
			)A left join ENTERPRISE_CUSTOMER en
			on en.ec_code = A.ecCode
			left join areas B
			on B.area_id = en.area_id
			where en.ec_name is not null and B.area_id not in 1
			<if test="tradeCode != null and tradeCode != ''">
				and A.tradeCode = #{tradeCode} 
			</if>
			<if test="beginTime != null and beginTime != ''">
				AND A.operDate <![CDATA[ >= ]]>  #{beginTime}
			</if>
			<if test="endTime != null and endTime != ''">
				AND to_date(A.operDate,'YYYY-MM-DD') <![CDATA[ <= ]]>  TO_DATE(#{endTime},'YYYY-MM-DD') 
			</if>
			group by A.operDate,B.area_id,B.area_name,A.tradeCode,A.tradeName
			union all
			select A.operDate, 1 as areaId, '广东省' as areaName, A.tradeCode, A.tradeName
			from (
			        select e.ecCode,e.operDate,main.tradeCode,main.tradeName from 
			        (
			            select EC_CODE as ecCode,PACKAGE_CODE as packageCode,to_char(START_DATE,'YYYY-MM-DD') as operDate
			                from M2M_GRPMEM 
			                where STATE = 'ENABLED'
			                and PACKAGE_CODE in
			                (
			                        select distinct(pkgCode) from (
			                                select distinct(FROM_CODE) as pkgCode from group_rel where relation = 'putaway' and code_type = 'atomic'and state = 'ENABLED'
			                                union all
			                                select distinct(package_code) as pkgCode from service_pkg 
			                                where trade_code in(
			                                        select distinct(FROM_CODE) from group_rel where relation = 'putaway' and code_type = 'fujia' and state = 'ENABLED'
			                                )
			                        )
			                ) group by EC_CODE,PACKAGE_CODE,to_char(START_DATE,'YYYY-MM-DD')
			        ) e
			        left join 
			        (
			          select distinct t.packageCode,t.TO_CODE as tradeCode,p.PRODUCT_NAME as tradeName from (
			                select FROM_CODE as packageCode,TO_CODE from group_rel where relation = 'putaway' and CODE_TYPE = 'atomic' and STATE = 'ENABLED'
			                union all
			                select s.PACKAGE_CODE as packageCode ,TO_CODE from group_rel g 
			                left join service_pkg s
			                on s.PRODUCT_CODE = g.FROM_CODE
			                where g.relation = 'putaway' and g.CODE_TYPE = 'fujia' and g.STATE = 'ENABLED' 
			                ) t
			                left join  trade_suites p 
			                on t.TO_CODE = p.PRODUCT_CODE
			                where p.TYPE = 0 and p.STATE = 'ENABLED' 
			        ) main
			        on main.packageCode = e.packageCode
			        group by ecCode,operDate,tradeCode,tradeName
			)A left join ENTERPRISE_CUSTOMER en
			on en.ec_code = A.ecCode
			where en.ec_name is not null
			<if test="tradeCode != null and tradeCode != ''">
				and A.tradeCode = #{tradeCode} 
			</if>
			<if test="beginTime != null and beginTime != ''">
				AND A.operDate <![CDATA[ >= ]]>  #{beginTime}
			</if>
			<if test="endTime != null and endTime != ''">
				AND to_date(A.operDate,'YYYY-MM-DD') <![CDATA[ <= ]]>  TO_DATE(#{endTime},'YYYY-MM-DD') 
			</if>
			group by A.operDate,A.tradeCode,A.tradeName
			)where 1=1
			<if test="areaId != null and areaId != ''">
				and areaId = #{areaId} 
			</if>
	</select>
	
	
	<select id="findRangeTradeOtherByDay" resultType="TradeStatistics">
		select 
			(
				select count(distinct EC_CODE)  from M2M_GRPMEM where STATE = 'ENABLED' 
				<if test="operDate != null and operDate != ''">
					and to_char(START_DATE,'yyyy-mm-dd') <![CDATA[ <= ]]> #{operDate}
				</if>
				and PACKAGE_CODE in (
				        select distinct(pkgCode) from (
				                select distinct(FROM_CODE) as pkgCode from group_rel where relation = 'putaway' and code_type = 'atomic'and state = 'ENABLED'
				                <if test="tradeCode != null and tradeCode != ''">
									and TO_CODE = #{tradeCode}
								</if>
				                union all
				                select distinct(package_code) as pkgCode from service_pkg 
				                where trade_code in(
				                        select distinct(FROM_CODE) from group_rel where relation = 'putaway' and code_type = 'fujia' and state = 'ENABLED'
				                        <if test="tradeCode != null and tradeCode != ''">
											and TO_CODE = #{tradeCode}
										</if>
				                )
				        )
				) 
				and EC_CODE in(
				        select distinct EC_CODE from ENTERPRISE_CUSTOMER where STATE = 'ENABLED'
				        <if test="areaId != null and areaId != '' and areaId != 1">
							and area_id = #{areaId}
						</if>
				)
			) as ecTotal,
			(
				select count(distinct EC_CODE) from (
			        select EC_CODE,to_char(min(START_DATE),'yyyy-mm-dd') as operDate from M2M_GRPMEM where 1=1
			        and PACKAGE_CODE in (
			                select distinct(pkgCode) from (
			                        select distinct(FROM_CODE) as pkgCode from group_rel where relation = 'putaway' and code_type = 'atomic'and state = 'ENABLED'
			                        <if test="tradeCode != null and tradeCode != ''">
										and TO_CODE = #{tradeCode}
									</if>
			                        union all
			                        select distinct(package_code) as pkgCode from service_pkg 
			                        where trade_code in(
			                                select distinct(FROM_CODE) from group_rel where relation = 'putaway' and code_type = 'fujia' and state = 'ENABLED'
			                                <if test="tradeCode != null and tradeCode != ''">
												and TO_CODE = #{tradeCode}
											</if>
			                        )
			                )
			        ) 
			        and EC_CODE in(
			                select distinct EC_CODE from ENTERPRISE_CUSTOMER where  STATE = 'ENABLED'
			                <if test="areaId != null and areaId != '' and areaId != 1">
								and area_id = #{areaId}
							</if>
			        )
			        group by EC_CODE
				) where 1=1
				<if test="operDate != null and operDate != ''">
					and operDate = #{operDate}
				</if>
			)as ecPutCount,
			decode(
				enNum,0,(
					select count(distinct EC_CODE) from (
				        select EC_CODE,to_char(max(START_DATE),'yyyy-mm-dd') as operDate from M2M_GRPMEM where STATE = 'DISABLED' 
				        and PACKAGE_CODE in (
				                select distinct(pkgCode) from (
				                        select distinct(FROM_CODE) as pkgCode from group_rel where relation = 'putaway' and code_type = 'atomic'and state = 'ENABLED'
				                        <if test="tradeCode != null and tradeCode != ''">
											and TO_CODE = #{tradeCode}
										</if>
				                        union all
				                        select distinct(package_code) as pkgCode from service_pkg 
				                        where trade_code in(
				                                select distinct(FROM_CODE) from group_rel where relation = 'putaway' and code_type = 'fujia' and state = 'ENABLED'
				                                <if test="tradeCode != null and tradeCode != ''">
													and TO_CODE = #{tradeCode}
												</if> 
				                        )
				                )
				        ) 
				        and EC_CODE in(
				                select distinct EC_CODE from ENTERPRISE_CUSTOMER where STATE = 'ENABLED'
				                <if test="areaId != null and areaId != '' and areaId != 1">
									and area_id = #{areaId}
								</if>
				        )
				        group by EC_CODE
					) where 1=1
					<if test="operDate != null and operDate != ''">
						and operDate = #{operDate}
					</if>
				)
			,0)as ecOutCount,
			(
				select count(distinct MSISDN) from M2M_GRPMEM where STATE = 'ENABLED' 
				<if test="operDate != null and operDate != ''">
					and to_char(START_DATE,'yyyy-mm-dd') <![CDATA[ <= ]]> #{operDate}
				</if>
				and PACKAGE_CODE in (
				        select distinct(pkgCode) from (
				                select distinct(FROM_CODE) as pkgCode from group_rel where relation = 'putaway' and code_type = 'atomic'and state = 'ENABLED'
				                 <if test="tradeCode != null and tradeCode != ''">
									and TO_CODE = #{tradeCode}
								</if>
				                union all
				                select distinct(package_code) as pkgCode from service_pkg 
				                where trade_code in(
				                        select distinct(FROM_CODE) from group_rel where relation = 'putaway' and code_type = 'fujia' and state = 'ENABLED'
				                         <if test="tradeCode != null and tradeCode != ''">
											and TO_CODE = #{tradeCode}
										 </if>
				                )
				        )
				) 
				and EC_CODE in(
				        select distinct EC_CODE from ENTERPRISE_CUSTOMER where STATE = 'ENABLED'
				        <if test="areaId != null and areaId != '' and areaId != 1">
							and area_id = #{areaId}
						</if>
				)
			)as numTotal
		from 
		(
	     select count(distinct MSISDN) enNum from M2M_GRPMEM where STATE = 'ENABLED'
                and EC_CODE in(
                                select distinct EC_CODE from ENTERPRISE_CUSTOMER where area_id = 26 and STATE = 'ENABLED' and state in  'ENABLED'
                                <if test="areaId != null and areaId != '' and areaId != 1">
									and area_id = #{areaId}
								</if>
                        )
                and PACKAGE_CODE in (
                                select distinct(pkgCode) from (
                                        select distinct(FROM_CODE) as pkgCode from group_rel where relation = 'putaway' and code_type = 'atomic'and state = 'ENABLED'
                                        <if test="tradeCode != null and tradeCode != ''">
											and TO_CODE = #{tradeCode}
										</if>
                                        union all
                                        select distinct(package_code) as pkgCode from service_pkg 
                                        where trade_code in(
                                                select distinct(FROM_CODE) from group_rel where relation = 'putaway' and code_type = 'fujia' and state = 'ENABLED'
                                                <if test="tradeCode != null and tradeCode != ''">
													and TO_CODE = #{tradeCode}
												</if> 
                                        )
                                )
                        )
                 <if test="operDate != null and operDate != ''">
					and to_char(START_DATE,'yyyy-mm') <![CDATA[ <= ]]> #{operDate}
				 </if>  
        )
	</select>
	
	
</mapper>