<?xml version="1.0" encoding="UTF-8" ?>
<!DOCTYPE mapper PUBLIC "-//mybatis.org//DTD Mapper 3.0//EN" "http://mybatis.org/dtd/mybatis-3-mapper.dtd">
<mapper namespace="com.hvgroup.modules.state.dao.TwoCardDao">
	<sql id="pageSqlStart">
        <if test="pageInfo.pageNo != null and pageInfo.pageNo != ''">
        
        select * from
            (
             select a.*, rownum rn from 
                (
        </if>
    </sql>
    <!-- 分页SQL语句结尾语句 -->
    <sql id="pageSqlEnd">
        <if test="pageInfo.pageSize != null and pageInfo.pageSize !=''">
                ) a
             where rownum <![CDATA[<=]]> #{pageInfo.pageNo}*#{pageInfo.pageSize}
            )
        where rn > (#{pageInfo.pageNo}-1)*#{pageInfo.pageSize}
        </if>
    </sql>	
	 
 	<select id="queryPage" resultType="TwoCard">
 		<if test="export == null or export == ''">
			<include refid="pageSqlStart"/>
		</if>
		select dd.area_code,
	       sum(dd.noactive_num) noactive_num,
	       sum(dd.active_num) active_num,
	       sum(dd.stop_num) stop_num,
	       sum(dd.test_num) test_num,
	       sum(dd.stock_num) stock_num,
	       sum(dd.preclose_num) preclose_num,
	       sum(dd.cancel_num) cancel_num,
	       sum(dd.on_vocie_num) on_vocie_num,
	       sum(dd.off_vocie_num) off_vocie_num,
	       sum(dd.on_sms_num) on_sms_num,
	       sum(dd.off_sms_num) off_sms_num,
	       sum(dd.on_roam_num) on_roam_num,
	       sum(dd.off_roam_num) off_roam_num,
	       sum(dd.on_gprs_num) on_gprs_num,
	       sum(dd.off_gprs_num) off_gprs_num,
	       sum(dd.on_sms5g_num) on_sms5g_num,
	       sum(dd.off_sms5g_num) off_sms5g_num
		from rep_two_card_cus_dd dd
		where 1=1
	 	<if test="areaCode != null and areaCode != '' ">
			and dd.area_Code = #{areaCode}
		</if>		
		group by dd.area_code		
		<if test="export == null or export == ''">
			<include refid="pageSqlEnd"/>
		</if>	 
	</select>
	 
	<select id="queryPageCount" resultType="java.lang.Long">
			select count(1) from (
				select dd.area_code,
			       sum(dd.noactive_num) noactive_num,
			       sum(dd.active_num) active_num,
			       sum(dd.stop_num) stop_num,
			       sum(dd.test_num) test_num,
			       sum(dd.stock_num) stock_num,
			       sum(dd.preclose_num) preclose_num,
			       sum(dd.cancel_num) cancel_num,
			       sum(dd.on_vocie_num) on_vocie_num,
			       sum(dd.off_vocie_num) off_vocie_num,
			       sum(dd.on_sms_num) on_sms_num,
			       sum(dd.off_sms_num) off_sms_num,
			       sum(dd.on_roam_num) on_roam_num,
			       sum(dd.off_roam_num) off_roam_num,
			       sum(dd.on_gprs_num) on_gprs_num,
			       sum(dd.off_gprs_num) off_gprs_num,
			       sum(dd.on_sms5g_num) on_sms5g_num,
			       sum(dd.off_sms5g_num) off_sms5g_num
				from rep_two_card_cus_dd dd
				where 1=1
			 	<if test="areaCode != null and areaCode != '' ">
					and dd.area_Code = #{areaCode}
				</if>		
				group by dd.area_code	
			)
	
	</select>


	<select id="queryEcPage" resultType="TwoCard">
 		<if test="export == null or export == ''">
			<include refid="pageSqlStart"/>
		</if>
			select dd.cust_id,
			       dd.cust_code,
			       dd.area_code,
			       dd.noactive_num,
			       dd.active_num,
			       dd.stop_num,
			       dd.test_num,
			       dd.stock_num,
			       dd.preclose_num,
			       dd.cancel_num,
			       dd.on_vocie_num,
			       dd.off_vocie_num,
			       dd.on_sms_num,
			       dd.off_sms_num,
			       dd.on_roam_num,
			       dd.off_roam_num,
			       dd.on_gprs_num,
			       dd.off_gprs_num,
			       dd.on_sms5g_num,
			       dd.off_sms5g_num
			from rep_two_card_cus_dd dd
		where 1=1
	 	<if test="areaCode != null and areaCode != '' ">
			and dd.area_Code = #{areaCode}
		</if>
		 	<if test="custId != null and custId != '' ">
				and dd.cust_id like '%' || #{custId} || '%'
			</if>	
		 	<if test="custCode != null and custCode != '' ">
				and dd.cust_code like '%' || #{custCode} || '%'
			</if>						
 		<if test="export == null or export == ''">
			<include refid="pageSqlEnd"/>
		</if>	 
	</select>
	 
	<select id="queryEcPageCount" resultType="java.lang.Long">
			select count(1) from (
				select dd.cust_id,
				       dd.cust_code,
				       dd.area_code,
				       dd.noactive_num,
				       dd.active_num,
				       dd.stop_num,
				       dd.test_num,
				       dd.stock_num,
				       dd.preclose_num,
				       dd.cancel_num,
				       dd.on_vocie_num,
				       dd.off_vocie_num,
				       dd.on_sms_num,
				       dd.off_sms_num,
				       dd.on_roam_num,
				       dd.off_roam_num,
				       dd.on_gprs_num,
				       dd.off_gprs_num,
				       dd.on_sms5g_num,
				       dd.off_sms5g_num
				from rep_two_card_cus_dd dd
			where 1=1
		 	<if test="areaCode != null and areaCode != '' ">
				and dd.area_Code = #{areaCode}
			</if>
		 	<if test="custId != null and custId != '' ">
				and dd.cust_id like '%' || #{custId} || '%'
			</if>	
		 	<if test="custCode != null and custCode != '' ">
				and dd.cust_code like '%' || #{custCode} || '%'
			</if>		
			)
	
	</select>
		 
</mapper>