<?xml version="1.0" encoding="UTF-8"?>
<!DOCTYPE mapper PUBLIC "-//mybatis.org//DTD Mapper 3.0//EN" "http://mybatis.org/dtd/mybatis-3-mapper.dtd">
<mapper namespace="com.hvgroup.modules.state.dao.ZoneLocationAnalyseStatNewDao">
	
	<!-- <select id="getIndexData" resultType="ZoneLocationAnalyseNewEntity">
		select AREA_NAME areaName,
			   AREA_CODE areaCode,
			   USER_NUM userNum,
			   LIFT_TEST_NUM liftTestNum,
			   LIFT_NORMAL_NUM liftNormalNum,
			   AOUNT_FLOW aountFlow,
			   AOUNT_VOICE aountVoice 
		from MONITOR_AP_REFINE_AREA
		ORDER BY USER_NUM DESC
	</select> -->
	
	<select id="findAllCities" resultType="HashMap">
		select  area_code areaCode,
				replace(area_name,'市','') areaName 
		from areas 
		where parent_area_id = 1 
		<if test="areaId !=null and areaId !=''">
	    	and area_id = #{areaId}
		</if>
		order by area_id
	</select>
	
	<sql id="changeLocationTable">
		<choose>
			<when test="(areaId !=null and areaId !='') or createBy != null">  <!-- 地市数据划分、省级/地市账号数据划拨 -->
				MONITOR_WHOLE_REFINE_EC a
				<choose>
					<when test="createBy != null">
					   join (SELECT t.* FROM enterprise_customer t LEFT JOIN city_user_ec cuec ON t.EC_CODE = cuec.EC_CODE
							 WHERE cuec.LOGIN_NAME=#{createBy.loginName}
							) c
					   on c.ec_code = a.ec_code	
					</when>
					<otherwise>
						left join enterprise_customer c on c.ec_code = a.ec_code
					</otherwise>
				</choose>
				<if test="areaId != null and areaId != ''">
					left join AREAS a on a.area_id = c.area_id
				</if>
				where 1=1
				<if test="ecCode !=null and ecCode !=''">
					and a.ec_code = #{ecCode}
				</if>
				<if test="areaId != null and areaId != ''">
					and c.area_id = #{areaId}
				</if>
			</when>
			<when test="(areaCode ==null or areaCode =='') and ecCode !=null and ecCode !=''">  <!-- 集团表 -->
				MONITOR_WHOLE_REFINE_EC a 
				left join ENTERPRISE_CUSTOMER c on c.ec_code = a.ec_code
				where a.ec_code = #{ecCode}
			</when>
			<otherwise>  <!-- 区域表 -->
				MONITOR_WHOLE_REFINE_AREA a where 1=1
			</otherwise>
		</choose>
	</sql>
	
	<!-- 区域定位：所有集团省份维度（查区域表） -->
	<select id="getIndexDataAllByProvince" resultType="ZoneLocationAnalyseNewEntity">
		  select   a.province_name provinceName,
	               sum(nvl(a.USER_NUM,0)) userNum,
	               sum(nvl(a.LIFT_TEST_NUM,0)) liftTestNum,
	               sum(nvl(a.LIFT_NORMAL_NUM,0)) liftNormalNum,
	               TRUNC(sum(nvl(a.AOUNT_FLOW,0))/1024,2) aountFlow,
	               sum(nvl(a.AOUNT_VOICE,0)) aountVoice,
					sum(nvl(a.AOUNT_SMS, 0)) aountSMS,
					sum(nvl(a.pkg_type_big_num,0)) pkgTypeBigNum,
	               sum(nvl(a.separate_num,0)) separateNum
	      from <include refid="changeLocationTable"/>
	      group by a.province_name
	      order BY userNum DESC
	</select>
	
	<!-- 区域定位：所有集团所选省份下地市维度（查区域表） -->
	<select id="getIndexDataAllByAreaName" resultType="ZoneLocationAnalyseNewEntity">
		  select   a.city_name cityName,
	               sum(nvl(a.USER_NUM,0)) userNum,
	               sum(nvl(a.LIFT_TEST_NUM,0)) liftTestNum,
	               sum(nvl(a.LIFT_NORMAL_NUM,0)) liftNormalNum,
	               TRUNC(sum(nvl(a.AOUNT_FLOW,0))/1024,2) aountFlow,
	               sum(nvl(a.AOUNT_VOICE,0)) aountVoice,
		           sum(nvl(a.AOUNT_SMS, 0)) aountSMS,
		           sum(nvl(a.pkg_type_big_num,0)) pkgTypeBigNum,
	               sum(nvl(a.separate_num,0)) separateNum
	     from <include refid="changeLocationTable"/>
	    <if test="provinceName !=null and provinceName !=''">
	    	and a.province_name = #{provinceName}
		</if>
	    group by a.city_name
	    <if test="provinceName !=null and provinceName !=''">
		    ORDER BY userNum DESC
		</if>
	</select>
	
	<!-- 区域定位：省份维度（查号码表） -->
	<select id="getIndexDataAllByProvince_msisdn" resultType="ZoneLocationAnalyseNewEntity">
		  select  a.province_name provinceName,              
                  sum(case
                  when a.use_used = '1' <!-- a.aount_voice is not null or a.aount_voice is not null --> then 1
                  else 0
                  end) userNum,
                  sum(case
                  when a.life_cycle = 'TEST' then 1
                  else 0
                  end) liftTestNum,
                  sum(case
                  when a.life_cycle = 'NORMAL' then 1
                  else 0
                  end) liftNormalNum,
                 TRUNC(sum(nvl(a.AOUNT_FLOW,0))/1024,2) aountFlow,
                 sum(nvl(a.AOUNT_VOICE,0)) aountVoice,
				sum(nvl(a.AOUNT_SMS, 0)) aountSMS,
				sum(nvl(a.pkg_big_book_num,0)) pkgTypeBigNum,
                 sum(nvl(a.separate_num,0)) separateNum
        from MONITOR_WHOLE_REFINE_PERSON a
        <choose>
        	<when test="(areaId !=null and areaId !='') or createBy != null">  <!-- 地市数据划分、省级/地市账号数据划拨 -->
				<choose>
					<when test="createBy != null">
					    join (SELECT t.* FROM enterprise_customer t LEFT JOIN city_user_ec cuec ON t.EC_CODE = cuec.EC_CODE
							  WHERE cuec.LOGIN_NAME=#{createBy.loginName}
							 ) c
					    on c.ec_code = a.ec_code
					</when>
					<otherwise>
						left join enterprise_customer c on c.ec_code = a.ec_code
					</otherwise>
				</choose>
			</when>
			<otherwise>
				 <if test="ecCode !=null and ecCode !=''">
			    	left join ENTERPRISE_CUSTOMER c on c.ec_code = a.ec_code
				 </if>
			</otherwise>
		</choose>
		where a.use_used = '1'
		<if test="areaCode !=null and areaCode !=''">
			and a.area_code = #{areaCode}
		</if>
		<if test="ecCode !=null and ecCode !=''">
	    	and a.ec_code = #{ecCode}
		</if>
		<if test="msisdn !=null and msisdn !=''">
			and a.msisdn = #{msisdn}
		</if>
		<if test="areaId != null and areaId != ''"><!-- 地市数据划分 -->
			and c.area_id = #{areaId}
		</if>
        group by a.province_name
        order BY userNum DESC
	</select>
	
	<!-- 区域定位：所选省份下地市维度（查号码表） -->
	<select id="getIndexDataAllByAreaName_msisdn"  resultType="ZoneLocationAnalyseNewEntity">
		  select  a.city_name cityName,              
                  sum(case
                  when a.use_used = '1' <!-- a.aount_voice is not null or a.aount_voice is not null --> then 1
                  else 0
                  end) userNum,
                  sum(case
                  when a.life_cycle = 'TEST' then 1
                  else 0
                  end) liftTestNum,
                  sum(case
                  when a.life_cycle = 'NORMAL' then 1
                  else 0
                  end) liftNormalNum,
                 TRUNC(sum(nvl(a.AOUNT_FLOW,0))/1024,2) aountFlow,
                 sum(nvl(a.AOUNT_VOICE,0)) aountVoice,
		        sum(nvl(a.AOUNT_SMS, 0)) aountSMS,
		        sum(nvl(a.pkg_big_book_num,0)) pkgTypeBigNum,
                sum(nvl(a.separate_num,0)) separateNum
        from MONITOR_WHOLE_REFINE_PERSON a
        <choose>
        	<when test="(areaId !=null and areaId !='') or createBy != null">  <!-- 地市数据划分、省级/地市账号数据划拨 -->
				<choose>
					<when test="createBy != null">
					    join (SELECT t.* FROM enterprise_customer t LEFT JOIN city_user_ec cuec ON t.EC_CODE = cuec.EC_CODE
							  WHERE cuec.LOGIN_NAME=#{createBy.loginName}
							 ) c
					    on c.ec_code = a.ec_code
					</when>
					<otherwise>
						left join enterprise_customer c on c.ec_code = a.ec_code
					</otherwise>
				</choose>
			</when>
			<otherwise>
				 <if test="ecCode !=null and ecCode !=''">
			    	left join ENTERPRISE_CUSTOMER c on c.ec_code = a.ec_code
				 </if>
			</otherwise>
		</choose>
		where a.use_used = '1'
		<if test="areaCode !=null and areaCode !=''">
			and a.area_code = #{areaCode}
		</if>
        <if test="ecCode !=null and ecCode !=''">
	    	and a.ec_code =| #{ecCode}
		</if>
	    <if test="provinceName !=null and provinceName !=''">
	    	and a.province_name = #{provinceName}
		</if>
		<if test="msisdn !=null and msisdn !=''">
			and a.msisdn = #{msisdn}
		</if>
		<if test="areaId != null and areaId != ''"><!-- 地市数据划分 -->
			and c.area_id = #{areaId}
		</if>
	    group by a.city_name
	    <if test="provinceName !=null and provinceName !=''">
		    ORDER BY userNum DESC
		</if>
	</select>
	
	<!-- 敏感漫游地统计-新增页  -->
	<select id="findRoamAreaPage" resultType="ZoneLocationAnalyseNewEntity">
		select id,province provinceName,area_name areaName from ROAM_AREA_CONFIG 
		where 1=1
		<choose>
			<when test="provinceName !=null and provinceName !=''">
		         and province like '%' || #{provinceName} || '%'
				<if test="areaName !=null and areaName !=''">
		            and area_name like '%' || #{areaName} || '%'
		        </if>
			</when>
			<otherwise>
				<if test="searchStr !=null and searchStr !=''">
		            and (province like '%' || #{searchStr} || '%'
		                or
		                area_name like '%' || #{searchStr} || '%')
		        </if>
			</otherwise>
		</choose>
		ORDER BY create_date desc
	</select>
	
	<select id="getAreadyConfigAreaByzone" resultType="java.lang.String">
		select area_name from ROAM_AREA_CONFIG where province = #{provinceName}
	</select>
	
	<insert id="insertRoamAreaConfig">
		insert into ROAM_AREA_CONFIG(id,province,area_name,create_date) values(#{id},#{provinceName},#{areaName},sysdate)
	</insert>
	
	<delete id="delete">
		delete from ROAM_AREA_CONFIG where id = #{id}
	</delete>

	<!-- 号码分析页（集团表统计）  -->
	<select id="getMsisdnCountProvinceListInfo" resultType="ZoneLocationAnalyseNewEntity">
		select
		e.ec_code ecCode,
		max(c.ec_name) ecName,
		sum(e.LIFT_TEST_NUM) liftTestNum,
		sum(e.LIFT_NORMAL_NUM) liftNormalNum,
		sum(e.FLOW_REGION_BOTTOM_NUM) flowRegionBottomNum,
		sum(e.FLOW_REGION_LOW_NUM) flowRegionLowNum,
		sum(e.FLOW_REGION_MIDDLE_NUM) flowRegionMiddleNum,
		sum(e.FLOW_REGION_HIGH_NUM) flowRegionHighNum,
		sum(e.VOICE_REGION_BOTTOM_NUM) voiceRegionBottomNum,
		sum(e.VOICE_REGION_LOW_NUM) voiceRegionLowNum,
		sum(e.VOICE_REGION_MIDDLE_NUM) voiceRegionMiddleNum,
		sum(e.VOICE_REGION_HIGH_NUM) voiceRegionHighNum,
		sum(e.SMS_REGION_BOTTOM_NUM) smsRegionBottomNum,
		sum(e.SMS_REGION_LOW_NUM) smsRegionLowNum,
		sum(e.SMS_REGION_MIDDLE_NUM) smsRegionMiddleNum,
		sum(e.SMS_REGION_HIGH_NUM) smsRegionHighNum
		from MONITOR_WHOLE_REFINE_EC e
		<choose>
			<when test="createBy != null"><!-- 地市数据划分、省级/地市账号数据划拨 -->
				join (SELECT t.* FROM enterprise_customer t LEFT JOIN city_user_ec cuec ON t.EC_CODE = cuec.EC_CODE
							  WHERE cuec.LOGIN_NAME=#{createBy.loginName}
							 ) c
				on c.ec_code = e.ec_code
			</when>
			<otherwise>
				left join enterprise_customer c on c.ec_code = e.ec_code
			</otherwise>
		</choose>
		where e.province_name = #{provinceName}
		<if test="ecCodeOrName !=null and ecCodeOrName !=''">
			and (e.ec_code like '%' || #{ecCodeOrName} || '%'
			or
			c.ec_name like '%' || #{ecCodeOrName} || '%'
			)
		</if>
		<if test="ecCode !=null and ecCode !=''">
			and e.ec_code = #{ecCode}
		</if>
		<if test="areaId != null and areaId != ''"><!-- 地市数据划分 -->
			and c.area_id = #{areaId}
		</if>
		group by e.ec_code,e.PROVINCE_NAME
		order by max(e.USER_NUM) desc
	</select>
	<!-- 号码分析页（集团表统计）  -->
	<select id="getMsisdnCountCityListInfo" resultType="ZoneLocationAnalyseNewEntity">
		 select  e.ec_code ecCode,
	             (c.ec_name) ecName,
	             (nvl(e.LIFT_TEST_NUM,0)) liftTestNum,
	             (nvl(e.LIFT_NORMAL_NUM,0)) liftNormalNum,
                 (nvl(e.FLOW_REGION_BOTTOM_NUM,0)) flowRegionBottomNum,
	             (nvl(e.FLOW_REGION_LOW_NUM,0)) flowRegionLowNum,
	             (nvl(e.FLOW_REGION_MIDDLE_NUM,0)) flowRegionMiddleNum,
	             (nvl(e.FLOW_REGION_HIGH_NUM,0)) flowRegionHighNum,
                 (nvl(e.VOICE_REGION_BOTTOM_NUM,0)) voiceRegionBottomNum,
	             (nvl(e.VOICE_REGION_LOW_NUM,0)) voiceRegionLowNum,
	             (nvl(e.VOICE_REGION_MIDDLE_NUM,0)) voiceRegionMiddleNum,
	             (nvl(e.VOICE_REGION_HIGH_NUM,0)) voiceRegionHighNum,
				(nvl(e.SMS_REGION_BOTTOM_NUM,0)) smsRegionBottomNum,
				(nvl(e.SMS_REGION_LOW_NUM,0)) smsRegionLowNum,
				(nvl(e.SMS_REGION_MIDDLE_NUM,0)) smsRegionMiddleNum,
				(nvl(e.SMS_REGION_HIGH_NUM,0)) smsRegionHighNum
	    from MONITOR_WHOLE_REFINE_EC e
		<choose>
			<when test="createBy != null"><!-- 地市数据划分、省级/地市账号数据划拨 -->
				join (SELECT t.* FROM enterprise_customer t LEFT JOIN city_user_ec cuec ON t.EC_CODE = cuec.EC_CODE
							  WHERE cuec.LOGIN_NAME=#{createBy.loginName}
							 ) c
				on c.ec_code = e.ec_code
			</when>
			<otherwise>
				left join enterprise_customer c on c.ec_code = e.ec_code
			</otherwise>
		</choose>
	    where 1=1
	    <if test="provinceName !=null and provinceName !=''">
		     and e.province_name = #{provinceName}
		</if>
		<if test="cityName !=null and cityName !=''">
		     and e.city_name = #{cityName}
		</if>
		<if test="ecCodeOrName !=null and ecCodeOrName !=''">
		     and (e.ec_code like '%' || #{ecCodeOrName} || '%'
		     	 or
		     	 c.ec_name like '%' || #{ecCodeOrName} || '%'
		     	 )
		</if>
		<if test="ecCode !=null and ecCode !=''">
			and e.ec_code = #{ecCode}
		</if>
		<if test="areaId != null and areaId != ''"><!-- 地市数据划分 -->
			and c.area_id = #{areaId}
		</if>
		order by e.USER_NUM desc
	</select>
	
	<!-- 号码分析页（号码表统计）  -->
	<select id="getMsisdnCountCityListInfo_msisdn" resultType="ZoneLocationAnalyseNewEntity">
	    select  e.ec_code ecCode,
	            max(c.ec_name) ecName,
                sum(case
                  when e.life_cycle = 'TEST' then 1
                  else 0
                  end) liftTestNum,
                sum(case
                  when e.life_cycle = 'NORMAL' then 1
                  else 0
                  end) liftNormalNum,
                sum(case
                  when e.aount_flow <![CDATA[ > ]]> 0 and e.aount_flow <![CDATA[ <= ]]> 500 then 1
                  else 0
                  end) flowRegionBottomNum,
                sum(case
                  when e.aount_flow between 501 and 800 then 1
                  else 0
                  end) flowRegionLowNum,
                sum(case
                  when e.aount_flow between 801 and 1000 then 1
                  else 0
                  end) flowRegionMiddleNum,
                sum(case
                  when e.aount_flow <![CDATA[ > ]]> 1000 then 1
                  else 0
                  end) flowRegionHighNum,
                sum(case
                  when e.aount_voice  <![CDATA[ > ]]> 0 and e.aount_voice  <![CDATA[ <= ]]> 50 then 1
                  else 0
                  end) voiceRegionBottomNum,
                sum(case
                  when e.aount_voice between 51 and 100 then 1
                  else 0
                  end) voiceRegionLowNum,
                sum(case
                  when e.aount_voice between 101 and 300 then 1
                  else 0
                  end) voiceRegionMiddleNum,
                sum(case
                  when e.aount_voice <![CDATA[ > ]]> 300 then 1
                  else 0
                  end) voiceRegionHighNum,
				sum(case
				when e.aount_sms  <![CDATA[ > ]]> 0 and e.aount_sms  <![CDATA[ <= ]]> 50 then 1
				else 0
				end) smsRegionBottomNum,
				sum(case
				when e.aount_sms between 51 and 100 then 1
				else 0
				end) smsRegionLowNum,
				sum(case
				when e.aount_sms between 101 and 200 then 1
				else 0
				end) smsRegionMiddleNum,
				sum(case
				when e.aount_sms <![CDATA[ > ]]> 200 then 1
				else 0
				end) smsRegionHighNum
        from MONITOR_WHOLE_REFINE_PERSON e
        <choose>
			<when test="createBy != null"><!-- 地市数据划分、省级/地市账号数据划拨 -->
				join (SELECT t.* FROM enterprise_customer t LEFT JOIN city_user_ec cuec ON t.EC_CODE = cuec.EC_CODE
							  WHERE cuec.LOGIN_NAME=#{createBy.loginName}
							 ) c
				on c.ec_code = e.ec_code
			</when>
			<otherwise>
				left join enterprise_customer c on c.ec_code = e.ec_code
			</otherwise>
		</choose>
	    where e.USE_USED='1'
	    <if test="provinceName !=null and provinceName !=''">
		     and e.province_name = #{provinceName}
		</if>
		<if test="cityName !=null and cityName !=''">
		     and e.city_name = #{cityName}
		</if>
		<if test="ecCodeOrName !=null and ecCodeOrName !=''">
		     and (e.ec_code like '%' || #{ecCodeOrName} || '%'
		     	 or
		     	 c.ec_name like '%' || #{ecCodeOrName} || '%'
		     	 )
		</if>
		<if test="ecCode !=null and ecCode !=''">
			and e.ec_code = #{ecCode}
		</if>
		<if test="areaCode !=null and areaCode !=''">
		     and e.area_code = #{areaCode}
		</if>
		<if test="msisdn !=null and msisdn !=''">
			and e.msisdn = #{msisdn}
		</if>
		<if test="areaId != null and areaId != ''"><!-- 地市数据划分 -->
			and c.area_id = #{areaId}
		</if>
	    group by e.ec_code
	</select>
	
	
	<!-- 将成员表组合 -->
	<sql id="unionAllMsisdnTable_location">
		select
		r.msisdn,t.open_time,t.iccid,t.imsi,t.imei,r.Life_Cycle,t.activate_date,t.remark,a.area_name areaName,r.city_name cityName,r.EDIT_TIME editTime,r.AOUNT_FLOW flowUsed,r.GEN_FLOW genflowUsed,r.AOUNT_VOICE voiceUsed,r.AOUNT_SMS smsUsed
		from MAC_CARD t 
		join MONITOR_WHOLE_REFINE_PERSON r on t.msisdn = r.msisdn and t.ec_code = r.ec_code
		left join areas a on a.area_code = t.area_code 
		where r.USE_USED='1' and t.ec_code = #{ecCode}
		<if test="msisdn !=null and msisdn !=''">
			   and (t.msisdn like '%' || #{msisdn} || '%' 
				   <!-- or t.iccid like '%' || #{msisdn} || '%'
				   or t.imei like '%' || #{msisdn} || '%'
				   or t.imsi like '%' || #{msisdn} || '%' -->
			   )
		</if>
		<if test="provinceName !=null and provinceName !=''">
		       and r.province_name = #{provinceName}
		</if>
		<if test="cityName !=null and cityName !=''">
		       and r.city_name = #{cityName}
		</if>
		<if test="areaName !=null and areaName !=''">
		       and r.area_name = #{areaName}
		</if>
		<if test="lifeCycle !=null and lifeCycle !=''"><!-- 生命周期(测试期TEST、正使用NORMAL) -->
			and r.LIFE_CYCLE = #{lifeCycle}
		</if>
		<if test="flowRegionBottom !=null and flowRegionBottom !=''"><!-- 流量底区间人数（0~500） -->
			and r.aount_flow between 1 and 500
		</if>
		<if test="flowRegionLow !=null and flowRegionLow !=''"><!-- 流量低区间人数（501~800） -->
			and r.aount_flow between 501 and 800
		</if>
		<if test="flowRegionMiddle !=null and flowRegionMiddle !=''"><!-- 流量中区间人数（801~1000） -->
			and r.aount_flow between 801 and 1000
		</if>
		<if test="flowRegionHigh !=null and flowRegionHigh !=''"><!-- 流量高区间人数（1000以上） -->
			and r.aount_flow <![CDATA[ > ]]> 1000
		</if>
		<if test="voiceRegionBottom !=null and voiceRegionBottom !=''"><!-- 语音底区间人数（0~50） -->
			and r.aount_voice <![CDATA[ > ]]> 0 and r.aount_voice <![CDATA[ < ]]> 51
		</if>
		<if test="voiceRegionLow !=null and voiceRegionLow !=''"><!-- 语音低区间人数（51~100） -->
			and r.aount_voice between 51 and 100
		</if>
		<if test="voiceRegionMiddle !=null and voiceRegionMiddle !=''"><!-- 语音中区间人数（101~300） -->
			and r.aount_voice between 101 and 300
		</if>
		<if test="voiceRegionHigh !=null and voiceRegionHigh !=''"><!-- 语音高区间人数（300以上） -->
			and r.aount_voice <![CDATA[ > ]]> 300
		</if>
		<if test="bigFlowNum !=null and bigFlowNum !=''"><!-- 大流量(大于500M) -->
			   and r.aount_flow <![CDATA[ > ]]> 500
		</if>
		<if test="bigVoiceNum !=null and bigVoiceNum !=''"><!-- 大语音(大于200)	 -->
			   and r.aount_voice <![CDATA[ > ]]> 200
		</if>
		<if test="areaCode !=null and areaCode !=''"><!-- 顶级窗口归属地查询条件 -->
			  and r.area_code = #{areaCode}
		</if>

		<if test="smsRegionBottom !=null and smsRegionBottom !=''"><!-- 短信底区间人数（0~50） -->
			and r.aount_sms <![CDATA[ > ]]> 0 and r.aount_sms <![CDATA[ < ]]> 51
		</if>
		<if test="smsRegionLow !=null and smsRegionLow !=''"><!-- 短信低区间人数（51~100） -->
			and r.aount_sms between 51 and 100
		</if>
		<if test="smsRegionMiddle !=null and smsRegionMiddle !=''"><!-- 短信中区间人数（101~200） -->
			and r.aount_sms between 101 and 200
		</if>
		<if test="smsRegionHigh !=null and smsRegionHigh !=''"><!-- 短信高区间人数（200以上） -->
			and r.aount_sms <![CDATA[ > ]]> 200
		</if>
		<if test='isRoam !=null and isRoam !="" and isRoam == "1"'><!-- 漫游 -->
			and substr(a.area_name, 1, instr(a.area_name, '市') - 1) <![CDATA[<> ]]> r.city_name
		</if>
		<if test='isRoam !=null and isRoam !="" and isRoam == "0"'><!-- 非漫游 -->
			and substr(a.area_name, 1, instr(a.area_name, '市') - 1) = r.city_name
		</if>
		union all
		select
		r.msisdn,t.open_time,t.iccid,t.imsi,t.imei,r.Life_Cycle,t.activate_date,t.remark,a.area_name areaName,r.city_name cityName,r.EDIT_TIME editTime,r.AOUNT_FLOW flowUsed,r.GEN_FLOW genflowUsed,r.AOUNT_VOICE voiceUsed,r.AOUNT_SMS smsUsed
		from IOV_CARD t
		join MONITOR_WHOLE_REFINE_PERSON r on t.msisdn = r.msisdn and t.ec_code = r.ec_code
		left join areas a on a.area_code = t.area_code 
		where r.USE_USED='1' and t.ec_code = #{ecCode}
		<if test="msisdn !=null and msisdn !=''">
			   and (t.msisdn like '%' || #{msisdn} || '%' 
				   <!-- or t.iccid like '%' || #{msisdn} || '%'
				   or t.imei like '%' || #{msisdn} || '%'
				   or t.imsi like '%' || #{msisdn} || '%' -->
			   )
		</if>
		<if test="provinceName !=null and provinceName !=''">
		       and r.province_name = #{provinceName}
		</if>
		<if test="cityName !=null and cityName !=''">
		       and r.city_name = #{cityName}
		</if>
		<if test="areaName !=null and areaName !=''">
		       and r.area_name = #{areaName}
		</if>
		<if test="lifeCycle !=null and lifeCycle !=''"><!-- 生命周期(测试期TEST、正使用NORMAL) -->
			and r.LIFE_CYCLE = #{lifeCycle}
		</if>
		<if test="flowRegionBottom !=null and flowRegionBottom !=''"><!-- 流量底区间人数（0~500） -->
			and r.aount_flow <![CDATA[ > ]]> 0 and r.aount_flow <![CDATA[ < ]]> 501
		</if>
		<if test="flowRegionLow !=null and flowRegionLow !=''"><!-- 流量低区间人数（501~800） -->
			and r.aount_flow between 501 and 800
		</if>
		<if test="flowRegionMiddle !=null and flowRegionMiddle !=''"><!-- 流量中区间人数（801~1000） -->
			and r.aount_flow between 801 and 1000
		</if>
		<if test="flowRegionHigh !=null and flowRegionHigh !=''"><!-- 流量高区间人数（1000以上） -->
			and r.aount_flow <![CDATA[ > ]]> 1000
		</if>
		<if test="voiceRegionBottom !=null and voiceRegionBottom !=''"><!-- 语音底区间人数（0~50） -->
			and r.aount_voice <![CDATA[ > ]]> 0 and r.aount_voice <![CDATA[ < ]]> 51
		</if>
		<if test="voiceRegionLow !=null and voiceRegionLow !=''"><!-- 语音低区间人数（51~100） -->
			and r.aount_voice between 51 and 100
		</if>
		<if test="voiceRegionMiddle !=null and voiceRegionMiddle !=''"><!-- 语音中区间人数（101~300） -->
			and r.aount_voice between 101 and 300
		</if>
		<if test="voiceRegionHigh !=null and voiceRegionHigh !=''"><!-- 语音高区间人数（300以上） -->
			and r.aount_voice <![CDATA[ > ]]> 300
		</if>
		<if test="bigFlowNum !=null and bigFlowNum !=''"><!-- 大流量(大于500M) -->
			   and r.aount_flow <![CDATA[ > ]]> 500
		</if>
		<if test="bigVoiceNum !=null and bigVoiceNum !=''"><!-- 大语音(大于200)	 -->
			   and r.aount_voice <![CDATA[ > ]]> 200
		</if>
		<if test="areaCode !=null and areaCode !=''"><!-- 顶级窗口归属地查询条件 -->
			  and r.area_code = #{areaCode}
		</if>
		<if test="smsRegionBottom !=null and smsRegionBottom !=''"><!-- 短信底区间人数（0~50） -->
			and r.aount_sms <![CDATA[ > ]]> 0 and r.aount_sms <![CDATA[ < ]]> 51
		</if>
		<if test="smsRegionLow !=null and smsRegionLow !=''"><!-- 短信低区间人数（51~100） -->
			and r.aount_sms between 51 and 100
		</if>
		<if test="smsRegionMiddle !=null and smsRegionMiddle !=''"><!-- 短信中区间人数（101~200） -->
			and r.aount_sms between 101 and 200
		</if>
		<if test="smsRegionHigh !=null and smsRegionHigh !=''"><!-- 短信高区间人数（200以上） -->
			and r.aount_sms <![CDATA[ > ]]> 200
		</if>
		<if test='isRoam !=null and isRoam !="" and isRoam == "1"'><!-- 漫游 -->
			and substr(a.area_name, 1, instr(a.area_name, '市') - 1) <![CDATA[<> ]]> r.city_name
		</if>
		<if test='isRoam !=null and isRoam !="" and isRoam == "0"'><!-- 非漫游 -->
			and substr(a.area_name, 1, instr(a.area_name, '市') - 1) = r.city_name
		</if>
		union all
		select
		r.msisdn,t.open_time,t.iccid,t.imsi,t.imei,r.Life_Cycle,t.activate_date,t.remark,a.area_name areaName,r.city_name cityName,r.EDIT_TIME editTime,r.AOUNT_FLOW flowUsed,r.GEN_FLOW genflowUsed,r.AOUNT_VOICE voiceUsed,r.AOUNT_SMS smsUsed
		from NB_CARD t
		join MONITOR_WHOLE_REFINE_PERSON r on t.msisdn = r.msisdn and t.ec_code = r.ec_code
		left join areas a on a.area_code = t.area_code
		where r.USE_USED='1' and t.ec_code = #{ecCode}
		<if test="msisdn !=null and msisdn !=''">
			   and (t.msisdn like '%' || #{msisdn} || '%' 
				   <!-- or t.iccid like '%' || #{msisdn} || '%'
				   or t.imei like '%' || #{msisdn} || '%'
				   or t.imsi like '%' || #{msisdn} || '%' -->
			   )
		</if>
		<if test="provinceName !=null and provinceName !=''">
		       and r.province_name = #{provinceName}
		</if>
		<if test="cityName !=null and cityName !=''">
		       and r.city_name = #{cityName}
		</if>
		<if test="areaName !=null and areaName !=''">
		       and r.area_name = #{areaName}
		</if>
		<if test="lifeCycle !=null and lifeCycle !=''"><!-- 生命周期(测试期TEST、正使用NORMAL) -->
			and r.LIFE_CYCLE = #{lifeCycle}
		</if>
		<if test="flowRegionBottom !=null and flowRegionBottom !=''"><!-- 流量底区间人数（0~500） -->
			and r.aount_flow <![CDATA[ > ]]> 0 and r.aount_flow <![CDATA[ < ]]> 501
		</if>
		<if test="flowRegionLow !=null and flowRegionLow !=''"><!-- 流量低区间人数（501~800） -->
			and r.aount_flow between 501 and 800
		</if>
		<if test="flowRegionMiddle !=null and flowRegionMiddle !=''"><!-- 流量中区间人数（801~1000） -->
			and r.aount_flow between 801 and 1000
		</if>
		<if test="flowRegionHigh !=null and flowRegionHigh !=''"><!-- 流量高区间人数（1000以上） -->
			and r.aount_flow <![CDATA[ > ]]> 1000
		</if>
		<if test="voiceRegionBottom !=null and voiceRegionBottom !=''"><!-- 语音底区间人数（0~50） -->
			and r.aount_voice <![CDATA[ > ]]> 0 and r.aount_voice <![CDATA[ < ]]> 51
		</if>
		<if test="voiceRegionLow !=null and voiceRegionLow !=''"><!-- 语音低区间人数（51~100） -->
			and r.aount_voice between 51 and 100
		</if>
		<if test="voiceRegionMiddle !=null and voiceRegionMiddle !=''"><!-- 语音中区间人数（101~300） -->
			and r.aount_voice between 101 and 300
		</if>
		<if test="voiceRegionHigh !=null and voiceRegionHigh !=''"><!-- 语音高区间人数（300以上） -->
			and r.aount_voice <![CDATA[ > ]]> 300
		</if>
		<if test="bigFlowNum !=null and bigFlowNum !=''"><!-- 大流量(大于500M) -->
			   and r.aount_flow <![CDATA[ > ]]> 500
		</if>
		<if test="bigVoiceNum !=null and bigVoiceNum !=''"><!-- 大语音(大于200)	 -->
			   and r.aount_voice <![CDATA[ > ]]> 200
		</if>
		<if test="areaCode !=null and areaCode !=''"><!-- 顶级窗口归属地查询条件 -->
			  and r.area_code = #{areaCode}
		</if>
		<if test="smsRegionBottom !=null and smsRegionBottom !=''"><!-- 短信底区间人数（0~50） -->
			and r.aount_sms <![CDATA[ > ]]> 0 and r.aount_sms <![CDATA[ < ]]> 51
		</if>
		<if test="smsRegionLow !=null and smsRegionLow !=''"><!-- 短信低区间人数（51~100） -->
			and r.aount_sms between 51 and 100
		</if>
		<if test="smsRegionMiddle !=null and smsRegionMiddle !=''"><!-- 短信中区间人数（101~200） -->
			and r.aount_sms between 101 and 200
		</if>
		<if test="smsRegionHigh !=null and smsRegionHigh !=''"><!-- 短信高区间人数（200以上） -->
			and r.aount_sms <![CDATA[ > ]]> 200
		</if>
		<if test='isRoam !=null and isRoam !="" and isRoam == "1"'><!-- 漫游 -->
			and substr(a.area_name, 1, instr(a.area_name, '市') - 1) <![CDATA[<> ]]> r.city_name
		</if>
		<if test='isRoam !=null and isRoam !="" and isRoam == "0"'><!-- 非漫游 -->
			and substr(a.area_name, 1, instr(a.area_name, '市') - 1) = r.city_name
		</if>
		union all
		select
		r.msisdn,t.open_time,t.iccid,t.imsi,t.imei,r.Life_Cycle,t.activate_date,t.remark,a.area_name areaName,r.city_name cityName,r.EDIT_TIME editTime,r.AOUNT_FLOW flowUsed,r.GEN_FLOW genflowUsed,r.AOUNT_VOICE voiceUsed,r.AOUNT_SMS smsUsed
		from CARD_9105 t
		join MONITOR_WHOLE_REFINE_PERSON r on t.msisdn = r.msisdn and t.ec_code = r.ec_code
		left join areas a on a.area_code = t.area_code 
		where r.USE_USED='1' and t.ec_code = #{ecCode}
		<if test="msisdn !=null and msisdn !=''">
			   and (t.msisdn like '%' || #{msisdn} || '%' 
				   <!-- or t.iccid like '%' || #{msisdn} || '%'
				   or t.imei like '%' || #{msisdn} || '%'
				   or t.imsi like '%' || #{msisdn} || '%' -->
			   )
		</if>
		<if test="provinceName !=null and provinceName !=''">
		       and r.province_name = #{provinceName}
		</if>
		<if test="cityName !=null and cityName !=''">
		       and r.city_name = #{cityName}
		</if>
		<if test="areaName !=null and areaName !=''">
		       and r.area_name = #{areaName}
		</if>
		<if test="lifeCycle !=null and lifeCycle !=''"><!-- 生命周期(测试期TEST、正使用NORMAL) -->
			and r.LIFE_CYCLE = #{lifeCycle}
		</if>
		<if test="flowRegionBottom !=null and flowRegionBottom !=''"><!-- 流量底区间人数（0~500） -->
			and r.aount_flow <![CDATA[ > ]]> 0 and r.aount_flow <![CDATA[ < ]]> 501
		</if>
		<if test="flowRegionLow !=null and flowRegionLow !=''"><!-- 流量低区间人数（501~800） -->
			and r.aount_flow between 501 and 800
		</if>
		<if test="flowRegionMiddle !=null and flowRegionMiddle !=''"><!-- 流量中区间人数（801~1000） -->
			and r.aount_flow between 801 and 1000
		</if>
		<if test="flowRegionHigh !=null and flowRegionHigh !=''"><!-- 流量高区间人数（1000以上） -->
			and r.aount_flow <![CDATA[ > ]]> 1000
		</if>
		<if test="voiceRegionBottom !=null and voiceRegionBottom !=''"><!-- 语音底区间人数（0~50） -->
			and r.aount_voice <![CDATA[ > ]]> 0 and r.aount_voice <![CDATA[ < ]]> 51
		</if>
		<if test="voiceRegionLow !=null and voiceRegionLow !=''"><!-- 语音低区间人数（51~100） -->
			and r.aount_voice between 51 and 100
		</if>
		<if test="voiceRegionMiddle !=null and voiceRegionMiddle !=''"><!-- 语音中区间人数（101~300） -->
			and r.aount_voice between 101 and 300
		</if>
		<if test="voiceRegionHigh !=null and voiceRegionHigh !=''"><!-- 语音高区间人数（300以上） -->
			and r.aount_voice <![CDATA[ > ]]> 300
		</if>
		<if test="bigFlowNum !=null and bigFlowNum !=''"><!-- 大流量(大于500M) -->
			   and r.aount_flow <![CDATA[ > ]]> 500
		</if>
		<if test="bigVoiceNum !=null and bigVoiceNum !=''"><!-- 大语音(大于200)	 -->
			   and r.aount_voice <![CDATA[ > ]]> 200
		</if>
		<if test="areaCode !=null and areaCode !=''"><!-- 顶级窗口归属地查询条件 -->
			  and r.area_code = #{areaCode}
		</if>
		<if test="smsRegionBottom !=null and smsRegionBottom !=''"><!-- 短信底区间人数（0~50） -->
			and r.aount_sms <![CDATA[ > ]]> 0 and r.aount_sms <![CDATA[ < ]]> 51
		</if>
		<if test="smsRegionLow !=null and smsRegionLow !=''"><!-- 短信低区间人数（51~100） -->
			and r.aount_sms between 51 and 100
		</if>
		<if test="smsRegionMiddle !=null and smsRegionMiddle !=''"><!-- 短信中区间人数（101~200） -->
			and r.aount_sms between 101 and 200
		</if>
		<if test="smsRegionHigh !=null and smsRegionHigh !=''"><!-- 短信高区间人数（200以上） -->
			and r.aount_sms <![CDATA[ > ]]> 200
		</if>
		<if test='isRoam !=null and isRoam !="" and isRoam == "1"'><!-- 漫游 -->
			and substr(a.area_name, 1, instr(a.area_name, '市') - 1) <![CDATA[<> ]]> r.city_name
		</if>
		<if test='isRoam !=null and isRoam !="" and isRoam == "0"'><!-- 非漫游 -->
			and substr(a.area_name, 1, instr(a.area_name, '市') - 1) = r.city_name
		</if>
		union all
		select
		r.msisdn,null as open_time,null as iccid,null as imsi,null as imei,r.Life_Cycle,null as activate_date,null as remark,a.area_name areaName,r.city_name cityName,r.EDIT_TIME editTime,r.AOUNT_FLOW flowUsed,r.GEN_FLOW genflowUsed,r.AOUNT_VOICE voiceUsed,r.AOUNT_SMS smsUsed
		from MONITOR_WHOLE_REFINE_PERSON r
		left join areas a on a.area_code = r.area_code
		where r.USE_USED='1' and r.CARD_TYPE='NONE' and r.ec_code = #{ecCode}
		<if test="msisdn !=null and msisdn !=''">
			and (r.msisdn like '%' || #{msisdn} || '%' )
		</if>
		<if test="lifeCycle !=null and lifeCycle !=''"><!-- 生命周期(测试期TEST、正使用NORMAL) -->
			and r.LIFE_CYCLE = #{lifeCycle}
		</if>
		<if test="provinceName !=null and provinceName !=''">
			and r.province_name = #{provinceName}
		</if>
		<if test="cityName !=null and cityName !=''">
			and r.city_name = #{cityName}
		</if>
		<if test="areaName !=null and areaName !=''">
			and r.area_name = #{areaName}
		</if>
		<if test="lifeCycle !=null and lifeCycle !=''"><!-- 生命周期(测试期TEST、正使用NORMAL) -->
			and r.LIFE_CYCLE = #{lifeCycle}
		</if>
		<if test="flowRegionBottom !=null and flowRegionBottom !=''"><!-- 流量底区间人数（0~500） -->
			and r.aount_flow <![CDATA[ > ]]> 0 and r.aount_flow <![CDATA[ < ]]> 501
		</if>
		<if test="flowRegionLow !=null and flowRegionLow !=''"><!-- 流量低区间人数（501~800） -->
			and r.aount_flow between 501 and 800
		</if>
		<if test="flowRegionMiddle !=null and flowRegionMiddle !=''"><!-- 流量中区间人数（801~1000） -->
			and r.aount_flow between 801 and 1000
		</if>
		<if test="flowRegionHigh !=null and flowRegionHigh !=''"><!-- 流量高区间人数（1000以上） -->
			and r.aount_flow <![CDATA[ > ]]> 1000
		</if>
		<if test="voiceRegionBottom !=null and voiceRegionBottom !=''"><!-- 语音底区间人数（0~50） -->
			and r.aount_voice <![CDATA[ > ]]> 0 and r.aount_voice <![CDATA[ < ]]> 51
		</if>
		<if test="voiceRegionLow !=null and voiceRegionLow !=''"><!-- 语音低区间人数（51~100） -->
			and r.aount_voice between 51 and 100
		</if>
		<if test="voiceRegionMiddle !=null and voiceRegionMiddle !=''"><!-- 语音中区间人数（101~300） -->
			and r.aount_voice between 101 and 300
		</if>
		<if test="voiceRegionHigh !=null and voiceRegionHigh !=''"><!-- 语音高区间人数（300以上） -->
			and r.aount_voice <![CDATA[ > ]]> 300
		</if>
		<if test="bigFlowNum !=null and bigFlowNum !=''"><!-- 大流量(大于500M) -->
			and r.aount_flow <![CDATA[ > ]]> 500
		</if>
		<if test="bigVoiceNum !=null and bigVoiceNum !=''"><!-- 大语音(大于200)	 -->
			and r.aount_voice <![CDATA[ > ]]> 200
		</if>
		<if test="areaCode !=null and areaCode !=''"><!-- 顶级窗口归属地查询条件 -->
			and r.area_code = #{areaCode}
		</if>
		<if test="smsRegionBottom !=null and smsRegionBottom !=''"><!-- 短信底区间人数（0~50） -->
			and r.aount_sms <![CDATA[ > ]]> 0 and r.aount_sms <![CDATA[ < ]]> 51
		</if>
		<if test="smsRegionLow !=null and smsRegionLow !=''"><!-- 短信低区间人数（51~100） -->
			and r.aount_sms between 51 and 100
		</if>
		<if test="smsRegionMiddle !=null and smsRegionMiddle !=''"><!-- 短信中区间人数（101~200） -->
			and r.aount_sms between 101 and 200
		</if>
		<if test="smsRegionHigh !=null and smsRegionHigh !=''"><!-- 短信高区间人数（200以上） -->
			and r.aount_sms <![CDATA[ > ]]> 200
		</if>
		<if test='isRoam !=null and isRoam !="" and isRoam == "1"'><!-- 漫游 -->
			and substr(a.area_name, 1, instr(a.area_name, '市') - 1) <![CDATA[<> ]]> r.city_name
		</if>
		<if test='isRoam !=null and isRoam !="" and isRoam == "0"'><!-- 非漫游 -->
			and substr(a.area_name, 1, instr(a.area_name, '市') - 1) = r.city_name
		</if>
	</sql>
	
	<sql id="pageSqlStart">
		<if test="pageInfo.pageNo != null and pageInfo.pageNo != ''">

			select * from
			(
			select temp_a.*, rownum rn from
			(
		</if>
	</sql>
	<!-- 分页SQL语句结尾语句 -->
	<sql id="pageSqlEnd">
		<if test="pageInfo.pageSize != null and pageInfo.pageSize != ''">
			) temp_a
			where rownum <![CDATA[<=]]>
			#{pageInfo.pageNo}*#{pageInfo.pageSize}
			)
			where rn >
			(#{pageInfo.pageNo}-1)*#{pageInfo.pageSize}
		</if>
	</sql>
	
	<!-- 区域定位-号码分析-号码详情表 -->
	<select id="queryMsisdnInfoList_location" resultType="com.hvgroup.modules.customer.entity.MsisdnBean">
		select
		sub.msisdn,
		sub.iccid,
		sub.imei,
		sub.imsi,

		sub.flowUsed,
		sub.genflowUsed,
		sub.voiceUsed,
		sub.smsUsed,

		decode(lifeCycle,
		'TEST','测试期',
		'SILENT','沉默期',
		'NORMAL','正使用',
		'FREEZING','冷冻期',
		'STOP','停机',
		'PRECLOSE','预约销户',
		'CANCEL','销户',
		'STOCK','库存期',
		'OTHERS','其他', '-'
		) as runCode,
		to_char(sub.openTime,'yyyy-mm-dd hh24:mi:ss') as openTime,
		(case when to_char(sub.activateDate,'yyyy') = '1970' then '-' else to_char(sub.activateDate,'yyyy-mm-dd hh24:mi:ss') end) as activateDate,
        to_char(sub.updateTime,'yyyy-mm-dd hh24:mi:ss') as latelyTime,
		(
			select wm_concat(aa.package_code || '|' || aa.status || ';' || aa.apn_name) as pkgInfo from
			(select mai.msisdn,mai.package_code, mai.status, mai.apn_name
			  from IOV_CONNECT_INFO mai
			  where  mai.state = 'ENABLED'
			union all
			  select mai.msisdn,mai.package_code, mai.status, mai.apn_name
			  from MAC_CONNECT_INFO mai
			  where mai.state = 'ENABLED'
			union all
			  select mai.msisdn,mai.package_code, mai.status, mai.apn_name
			  from NB_CONNECT_INFO mai
			  where mai.state = 'ENABLED'
			union all
			  select mai.msisdn,mai.package_code, mai.status, f.apn_name
			  from CONNECT_INFO_9105 mai, FUNC_PKG_9105 f
			  where  mai.state = 'ENABLED'
			   and f.msisdn = mai.msisdn
			   and f.state = 'ENABLED'
			   and f.package_code = mai.package_code
			   AND f.START_DATE <![CDATA[ <= ]]> SYSDATE
			   AND f.END_DATE <![CDATA[ >= ]]> SYSDATE) aa where aa.msisdn = sub.msisdn
		) as returnStr,
		(case when 1 in ( select 1  from IOV_SMS_INFO s where s.msisdn = sub.msisdn and s.state = 'ENABLED' and s.status = '0'
			union all 
			select 1  from MAC_SMS_INFO s where s.msisdn = sub.msisdn and s.state = 'ENABLED' and s.status = '0'
			union all 
			select 1  from NB_SMS_INFO s where s.msisdn = sub.msisdn and s.state = 'ENABLED' and s.status = '0'
			union all 
			select 1  from M2M_SMS_INFO_9105 s where s.msisdn = sub.msisdn and s.state = 'ENABLED' and s.status = '0') then '开' else '关' end
		) as smsSwitch,
		(case when 1 in ( select 1 from IOV_VOICE_INFO s where s.msisdn = sub.msisdn and s.state = 'ENABLED' and s.status = '0'
			union all 
			select 1  from MAC_VOICE_INFO s where s.msisdn = sub.msisdn and s.state = 'ENABLED' and s.status = '0'
			union all 
			select 1  from NB_VOICE_INFO s where s.msisdn = sub.msisdn and s.state = 'ENABLED' and s.status = '0'
			union all 
			select 1  from M2M_VOICE_INFO_9105 s where s.msisdn = sub.msisdn and s.state = 'ENABLED' and s.status = '0' ) then '开' else '关' end
		) as voiceSwitch,
		remark,
		areaName,
		cityName
		from
		(
		<include refid="pageSqlStart" />
		select p.msisdn,
		iccid,
		imei,
		imsi,
		LIFE_CYCLE as lifeCycle,
		open_time as openTime,
		activate_date as activateDate,
        editTime as updateTime,
		flowUsed,
		genflowUsed,
		voiceUsed,
		smsUsed,
		remark remark,
		areaName,
		cityName
		from
		(<include refid="unionAllMsisdnTable_location"/>) p
		where 1=1
		<!-- group by p.msisdn -->
		<include refid="pageSqlEnd" />
		) sub

	</select>
	
	<select id="queryMsisdnInfoCount_location" resultType="Long">
		select count(1) from (select
		sub.msisdn,
		sub.iccid,
		sub.imei,
		sub.imsi,

		sub.flowUsed,
		sub.genflowUsed,
		sub.voiceUsed,
		sub.smsUsed,

		decode(lifeCycle,
		'TEST','测试期',
		'SILENT','沉默期',
		'NORMAL','正使用',
		'FREEZING','冷冻期',
		'STOP','停机',
		'PRECLOSE','预约销户',
		'CANCEL','销户',
		'STOCK','库存期',
		'OTHERS','其他', '-'
		) as runCode,
		to_char(sub.openTime,'yyyy-mm-dd hh24:mi:ss') as openTime,
		(case when to_char(sub.activateDate,'yyyy') = '1970' then '-' else to_char(sub.activateDate,'yyyy-mm-dd hh24:mi:ss') end) as activateDate,
        to_char(sub.updateTime,'yyyy-mm-dd hh24:mi:ss') as latelyTime,
		(
			select wm_concat(aa.package_code || '|' || aa.status || ';' || aa.apn_name) as pkgInfo from
			(select mai.msisdn,mai.package_code, mai.status, mai.apn_name
			  from IOV_CONNECT_INFO mai
			  where  mai.state = 'ENABLED'
			union all
			  select mai.msisdn,mai.package_code, mai.status, mai.apn_name
			  from MAC_CONNECT_INFO mai
			  where mai.state = 'ENABLED'
			union all
			  select mai.msisdn,mai.package_code, mai.status, mai.apn_name
			  from NB_CONNECT_INFO mai
			  where mai.state = 'ENABLED'
			union all
			  select mai.msisdn,mai.package_code, mai.status, f.apn_name
			  from CONNECT_INFO_9105 mai, FUNC_PKG_9105 f
			  where  mai.state = 'ENABLED'
			   and f.msisdn = mai.msisdn
			   and f.state = 'ENABLED'
			   and f.package_code = mai.package_code
			   AND f.START_DATE <![CDATA[ <= ]]> SYSDATE
			   AND f.END_DATE <![CDATA[ >= ]]> SYSDATE) aa where aa.msisdn = sub.msisdn
		) as returnStr,
		(case when 1 in ( select 1  from IOV_SMS_INFO s where s.msisdn = sub.msisdn and s.state = 'ENABLED' and s.status = '0'
			union all 
			select 1  from MAC_SMS_INFO s where s.msisdn = sub.msisdn and s.state = 'ENABLED' and s.status = '0'
			union all 
			select 1  from NB_SMS_INFO s where s.msisdn = sub.msisdn and s.state = 'ENABLED' and s.status = '0'
			union all 
			select 1  from M2M_SMS_INFO_9105 s where s.msisdn = sub.msisdn and s.state = 'ENABLED' and s.status = '0') then '开' else '关' end
		) as smsSwitch,
		(case when 1 in ( select 1 from IOV_VOICE_INFO s where s.msisdn = sub.msisdn and s.state = 'ENABLED' and s.status = '0'
			union all 
			select 1  from MAC_VOICE_INFO s where s.msisdn = sub.msisdn and s.state = 'ENABLED' and s.status = '0'
			union all 
			select 1  from NB_VOICE_INFO s where s.msisdn = sub.msisdn and s.state = 'ENABLED' and s.status = '0'
			union all 
			select 1  from M2M_VOICE_INFO_9105 s where s.msisdn = sub.msisdn and s.state = 'ENABLED' and s.status = '0' ) then '开' else '关' end
		) as voiceSwitch,
		remark,
		areaName,
		cityName
		from
		(
		select p.msisdn,
		iccid,
		imei,
		imsi,
		LIFE_CYCLE as lifeCycle,
		open_time as openTime,
		activate_date as activateDate,
        editTime as updateTime,
		flowUsed,
		genflowUsed,
		voiceUsed,
		smsUsed,
		remark remark,
		areaName,
		cityName
		from
		(<include refid="unionAllMsisdnTable_location"/>) p
		where 1=1
		) sub)
	</select>
	
	<sql id="getPkgUseListInfo_userNum">
		select count(1)
		from 
		(select pp.package_code,pp.msisdn,c.ec_code,e.ec_name,c.area_code from MAC_PRI_PKG pp
		inner join MONITOR_WHOLE_REFINE_PERSON c on c.msisdn = pp.msisdn
		<choose>
			<when test="createBy != null"><!-- 地市数据划分、省级/地市账号数据划拨 -->
				join (SELECT t.* FROM enterprise_customer t LEFT JOIN city_user_ec cuec ON t.EC_CODE = cuec.EC_CODE
							  WHERE cuec.LOGIN_NAME=#{createBy.loginName}
							 ) e
				on e.ec_code = c.ec_code
			</when>
			<otherwise>
				left join enterprise_customer e on e.ec_code = c.ec_code
			</otherwise>
		</choose>
		where c.PROVINCE_NAME=#{provinceName} and c.USE_USED='1'
		<if test="areaId != null and areaId != ''"><!-- 地市数据划分 -->
			and e.area_id = #{areaId}
		</if>
		<if test="areaCode !=null and areaCode !=''">
			and c.area_code = #{areaCode}
		</if>
		<if test="ecCode !=null and ecCode !=''">
			and e.ec_code = #{ecCode}
		</if>
		union all
		select pp.package_code,pp.msisdn,c.ec_code,e.ec_name,c.area_code from PRI_PKG_9105 pp
		inner join MONITOR_WHOLE_REFINE_PERSON c on c.msisdn = pp.msisdn
		<choose>
			<when test="createBy != null"><!-- 地市数据划分、省级/地市账号数据划拨 -->
				join (SELECT t.* FROM enterprise_customer t LEFT JOIN city_user_ec cuec ON t.EC_CODE = cuec.EC_CODE
							  WHERE cuec.LOGIN_NAME=#{createBy.loginName}
							 ) e
				on e.ec_code = c.ec_code
			</when>
			<otherwise>
				left join enterprise_customer e on e.ec_code = c.ec_code
			</otherwise>
		</choose>
		where c.PROVINCE_NAME=#{provinceName} and c.USE_USED='1'
		<if test="areaId != null and areaId != ''"><!-- 地市数据划分 -->
			and e.area_id = #{areaId}
		</if>
		<if test="areaCode !=null and areaCode !=''">
			and c.area_code = #{areaCode}
		</if>
		<if test="ecCode !=null and ecCode !=''">
			and e.ec_code = #{ecCode}
		</if>
		union all
		select pp.package_code,pp.msisdn,c.ec_code,e.ec_name,c.area_code from NB_PRI_PKG pp
		inner join MONITOR_WHOLE_REFINE_PERSON c on c.msisdn = pp.msisdn
		<choose>
			<when test="createBy != null"><!-- 地市数据划分、省级/地市账号数据划拨 -->
				join (SELECT t.* FROM enterprise_customer t LEFT JOIN city_user_ec cuec ON t.EC_CODE = cuec.EC_CODE
							  WHERE cuec.LOGIN_NAME=#{createBy.loginName}
							 ) e
				on e.ec_code = c.ec_code
			</when>
			<otherwise>
				left join enterprise_customer e on e.ec_code = c.ec_code
			</otherwise>
		</choose>
		where c.PROVINCE_NAME=#{provinceName} and c.USE_USED='1'
		<if test="areaId != null and areaId != ''"><!-- 地市数据划分 -->
			and e.area_id = #{areaId}
		</if>
		<if test="areaCode !=null and areaCode !=''">
			and c.area_code = #{areaCode}
		</if>
		<if test="ecCode !=null and ecCode !=''">
			and e.ec_code = #{ecCode}
		</if>
		union all
		select pp.package_code,pp.msisdn,c.ec_code,e.ec_name,c.area_code from IOV_PRI_PKG pp
		inner join MONITOR_WHOLE_REFINE_PERSON c on c.msisdn = pp.msisdn
		<choose>
			<when test="createBy != null"><!-- 地市数据划分、省级/地市账号数据划拨 -->
				join (SELECT t.* FROM enterprise_customer t LEFT JOIN city_user_ec cuec ON t.EC_CODE = cuec.EC_CODE
							  WHERE cuec.LOGIN_NAME=#{createBy.loginName}
							 ) e
				on e.ec_code = c.ec_code
			</when>
			<otherwise>
				left join enterprise_customer e on e.ec_code = c.ec_code
			</otherwise>
		</choose>
		where c.PROVINCE_NAME=#{provinceName} and c.USE_USED='1'
		<if test="areaId != null and areaId != ''"><!-- 地市数据划分 -->
			and e.area_id = #{areaId}
		</if>
		<if test="areaCode !=null and areaCode !=''">
			and c.area_code = #{areaCode}
		</if>
		<if test="ecCode !=null and ecCode !=''">
			and e.ec_code = #{ecCode}
		</if>
		) p
		where p.package_code = t.package_code
	</sql>
	
	
	<!-- 省-套餐使用分布  -->
	<select id="getPkgUseListInfo" resultType="ZoneLocationAnalyseNewEntity">
			select
				t.PACKAGE_CODE packageCode,
			  	t.PACKAGE_NAME packageName,
			  	<choose>
		        	<when test="(areaId !=null and areaId !='') or createBy != null">  <!-- 地市数据划分、省级/地市账号数据划拨 -->
						(<include refid="getPkgUseListInfo_userNum"/>) userNum
					</when>
					<otherwise>
						 t.BOOK_TIME userNum
					</otherwise>
				</choose>
			from MONITOR_WHOLE_REFINE_PKGNUM t
		    where 1=1
		    <if test="provinceName !=null and provinceName !=''">
			     and t.province_name = #{provinceName}
			</if>
			<if test="packageCode !=null and packageCode !=''">
			     and (t.PACKAGE_CODE like '%' || #{packageCode} || '%')
			</if>
			order by t.BOOK_TIME desc
	</select>


	
	<!-- 省-套餐使用分布- 套餐详情  -->
	<select id="getPkgUseDetailListInfo" resultType="ZoneLocationAnalyseNewEntity">
			
			select 
			       p.msisdn,
			       p.ec_code ecCode,
			       c.ec_name ecName,
			       decode(p.life_cycle,'TEST','测试期','NORMAL','正使用','-') lifeCycle,
			       t.package_code packageCode,
			       t.package_name packageName,
			       '1' as bookTime
			from MONITOR_WHOLE_REFINE_PKGNUM t
			left join MONITOR_WHOLE_REFINE_PERSON p on p.msisdn = t.msisdn
			left join ENTERPRISE_CUSTOMER c on c.ec_code = t.ec_code
		    where p.USE_USED='1'
		    <if test="provinceName !=null and provinceName !=''">
			     and p.province_name = #{provinceName}
			</if>
			<if test="ecCode !=null and ecCode !=''">
			     and c.ec_code = #{ecCode}
			</if>
			<if test="areaCode !=null and areaCode !=''">
			     and p.area_code = #{areaCode}
			</if>
			<if test="packageCode !=null and packageCode !=''">
				and t.package_code = #{packageCode}
			</if>
			<if test="msisdn !=null and msisdn !=''">
			     and t.msisdn like '%' || #{msisdn} || '%'
			</if>

	</select>
	
	<!-- 省-用量风险 （查集团表） -->
	<select id="getUseRiskListInfo" resultType="ZoneLocationAnalyseNewEntity">
		  select
				e.ec_code ecCode,
		  		c.ec_name ecName,
				MORE_FLOW_NUM bigFlowNum,
				MORE_VOICE_NUM bigVoiceNum
	    from MONITOR_WHOLE_REFINE_USED e
	    <choose>
			<when test="createBy != null"><!-- 地市数据划分、省级/地市账号数据划拨 -->
				join (SELECT t.* FROM enterprise_customer t LEFT JOIN city_user_ec cuec ON t.EC_CODE = cuec.EC_CODE
							  WHERE cuec.LOGIN_NAME=#{createBy.loginName}
							 ) c
				on c.ec_code = e.ec_code
			</when>
			<otherwise>
				left join enterprise_customer c on c.ec_code = e.ec_code
			</otherwise>
		</choose>
	    where 1=1
	    <if test="provinceName !=null and provinceName !=''">
		     and e.province_name = #{provinceName}
		</if>
		<if test="ecCodeOrName !=null and ecCodeOrName !=''">
		     and (e.ec_code like '%' || #{ecCodeOrName} || '%'
		     	 or
		     	 c.ec_name like '%' || #{ecCodeOrName} || '%'
			 )
		</if>
		<if test="ecCode !=null and ecCode !=''">
		     and e.ec_code = #{ecCode}
		</if>
		<if test="areaId != null and areaId != ''"><!-- 地市数据划分 -->
			and c.area_id = #{areaId}
		</if>
		order by MORE_FLOW_NUM desc
	</select>
	
	<!-- 省-用量风险 （查号码表） -->
	<select id="getUseRiskListInfo_msisdn" resultType="ZoneLocationAnalyseNewEntity">
			
		select  e.ec_code ecCode,
                max(c.ec_name) ecName,
                sum(case
	                  when e.aount_flow <![CDATA[ > ]]> 500 then 1
	                  else 0
                   end) bigFlowNum,
                sum(case
	                  when e.aount_voice <![CDATA[ > ]]> 200 then 1
	                  else 0
                   end) bigVoiceNum
        from MONITOR_WHOLE_REFINE_PERSON e
        <choose>
			<when test="createBy != null"><!-- 地市数据划分、省级/地市账号数据划拨 -->
				join (SELECT t.* FROM enterprise_customer t LEFT JOIN city_user_ec cuec ON t.EC_CODE = cuec.EC_CODE
							  WHERE cuec.LOGIN_NAME=#{createBy.loginName}
							 ) c
				on c.ec_code = e.ec_code
			</when>
			<otherwise>
				left join enterprise_customer c on c.ec_code = e.ec_code
			</otherwise>
		</choose>
	    where e.USE_USED='1'
	    <if test="provinceName !=null and provinceName !=''">
		     and e.province_name = #{provinceName}
		</if>
		<if test="ecCodeOrName !=null and ecCodeOrName !=''">
		     and (e.ec_code like '%' || #{ecCodeOrName} || '%'
		     	 or
		     	 c.ec_name like '%' || #{ecCodeOrName} || '%'
		     	 )
		</if>
		<if test="ecCode !=null and ecCode !=''">
		     and e.ec_code = #{ecCode}
		</if>
		<if test="areaCode !=null and areaCode !=''">
		     and e.area_code = #{areaCode}
		</if>
		<if test="msisdn !=null and msisdn !=''">
			and e.msisdn = #{msisdn}
		</if>
		<if test="areaId != null and areaId != ''"><!-- 地市数据划分 -->
			and c.area_id = #{areaId}
		</if>
	    group by e.ec_code
	</select>
	
	<!-- 省-漫游风险 -->
	<select id="getRoamRiskListInfo" resultType="ZoneLocationAnalyseNewEntity">
			
		 select r.msisdn,
		        r.ec_code ecCode,
		        c.ec_name ecName,
		        r.aount_flow aountFlow,
		        r.aount_voice aountVoice,
		        r.city_name cityName 
		from MONITOR_WHOLE_REFINE_PERSON r
	    <choose>
			<when test="createBy != null"><!-- 地市数据划分、省级/地市账号数据划拨 -->
				join (SELECT t.* FROM enterprise_customer t LEFT JOIN city_user_ec cuec ON t.EC_CODE = cuec.EC_CODE
							  WHERE cuec.LOGIN_NAME=#{createBy.loginName}
							 ) c
				on c.ec_code = r.ec_code
			</when>
			<otherwise>
				left join enterprise_customer c on c.ec_code = r.ec_code
			</otherwise>
		</choose>
	    where r.province_name!='广东' and r.USE_USED='1'
	    <if test="provinceName !=null and provinceName !=''">
		     and r.province_name = #{provinceName}
		</if>
		<if test="msisdn !=null and msisdn !=''">
			  and r.msisdn like '%' || #{msisdn} || '%'
		</if>
		<if test="ecCode !=null and ecCode !=''">
		     and r.ec_code = #{ecCode}
		</if>
		<if test="areaCode !=null and areaCode !=''"><!-- 顶级窗口归属地查询条件 -->
			  and r.area_code = #{areaCode}
		</if>
		<if test="areaId != null and areaId != ''"><!-- 地市数据划分 -->
			and c.area_id = #{areaId}
		</if>
	    order by r.ec_code
	</select>
	
	<!-- 敏感漫游地统计页 -->
	<select id="getRoamPlaceCountListInfo" resultType="ZoneLocationAnalyseNewEntity">

		select
		max(g.province) provinceName,
		g.area_name areaName,
		count(t.city_name) roamNum
		from ROAM_AREA_CONFIG g
		left join 
		(select a.city_name from MONITOR_WHOLE_REFINE_PERSON a
		 <if test="(areaId !=null and areaId !='') or createBy != null">  <!-- 地市数据划分、省级/地市账号数据划拨 -->
				<choose>
					<when test="createBy != null">
					    join (SELECT tr.* FROM enterprise_customer tr LEFT JOIN city_user_ec cuec ON tr.EC_CODE = cuec.EC_CODE
							  WHERE cuec.LOGIN_NAME=#{createBy.loginName}
							 ) c
					    on c.ec_code = a.ec_code
					</when>
					<otherwise>
						left join enterprise_customer c on c.ec_code = a.ec_code
					</otherwise>
				</choose>
		</if>
		where a.province_name!='广东' and a.USE_USED='1'
		<if test="areaId != null and areaId != ''"><!-- 地市数据划分 -->
			and c.area_id = #{areaId}
		</if>
		) t on g.area_name = replace(t.city_name,'市','')
		where 1=1
		<if test="provinceName !=null and provinceName !=''">
			and g.province = #{provinceName}
		</if>
		<if test="areaName !=null and areaName !=''">
			and g.area_name = #{areaName}
		</if>
		<if test="msisdn !=null and msisdn !=''">
			and t.msisdn = #{msisdn}
		</if>
		group by g.area_name

	</select>
	
	<select id="getSearchStrList" resultType="java.lang.String">
		select province || '-' || area_name from ROAM_AREA_CONFIG order by province
	</select>
	
	<!-- 敏感漫游地统计 - 点击漫游数跳转页-->
	<select id="getRoamNumDetailListInfo" resultType="ZoneLocationAnalyseNewEntity">
		 select
			p.area_name areaName,
			count(p.msisdn) roamNum
         from MONITOR_WHOLE_REFINE_PERSON p
		 left join ROAM_AREA_CONFIG g  on g.area_name = replace(p.city_name,'市','')
         <if test="(areaId !=null and areaId !='') or createBy != null">  <!-- 地市数据划分、省级/地市账号数据划拨 -->
				<choose>
					<when test="createBy != null">
					    join (SELECT t.* FROM enterprise_customer t LEFT JOIN city_user_ec cuec ON t.EC_CODE = cuec.EC_CODE
							  WHERE cuec.LOGIN_NAME=#{createBy.loginName}
							 ) c
					    on c.ec_code = p.ec_code
					</when>
					<otherwise>
						left join enterprise_customer c on c.ec_code = p.ec_code
					</otherwise>
				</choose>
		 </if>
         where province_name!='广东' and USE_USED='1'
         <if test="provinceName !=null and provinceName !=''">
		     and g.province = #{provinceName}
		 </if>
		 <if test="cityName !=null and cityName !=''">
		     and g.area_name = #{cityName}
		 </if>
		 <if test="areaCode !=null and areaCode !=''">
		     and p.area_code = #{areaCode}
		 </if>
		 <if test="msisdn !=null and msisdn !=''">
		  	 and p.msisdn = #{msisdn}
		 </if>
		 <if test="areaId != null and areaId != ''"><!-- 地市数据划分 -->
			and c.area_id = #{areaId}
		 </if>
         group by p.area_name
		
	</select>

	<select id="getRoamMsisdnCountCityListInfo_count" resultType="Long">
			select count(distinct p.ec_code) from MONITOR_WHOLE_REFINE_PERSON p 
			<choose>
				<when test="createBy != null">
					join (SELECT t.* FROM enterprise_customer t LEFT JOIN city_user_ec cuec ON t.EC_CODE = cuec.EC_CODE
						  WHERE cuec.LOGIN_NAME=#{createBy.loginName}
						  ) c
				    on c.ec_code = p.ec_code
				</when>
				<otherwise>
					left join enterprise_customer c on c.ec_code = p.ec_code
				</otherwise>
			</choose>
			where p.province_name = #{provinceName}
			and p.city_name = #{cityName}
			and p.area_name = #{areaName}
			and p.USE_USED='1'
			<if test="ecCode !=null and ecCode !=''">
				and p.ec_code = #{ecCode}
			</if>
			<if test="areaId != null and areaId != ''"><!-- 地市数据划分 -->
				and c.area_id = #{areaId}
			</if>
	</select>

	<!-- 敏感漫游地统计-点击漫游数跳转页 -点击号码数跳转页  -->
	<select id="getRoamMsisdnCountCityListInfo" resultType="ZoneLocationAnalyseNewEntity">
		select  ecCode,
		        ecName,
				liftTestNum,
				liftNormalNum,
				flowRegionBottomNum,
				flowRegionLowNum,
				flowRegionMiddleNum,
				flowRegionHighNum,
				voiceRegionBottomNum,
				voiceRegionLowNum,
				voiceRegionMiddleNum,
				voiceRegionHighNum,
				smsRegionBottomNum,
				smsRegionLowNum,
				smsRegionMiddleNum,
				smsRegionHighNum
		from
		(<include refid="pageSqlStart"/>
		select ecCode,
		ecName,
		liftTestNum,
		liftNormalNum,
		flowRegionBottomNum,
		flowRegionLowNum,
		flowRegionMiddleNum,
		flowRegionHighNum,
		voiceRegionBottomNum,
		voiceRegionLowNum,
		voiceRegionMiddleNum,
		voiceRegionHighNum,
		smsRegionBottomNum,
		smsRegionLowNum,
		smsRegionMiddleNum,
		smsRegionHighNum
		from (
		select p.ec_code ecCode,
		   max(c.ec_name) ecName,
		   sum(case when p.life_cycle ='TEST' then 1 else 0 end) liftTestNum,
		   sum(case when p.life_cycle ='NORMAL' then 1 else 0 end) liftNormalNum,
		   sum(case when p.aount_flow <![CDATA[ > ]]> 0 and p.aount_flow <![CDATA[ <= ]]> 500  then 1 else 0 end) flowRegionBottomNum,
		   sum(case when p.aount_flow between 501 and 800 then 1 else 0 end) flowRegionLowNum,
		   sum(case when p.aount_flow between 801 and 1000 then 1 else 0 end) flowRegionMiddleNum,
		   sum(case when p.aount_flow <![CDATA[ > ]]> 1000 then 1 else 0 end) flowRegionHighNum,
		   sum(case when p.aount_voice <![CDATA[ > ]]> 0 and p.aount_voice <![CDATA[ <= ]]> 50 then 1 else 0 end) voiceRegionBottomNum,
		   sum(case when p.aount_voice between 51 and 100 then 1 else 0 end) voiceRegionLowNum,
		   sum(case when p.aount_voice between 101 and 300 then 1 else 0 end) voiceRegionMiddleNum,
		   sum(case when p.aount_voice <![CDATA[ > ]]> 300 then 1 else 0 end) voiceRegionHighNum,
		   sum(case when p.aount_sms <![CDATA[ > ]]> 0 and p.aount_sms <![CDATA[ <= ]]> 50 then 1 else 0 end) smsRegionBottomNum,
		   sum(case when p.aount_sms between 51 and 100 then 1 else 0 end) smsRegionLowNum,
		   sum(case when p.aount_sms between 101 and 200 then 1 else 0 end) smsRegionMiddleNum,
		   sum(case when p.aount_sms <![CDATA[ > ]]> 200 then 1 else 0 end) smsRegionHighNum
		from MONITOR_WHOLE_REFINE_PERSON p
		<choose>
			<when test="createBy != null">
				join (SELECT t.* FROM enterprise_customer t LEFT JOIN city_user_ec cuec ON t.EC_CODE = cuec.EC_CODE
					  WHERE cuec.LOGIN_NAME=#{createBy.loginName}
					  ) c
				on c.ec_code = p.ec_code
			</when>
			<otherwise>
				left join enterprise_customer c on c.ec_code = p.ec_code
			</otherwise>
		</choose>
		where p.province_name = #{provinceName}
		and p.city_name = #{cityName}
		and p.area_name = #{areaName}
		and p.USE_USED='1'
		<if test="ecCode !=null and ecCode !=''">
		    and p.ec_code = || #{ecCode}
		</if>
		<if test="areaId != null and areaId != ''"><!-- 地市数据划分 -->
			 and c.area_id = #{areaId}
		</if>
		group by p.ec_code

		) xp where 1=1 <include refid="pageSqlEnd"/>) sub
	</select>
	
	<!-- 省外漫游月趋势图 -->
	<select id="getRoamTrendNumByMonth" resultType="ZoneLocationAnalyseNewEntity">
		  select 
		         to_char(t.edit_time,'yyyy-MM-dd') roamDate , 
		         t.outside_roam_num outSideProRoamNum 
		  from MONITOR_WHOLE_REFINE_MONTH t
		  where to_char(t.edit_time,'yyyy-MM') = #{month}
		  order by t.edit_time
	</select>


	<select id="queryMsisdnInfoSList_location" resultType="MsisdnBean">
		select
		r.msisdn msisdn,
		area_name areaName,
		CITY_NAME cityName,
		EDIT_TIME updateTime,
		decode(LIFE_CYCLE,
		'TEST','测试期',
		'SILENT','沉默期',
		'NORMAL','正使用',
		'STOP','停机',
		'PRECLOSE','预约销户',
		'CANCEL','销户',
		'STOCK','库存期',
		'OTHERS','其他',
		'-'
		) as runCode
		from MONITOR_WHOLE_REFINE_PERSON r
		where r.ec_code = #{ecCode} and r.USE_USED='1'
		<if test="provinceName !=null and provinceName !=''">
			and r.province_name = #{provinceName}
		</if>
		<if test="cityName !=null and cityName !=''">
			and r.city_name = #{cityName}
		</if>
		<if test="areaName !=null and areaName !=''">
			and r.area_name = #{areaName}
		</if>
		<if test="msisdn !=null and msisdn !=''">
			and r.msisdn like '%' || #{msisdn} || '%'
		</if>
		<if test="lifeCycle !=null and lifeCycle !=''"><!-- 生命周期(测试期TEST、正使用NORMAL) -->
			and r.LIFE_CYCLE = #{lifeCycle}
		</if>
		<if test="areaCode !=null and areaCode !=''"><!-- 顶级窗口归属地查询条件 -->
			and r.area_code = #{areaCode}
		</if>
	</select>

	<!-- 省-套餐使用分布- 套餐详情  -->
	<select id="getPkgUseDetailListInfoS" resultType="ZoneLocationAnalyseNewEntity">
		select bookTime,packageCode,msisdn,packageName,ecName,ecCode,lifeCycle from
		(<include refid="pageSqlStart"/>
		select bookTime,packageCode,msisdn,packageName,ecName,ecCode,lifeCycle from (

		select '1' as bookTime,p.package_code packageCode,p.msisdn,
		a.package_name packageName,p.ec_name ecName,
		p.ec_code ecCode,
		decode(p.LIFE_CYCLE,
		'TEST','测试期',
		'SILENT','沉默期',
		'NORMAL','正使用',
		'STOP','停机',
		'PRECLOSE','预约销户',
		'CANCEL','销户',
		'STOCK','库存期',
		'OTHERS','其他',
		'-') lifeCycle
		from <!--${pkgTable}-->
		(select pp.package_code,pp.msisdn,e.ec_name,c.ec_code,c.LIFE_CYCLE from MAC_PRI_PKG pp
		inner join MONITOR_WHOLE_REFINE_PERSON c on c.msisdn = pp.msisdn
		left join ENTERPRISE_CUSTOMER e on e.ec_code = c.ec_code
		where c.PROVINCE_NAME=#{provinceName} and c.USE_USED='1'
		union all
		select pp.package_code,pp.msisdn,e.ec_name,c.ec_code,c.LIFE_CYCLE from PRI_PKG_9105 pp
		inner join MONITOR_WHOLE_REFINE_PERSON c on c.msisdn = pp.msisdn
		left join ENTERPRISE_CUSTOMER e on e.ec_code = c.ec_code
		where c.PROVINCE_NAME=#{provinceName} and c.USE_USED='1'
		union all
		select pp.package_code,pp.msisdn,e.ec_name,c.ec_code,c.LIFE_CYCLE from NB_PRI_PKG pp
		inner join MONITOR_WHOLE_REFINE_PERSON c on c.msisdn = pp.msisdn
		left join ENTERPRISE_CUSTOMER e on e.ec_code = c.ec_code
		where c.PROVINCE_NAME=#{provinceName} and c.USE_USED='1'
		union all
		select pp.package_code,pp.msisdn,e.ec_name,c.ec_code,c.LIFE_CYCLE from IOV_PRI_PKG pp
		inner join MONITOR_WHOLE_REFINE_PERSON c on c.msisdn = pp.msisdn
		left join ENTERPRISE_CUSTOMER e on e.ec_code = c.ec_code
		where c.PROVINCE_NAME=#{provinceName} and c.USE_USED='1'
		)
		p
		left join ATOMIC_PRODUCTS a on a.PACKAGE_CODE = p.PACKAGE_CODE
		where 1=1
		<if test="areaCode !=null and areaCode !=''">
			and p.area_code = #{areaCode}
		</if>
		<if test="ecCode !=null and ecCode !=''">
			and p.ec_code = #{ecCode}
		</if>
		<if test="packageCode !=null and packageCode !=''">
			and p.package_code = #{packageCode}
		</if>
		<if test="msisdn !=null and msisdn !=''">
			and p.msisdn like '%' || #{msisdn} || '%'
		</if>
		) xp where 1=1 <include refid="pageSqlEnd"/>) sub
	</select>

	<!-- 区域定位-号码分析-号码详情表导出 -->
	<select id="queryMsisdnInfoList_expor" resultType="com.hvgroup.modules.customer.entity.MsisdnBean">
		select
		sub.msisdn,
		sub.iccid,
		sub.imei,
		sub.imsi,

		sub.flowUsed,
		sub.genflowUsed,
		sub.voiceUsed,
		sub.smsUsed,

		decode(lifeCycle,
		'TEST','测试期',
		'SILENT','沉默期',
		'NORMAL','正使用',
		'FREEZING','冷冻期',
		'STOP','停机',
		'PRECLOSE','预约销户',
		'CANCEL','销户',
		'STOCK','库存期',
		'OTHERS','其他', '-'
		) as runCode,
		to_char(sub.openTime,'yyyy-mm-dd hh24:mi:ss') as openTime,
		(case when to_char(sub.activateDate,'yyyy') = '1970' then '-' else to_char(sub.activateDate,'yyyy-mm-dd hh24:mi:ss') end) as activateDate,
		to_char(sub.updateTime,'yyyy-mm-dd hh24:mi:ss') as latelyTime,
		(
		select wm_concat(aa.package_code || '|' || aa.status || ';' || aa.apn_name) as pkgInfo from
		(select mai.msisdn,mai.package_code, mai.status, mai.apn_name
		from IOV_CONNECT_INFO mai
		where  mai.state = 'ENABLED'
		union all
		select mai.msisdn,mai.package_code, mai.status, mai.apn_name
		from MAC_CONNECT_INFO mai
		where mai.state = 'ENABLED'
		union all
		select mai.msisdn,mai.package_code, mai.status, mai.apn_name
		from NB_CONNECT_INFO mai
		where mai.state = 'ENABLED'
		union all
		select mai.msisdn,mai.package_code, mai.status, f.apn_name
		from CONNECT_INFO_9105 mai, FUNC_PKG_9105 f
		where  mai.state = 'ENABLED'
		and f.msisdn = mai.msisdn
		and f.state = 'ENABLED'
		and f.package_code = mai.package_code
		AND f.START_DATE <![CDATA[ <= ]]> SYSDATE
		AND f.END_DATE <![CDATA[ >= ]]> SYSDATE) aa where aa.msisdn = sub.msisdn
		) as returnStr,
		(case when 1 in ( select 1  from IOV_SMS_INFO s where s.msisdn = sub.msisdn and s.state = 'ENABLED' and s.status = '0'
		union all
		select 1  from MAC_SMS_INFO s where s.msisdn = sub.msisdn and s.state = 'ENABLED' and s.status = '0'
		union all
		select 1  from NB_SMS_INFO s where s.msisdn = sub.msisdn and s.state = 'ENABLED' and s.status = '0'
		union all
		select 1  from M2M_SMS_INFO_9105 s where s.msisdn = sub.msisdn and s.state = 'ENABLED' and s.status = '0') then '开' else '关' end
		) as smsSwitch,
		(case when 1 in ( select 1 from IOV_VOICE_INFO s where s.msisdn = sub.msisdn and s.state = 'ENABLED' and s.status = '0'
		union all
		select 1  from MAC_VOICE_INFO s where s.msisdn = sub.msisdn and s.state = 'ENABLED' and s.status = '0'
		union all
		select 1  from NB_VOICE_INFO s where s.msisdn = sub.msisdn and s.state = 'ENABLED' and s.status = '0'
		union all
		select 1  from M2M_VOICE_INFO_9105 s where s.msisdn = sub.msisdn and s.state = 'ENABLED' and s.status = '0' ) then '开' else '关' end
		) as voiceSwitch,
		remark,
		areaName,
		cityName
		from
		(
		<!--<include refid="pageSqlStart" />-->
		select p.msisdn,
		iccid,
		imei,
		imsi,
		LIFE_CYCLE as lifeCycle,
		open_time as openTime,
		activate_date as activateDate,
		editTime as updateTime,
		flowUsed,
		genflowUsed,
		voiceUsed,
		smsUsed,
		remark remark,
		areaName,
		cityName
		from
		(<include refid="unionAllMsisdnTable_location"/>) p
		where 1=1
		<!-- group by p.msisdn -->
		<!--<include refid="pageSqlEnd" />-->
		) sub

	</select>





</mapper>